=== Visibility Analysis Summary ===
Total patches: 49152
Geometric visible: 2872 (5.8%)
Light illuminated: 2810 (97.8% of geometric)
Reflection conditions met: 2872 (100.0% of geometric)
Light unoccluded: 2810 (97.8% of geometric)
Final visible: 2810 (5.7% of total)
Visible area: 466.82 (5.9% of total area)

=== Detailed Visibility Information ===
Patch Index  | Incidence Angle  |  Viewing Angle  
-------------+------------------+-----------------
   25222     |      39.90       |      36.93      
   25223     |      48.87       |      45.81      
   25224     |      54.96       |      52.71      
   25225     |      54.03       |      44.84      
   25226     |      58.63       |      51.22      
   25227     |      58.21       |      34.96      
   25228     |      57.51       |      51.65      
   25229     |      42.55       |      40.27      
   25231     |      42.36       |      24.18      
   25247     |      44.17       |      45.51      
   25248     |      58.19       |      54.11      
   25249     |      49.85       |      36.85      
   25250     |      62.76       |      52.20      
   25251     |      57.47       |      38.12      
   25252     |      45.73       |      41.81      
   25253     |      45.55       |      41.38      
   25254     |      42.52       |      39.49      
   25255     |      48.69       |      39.65      
   25256     |      54.18       |      31.49      
   25257     |      62.24       |      46.30      
   25258     |      41.94       |      41.97      
   25259     |      50.92       |      53.95      
   25260     |      64.46       |      55.34      
   25261     |      57.58       |      49.54      
   25271     |      53.01       |      35.67      
   25272     |      53.90       |      40.30      
   25273     |      50.09       |      37.22      
   25274     |      48.41       |      49.06      
   25275     |      60.80       |      35.87      
   25276     |      56.21       |      39.94      
   25277     |      63.25       |      50.31      
   25278     |      39.97       |      30.47      
   25279     |      41.44       |      21.28      
   25280     |      48.49       |      22.64      
   25281     |      40.28       |      27.63      
   25282     |      37.45       |      27.06      
   25283     |      30.24       |      31.05      
   25304     |      54.30       |      47.30      
   25305     |      51.66       |      44.60      
   25306     |      45.99       |      43.60      
   25307     |      49.63       |      46.45      
   25308     |      49.24       |      35.34      
   25309     |      48.82       |      32.55      
   25310     |      42.99       |      32.53      
   25311     |      45.64       |      35.44      
   25312     |      51.04       |      37.41      
   25313     |      47.05       |      32.13      
   25314     |      56.14       |      36.42      
   25315     |      61.87       |      39.83      
   25316     |      62.88       |      45.84      
   25317     |      47.95       |      32.65      
   25318     |      65.74       |      51.36      
   25319     |      56.37       |      43.45      
   25320     |      50.29       |      42.84      
   25337     |      51.44       |      51.51      
   25338     |      46.42       |      49.29      
   25339     |      40.72       |      41.37      
   25340     |      44.38       |      34.02      
   25341     |      49.38       |      40.52      
   25342     |      63.57       |      48.16      
   25343     |      54.67       |      36.76      
   25344     |      43.67       |      25.98      
   25345     |      34.93       |      26.25      
   25346     |      40.67       |      21.73      
   25347     |      40.39       |      22.48      
   25348     |      50.02       |      37.97      
   25349     |      49.52       |      43.10      
   25350     |      51.55       |      43.44      
   25351     |      53.10       |      33.23      
   25355     |      57.73       |      30.96      
   25356     |      54.15       |      14.59      
   25358     |      46.14       |      29.27      
   25359     |      43.27       |      34.65      
   25360     |      46.28       |      38.59      
   25361     |      45.68       |      35.71      
   25362     |      43.04       |      56.63      
   25363     |      49.73       |      58.02      
   25364     |      49.21       |      46.36      
   25365     |      45.03       |      37.21      
   25366     |      46.19       |      38.20      
   25367     |      52.34       |      51.10      
   25368     |      46.05       |      41.06      
   25369     |      43.25       |      41.53      
   25370     |      39.02       |      39.62      
   25371     |      56.32       |      35.81      
   25372     |      49.33       |      40.39      
   25373     |      53.92       |      31.69      
   25374     |      63.94       |      41.57      
   25375     |      68.59       |      43.04      
   25376     |      46.42       |      40.87      
   25377     |      45.70       |      39.70      
   25390     |      47.10       |      44.37      
   25391     |      43.82       |      45.08      
   25392     |      50.88       |      53.32      
   25393     |      51.40       |      54.82      
   25394     |      49.43       |      45.65      
   25395     |      49.67       |      31.78      
   25396     |      40.28       |      47.03      
   25397     |      46.29       |      51.25      
   25398     |      54.02       |      43.53      
   25399     |      49.85       |      24.25      
   25400     |      53.04       |      31.04      
   25401     |      51.71       |      24.16      
   25402     |      43.21       |      19.93      
   25403     |      44.25       |      25.91      
   25404     |      43.62       |      20.88      
   25405     |      46.11       |      21.98      
   25406     |      46.26       |      24.80      
   25407     |      43.60       |      18.84      
   25408     |      42.63       |      26.77      
   25409     |      43.67       |      28.22      
   25410     |      45.26       |      37.27      
   25411     |      46.52       |      15.92      
   25412     |      44.07       |      17.48      
   25413     |      45.20       |      35.99      
   25414     |      44.46       |      35.29      
   25415     |      47.87       |      44.50      
   25416     |      47.36       |      44.56      
   25417     |      39.27       |      31.87      
   25418     |      50.56       |      20.58      
   25419     |      52.69       |      10.40      
   25420     |      54.56       |      18.26      
   25421     |      53.90       |      14.79      
   25422     |      52.85       |       8.86      
   25423     |      44.68       |      25.60      
   25424     |      46.09       |      26.87      
   25425     |      51.69       |      29.05      
   25426     |      51.83       |      31.07      
   25427     |      44.51       |      27.03      
   25428     |      28.90       |      33.14      
   25429     |      39.63       |      46.16      
   25430     |      31.45       |      45.02      
   25432     |      36.85       |      40.36      
   25433     |      56.79       |      55.73      
   25434     |      64.83       |      58.82      
   25435     |      51.76       |      44.46      
   25436     |      37.12       |      40.42      
   25437     |      47.43       |      43.21      
   25438     |      52.03       |      37.12      
   25439     |      27.75       |      37.84      
   25440     |      43.33       |      38.94      
   25441     |      47.88       |      47.97      
   25442     |      53.78       |      49.92      
   25443     |      59.45       |      46.73      
   25444     |      49.78       |      43.27      
   25459     |      45.54       |      49.03      
   25460     |      42.29       |      44.72      
   25461     |      52.84       |      50.20      
   25462     |      49.39       |      45.67      
   25463     |      45.77       |      36.28      
   25464     |      48.15       |      46.62      
   25465     |      48.18       |      46.62      
   25466     |      45.73       |      35.02      
   25467     |      45.09       |      24.52      
   25468     |      47.25       |      31.89      
   25469     |      62.12       |      38.51      
   25470     |      62.04       |      38.69      
   25471     |      52.90       |      25.70      
   25472     |      54.41       |      16.69      
   25473     |      53.76       |      10.09      
   25474     |      54.54       |      18.28      
   25475     |      59.01       |      31.26      
   25476     |      61.93       |      17.33      
   25477     |      54.22       |       7.43      
   25478     |      57.25       |       4.71      
   25479     |      48.17       |      22.46      
   25480     |      45.10       |      27.00      
   25481     |      49.62       |      33.29      
   25482     |      49.77       |      24.68      
   25483     |      52.09       |      27.50      
   25484     |      45.12       |      29.83      
   25485     |      48.65       |      42.77      
   25487     |      51.53       |      43.61      
   25488     |      48.01       |      43.94      
   25489     |      41.73       |      33.71      
   25490     |      66.45       |      34.95      
   25491     |      67.14       |      35.68      
   25492     |      46.23       |      32.96      
   25493     |      42.79       |      27.88      
   25494     |      52.16       |      42.11      
   25495     |      44.35       |      39.95      
   25496     |      50.77       |      49.60      
   25497     |      59.91       |      47.29      
   25498     |      57.34       |      42.57      
   25499     |      49.28       |      42.75      
   25500     |      37.79       |      41.74      
   25501     |      46.36       |      48.34      
   25515     |      45.67       |      49.03      
   25516     |      48.77       |      49.95      
   25517     |      42.24       |      33.58      
   25518     |      49.25       |      39.90      
   25519     |      51.87       |      43.92      
   25520     |      54.34       |      43.93      
   25521     |      47.82       |      36.56      
   25522     |      45.76       |      29.03      
   25523     |      43.51       |      26.90      
   25524     |      45.44       |      27.29      
   25525     |      47.33       |      22.11      
   25526     |      46.95       |      20.00      
   25527     |      41.82       |      33.80      
   25528     |      37.36       |      32.19      
   25529     |      37.71       |      33.13      
   25530     |      42.57       |      20.85      
   25531     |      46.35       |      21.57      
   25532     |      47.80       |      14.21      
   25533     |      43.65       |      17.56      
   25534     |      70.08       |      37.12      
   25535     |      63.01       |      14.40      
   25536     |      60.26       |      21.29      
   25537     |      53.00       |      10.98      
   25538     |      55.68       |      18.83      
   25539     |      62.69       |      16.75      
   25540     |      61.56       |       9.78      
   25541     |      58.78       |      13.70      
   25542     |      61.85       |       3.29      
   25543     |      53.74       |       8.25      
   25544     |      49.97       |      33.18      
   25545     |      45.29       |      27.91      
   25546     |      45.16       |      31.05      
   25547     |      46.55       |      27.26      
   25548     |      43.43       |      19.01      
   25549     |      50.52       |      19.85      
   25550     |      54.09       |      18.61      
   25551     |      59.28       |      21.60      
   25552     |      66.46       |      42.40      
   25553     |      63.41       |      39.69      
   25554     |      70.16       |      55.75      
   25555     |      65.12       |      54.28      
   25556     |      54.40       |      37.12      
   25557     |      57.73       |      46.10      
   25558     |      59.69       |      36.58      
   25559     |      56.66       |      35.10      
   25560     |      54.50       |      45.57      
   25561     |      46.95       |      37.11      
   25562     |      59.64       |      28.16      
   25563     |      58.74       |      32.45      
   25564     |      52.58       |      20.92      
   25565     |      56.23       |      22.11      
   25566     |      52.10       |      44.96      
   25567     |      56.89       |      49.12      
   25568     |      52.02       |      47.67      
   25577     |      42.63       |      43.88      
   25578     |      47.09       |      49.50      
   25579     |      53.89       |      38.46      
   25580     |      58.05       |      38.63      
   25581     |      53.79       |      42.10      
   25582     |      44.60       |      37.89      
   25583     |      41.81       |      28.86      
   25584     |      44.57       |      22.67      
   25585     |      45.77       |      36.31      
   25586     |      34.00       |      34.28      
   25587     |      37.93       |      32.28      
   25588     |      42.84       |      33.68      
   25589     |      46.80       |      19.50      
   25590     |      42.48       |      20.92      
   25591     |      43.85       |      17.52      
   25592     |      43.90       |      17.50      
   25593     |      55.19       |      23.57      
   25594     |      61.81       |      28.71      
   25595     |      62.49       |      33.86      
   25596     |      59.65       |      36.96      
   25597     |      56.04       |      22.19      
   25598     |      49.26       |      13.07      
   25599     |      56.02       |      17.86      
   25600     |      54.42       |      16.45      
   25601     |      57.57       |      12.32      
   25602     |      56.72       |       5.27      
   25603     |      57.57       |       4.06      
   25604     |      53.27       |      23.36      
   25605     |      44.59       |      30.40      
   25606     |      47.11       |      27.52      
   25607     |      50.86       |      22.82      
   25608     |      69.70       |      32.38      
   25609     |      68.85       |      37.16      
   25610     |      71.68       |      42.21      
   25611     |      51.69       |      37.10      
   25612     |      52.85       |      37.63      
   25613     |      59.95       |      47.56      
   25614     |      51.02       |      36.73      
   25615     |      60.35       |      41.69      
   25616     |      60.14       |      36.43      
   25617     |      54.33       |      30.42      
   25618     |      54.55       |      30.44      
   25619     |      52.71       |      29.08      
   25620     |      53.77       |      31.81      
   25621     |      61.93       |      36.87      
   25622     |      68.87       |      51.59      
   25623     |      59.16       |      41.55      
   25624     |      53.93       |      40.00      
   25625     |      53.89       |      40.27      
   25626     |      46.88       |      29.18      
   25637     |      39.85       |      52.85      
   25638     |      40.03       |      53.84      
   25639     |      29.44       |      45.89      
   25640     |      36.45       |      35.24      
   25641     |      51.74       |      41.34      
   25642     |      54.54       |      45.88      
   25643     |      55.07       |      42.67      
   25644     |      44.37       |      33.11      
   25645     |      42.97       |      43.56      
   25646     |      38.97       |      38.73      
   25647     |      54.29       |      38.83      
   25648     |      57.14       |      47.81      
   25649     |      48.60       |      41.74      
   25650     |      43.21       |      24.19      
   25651     |      48.56       |      16.18      
   25652     |      48.11       |      18.62      
   25653     |      42.77       |      18.82      
   25654     |      43.03       |      18.31      
   25655     |      46.49       |      14.59      
   25656     |      52.57       |      26.24      
   25657     |      53.58       |      21.84      
   25658     |      46.22       |      16.89      
   25659     |      52.24       |      18.56      
   25660     |      50.39       |      21.56      
   25661     |      46.38       |      20.10      
   25662     |      50.81       |      10.27      
   25663     |      50.78       |      10.91      
   25664     |      58.98       |       4.19      
   25665     |      57.31       |      19.21      
   25666     |      51.71       |      13.53      
   25667     |      50.21       |      19.42      
   25668     |      50.07       |      30.90      
   25669     |      53.37       |      27.23      
   25670     |      52.34       |      36.58      
   25671     |      50.82       |      35.64      
   25672     |      53.42       |      45.95      
   25673     |      63.33       |      54.29      
   25674     |      52.14       |      36.14      
   25675     |      62.37       |      29.47      
   25676     |      44.54       |      50.11      
   25677     |      43.06       |      48.98      
   25678     |      66.89       |      38.88      
   25679     |      67.94       |      41.51      
   25680     |      68.82       |      27.01      
   25681     |      60.01       |      19.93      
   25682     |      51.32       |      40.13      
   25683     |      47.07       |      29.06      
   25684     |      48.21       |      26.17      
   25685     |      54.84       |      38.78      
   25686     |      63.73       |      44.21      
   25687     |      63.25       |      48.27      
   25688     |      59.54       |      31.10      
   25689     |      61.01       |      34.41      
   25703     |      39.03       |      42.37      
   25704     |      47.24       |      48.26      
   25705     |      46.73       |      44.46      
   25706     |      55.22       |      37.98      
   25707     |      58.45       |      48.02      
   25708     |      47.85       |      33.42      
   25709     |      38.68       |      31.53      
   25710     |      39.46       |      35.35      
   25711     |      35.69       |      33.17      
   25712     |      35.04       |      26.32      
   25713     |      49.54       |      31.00      
   25714     |      46.03       |      15.73      
   25715     |      49.60       |      16.23      
   25716     |      50.63       |      10.43      
   25717     |      50.95       |      10.96      
   25718     |      50.60       |      11.92      
   25719     |      50.72       |      27.68      
   25720     |      49.78       |      27.11      
   25721     |      55.22       |      36.86      
   25722     |      60.68       |      23.54      
   25723     |      61.07       |      29.87      
   25724     |      59.22       |      18.36      
   25725     |      60.56       |      15.41      
   25726     |      52.93       |      11.44      
   25727     |      43.76       |      22.54      
   25728     |      44.25       |      23.85      
   25729     |      54.79       |       6.82      
   25730     |      56.60       |       9.54      
   25731     |      57.32       |      25.80      
   25732     |      61.49       |      30.46      
   25733     |      60.55       |      25.44      
   25734     |      62.27       |      27.66      
   25735     |      53.78       |      21.67      
   25736     |      54.04       |      24.03      
   25737     |      74.33       |      51.85      
   25738     |      62.85       |      24.51      
   25739     |      56.69       |      21.34      
   25740     |      67.39       |      50.57      
   25741     |      65.84       |      49.37      
   25742     |      71.21       |      24.08      
   25743     |      76.40       |      32.78      
   25744     |      48.10       |      16.20      
   25745     |      43.76       |      30.70      
   25746     |      63.18       |      44.40      
   25747     |      67.62       |      45.70      
   25748     |      60.24       |      39.63      
   25749     |      60.29       |      38.10      
   25750     |      65.90       |      37.58      
   25768     |      46.69       |      40.06      
   25769     |      36.73       |      46.38      
   25770     |      35.93       |      44.59      
   25771     |      52.69       |      35.44      
   25772     |      55.11       |      26.75      
   25773     |      51.36       |      23.50      
   25774     |      53.06       |      35.61      
   25775     |      61.12       |      43.90      
   25776     |      60.86       |      41.08      
   25777     |      50.78       |      32.51      
   25778     |      50.28       |      34.35      
   25779     |      48.42       |      31.56      
   25780     |      41.15       |      20.04      
   25781     |      42.22       |      35.85      
   25782     |      39.37       |      34.59      
   25783     |      49.83       |      19.24      
   25784     |      54.73       |      11.55      
   25785     |      47.67       |      13.29      
   25786     |      54.46       |      25.02      
   25787     |      55.16       |      26.32      
   25788     |      54.68       |      33.73      
   25789     |      58.53       |      26.17      
   25790     |      57.63       |      17.39      
   25791     |      59.49       |      15.56      
   25792     |      59.53       |      15.79      
   25793     |      53.82       |      17.91      
   25794     |      54.85       |      16.19      
   25795     |      52.73       |      14.86      
   25796     |      54.50       |      10.93      
   25797     |      50.45       |      10.95      
   25798     |      55.30       |      18.42      
   25799     |      62.22       |      26.98      
   25800     |      81.28       |      54.32      
   25801     |      74.09       |      35.22      
   25802     |      65.86       |      27.37      
   25803     |      69.73       |      23.50      
   25804     |      70.39       |      25.74      
   25805     |      69.27       |      42.10      
   25806     |      67.59       |      37.94      
   25807     |      54.69       |      35.23      
   25808     |      44.86       |      37.76      
   25809     |      59.14       |      37.46      
   25824     |      45.91       |      35.79      
   25825     |      46.87       |      37.25      
   25826     |      47.77       |      49.20      
   25827     |      41.62       |      45.08      
   25828     |      39.91       |      36.61      
   25829     |      46.13       |      38.50      
   25830     |      46.07       |      33.80      
   25831     |      56.84       |      26.47      
   25832     |      49.92       |      22.09      
   25833     |      40.14       |      21.07      
   25834     |      37.90       |      24.10      
   25835     |      37.16       |      24.19      
   25836     |      46.71       |      14.44      
   25837     |      47.63       |      14.58      
   25838     |      49.41       |      23.81      
   25839     |      53.74       |      29.88      
   25840     |      56.50       |      20.27      
   25841     |      54.55       |      13.14      
   25842     |      54.84       |      24.48      
   25843     |      61.06       |       9.41      
   25844     |      57.66       |       3.31      
   25845     |      51.25       |      10.23      
   25846     |      52.34       |      14.53      
   25847     |      52.98       |      11.63      
   25848     |      51.04       |       9.93      
   25849     |      49.48       |      14.93      
   25850     |      55.13       |      19.56      
   25851     |      51.75       |      28.88      
   25852     |      61.13       |      39.91      
   25853     |      58.12       |      28.16      
   25854     |      66.84       |      20.22      
   25855     |      84.37       |      32.96      
   25856     |      56.27       |      29.44      
   25857     |      74.26       |      47.55      
   25858     |      69.33       |      42.48      
   25859     |      52.95       |      13.73      
   25860     |      53.47       |      13.93      
   25861     |      54.36       |      25.72      
   25862     |      48.66       |      27.70      
   25863     |      60.18       |      40.05      
   25864     |      60.80       |      48.00      
   25865     |      55.76       |      40.09      
   25866     |      51.65       |      39.26      
   25867     |      56.65       |      44.21      
   25868     |      57.12       |      39.43      
   25887     |      35.62       |      50.22      
   25888     |      58.56       |      20.42      
   25889     |      63.00       |      29.15      
   25890     |      58.16       |      31.08      
   25891     |      50.27       |      45.53      
   25892     |      51.24       |      45.99      
   25893     |      45.27       |      34.89      
   25894     |      37.63       |      28.36      
   25895     |      48.63       |      30.48      
   25896     |      49.03       |      14.60      
   25897     |      45.50       |      15.86      
   25898     |      45.56       |      15.36      
   25899     |      43.59       |      19.58      
   25900     |      44.71       |      16.35      
   25901     |      44.42       |      16.53      
   25902     |      43.41       |      19.29      
   25903     |      47.58       |      25.14      
   25904     |      51.64       |      19.56      
   25905     |      61.32       |      23.76      
   25906     |      58.57       |      13.49      
   25907     |      61.10       |      10.47      
   25908     |      61.66       |       8.80      
   25909     |      62.10       |       6.37      
   25910     |      59.03       |       1.86      
   25911     |      59.92       |       6.83      
   25912     |      62.39       |      16.54      
   25913     |      61.40       |      18.05      
   25914     |      57.46       |      15.21      
   25915     |      58.51       |      23.17      
   25916     |      66.31       |      31.85      
   25917     |      63.04       |      28.28      
   25918     |      65.95       |      35.00      
   25919     |      77.04       |      39.17      
   25920     |      77.05       |      39.66      
   25921     |      63.13       |      18.35      
   25922     |      71.98       |      38.07      
   25923     |      66.75       |      21.88      
   25924     |      76.01       |      39.59      
   25925     |      64.80       |      37.32      
   25926     |      54.06       |      49.60      
   25927     |      50.86       |      34.09      
   25928     |      48.67       |      30.34      
   25929     |      63.00       |      14.69      
   25930     |      61.96       |      18.52      
   25931     |      58.00       |      46.55      
   25932     |      52.65       |      39.53      
   25933     |      52.52       |      39.20      
   25941     |      53.00       |      44.82      
   25942     |      41.65       |      47.18      
   25943     |      48.81       |      27.70      
   25944     |      52.41       |      17.68      
   25945     |      53.86       |      49.17      
   25946     |      53.26       |      39.81      
   25947     |      51.22       |      38.82      
   25948     |      55.97       |      48.07      
   25949     |      45.55       |      34.10      
   25950     |      52.74       |      15.56      
   25951     |      49.27       |      12.19      
   25952     |      42.21       |      19.67      
   25953     |      40.13       |      25.84      
   25954     |      38.53       |      25.37      
   25955     |      51.30       |      29.18      
   25956     |      52.09       |      15.44      
   25957     |      57.38       |      20.36      
   25958     |      57.46       |      19.58      
   25959     |      54.42       |      18.48      
   25960     |      52.30       |      21.34      
   25961     |      48.04       |      17.10      
   25962     |      52.14       |      12.61      
   25963     |      55.69       |       6.32      
   25964     |      55.44       |       5.73      
   25965     |      54.51       |       6.31      
   25966     |      54.12       |       6.91      
   25967     |      67.91       |      37.27      
   25968     |      70.07       |      39.31      
   25969     |      71.83       |      45.60      
   25970     |      75.16       |      34.68      
   25971     |      63.07       |      17.27      
   25972     |      68.67       |      27.93      
   25973     |      68.06       |      40.76      
   25974     |      65.11       |      36.81      
   25975     |      46.93       |      28.07      
   25976     |      44.44       |      48.03      
   25977     |      48.73       |      51.27      
   25978     |      58.51       |      31.46      
   25979     |      54.36       |      20.16      
   25980     |      55.62       |      12.65      
   25981     |      60.38       |      39.72      
   25982     |      52.87       |      32.36      
   25983     |      57.89       |      46.53      
   25984     |      50.64       |      41.64      
   25985     |      61.72       |      43.47      
   25986     |      55.47       |      32.69      
   26007     |      59.37       |      58.80      
   26008     |      50.29       |      30.79      
   26009     |      46.60       |      22.12      
   26010     |      47.77       |      35.29      
   26011     |      52.55       |      36.77      
   26012     |      55.11       |      48.87      
   26013     |      56.16       |      47.11      
   26014     |      56.08       |      31.40      
   26015     |      53.18       |      50.45      
   26016     |      41.91       |      30.98      
   26017     |      36.61       |      30.26      
   26018     |      37.33       |      23.63      
   26019     |      49.55       |      17.17      
   26020     |      50.98       |      15.13      
   26021     |      48.07       |      13.25      
   26022     |      40.62       |      23.01      
   26023     |      38.84       |      22.69      
   26024     |      39.78       |      21.22      
   26025     |      36.07       |      28.43      
   26026     |      47.85       |      23.65      
   26027     |      49.36       |      34.34      
   26028     |      35.40       |      33.72      
   26029     |      35.74       |      29.03      
   26030     |      31.81       |      29.65      
   26031     |      35.84       |      25.24      
   26032     |      50.89       |       9.98      
   26033     |      57.81       |      11.25      
   26034     |      58.66       |       2.18      
   26035     |      52.06       |      13.89      
   26036     |      51.54       |       9.25      
   26037     |      62.67       |       7.54      
   26038     |      67.61       |      16.95      
   26039     |      66.55       |      18.21      
   26040     |      62.07       |       5.99      
   26041     |      61.05       |      12.23      
   26042     |      65.74       |      30.67      
   26043     |      67.91       |      36.16      
   26044     |      64.39       |      33.32      
   26045     |      61.54       |      30.44      
   26046     |      67.55       |      38.33      
   26047     |      69.58       |      46.13      
   26048     |      60.05       |      21.20      
   26049     |      58.97       |      28.53      
   26050     |      49.28       |      34.63      
   26051     |      47.01       |      27.98      
   26052     |      52.96       |      31.27      
   26053     |      54.13       |      35.45      
   26054     |      62.87       |      44.10      
   26055     |      62.24       |      48.80      
   26056     |      54.95       |      37.81      
   26057     |      67.32       |      44.95      
   26058     |      53.29       |      35.78      
   26059     |      59.02       |      49.71      
   26060     |      63.74       |      30.37      
   26077     |      43.94       |      33.52      
   26078     |      38.08       |      27.44      
   26079     |      57.04       |      32.43      
   26080     |      62.66       |      39.33      
   26081     |      62.63       |      40.10      
   26082     |      45.11       |      29.35      
   26083     |      41.38       |      19.69      
   26084     |      37.05       |      24.72      
   26085     |      39.57       |      21.32      
   26086     |      32.68       |      29.37      
   26087     |      38.88       |      21.90      
   26088     |      40.43       |      21.00      
   26089     |      43.57       |      20.05      
   26090     |      47.80       |      23.63      
   26091     |      51.36       |      32.25      
   26092     |      49.21       |      20.94      
   26093     |      46.16       |      25.17      
   26094     |      48.62       |      14.15      
   26095     |      46.88       |      16.96      
   26096     |      46.98       |      17.08      
   26097     |      50.60       |      10.75      
   26098     |      66.20       |       9.20      
   26099     |      71.53       |      19.17      
   26100     |      71.97       |      17.22      
   26101     |      70.63       |      13.03      
   26102     |      66.33       |      18.36      
   26103     |      67.89       |      23.84      
   26104     |      57.55       |      16.02      
   26105     |      67.40       |      31.25      
   26106     |      69.53       |      36.77      
   26107     |      69.37       |      46.72      
   26108     |      68.71       |      23.51      
   26109     |      67.12       |      20.92      
   26110     |      45.67       |      24.86      
   26111     |      47.63       |      38.31      
   26112     |      48.48       |      35.05      
   26113     |      45.08       |      24.95      
   26114     |      50.89       |      24.97      
   26115     |      50.26       |      20.51      
   26116     |      60.57       |      29.19      
   26117     |      61.00       |      30.72      
   26118     |      69.92       |      42.72      
   26119     |      58.80       |      35.71      
   26120     |      57.84       |      34.67      
   26121     |      58.16       |      33.19      
   26122     |      75.29       |      51.57      
   26123     |      77.62       |      52.96      
   26124     |      63.27       |      36.46      
   26125     |      49.91       |      22.33      
   26146     |      64.06       |      47.64      
   26147     |      62.97       |      45.48      
   26148     |      52.21       |      35.64      
   26149     |      35.79       |      30.95      
   26150     |      36.36       |      37.11      
   26151     |      40.72       |      39.24      
   26152     |      42.10       |      44.36      
   26153     |      44.67       |      46.79      
   26154     |      52.51       |      33.42      
   26155     |      57.17       |      41.98      
   26156     |      57.03       |      47.14      
   26157     |      56.11       |      46.28      
   26158     |      53.64       |      35.56      
   26159     |      53.03       |      34.50      
   26160     |      44.44       |      17.32      
   26161     |      40.15       |      20.95      
   26162     |      38.51       |      24.12      
   26163     |      40.43       |      23.92      
   26164     |      39.53       |      33.16      
   26165     |      39.47       |      26.05      
   26166     |      42.71       |      41.18      
   26167     |      26.97       |      35.66      
   26168     |      24.79       |      36.96      
   26169     |      28.00       |      37.33      
   26170     |      42.80       |      18.72      
   26171     |      51.10       |      13.86      
   26172     |      59.16       |      32.31      
   26173     |      70.77       |      12.91      
   26174     |      78.87       |      27.03      
   26175     |      81.03       |      20.50      
   26176     |      55.04       |      12.73      
   26177     |      53.04       |      10.59      
   26178     |      59.36       |       3.79      
   26179     |      57.85       |       8.20      
   26180     |      65.70       |       5.32      
   26181     |      67.30       |      16.17      
   26182     |      67.05       |      11.85      
   26183     |      62.36       |       9.95      
   26184     |      60.91       |      16.35      
   26185     |      65.69       |      32.14      
   26186     |      65.49       |      32.51      
   26187     |      79.62       |      41.34      
   26188     |      79.08       |      42.98      
   26189     |      68.29       |      26.79      
   26190     |      63.19       |      17.77      
   26191     |      57.67       |      10.97      
   26192     |      57.44       |      10.94      
   26193     |      61.84       |      31.60      
   26194     |      65.28       |      33.30      
   26195     |      62.18       |      25.73      
   26196     |      47.09       |      24.59      
   26197     |      54.80       |      47.24      
   26198     |      55.71       |      47.46      
   26199     |      46.63       |      37.33      
   26200     |      45.78       |      37.28      
   26201     |      48.73       |      26.41      
   26202     |      47.80       |      34.98      
   26203     |      56.75       |      35.04      
   26204     |      44.45       |      27.35      
   26218     |      55.72       |      41.02      
   26219     |      64.69       |      39.33      
   26220     |      65.93       |      42.70      
   26221     |      56.84       |      35.15      
   26222     |      37.78       |      29.29      
   26223     |      43.68       |      32.33      
   26224     |      42.27       |      44.30      
   26225     |      51.33       |      35.15      
   26226     |      49.25       |      31.01      
   26227     |      53.60       |      37.31      
   26228     |      53.81       |      22.27      
   26229     |      45.59       |      24.06      
   26230     |      38.75       |      23.18      
   26231     |      38.45       |      22.59      
   26232     |      42.43       |      26.15      
   26233     |      50.71       |      23.31      
   26234     |      44.52       |      20.68      
   26235     |      46.05       |      14.87      
   26236     |      41.81       |      24.54      
   26237     |      36.96       |      25.52      
   26238     |      42.89       |      17.95      
   26239     |      69.16       |      11.76      
   26240     |      69.77       |      13.25      
   26241     |      67.64       |      14.98      
   26242     |      61.38       |       5.84      
   26243     |      59.07       |       2.58      
   26244     |      60.99       |       2.54      
   26245     |      59.16       |      11.51      
   26246     |      60.47       |      30.40      
   26247     |      68.62       |      43.20      
   26248     |      71.17       |      34.73      
   26249     |      73.09       |      43.38      
   26250     |      73.87       |      42.58      
   26251     |      62.79       |      31.46      
   26252     |      64.58       |      11.03      
   26253     |      75.55       |      31.44      
   26254     |      58.49       |      22.49      
   26255     |      54.38       |      17.41      
   26256     |      51.40       |      26.35      
   26257     |      55.38       |      34.51      
   26258     |      71.63       |      48.91      
   26259     |      75.14       |      57.40      
   26260     |      49.27       |      26.62      
   26283     |      64.13       |      40.97      
   26284     |      63.14       |      41.49      
   26285     |      52.44       |      26.48      
   26286     |      48.47       |      35.31      
   26287     |      70.76       |      39.85      
   26288     |      70.10       |      34.08      
   26289     |      45.62       |      16.57      
   26290     |      39.38       |      21.80      
   26291     |      54.03       |      15.68      
   26292     |      56.60       |       8.79      
   26293     |      66.20       |      23.06      
   26294     |      73.44       |      12.95      
   26295     |      62.74       |      12.63      
   26296     |      54.35       |       7.96      
   26297     |      45.22       |      16.56      
   26298     |      49.69       |      16.53      
   26299     |      55.85       |       7.50      
   26300     |      59.38       |       4.01      
   26301     |      59.20       |       4.20      
   26302     |      65.17       |      15.01      
   26303     |      67.22       |       7.05      
   26304     |      67.00       |       8.34      
   26305     |      69.36       |      12.70      
   26306     |      54.85       |      12.18      
   26307     |      69.09       |      26.61      
   26308     |      69.53       |      24.93      
   26309     |      63.21       |      43.23      
   26310     |      72.40       |      50.56      
   26311     |      61.28       |      36.36      
   26312     |      60.68       |      31.62      
   26313     |      58.57       |      28.79      
   26314     |      58.06       |      18.98      
   26315     |      57.48       |      17.82      
   26316     |      58.27       |      15.60      
   26317     |      59.61       |      18.30      
   26318     |      47.34       |      18.69      
   26319     |      64.97       |      28.65      
   26320     |      55.90       |      25.13      
   26321     |      54.34       |      22.32      
   26322     |      57.83       |      21.12      
   26323     |      70.62       |      47.06      
   26324     |      64.26       |      30.45      
   26325     |      69.52       |      37.39      
   26326     |      64.83       |      20.45      
   26327     |      76.34       |      35.93      
   26328     |      56.55       |      40.14      
   26355     |      76.29       |      54.46      
   26356     |      65.48       |      35.62      
   26357     |      65.00       |      31.39      
   26358     |      70.66       |      41.32      
   26359     |      72.54       |      48.47      
   26360     |      49.92       |      29.71      
   26361     |      49.92       |      36.25      
   26362     |      47.91       |      33.28      
   26363     |      60.43       |      32.58      
   26364     |      62.59       |      34.73      
   26365     |      67.65       |      40.96      
   26366     |      58.21       |      24.31      
   26367     |      56.08       |      29.61      
   26368     |      44.31       |      21.67      
   26369     |      40.39       |      22.31      
   26370     |      44.00       |      23.99      
   26371     |      45.85       |      14.97      
   26372     |      45.25       |      16.90      
   26373     |      52.82       |       7.88      
   26374     |      59.49       |       9.25      
   26375     |      59.11       |       5.25      
   26376     |      66.05       |       6.54      
   26377     |      66.66       |       8.22      
   26378     |      60.20       |       7.95      
   26379     |      60.78       |       2.53      
   26380     |      61.73       |       3.64      
   26381     |      60.13       |       9.08      
   26382     |      73.35       |      42.18      
   26383     |      63.89       |      32.62      
   26384     |      51.48       |      14.37      
   26385     |      59.87       |      38.52      
   26386     |      61.40       |      42.77      
   26387     |      65.06       |      46.21      
   26388     |      67.03       |      24.66      
   26389     |      60.21       |      15.60      
   26390     |      68.92       |      34.52      
   26391     |      68.74       |      32.15      
   26392     |      62.81       |      40.41      
   26393     |      60.47       |      21.40      
   26394     |      68.41       |      28.88      
   26404     |      69.80       |      52.71      
   26405     |      61.01       |      42.04      
   26406     |      58.40       |      35.35      
   26407     |      54.36       |      29.32      
   26408     |      52.15       |      26.79      
   26409     |      52.16       |      26.48      
   26410     |      55.95       |      30.05      
   26411     |      63.74       |      39.37      
   26412     |      45.24       |      21.35      
   26413     |      47.95       |      15.73      
   26414     |      43.94       |      16.76      
   26415     |      50.87       |      10.09      
   26416     |      50.29       |      10.43      
   26417     |      56.51       |       4.97      
   26418     |      59.44       |       9.27      
   26419     |      61.73       |      12.58      
   26420     |      65.12       |       7.05      
   26421     |      64.49       |       5.50      
   26422     |      64.25       |       3.75      
   26423     |      61.19       |       8.07      
   26424     |      58.40       |       3.29      
   26425     |      62.84       |       3.71      
   26426     |      64.51       |      11.36      
   26427     |      67.37       |       7.77      
   26428     |      66.46       |       6.25      
   26429     |      67.37       |      15.73      
   26430     |      67.29       |      15.82      
   26431     |      68.85       |      21.49      
   26432     |      65.20       |      29.44      
   26433     |      57.91       |      25.12      
   26434     |      54.59       |      33.26      
   26435     |      60.65       |      36.35      
   26436     |      63.91       |      48.83      
   26437     |      59.25       |      41.40      
   26438     |      67.15       |      45.60      
   26439     |      56.84       |      26.65      
   26440     |      55.66       |      28.25      
   26441     |      49.93       |      21.85      
   26442     |      52.19       |      21.94      
   26443     |      50.02       |      17.36      
   26444     |      67.52       |      26.22      
   26445     |      71.38       |      47.71      
   26446     |      65.11       |      33.97      
   26447     |      78.80       |      33.80      
   26448     |      79.00       |      43.34      
   26449     |      76.58       |      37.74      
   26450     |      76.44       |      38.06      
   26451     |      76.82       |      30.65      
   26452     |      77.78       |      32.83      
   26453     |      76.84       |      31.95      
   26481     |      71.58       |      42.54      
   26482     |      55.88       |      35.23      
   26483     |      56.64       |      50.08      
   26484     |      65.12       |      54.78      
   26485     |      61.55       |      42.57      
   26486     |      52.85       |      38.42      
   26487     |      49.66       |      36.43      
   26488     |      49.57       |      37.93      
   26489     |      50.17       |      38.93      
   26490     |      55.13       |      41.42      
   26491     |      52.36       |      16.95      
   26492     |      52.27       |       8.67      
   26493     |      54.11       |       9.35      
   26494     |      57.13       |       4.16      
   26495     |      56.17       |       8.06      
   26496     |      56.10       |       8.10      
   26497     |      56.39       |       5.99      
   26498     |      57.76       |       4.66      
   26499     |      54.83       |       8.77      
   26500     |      54.13       |       7.74      
   26501     |      55.74       |       7.92      
   26502     |      55.47       |       5.21      
   26503     |      55.95       |       4.60      
   26504     |      56.21       |       9.73      
   26505     |      63.90       |       3.56      
   26506     |      65.04       |       5.52      
   26507     |      69.27       |      21.78      
   26508     |      69.72       |      23.31      
   26509     |      64.35       |      19.84      
   26510     |      66.19       |      30.13      
   26511     |      48.81       |      21.97      
   26512     |      52.74       |      26.13      
   26513     |      68.70       |      26.63      
   26514     |      74.72       |      39.46      
   26515     |      73.65       |      25.09      
   26516     |      76.92       |      35.44      
   26517     |      77.36       |      33.14      
   26518     |      84.27       |      36.18      
   26536     |      68.31       |      44.97      
   26537     |      66.90       |      41.92      
   26538     |      66.13       |      49.39      
   26539     |      64.43       |      40.36      
   26540     |      49.16       |      29.73      
   26541     |      48.91       |      37.65      
   26542     |      39.95       |      30.76      
   26543     |      38.16       |      35.53      
   26544     |      45.93       |      39.39      
   26545     |      52.77       |      29.83      
   26546     |      55.88       |      26.27      
   26547     |      56.37       |      23.75      
   26548     |      52.01       |      17.55      
   26549     |      49.90       |      14.39      
   26550     |      52.88       |       8.46      
   26551     |      50.29       |      11.81      
   26552     |      49.46       |      12.58      
   26553     |      49.30       |      11.43      
   26554     |      46.57       |      14.46      
   26555     |      47.33       |      13.51      
   26556     |      48.88       |      11.74      
   26557     |      47.12       |      13.75      
   26558     |      59.66       |      11.36      
   26559     |      60.57       |      14.49      
   26560     |      61.60       |      11.75      
   26561     |      58.95       |       5.43      
   26562     |      80.21       |      24.49      
   26563     |      80.22       |      25.38      
   26564     |      89.90       |      31.85      
   26565     |      75.99       |      31.64      
   26566     |      76.59       |      34.12      
   26567     |      50.72       |      17.14      
   26568     |      58.44       |      18.89      
   26569     |      62.64       |      35.86      
   26570     |      56.47       |      30.28      
   26571     |      62.87       |      43.47      
   26572     |      67.59       |      35.68      
   26573     |      64.94       |      30.00      
   26574     |      66.47       |      31.15      
   26575     |      66.49       |      35.19      
   26576     |      72.18       |      36.49      
   26577     |      68.77       |      31.65      
   26598     |      61.19       |      46.93      
   26599     |      55.02       |      36.42      
   26600     |      61.35       |      42.67      
   26601     |      70.71       |      46.40      
   26602     |      70.67       |      46.93      
   26603     |      66.18       |      46.93      
   26604     |      61.76       |      40.79      
   26605     |      60.80       |      45.39      
   26606     |      50.57       |      32.38      
   26607     |      50.61       |      32.54      
   26608     |      47.87       |      28.88      
   26609     |      49.01       |      25.92      
   26610     |      48.58       |      29.23      
   26611     |      44.87       |      21.15      
   26612     |      46.50       |      14.13      
   26613     |      47.54       |      13.73      
   26614     |      50.14       |      20.17      
   26615     |      57.51       |       2.99      
   26616     |      59.77       |      10.48      
   26617     |      67.73       |      12.31      
   26618     |      71.88       |      13.63      
   26619     |      73.10       |      21.66      
   26620     |      76.20       |      18.24      
   26621     |      77.58       |      25.09      
   26622     |      87.31       |      35.38      
   26623     |      88.24       |      29.23      
   26624     |      58.25       |      24.99      
   26625     |      58.53       |      27.88      
   26626     |      39.36       |      22.29      
   26627     |      40.82       |      35.89      
   26628     |      65.50       |      44.84      
   26629     |      59.40       |      37.08      
   26630     |      58.37       |      18.80      
   26631     |      71.67       |      38.41      
   26632     |      70.85       |      25.69      
   26633     |      72.98       |      33.74      
   26634     |      79.10       |      44.01      
   26652     |      62.22       |      29.67      
   26653     |      67.76       |      44.44      
   26654     |      66.95       |      47.28      
   26655     |      55.94       |      45.19      
   26656     |      50.29       |      25.23      
   26657     |      56.73       |      34.43      
   26658     |      56.90       |      33.44      
   26659     |      44.76       |      37.59      
   26660     |      49.57       |      25.32      
   26661     |      49.92       |      29.31      
   26662     |      48.73       |      16.40      
   26663     |      47.53       |      14.47      
   26664     |      45.83       |      14.77      
   26665     |      46.94       |      14.34      
   26666     |      48.58       |      11.90      
   26667     |      48.35       |      12.21      
   26668     |      38.30       |      22.28      
   26669     |      67.54       |      20.94      
   26670     |      65.96       |      10.95      
   26671     |      68.96       |      21.05      
   26672     |      70.35       |      19.58      
   26673     |      75.84       |      30.41      
   26674     |      73.23       |      31.56      
   26675     |      68.90       |      20.42      
   26676     |      77.79       |      19.30      
   26677     |      70.88       |      10.46      
   26678     |      68.43       |      17.86      
   26679     |      48.64       |      13.24      
   26680     |      49.41       |      12.33      
   26681     |      67.78       |      23.95      
   26682     |      63.16       |      18.04      
   26683     |      65.42       |      20.51      
   26684     |      65.84       |      26.51      
   26685     |      80.47       |      41.18      
   26686     |      75.40       |      49.88      
   26687     |      67.45       |      40.83      
   26688     |      73.54       |      32.58      
   26689     |      69.81       |      38.60      
   26690     |      64.72       |      32.33      
   26691     |      78.55       |      43.42      
   26692     |      77.96       |      39.11      
   26693     |      78.21       |      39.52      
   26694     |      70.71       |      32.92      
   26714     |      73.02       |      46.62      
   26715     |      74.34       |      38.07      
   26716     |      76.08       |      37.03      
   26717     |      67.24       |      48.16      
   26718     |      58.30       |      38.45      
   26719     |      51.44       |      37.98      
   26720     |      49.86       |      35.91      
   26721     |      50.04       |      29.02      
   26722     |      48.83       |      24.29      
   26723     |      50.39       |      15.83      
   26724     |      48.23       |      12.45      
   26725     |      47.86       |      13.72      
   26726     |      38.60       |      22.23      
   26727     |      37.31       |      23.13      
   26728     |      47.56       |      12.88      
   26729     |      49.03       |      16.22      
   26730     |      59.79       |      10.48      
   26731     |      60.66       |      20.85      
   26732     |      73.26       |      27.35      
   26733     |      70.75       |      19.29      
   26734     |      69.94       |      20.68      
   26735     |      68.65       |       8.27      
   26736     |      74.07       |      15.81      
   26737     |      78.31       |      19.00      
   26738     |      68.84       |       8.60      
   26739     |      75.13       |      16.86      
   26740     |      71.12       |      23.67      
   26741     |      69.55       |      21.00      
   26742     |      68.68       |      41.71      
   26743     |      64.30       |      35.21      
   26744     |      81.22       |      30.62      
   26745     |      85.91       |      42.55      
   26746     |      73.27       |      29.88      
   26747     |      71.67       |      42.23      
   26748     |      72.13       |      42.67      
   26749     |      72.64       |      31.67      
   26750     |      63.31       |      33.73      
   26751     |      65.52       |      36.77      
   26752     |      74.19       |      33.27      
   26779     |      74.24       |      37.16      
   26780     |      73.28       |      45.99      
   26781     |      70.34       |      41.64      
   26782     |      72.69       |      53.21      
   26783     |      66.78       |      48.23      
   26784     |      68.97       |      53.55      
   26785     |      60.54       |      36.55      
   26786     |      57.99       |      31.64      
   26787     |      55.66       |      29.35      
   26788     |      54.89       |      27.14      
   26789     |      53.72       |      28.29      
   26790     |      56.15       |      32.46      
   26791     |      55.12       |      23.71      
   26792     |      55.24       |      18.63      
   26793     |      53.60       |      12.67      
   26794     |      53.61       |       7.71      
   26795     |      40.06       |      22.55      
   26796     |      36.18       |      24.34      
   26797     |      38.81       |      21.86      
   26798     |      38.56       |      22.32      
   26799     |      43.22       |      19.84      
   26800     |      42.49       |      19.17      
   26801     |      58.42       |       8.48      
   26802     |      58.35       |       8.69      
   26803     |      58.71       |      18.49      
   26804     |      57.33       |      16.54      
   26805     |      61.09       |      21.18      
   26806     |      60.53       |      17.91      
   26807     |      67.39       |      14.33      
   26808     |      65.28       |       8.34      
   26809     |      64.86       |      23.15      
   26810     |      62.84       |      26.50      
   26811     |      68.13       |      34.48      
   26812     |      67.10       |      26.06      
   26813     |      84.62       |      24.71      
   26814     |      81.60       |      46.25      
   26815     |      76.99       |      35.68      
   26816     |      72.02       |      29.27      
   26817     |      81.44       |      44.35      
   26818     |      70.80       |      29.74      
   26819     |      70.73       |      31.33      
   26820     |      62.79       |      26.76      
   26821     |      69.51       |      38.59      
   26822     |      67.32       |      41.78      
   26823     |      70.80       |      43.66      
   26824     |      72.81       |      36.94      
   26825     |      74.79       |      39.25      
   26847     |      65.45       |      27.86      
   26848     |      71.67       |      58.10      
   26849     |      67.25       |      53.93      
   26850     |      68.77       |      47.75      
   26851     |      64.10       |      40.38      
   26852     |      53.69       |      32.40      
   26853     |      59.70       |      36.15      
   26854     |      52.91       |      28.02      
   26855     |      57.44       |      27.53      
   26856     |      55.09       |      22.31      
   26857     |      54.95       |      23.64      
   26858     |      54.54       |      19.34      
   26859     |      46.14       |      15.62      
   26860     |      47.42       |      21.05      
   26861     |      44.18       |      20.22      
   26862     |      42.33       |      18.05      
   26863     |      42.07       |      18.38      
   26864     |      43.92       |      18.02      
   26865     |      50.30       |      19.88      
   26866     |      49.85       |      14.74      
   26867     |      49.16       |      16.63      
   26868     |      56.09       |      25.67      
   26869     |      62.04       |      29.56      
   26870     |      67.75       |      23.43      
   26871     |      69.24       |      35.28      
   26872     |      62.34       |      21.19      
   26873     |      70.46       |      13.89      
   26874     |      76.66       |      16.41      
   26875     |      76.06       |      22.08      
   26876     |      83.07       |      34.40      
   26877     |      69.49       |      29.67      
   26878     |      70.40       |      32.86      
   26879     |      65.74       |      26.18      
   26880     |      63.14       |      22.40      
   26881     |      55.93       |      27.98      
   26882     |      62.11       |      30.42      
   26883     |      65.00       |      38.62      
   26884     |      58.69       |      47.44      
   26907     |      59.93       |      33.62      
   26908     |      64.81       |      44.69      
   26909     |      68.62       |      47.21      
   26910     |      64.90       |      46.59      
   26911     |      58.17       |      31.28      
   26912     |      68.43       |      37.93      
   26913     |      54.97       |      18.17      
   26914     |      54.04       |      12.97      
   26915     |      49.34       |      23.73      
   26916     |      43.77       |      17.15      
   26917     |      44.08       |      17.05      
   26918     |      44.84       |      15.61      
   26919     |      53.42       |       9.05      
   26920     |      52.39       |       9.09      
   26921     |      46.99       |      13.34      
   26922     |      46.76       |      13.56      
   26923     |      52.37       |      19.33      
   26924     |      53.85       |      16.80      
   26925     |      62.21       |      29.58      
   26926     |      59.13       |      20.56      
   26927     |      66.66       |      27.26      
   26928     |      68.04       |      34.62      
   26929     |      63.35       |      20.13      
   26930     |      66.60       |       7.49      
   26931     |      65.47       |       7.15      
   26932     |      73.79       |      33.48      
   26933     |      77.18       |      42.15      
   26934     |      77.02       |      39.93      
   26935     |      80.98       |      38.48      
   26936     |      73.66       |      25.12      
   26937     |      68.50       |      18.31      
   26938     |      59.74       |      35.16      
   26939     |      72.17       |      50.14      
   26940     |      66.11       |      35.70      
   26941     |      67.28       |      37.05      
   26964     |      61.52       |      28.76      
   26965     |      60.60       |      46.38      
   26966     |      59.93       |      49.08      
   26967     |      66.45       |      55.63      
   26968     |      61.72       |      51.22      
   26969     |      57.50       |      45.24      
   26970     |      64.12       |      36.93      
   26971     |      60.71       |      31.10      
   26972     |      60.76       |      31.47      
   26973     |      69.16       |      38.01      
   26974     |      59.30       |      23.52      
   26975     |      63.29       |      30.70      
   26976     |      63.49       |      28.19      
   26977     |      59.68       |      22.12      
   26978     |      58.01       |      26.23      
   26979     |      39.83       |      26.42      
   26980     |      37.39       |      25.94      
   26981     |      44.94       |      16.15      
   26982     |      44.89       |      16.67      
   26983     |      53.62       |       6.80      
   26984     |      53.77       |       7.04      
   26985     |      53.91       |      18.42      
   26986     |      43.13       |      19.22      
   26987     |      50.17       |      27.17      
   26988     |      54.02       |      11.56      
   26989     |      54.57       |      14.35      
   26990     |      52.04       |      19.58      
   26991     |      59.81       |      30.14      
   26992     |      54.18       |      20.24      
   26993     |      54.21       |      19.64      
   26994     |      50.99       |      12.16      
   26995     |      50.65       |      13.89      
   26996     |      60.15       |      26.55      
   26997     |      53.94       |      30.70      
   26998     |      52.74       |      29.62      
   26999     |      59.92       |       5.55      
   27000     |      70.81       |      31.76      
   27001     |      70.84       |      28.25      
   27002     |      70.83       |      38.75      
   27003     |      62.49       |      25.16      
   27004     |      73.28       |      33.35      
   27005     |      68.38       |      38.29      
   27006     |      73.42       |      47.47      
   27007     |      60.92       |      34.21      
   27043     |      60.63       |      35.11      
   27044     |      60.21       |      37.58      
   27045     |      54.81       |      36.87      
   27046     |      60.87       |      56.48      
   27047     |      53.85       |      49.91      
   27048     |      61.01       |      39.38      
   27049     |      61.16       |      34.11      
   27050     |      63.11       |      28.79      
   27051     |      64.58       |      24.29      
   27052     |      71.79       |      34.68      
   27053     |      71.69       |      33.98      
   27054     |      68.63       |      22.34      
   27055     |      68.50       |      22.92      
   27056     |      62.63       |      22.86      
   27057     |      62.84       |      17.69      
   27058     |      53.85       |      25.27      
   27059     |      44.89       |      22.52      
   27060     |      47.51       |      12.78      
   27061     |      50.50       |      11.26      
   27062     |      52.86       |       8.73      
   27063     |      53.84       |       6.44      
   27064     |      54.04       |       6.21      
   27065     |      53.44       |       7.36      
   27066     |      53.31       |       7.41      
   27067     |      52.42       |      10.79      
   27068     |      59.48       |      19.25      
   27069     |      51.52       |      17.41      
   27070     |      59.57       |      28.92      
   27071     |      51.10       |      31.03      
   27072     |      54.83       |      13.28      
   27073     |      57.94       |      23.03      
   27074     |      57.17       |      24.25      
   27075     |      59.76       |      35.55      
   27076     |      54.19       |      29.62      
   27077     |      49.38       |      31.62      
   27078     |      56.70       |      21.23      
   27079     |      55.39       |      19.92      
   27080     |      67.70       |      13.56      
   27081     |      70.14       |      32.59      
   27082     |      70.16       |      27.26      
   27083     |      65.65       |      40.81      
   27084     |      66.52       |      42.66      
   27085     |      62.09       |      34.11      
   27086     |      72.06       |      38.19      
   27087     |      56.03       |      19.36      
   27088     |      62.83       |      16.26      
   27089     |      70.17       |      37.40      
   27090     |      59.55       |      44.54      
   27091     |      58.67       |      35.68      
   27110     |      50.10       |      42.07      
   27111     |      57.61       |      49.48      
   27112     |      56.93       |      54.78      
   27113     |      58.84       |      43.44      
   27114     |      57.51       |      36.57      
   27115     |      66.90       |      22.53      
   27116     |      65.47       |      42.96      
   27117     |      62.15       |      27.60      
   27118     |      66.24       |      22.48      
   27119     |      66.75       |      20.09      
   27120     |      61.84       |      22.16      
   27121     |      61.54       |      22.44      
   27122     |      64.27       |      26.47      
   27123     |      64.46       |       4.21      
   27124     |      64.52       |       5.67      
   27125     |      54.86       |      10.24      
   27126     |      56.50       |       3.95      
   27127     |      51.35       |      18.37      
   27128     |      50.48       |      17.62      
   27129     |      54.47       |      25.72      
   27130     |      41.76       |      32.23      
   27131     |      52.37       |      38.21      
   27132     |      56.13       |      32.83      
   27133     |      52.81       |      24.40      
   27134     |      47.38       |      22.12      
   27135     |      50.20       |      29.04      
   27136     |      49.72       |      30.55      
   27137     |      53.79       |      34.84      
   27138     |      60.39       |      17.48      
   27139     |      63.41       |      30.31      
   27140     |      60.93       |      27.03      
   27141     |      54.68       |      24.48      
   27142     |      48.72       |      19.70      
   27143     |      52.43       |      41.66      
   27144     |      40.81       |      34.07      
   27145     |      53.80       |      51.10      
   27146     |      55.55       |      19.49      
   27147     |      58.55       |      21.25      
   27148     |      64.06       |      40.19      
   27149     |      67.04       |      37.18      
   27150     |      49.92       |      37.22      
   27151     |      49.81       |      37.56      
   27179     |      58.28       |      43.04      
   27180     |      58.77       |      43.25      
   27181     |      59.78       |      52.69      
   27182     |      66.89       |      54.19      
   27183     |      65.00       |      45.33      
   27184     |      67.82       |      31.99      
   27185     |      67.85       |      32.32      
   27186     |      57.26       |      19.36      
   27187     |      66.45       |      26.42      
   27188     |      73.68       |      42.52      
   27189     |      75.85       |      33.85      
   27190     |      65.53       |      20.39      
   27191     |      64.03       |      28.19      
   27192     |      61.77       |      26.31      
   27193     |      72.33       |      23.49      
   27194     |      72.84       |      16.35      
   27195     |      63.47       |       5.26      
   27196     |      59.88       |       1.14      
   27197     |      57.23       |       3.36      
   27198     |      56.14       |       4.09      
   27199     |      56.80       |       4.34      
   27200     |      53.66       |       6.54      
   27201     |      57.39       |      13.46      
   27202     |      58.88       |      13.57      
   27203     |      54.34       |      11.03      
   27204     |      48.09       |      15.57      
   27205     |      46.16       |      26.66      
   27206     |      57.12       |      34.70      
   27207     |      56.90       |      35.84      
   27208     |      49.03       |      29.23      
   27209     |      51.56       |      24.16      
   27210     |      51.38       |      18.22      
   27211     |      52.12       |      30.70      
   27212     |      48.99       |      24.31      
   27213     |      61.99       |      29.25      
   27214     |      60.02       |      16.12      
   27215     |      63.62       |      17.58      
   27216     |      67.29       |      24.56      
   27217     |      57.85       |      52.93      
   27218     |      56.05       |      43.28      
   27219     |      50.54       |      35.42      
   27220     |      77.24       |      41.22      
   27221     |      61.04       |      28.79      
   27222     |      62.25       |      43.47      
   27223     |      52.31       |      36.61      
   27246     |      59.78       |      42.06      
   27247     |      62.24       |      43.08      
   27248     |      63.39       |      47.47      
   27249     |      68.54       |      52.43      
   27250     |      76.63       |      48.38      
   27251     |      73.08       |      43.59      
   27252     |      72.49       |      35.09      
   27253     |      68.64       |      30.57      
   27254     |      70.33       |      34.29      
   27255     |      65.59       |      34.95      
   27256     |      57.38       |      18.37      
   27257     |      61.93       |      24.98      
   27258     |      67.51       |      28.51      
   27259     |      70.06       |      22.52      
   27260     |      70.45       |      23.04      
   27261     |      70.89       |      21.81      
   27262     |      70.11       |      15.38      
   27263     |      70.27       |      13.63      
   27264     |      68.42       |      10.40      
   27265     |      66.93       |      11.45      
   27266     |      64.84       |       5.44      
   27267     |      60.78       |       4.37      
   27268     |      62.41       |       2.90      
   27269     |      69.68       |      14.65      
   27270     |      58.63       |       9.53      
   27271     |      56.66       |       7.62      
   27272     |      52.09       |      19.77      
   27273     |      52.24       |      14.03      
   27274     |      60.73       |      38.25      
   27275     |      60.79       |      20.97      
   27276     |      61.22       |      21.91      
   27277     |      59.01       |      20.16      
   27278     |      54.71       |      16.30      
   27279     |      52.94       |      26.30      
   27280     |      72.59       |      47.59      
   27281     |      65.22       |      46.32      
   27282     |      60.16       |      32.89      
   27283     |      79.79       |      30.15      
   27284     |      80.90       |      38.88      
   27285     |      62.45       |      20.87      
   27286     |      62.62       |      27.31      
   27287     |      57.50       |      16.17      
   27316     |      70.63       |      46.76      
   27317     |      69.09       |      35.20      
   27318     |      69.83       |      37.19      
   27319     |      62.13       |      29.79      
   27320     |      72.70       |      35.71      
   27321     |      68.68       |      23.06      
   27322     |      66.12       |      27.40      
   27323     |      70.08       |      22.61      
   27324     |      73.69       |      21.75      
   27325     |      71.63       |      23.78      
   27326     |      71.42       |      19.17      
   27327     |      65.48       |       5.35      
   27328     |      61.45       |       5.78      
   27329     |      64.18       |      11.20      
   27330     |      65.36       |      11.13      
   27331     |      69.57       |      20.78      
   27332     |      65.47       |      30.65      
   27333     |      57.05       |      16.49      
   27334     |      51.33       |      28.02      
   27335     |      62.12       |      23.78      
   27336     |      61.74       |      25.37      
   27337     |      60.78       |      22.57      
   27338     |      69.89       |      33.13      
   27339     |      69.75       |      35.71      
   27340     |      60.54       |      23.54      
   27341     |      58.28       |      28.66      
   27342     |      56.49       |      25.34      
   27343     |      61.35       |      27.15      
   27344     |      58.86       |      23.66      
   27345     |      57.49       |      13.46      
   27346     |      77.36       |      29.89      
   27347     |      86.52       |      46.06      
   27348     |      85.91       |      46.34      
   27349     |      71.97       |      35.32      
   27350     |      71.17       |      38.63      
   27351     |      72.86       |      40.82      
   27352     |      71.17       |      33.24      
   27353     |      70.87       |      43.66      
   27354     |      75.88       |      49.00      
   27378     |      58.84       |      43.85      
   27379     |      55.63       |      42.49      
   27380     |      58.09       |      35.14      
   27381     |      67.76       |      47.44      
   27382     |      65.87       |      42.32      
   27383     |      69.28       |      47.82      
   27384     |      60.85       |      33.65      
   27385     |      76.98       |      35.73      
   27386     |      68.01       |      22.61      
   27387     |      72.96       |      35.92      
   27388     |      67.12       |      30.37      
   27389     |      64.25       |      27.26      
   27390     |      67.38       |      19.46      
   27391     |      75.52       |      24.69      
   27392     |      75.33       |      24.88      
   27393     |      64.30       |       9.52      
   27394     |      64.50       |       7.97      
   27395     |      64.94       |       7.61      
   27396     |      64.21       |       7.31      
   27397     |      65.70       |      12.17      
   27398     |      66.80       |      15.21      
   27399     |      65.89       |      20.96      
   27400     |      56.94       |      16.49      
   27401     |      58.72       |      21.32      
   27402     |      55.37       |      29.12      
   27403     |      51.74       |      20.27      
   27404     |      56.82       |      25.14      
   27405     |      55.19       |      27.04      
   27406     |      58.48       |      36.78      
   27408     |      82.82       |      37.15      
   27409     |      82.59       |      37.47      
   27410     |      81.93       |      36.28      
   27411     |      63.99       |      28.58      
   27412     |      63.10       |      25.70      
   27413     |      65.22       |      28.60      
   27414     |      62.47       |      20.80      
   27415     |      83.19       |      50.75      
   27425     |      73.08       |      49.31      
   27426     |      62.40       |      29.79      
   27427     |      62.60       |      30.12      
   27428     |      64.60       |      23.19      
   27429     |      74.90       |      38.54      
   27430     |      69.06       |      22.02      
   27431     |      71.56       |      27.30      
   27432     |      71.03       |      31.48      
   27433     |      69.60       |      39.94      
   27434     |      60.06       |      23.76      
   27435     |      64.08       |      16.13      
   27436     |      61.41       |       8.06      
   27437     |      60.22       |      14.27      
   27438     |      65.93       |      21.08      
   27439     |      65.91       |      20.87      
   27440     |      71.10       |      18.90      
   27441     |      63.41       |      17.84      
   27442     |      65.01       |      15.93      
   27443     |      65.27       |      16.67      
   27444     |      66.91       |       8.20      
   27445     |      66.77       |       6.73      
   27446     |      64.38       |       5.30      
   27447     |      69.48       |      11.67      
   27448     |      68.79       |      10.81      
   27449     |      67.73       |      22.87      
   27450     |      67.70       |      12.58      
   27451     |      66.71       |      27.25      
   27452     |      72.06       |      38.12      
   27453     |      68.62       |      24.33      
   27454     |      72.54       |      28.28      
   27455     |      69.70       |      22.37      
   27456     |      70.20       |      28.02      
   27457     |      63.12       |      18.21      
   27458     |      67.70       |      20.77      
   27459     |      76.09       |      45.40      
   27460     |      79.92       |      37.29      
   27461     |      76.65       |      29.63      
   27462     |      75.08       |      33.01      
   27492     |      62.38       |      34.58      
   27493     |      64.99       |      37.69      
   27494     |      67.76       |      41.58      
   27495     |      67.85       |      42.08      
   27496     |      72.64       |      49.46      
   27497     |      69.68       |      31.57      
   27498     |      68.54       |      31.75      
   27499     |      61.06       |      24.11      
   27500     |      60.96       |      26.57      
   27501     |      68.81       |      36.56      
   27502     |      68.35       |      21.54      
   27503     |      64.76       |      30.71      
   27504     |      64.62       |      31.01      
   27505     |      47.71       |      19.90      
   27506     |      58.27       |      14.39      
   27507     |      58.46       |      11.76      
   27508     |      65.79       |      14.19      
   27509     |      64.66       |      14.88      
   27510     |      67.19       |       8.59      
   27511     |      62.13       |       6.92      
   27512     |      73.65       |      18.34      
   27513     |      71.66       |      13.47      
   27514     |      68.49       |      13.38      
   27515     |      67.20       |      27.23      
   27516     |      77.43       |      39.20      
   27517     |      76.39       |      41.12      
   27518     |      67.45       |      28.97      
   27519     |      71.91       |      31.79      
   27520     |      70.75       |      29.06      
   27521     |      69.87       |      22.55      
   27522     |      71.31       |      26.85      
   27523     |      74.55       |      30.28      
   27524     |      70.68       |      19.93      
   27525     |      70.41       |      29.25      
   27526     |      70.23       |      29.04      
   27527     |      73.53       |      42.49      
   27528     |      83.14       |      57.76      
   27529     |      68.10       |      27.83      
   27530     |      68.06       |      27.70      
   27531     |      71.83       |      32.41      
   27532     |      69.39       |      27.79      
   27533     |      77.45       |      36.20      
   27534     |      76.23       |      28.06      
   27535     |      76.84       |      29.53      
   27536     |      76.49       |      33.51      
   27537     |      78.29       |      36.54      
   27538     |      83.41       |      49.28      
   27565     |      64.97       |      37.41      
   27566     |      65.33       |      46.32      
   27567     |      66.17       |      47.72      
   27568     |      70.79       |      32.42      
   27569     |      64.10       |      22.50      
   27570     |      60.78       |      29.69      
   27571     |      63.39       |      32.36      
   27572     |      64.14       |      35.94      
   27573     |      66.46       |      33.88      
   27574     |      50.02       |      17.24      
   27575     |      50.45       |      11.20      
   27576     |      67.54       |       8.01      
   27577     |      67.85       |       8.01      
   27578     |      69.90       |      10.17      
   27579     |      70.47       |      12.22      
   27580     |      66.85       |       7.14      
   27581     |      68.39       |      13.77      
   27582     |      71.12       |      12.92      
   27583     |      73.44       |      16.78      
   27584     |      78.18       |      27.15      
   27585     |      78.13       |      27.23      
   27586     |      68.33       |      14.66      
   27587     |      66.23       |      19.42      
   27588     |      67.36       |      26.04      
   27589     |      77.26       |      39.11      
   27590     |      74.60       |      30.14      
   27591     |      69.53       |      27.70      
   27592     |      68.72       |      22.89      
   27593     |      74.26       |      21.58      
   27594     |      61.75       |      38.48      
   27595     |      60.60       |      35.41      
   27622     |      66.22       |      36.31      
   27623     |      66.29       |      36.53      
   27624     |      70.09       |      34.90      
   27625     |      65.20       |      41.30      
   27626     |      65.25       |      42.61      
   27627     |      57.15       |      35.11      
   27628     |      57.07       |      33.71      
   27629     |      59.34       |      28.84      
   27630     |      57.45       |      19.87      
   27631     |      64.81       |      12.16      
   27632     |      64.79       |      21.65      
   27633     |      56.83       |      14.77      
   27634     |      57.66       |      12.04      
   27635     |      58.49       |      11.45      
   27636     |      58.47       |       5.06      
   27637     |      62.38       |       2.42      
   27638     |      68.63       |      11.05      
   27639     |      70.91       |      14.98      
   27640     |      77.79       |      31.82      
   27641     |      73.99       |      28.81      
   27642     |      73.67       |      27.06      
   27643     |      71.72       |      29.52      
   27644     |      70.64       |      22.43      
   27645     |      68.67       |      40.23      
   27646     |      82.43       |      38.23      
   27647     |      76.84       |      35.49      
   27648     |      70.72       |      25.78      
   27649     |      71.86       |      45.58      
   27650     |      66.68       |      36.05      
   27669     |      72.97       |      33.84      
   27670     |      74.06       |      41.39      
   27671     |      75.51       |      39.12      
   27672     |      78.22       |      51.64      
   27673     |      79.31       |      50.53      
   27674     |      71.81       |      38.45      
   27675     |      71.99       |      33.73      
   27676     |      69.62       |      35.15      
   27677     |      68.65       |      30.49      
   27678     |      72.48       |      31.56      
   27679     |      69.86       |      34.30      
   27680     |      72.24       |      31.94      
   27681     |      72.16       |      29.04      
   27682     |      68.37       |      20.94      
   27683     |      68.78       |      20.30      
   27684     |      58.17       |       2.33      
   27685     |      58.94       |       1.18      
   27686     |      50.11       |      28.89      
   27687     |      46.38       |      15.81      
   27688     |      54.78       |       7.65      
   27689     |      59.49       |       0.58      
   27690     |      64.60       |       6.66      
   27691     |      64.43       |       5.92      
   27692     |      67.47       |       8.95      
   27693     |      67.15       |       7.46      
   27694     |      72.02       |      14.39      
   27695     |      69.70       |      14.74      
   27696     |      68.66       |      12.09      
   27697     |      67.66       |      13.13      
   27698     |      68.43       |      15.63      
   27699     |      65.62       |      18.07      
   27700     |      63.56       |      13.48      
   27701     |      78.41       |      22.87      
   27702     |      84.43       |      32.46      
   27703     |      86.32       |      39.38      
   27704     |      88.50       |      37.78      
   27705     |      87.82       |      41.89      
   27706     |      74.28       |      24.01      
   27707     |      72.81       |      26.90      
   27708     |      69.14       |      21.55      
   27709     |      71.20       |      25.86      
   27710     |      74.90       |      22.29      
   27711     |      75.13       |      26.94      
   27712     |      76.17       |      42.70      
   27713     |      75.61       |      33.99      
   27714     |      82.37       |      42.61      
   27715     |      84.29       |      50.84      
   27716     |      85.77       |      45.38      
   27717     |      84.07       |      42.73      
   27718     |      79.46       |      37.91      
   27719     |      81.29       |      36.68      
   27720     |      83.15       |      33.65      
   27721     |      75.50       |      24.76      
   27722     |      70.92       |      25.67      
   27757     |      71.03       |      39.71      
   27758     |      71.89       |      33.14      
   27759     |      73.74       |      34.07      
   27760     |      74.20       |      41.00      
   27761     |      72.83       |      23.51      
   27762     |      73.33       |      28.31      
   27763     |      72.15       |      30.49      
   27764     |      67.38       |      35.79      
   27765     |      65.86       |      34.55      
   27766     |      67.09       |      32.54      
   27767     |      68.95       |      41.08      
   27768     |      73.36       |      35.00      
   27769     |      73.53       |      43.57      
   27770     |      75.30       |      42.21      
   27771     |      75.08       |      40.12      
   27772     |      64.98       |       8.01      
   27773     |      56.07       |       3.88      
   27774     |      57.65       |      32.45      
   27775     |      47.05       |      16.08      
   27776     |      43.36       |      17.37      
   27777     |      51.40       |      15.53      
   27778     |      67.37       |      16.38      
   27779     |      70.41       |      11.38      
   27780     |      72.53       |      18.93      
   27781     |      72.55       |      19.30      
   27782     |      74.77       |      22.00      
   27783     |      75.39       |      24.37      
   27784     |      81.26       |      34.36      
   27785     |      68.31       |      23.96      
   27786     |      80.15       |      36.28      
   27787     |      81.09       |      34.02      
   27788     |      80.28       |      36.63      
   27789     |      74.38       |      27.53      
   27790     |      74.07       |      20.87      
   27791     |      70.33       |      20.77      
   27811     |      70.63       |      37.68      
   27812     |      72.01       |      35.67      
   27813     |      76.08       |      50.48      
   27814     |      81.40       |      44.20      
   27815     |      74.29       |      33.71      
   27816     |      73.26       |      36.50      
   27817     |      73.50       |      24.06      
   27818     |      67.76       |      30.34      
   27819     |      71.36       |      32.50      
   27820     |      70.96       |      33.98      
   27821     |      77.95       |      31.53      
   27822     |      78.43       |      43.70      
   27823     |      68.16       |      35.53      
   27824     |      67.66       |      20.09      
   27825     |      65.36       |      22.11      
   27826     |      59.86       |       8.37      
   27827     |      68.20       |      33.96      
   27828     |      67.42       |      33.38      
   27829     |      66.72       |       6.84      
   27830     |      53.98       |      25.45      
   27831     |      51.97       |       8.17      
   27832     |      49.82       |      10.63      
   27833     |      60.82       |      21.12      
   27834     |      64.28       |       7.38      
   27835     |      69.22       |      12.32      
   27836     |      74.20       |      16.78      
   27837     |      73.14       |      14.01      
   27838     |      71.53       |      14.12      
   27839     |      73.78       |      20.90      
   27840     |      74.77       |      19.68      
   27841     |      81.37       |      27.09      
   27842     |      69.83       |      18.33      
   27843     |      73.29       |      31.17      
   27844     |      80.73       |      30.12      
   27845     |      73.86       |      24.05      
   27846     |      74.48       |      25.77      
   27847     |      73.32       |      26.55      
   27848     |      75.53       |      26.73      
   27849     |      75.18       |      24.48      
   27850     |      71.96       |      26.00      
   27851     |      79.05       |      36.20      
   27852     |      79.63       |      32.97      
   27853     |      74.92       |      33.62      
   27854     |      78.12       |      44.67      
   27855     |      80.23       |      39.07      
   27888     |      76.34       |      44.34      
   27889     |      80.73       |      44.18      
   27890     |      80.95       |      48.30      
   27891     |      77.99       |      41.98      
   27892     |      79.64       |      37.33      
   27893     |      63.99       |      31.47      
   27894     |      63.79       |      28.00      
   27895     |      63.77       |      27.95      
   27896     |      76.51       |      36.89      
   27897     |      76.12       |      38.13      
   27898     |      76.34       |      30.28      
   27899     |      75.44       |      44.62      
   27900     |      74.64       |      39.49      
   27901     |      71.56       |      23.23      
   27902     |      72.59       |      21.42      
   27903     |      71.22       |      17.09      
   27904     |      70.59       |      16.90      
   27905     |      78.46       |      30.97      
   27906     |      79.06       |      21.59      
   27907     |      81.07       |      22.68      
   27908     |      82.60       |      27.63      
   27909     |      67.32       |      12.78      
   27910     |      68.79       |      11.62      
   27911     |      82.30       |      28.08      
   27912     |      82.28       |      27.19      
   27913     |      78.91       |      23.99      
   27914     |      74.04       |      14.35      
   27915     |      77.52       |      37.00      
   27916     |      81.63       |      46.77      
   27917     |      86.40       |      39.47      
   27918     |      84.25       |      33.66      
   27919     |      74.80       |      19.14      
   27920     |      72.82       |      25.63      
   27921     |      82.26       |      29.69      
   27922     |      81.53       |      36.07      
   27923     |      78.61       |      32.21      
   27924     |      83.37       |      46.78      
   27925     |      82.27       |      48.31      
   27926     |      82.88       |      50.64      
   27927     |      72.41       |      32.75      
   27928     |      74.86       |      38.07      
   27929     |      75.24       |      38.41      
   27930     |      72.86       |      27.13      
   27931     |      69.33       |      17.46      
   27932     |      73.46       |      28.33      
   27956     |      71.31       |      33.08      
   27957     |      69.60       |      35.28      
   27958     |      70.89       |      34.88      
   27959     |      70.91       |      34.98      
   27960     |      78.29       |      42.54      
   27961     |      83.07       |      46.28      
   27962     |      76.73       |      34.57      
   27963     |      76.84       |      34.10      
   27964     |      71.34       |      29.77      
   27965     |      71.02       |      22.34      
   27966     |      70.35       |      24.06      
   27967     |      77.57       |      37.50      
   27968     |      71.41       |      39.98      
   27969     |      71.61       |      40.67      
   27970     |      75.78       |      37.57      
   27971     |      75.99       |      40.12      
   27972     |      71.68       |      13.43      
   27973     |      78.27       |      35.13      
   27974     |      82.39       |      30.17      
   27975     |      85.69       |      41.82      
   27976     |      88.64       |      30.57      
   27977     |      82.91       |      24.10      
   27978     |      71.96       |      15.04      
   27979     |      71.57       |      15.72      
   27980     |      75.57       |      16.39      
   27981     |      75.63       |      22.85      
   27982     |      79.35       |      29.28      
   27983     |      80.31       |      23.50      
   27984     |      84.38       |      25.09      
   27985     |      89.66       |      36.91      
   27986     |      88.90       |      50.52      
   27987     |      86.00       |      38.41      
   27988     |      89.26       |      37.69      
   27989     |      82.45       |      25.38      
   27990     |      81.31       |      22.90      
   27991     |      80.09       |      24.18      
   27992     |      74.90       |      29.04      
   27993     |      71.94       |      35.53      
   27994     |      77.34       |      41.95      
   27995     |      80.22       |      39.76      
   27996     |      74.26       |      27.52      
   28027     |      83.57       |      49.19      
   28028     |      72.92       |      32.71      
   28029     |      74.28       |      39.51      
   28030     |      74.33       |      39.25      
   28031     |      64.07       |      24.79      
   28032     |      65.77       |      23.29      
   28033     |      70.65       |      31.30      
   28034     |      77.35       |      37.28      
   28035     |      76.93       |      34.88      
   28036     |      67.81       |      22.18      
   28037     |      65.60       |      11.15      
   28038     |      84.45       |      32.14      
   28039     |      86.01       |      29.47      
   28040     |      87.28       |      27.58      
   28041     |      75.53       |      16.07      
   28042     |      73.82       |      15.87      
   28043     |      70.19       |      13.34      
   28044     |      59.88       |      21.49      
   28045     |      67.47       |      27.69      
   28046     |      77.30       |      20.22      
   28047     |      78.61       |      27.60      
   28050     |      82.62       |      25.29      
   28051     |      86.23       |      29.03      
   28052     |      86.17       |      28.22      
   28053     |      84.33       |      27.21      
   28054     |      86.58       |      41.31      
   28055     |      88.93       |      40.87      
   28056     |      89.06       |      37.68      
   28057     |      85.63       |      38.45      
   28058     |      83.77       |      30.12      
   28059     |      77.42       |      28.39      
   28060     |      73.01       |      42.98      
   28061     |      73.93       |      42.46      
   28062     |      77.16       |      49.46      
   28063     |      79.55       |      44.28      
   28064     |      73.44       |      26.35      
   28065     |      73.39       |      30.33      
   28066     |      78.81       |      40.92      
   28067     |      69.60       |      22.74      
   28068     |      69.85       |      16.98      
   28069     |      74.99       |      28.14      
   28098     |      80.17       |      40.37      
   28099     |      80.25       |      40.35      
   28100     |      75.42       |      33.99      
   28101     |      77.68       |      42.59      
   28102     |      76.76       |      45.88      
   28103     |      75.70       |      41.39      
   28104     |      75.38       |      42.38      
   28105     |      74.91       |      32.74      
   28106     |      72.85       |      38.00      
   28107     |      72.58       |      40.91      
   28108     |      64.98       |      17.35      
   28109     |      62.29       |      23.65      
   28110     |      66.47       |      30.64      
   28111     |      66.64       |      35.27      
   28112     |      75.49       |      37.23      
   28113     |      77.12       |      34.71      
   28114     |      72.86       |      25.69      
   28115     |      72.74       |      25.81      
   28116     |      73.57       |      14.94      
   28117     |      76.78       |      18.53      
   28118     |      76.76       |      18.72      
   28119     |      87.78       |      31.89      
   28120     |      77.16       |      18.26      
   28121     |      78.40       |      18.73      
   28122     |      73.00       |      13.29      
   28123     |      77.58       |      18.16      
   28124     |      78.13       |      19.81      
   28125     |      78.44       |      19.90      
   28126     |      77.16       |      17.66      
   28127     |      72.49       |      15.49      
   28128     |      76.96       |      22.68      
   28129     |      77.17       |      18.14      
   28130     |      62.35       |      28.00      
   28131     |      77.49       |      21.42      
   28132     |      79.19       |      24.97      
   28133     |      77.06       |      21.04      
   28134     |      70.04       |      25.98      
   28135     |      82.02       |      52.34      
   28136     |      81.18       |      47.15      
   28137     |      67.33       |      25.88      
   28138     |      67.20       |      23.93      
   28139     |      74.64       |      32.36      
   28140     |      80.89       |      31.70      
   28141     |      83.56       |      30.53      
   28174     |      79.95       |      43.13      
   28175     |      74.64       |      35.09      
   28176     |      72.56       |      40.92      
   28177     |      63.04       |      22.24      
   28178     |      81.27       |      38.01      
   28179     |      79.17       |      44.02      
   28180     |      78.07       |      38.16      
   28181     |      73.81       |      14.99      
   28182     |      74.74       |      14.99      
   28183     |      75.45       |      17.83      
   28184     |      73.98       |      21.47      
   28185     |      78.17       |      23.02      
   28186     |      78.45       |      19.92      
   28187     |      75.54       |      15.89      
   28188     |      77.79       |      40.31      
   28189     |      80.98       |      40.73      
   28190     |      79.89       |      28.96      
   28191     |      84.99       |      39.27      
   28192     |      83.14       |      42.03      
   28193     |      83.96       |      34.76      
   28194     |      76.14       |      34.66      
   28195     |      77.44       |      32.43      
   28196     |      76.20       |      28.18      
   28197     |      80.73       |      27.11      
   28198     |      81.18       |      29.48      
   28200     |      87.13       |      41.46      
   28201     |      74.57       |      22.04      
   28202     |      75.87       |      26.72      
   28203     |      71.59       |      14.50      
   28204     |      69.95       |      26.14      
   28205     |      84.40       |      48.40      
   28206     |      69.75       |      34.19      
   28207     |      66.99       |      24.35      
   28208     |      61.33       |      35.25      
   28240     |      82.16       |      49.51      
   28241     |      82.33       |      48.89      
   28242     |      75.45       |      44.76      
   28243     |      68.67       |      40.57      
   28244     |      71.93       |      38.39      
   28245     |      75.32       |      40.28      
   28246     |      75.28       |      41.45      
   28247     |      78.19       |      32.00      
   28248     |      77.75       |      32.87      
   28249     |      79.12       |      36.60      
   28250     |      70.87       |      36.18      
   28251     |      72.44       |      25.25      
   28252     |      71.93       |      17.58      
   28253     |      75.40       |      17.38      
   28254     |      76.56       |      17.93      
   28255     |      68.56       |      12.23      
   28256     |      80.36       |      21.05      
   28257     |      77.37       |      22.78      
   28258     |      81.76       |      22.78      
   28259     |      83.33       |      25.88      
   28260     |      74.24       |      33.64      
   28261     |      75.76       |      32.92      
   28262     |      76.99       |      25.11      
   28263     |      76.72       |      28.30      
   28264     |      79.96       |      27.20      
   28265     |      74.32       |      19.84      
   28266     |      74.17       |      22.23      
   28267     |      74.61       |      29.47      
   28268     |      78.13       |      27.32      
   28269     |      76.40       |      17.79      
   28270     |      67.86       |      25.40      
   28271     |      67.72       |      32.47      
   28272     |      67.70       |      32.52      
   28273     |      74.56       |      32.56      
   28297     |      76.86       |      41.71      
   28298     |      81.92       |      48.94      
   28299     |      80.72       |      40.92      
   28300     |      75.56       |      44.43      
   28301     |      67.88       |      31.92      
   28302     |      67.23       |      41.26      
   28303     |      68.57       |      44.37      
   28304     |      68.76       |      40.74      
   28305     |      68.29       |      36.33      
   28306     |      68.96       |      36.21      
   28307     |      67.58       |      34.39      
   28308     |      78.18       |      41.59      
   28309     |      82.75       |      34.67      
   28310     |      78.15       |      27.62      
   28311     |      77.24       |      30.01      
   28312     |      77.08       |      32.73      
   28313     |      76.37       |      41.87      
   28314     |      81.72       |      40.15      
   28315     |      81.40       |      44.22      
   28316     |      81.37       |      27.91      
   28317     |      77.28       |      31.57      
   28318     |      74.11       |      15.33      
   28319     |      71.17       |      17.18      
   28320     |      70.51       |      11.53      
   28321     |      70.02       |      11.49      
   28322     |      71.99       |      12.68      
   28323     |      75.05       |      17.64      
   28324     |      69.73       |      14.25      
   28325     |      81.52       |      24.67      
   28326     |      75.41       |      17.26      
   28327     |      76.61       |      17.88      
   28328     |      80.38       |      22.36      
   28329     |      82.51       |      43.66      
   28330     |      81.20       |      37.21      
   28331     |      73.74       |      25.84      
   28332     |      73.73       |      22.06      
   28333     |      71.47       |      25.48      
   28334     |      66.80       |      10.35      
   28335     |      62.55       |      16.52      
   28336     |      63.37       |      23.54      
   28337     |      71.70       |      25.34      
   28338     |      70.39       |      18.18      
   28339     |      75.96       |      30.04      
   28340     |      80.30       |      22.10      
   28341     |      82.68       |      29.15      
   28342     |      85.73       |      33.77      
   28343     |      87.27       |      41.90      
   28344     |      81.79       |      47.25      
   28345     |      75.73       |      34.52      
   28346     |      75.53       |      34.30      
   28347     |      73.45       |      26.62      
   28348     |      74.50       |      31.26      
   28349     |      69.29       |      32.79      
   28350     |      77.07       |      33.70      
   28380     |      72.74       |      40.42      
   28381     |      68.96       |      41.40      
   28382     |      72.99       |      37.67      
   28383     |      74.10       |      38.90      
   28384     |      72.62       |      26.96      
   28385     |      75.19       |      29.98      
   28386     |      80.59       |      23.50      
   28387     |      81.36       |      36.43      
   28388     |      78.74       |      36.56      
   28389     |      88.15       |      45.24      
   28390     |      77.88       |      20.43      
   28391     |      76.72       |      17.73      
   28392     |      76.99       |      20.59      
   28393     |      75.59       |      20.06      
   28394     |      83.89       |      24.48      
   28395     |      76.64       |      17.38      
   28396     |      75.51       |      17.50      
   28397     |      70.68       |      11.47      
   28398     |      71.45       |      17.28      
   28399     |      71.52       |      17.24      
   28400     |      72.07       |      14.56      
   28401     |      77.48       |      29.11      
   28402     |      85.67       |      40.05      
   28403     |      66.79       |      34.08      
   28404     |      66.92       |      13.49      
   28405     |      69.61       |      19.88      
   28406     |      70.95       |      19.48      
   28407     |      73.77       |      27.12      
   28408     |      68.52       |      32.15      
   28409     |      70.75       |      40.14      
   28410     |      76.97       |      33.49      
   28434     |      72.92       |      42.32      
   28435     |      70.08       |      40.58      
   28436     |      70.48       |      41.57      
   28437     |      78.36       |      39.49      
   28438     |      77.19       |      45.60      
   28439     |      84.16       |      43.25      
   28440     |      78.91       |      39.46      
   28441     |      80.62       |      36.73      
   28442     |      79.68       |      33.05      
   28443     |      83.35       |      33.03      
   28444     |      83.43       |      39.41      
   28445     |      89.30       |      37.98      
   28446     |      79.78       |      40.94      
   28447     |      84.61       |      37.33      
   28448     |      84.49       |      37.00      
   28449     |      88.51       |      33.71      
   28450     |      76.17       |      17.29      
   28451     |      77.59       |      19.54      
   28452     |      77.15       |      21.02      
   28453     |      74.65       |      16.61      
   28454     |      73.49       |      13.94      
   28455     |      81.32       |      33.00      
   28456     |      75.14       |      34.12      
   28457     |      71.65       |      23.93      
   28458     |      71.65       |      23.97      
   28459     |      62.60       |      15.52      
   28460     |      62.48       |      10.00      
   28461     |      77.43       |      26.38      
   28462     |      75.75       |      38.39      
   28463     |      69.15       |      27.73      
   28464     |      69.98       |      30.12      
   28465     |      62.84       |      20.93      
   28466     |      73.19       |      25.01      
   28467     |      75.30       |      30.68      
   28468     |      74.82       |      22.37      
   28469     |      71.18       |      16.62      
   28470     |      71.21       |      27.19      
   28471     |      76.27       |      34.57      
   28472     |      75.67       |      36.47      
   28473     |      74.92       |      34.91      
   28474     |      81.67       |      31.75      
   28475     |      82.58       |      37.57      
   28476     |      68.39       |      18.19      
   28477     |      68.27       |      17.67      
   28478     |      65.38       |      37.24      
   28479     |      82.74       |      53.98      
   28480     |      76.28       |      35.71      
   28506     |      75.54       |      35.88      
   28507     |      69.77       |      40.44      
   28508     |      70.98       |      29.79      
   28509     |      84.63       |      43.91      
   28510     |      82.74       |      53.17      
   28511     |      82.02       |      53.41      
   28512     |      85.55       |      44.82      
   28513     |      81.32       |      43.68      
   28514     |      81.34       |      43.54      
   28515     |      84.74       |      36.93      
   28516     |      83.87       |      38.37      
   28517     |      86.62       |      38.79      
   28518     |      86.24       |      35.47      
   28519     |      80.63       |      36.46      
   28520     |      76.27       |      38.75      
   28521     |      74.24       |      34.02      
   28522     |      83.21       |      36.61      
   28523     |      82.24       |      29.42      
   28524     |      83.00       |      29.43      
   28525     |      82.63       |      24.51      
   28526     |      75.85       |      20.69      
   28527     |      71.09       |      11.61      
   28528     |      67.46       |       9.01      
   28529     |      69.15       |      11.48      
   28530     |      69.39       |      15.82      
   28531     |      75.59       |      16.15      
   28532     |      71.02       |      17.03      
   28533     |      71.53       |      18.32      
   28534     |      71.79       |      29.67      
   28535     |      67.72       |      26.02      
   28536     |      66.20       |      21.98      
   28537     |      65.19       |      21.34      
   28538     |      64.08       |      19.66      
   28539     |      60.99       |      29.17      
   28540     |      59.10       |      25.35      
   28541     |      69.21       |      20.41      
   28542     |      63.30       |      21.23      
   28543     |      67.72       |      30.49      
   28544     |      74.70       |      30.09      
   28545     |      74.36       |      29.42      
   28546     |      83.98       |      29.84      
   28547     |      80.24       |      35.57      
   28548     |      88.05       |      38.45      
   28549     |      89.32       |      40.57      
   28573     |      72.76       |      48.56      
   28574     |      70.74       |      42.25      
   28575     |      84.48       |      43.86      
   28576     |      81.05       |      44.37      
   28577     |      77.28       |      50.46      
   28578     |      78.91       |      42.70      
   28579     |      80.04       |      41.99      
   28580     |      88.91       |      45.52      
   28581     |      89.34       |      41.97      
   28582     |      79.80       |      35.16      
   28583     |      80.04       |      32.21      
   28584     |      80.73       |      31.97      
   28585     |      78.77       |      38.21      
   28586     |      80.15       |      38.46      
   28587     |      81.29       |      43.70      
   28588     |      75.87       |      28.05      
   28589     |      79.28       |      20.09      
   28590     |      72.51       |      14.21      
   28591     |      71.73       |      13.25      
   28592     |      74.66       |      19.89      
   28593     |      73.14       |      16.50      
   28594     |      78.12       |      18.65      
   28595     |      65.88       |      20.55      
   28596     |      69.66       |      32.94      
   28597     |      73.46       |      26.82      
   28598     |      73.30       |      25.15      
   28599     |      69.15       |      15.28      
   28600     |      66.39       |      25.46      
   28601     |      69.82       |      21.21      
   28602     |      86.62       |      36.61      
   28603     |      88.98       |      43.33      
   28604     |      64.03       |      10.65      
   28605     |      64.95       |      31.26      
   28606     |      66.39       |      32.68      
   28607     |      76.28       |      48.21      
   28608     |      89.28       |      40.73      
   28609     |      83.56       |      26.01      
   28610     |      80.76       |      22.03      
   28611     |      77.92       |      21.53      
   28612     |      81.98       |      37.71      
   28613     |      77.94       |      40.83      
   28614     |      83.39       |      56.15      
   28615     |      85.06       |      55.40      
   28616     |      84.12       |      41.73      
   28637     |      74.46       |      29.61      
   28638     |      75.08       |      50.92      
   28639     |      78.95       |      42.78      
   28640     |      83.03       |      42.06      
   28641     |      83.18       |      41.67      
   28642     |      80.93       |      34.97      
   28643     |      80.04       |      35.26      
   28644     |      80.00       |      35.39      
   28645     |      85.59       |      35.59      
   28646     |      75.95       |      34.52      
   28647     |      80.21       |      43.38      
   28648     |      79.97       |      22.43      
   28649     |      77.63       |      23.07      
   28650     |      77.54       |      22.36      
   28651     |      80.61       |      22.23      
   28652     |      77.04       |      18.65      
   28653     |      81.08       |      23.59      
   28654     |      69.54       |      11.38      
   28655     |      70.25       |      11.51      
   28656     |      65.55       |      14.84      
   28657     |      69.52       |      31.51      
   28658     |      73.74       |      27.65      
   28659     |      72.91       |      20.58      
   28660     |      68.95       |      22.42      
   28661     |      59.34       |       7.68      
   28662     |      56.78       |      20.78      
   28663     |      75.29       |      33.29      
   28664     |      78.36       |      39.96      
   28665     |      67.14       |      22.79      
   28666     |      69.78       |      32.49      
   28667     |      71.68       |      25.46      
   28668     |      86.80       |      44.55      
   28670     |      86.93       |      28.81      
   28671     |      89.84       |      42.20      
   28672     |      80.88       |      31.04      
   28673     |      87.85       |      56.51      
   28674     |      86.81       |      56.81      
   28675     |      87.58       |      38.54      
   28676     |      86.29       |      36.16      
   28677     |      88.43       |      30.22      
   28712     |      79.23       |      52.73      
   28713     |      71.70       |      28.41      
   28714     |      69.06       |      34.72      
   28715     |      70.69       |      38.26      
   28716     |      71.14       |      45.99      
   28717     |      74.69       |      43.34      
   28718     |      78.92       |      37.76      
   28719     |      81.56       |      42.60      
   28720     |      84.07       |      38.48      
   28721     |      80.60       |      37.62      
   28722     |      80.96       |      39.97      
   28723     |      82.01       |      34.18      
   28724     |      76.07       |      37.75      
   28725     |      77.61       |      35.05      
   28726     |      81.18       |      39.00      
   28727     |      75.40       |      27.83      
   28728     |      75.06       |      22.85      
   28729     |      79.98       |      22.51      
   28730     |      78.28       |      20.31      
   28731     |      73.66       |      14.35      
   28732     |      75.74       |      18.43      
   28733     |      65.23       |       8.24      
   28734     |      64.43       |       6.47      
   28735     |      65.76       |       6.59      
   28736     |      82.38       |      26.80      
   28737     |      85.71       |      37.03      
   28738     |      88.86       |      36.68      
   28739     |      66.40       |      36.78      
   28740     |      66.43       |      37.32      
   28741     |      74.34       |      32.91      
   28742     |      73.74       |      26.91      
   28743     |      76.49       |      30.43      
   28744     |      75.50       |      20.98      
   28745     |      76.69       |      23.13      
   28746     |      70.21       |      33.22      
   28747     |      70.21       |      33.25      
   28751     |      88.62       |      40.58      
   28752     |      88.74       |      40.44      
   28753     |      87.70       |      36.13      
   28788     |      74.26       |      54.11      
   28789     |      73.59       |      44.14      
   28790     |      73.41       |      43.58      
   28791     |      74.33       |      31.96      
   28792     |      66.70       |      47.45      
   28793     |      65.04       |      31.12      
   28794     |      74.56       |      35.72      
   28795     |      75.89       |      34.81      
   28796     |      71.45       |      42.36      
   28797     |      71.78       |      36.51      
   28798     |      72.90       |      34.47      
   28799     |      71.95       |      29.07      
   28800     |      73.73       |      25.70      
   28801     |      76.90       |      37.98      
   28802     |      76.50       |      41.36      
   28803     |      71.77       |      29.99      
   28804     |      77.62       |      36.98      
   28805     |      79.56       |      42.53      
   28806     |      79.30       |      33.26      
   28807     |      73.93       |      17.12      
   28808     |      74.81       |      17.62      
   28809     |      74.65       |      21.64      
   28810     |      79.53       |      21.72      
   28811     |      74.51       |      15.36      
   28812     |      62.21       |       2.87      
   28813     |      61.30       |       9.00      
   28814     |      69.80       |      12.12      
   28815     |      72.72       |      21.29      
   28816     |      79.96       |      20.58      
   28817     |      82.36       |      26.81      
   28818     |      80.74       |      26.73      
   28819     |      78.73       |      19.80      
   28820     |      79.35       |      20.29      
   28821     |      87.89       |      40.93      
   28822     |      73.87       |      40.18      
   28823     |      74.13       |      30.50      
   28824     |      77.24       |      23.84      
   28825     |      74.42       |      18.05      
   28826     |      85.74       |      48.12      
   28827     |      86.47       |      44.42      
   28832     |      83.28       |      41.05      
   28833     |      83.53       |      30.37      
   28834     |      83.50       |      28.08      
   28862     |      72.95       |      52.50      
   28863     |      63.95       |      30.00      
   28864     |      65.78       |      34.82      
   28865     |      63.08       |      35.91      
   28866     |      62.79       |      24.54      
   28867     |      69.52       |      33.73      
   28868     |      71.77       |      25.56      
   28869     |      72.68       |      30.04      
   28870     |      80.07       |      38.69      
   28871     |      75.88       |      31.66      
   28872     |      75.03       |      33.07      
   28873     |      77.31       |      43.15      
   28874     |      73.21       |      32.90      
   28875     |      74.91       |      29.69      
   28876     |      75.78       |      31.86      
   28877     |      79.73       |      26.18      
   28878     |      77.88       |      21.22      
   28879     |      76.13       |      21.31      
   28880     |      76.63       |      17.58      
   28881     |      75.89       |      20.78      
   28882     |      59.67       |      18.56      
   28883     |      48.19       |      12.05      
   28884     |      50.69       |      11.29      
   28885     |      53.41       |      22.50      
   28886     |      58.53       |       7.33      
   28887     |      61.29       |      22.10      
   28888     |      89.84       |      38.31      
   28889     |      88.71       |      39.20      
   28890     |      87.70       |      35.58      
   28891     |      82.17       |      26.66      
   28892     |      84.83       |      26.48      
   28895     |      85.72       |      40.81      
   28896     |      71.37       |      25.98      
   28897     |      71.17       |      28.25      
   28898     |      70.26       |      26.83      
   28899     |      82.81       |      26.70      
   28900     |      89.71       |      43.62      
   28902     |      87.61       |      46.02      
   28903     |      88.53       |      44.43      
   28904     |      84.70       |      42.80      
   28905     |      89.59       |      37.29      
   28906     |      88.96       |      34.10      
   28909     |      85.12       |      41.75      
   28910     |      79.49       |      35.91      
   28911     |      80.26       |      30.22      
   28945     |      81.09       |      54.80      
   28946     |      78.59       |      58.63      
   28947     |      65.13       |      43.86      
   28948     |      57.88       |      25.07      
   28949     |      65.00       |      44.09      
   28950     |      62.43       |      24.71      
   28951     |      62.87       |      27.17      
   28952     |      69.52       |      33.77      
   28953     |      69.53       |      34.74      
   28954     |      60.89       |      16.43      
   28955     |      73.55       |      29.62      
   28956     |      77.19       |      36.69      
   28957     |      67.03       |      33.07      
   28958     |      76.66       |      21.91      
   28959     |      73.19       |      19.03      
   28960     |      73.16       |      19.11      
   28961     |      76.80       |      29.80      
   28962     |      76.45       |      30.10      
   28963     |      76.63       |      20.55      
   28964     |      73.62       |      36.32      
   28965     |      79.97       |      26.53      
   28966     |      82.55       |      32.06      
   28967     |      79.06       |      32.43      
   28968     |      72.74       |      24.77      
   28969     |      81.34       |      25.97      
   28970     |      81.23       |      25.81      
   28971     |      89.28       |      38.93      
   28972     |      79.09       |      34.51      
   28973     |      75.29       |      23.76      
   28978     |      88.90       |      34.35      
   28979     |      78.71       |      35.80      
   28980     |      86.08       |      41.99      
   28981     |      79.23       |      41.59      
   29005     |      69.98       |      32.89      
   29006     |      65.38       |      27.68      
   29007     |      71.73       |      27.83      
   29008     |      66.44       |      37.32      
   29009     |      66.89       |      27.19      
   29010     |      65.85       |      28.34      
   29011     |      60.76       |      34.55      
   29012     |      58.27       |      30.57      
   29013     |      62.16       |      29.34      
   29014     |      61.67       |      16.55      
   29015     |      61.63       |      19.42      
   29016     |      69.91       |      20.88      
   29017     |      71.11       |      39.47      
   29018     |      69.51       |      32.51      
   29019     |      71.14       |      35.04      
   29020     |      71.39       |      33.78      
   29021     |      71.69       |      27.19      
   29022     |      78.74       |      25.89      
   29023     |      79.78       |      25.04      
   29024     |      75.32       |      21.16      
   29025     |      77.02       |      20.92      
   29026     |      78.17       |      19.23      
   29027     |      77.99       |      19.09      
   29028     |      74.12       |      20.98      
   29029     |      76.51       |      20.54      
   29030     |      79.78       |      25.21      
   29031     |      78.47       |      25.92      
   29032     |      81.38       |      39.30      
   29033     |      84.81       |      43.04      
   29034     |      84.89       |      34.44      
   29035     |      85.38       |      34.41      
   29036     |      82.79       |      29.08      
   29037     |      81.48       |      28.69      
   29038     |      89.99       |      34.85      
   29039     |      89.62       |      34.06      
   29040     |      88.64       |      34.77      
   29041     |      84.37       |      34.57      
   29042     |      84.37       |      34.62      
   29043     |      88.12       |      33.44      
   29044     |      88.88       |      36.67      
   29045     |      76.88       |      27.48      
   29046     |      80.24       |      28.46      
   29047     |      84.83       |      41.29      
   29048     |      84.16       |      42.64      
   29049     |      86.00       |      49.89      
   29053     |      80.39       |      34.48      
   29054     |      80.20       |      25.26      
   29055     |      80.96       |      37.92      
   29056     |      81.98       |      40.72      
   29057     |      88.20       |      37.33      
   29058     |      89.10       |      41.86      
   29059     |      89.91       |      39.96      
   29060     |      88.31       |      36.37      
   29061     |      85.00       |      40.18      
   29062     |      85.49       |      38.88      
   29087     |      75.34       |      57.40      
   29088     |      78.38       |      56.13      
   29089     |      65.98       |      38.47      
   29090     |      68.11       |      43.23      
   29091     |      68.29       |      41.90      
   29092     |      72.50       |      26.40      
   29093     |      74.29       |      24.54      
   29094     |      73.42       |      38.56      
   29095     |      69.00       |      38.24      
   29096     |      58.65       |      34.00      
   29097     |      57.66       |      32.46      
   29098     |      63.97       |      22.17      
   29099     |      59.54       |      15.11      
   29100     |      60.38       |      12.33      
   29101     |      67.30       |      34.96      
   29102     |      74.73       |      24.55      
   29103     |      77.50       |      20.90      
   29104     |      76.46       |      23.31      
   29105     |      76.79       |      23.83      
   29106     |      70.11       |      18.17      
   29107     |      68.46       |      29.18      
   29108     |      65.53       |      24.60      
   29109     |      68.55       |      10.86      
   29112     |      88.22       |      37.45      
   29113     |      89.35       |      36.52      
   29115     |      81.50       |      29.14      
   29116     |      79.13       |      23.22      
   29117     |      82.85       |      36.56      
   29118     |      82.04       |      33.74      
   29119     |      87.47       |      44.42      
   29120     |      88.10       |      31.20      
   29151     |      80.92       |      56.50      
   29152     |      85.77       |      47.50      
   29153     |      75.26       |      35.34      
   29154     |      68.77       |      45.72      
   29155     |      62.46       |      36.62      
   29156     |      56.56       |      23.41      
   29157     |      62.44       |      32.17      
   29158     |      62.87       |      27.78      
   29159     |      69.73       |      15.86      
   29160     |      71.99       |      19.73      
   29161     |      70.47       |      19.36      
   29162     |      71.23       |      15.10      
   29163     |      74.19       |      16.57      
   29164     |      73.68       |      15.12      
   29165     |      77.43       |      18.29      
   29166     |      80.92       |      25.83      
   29167     |      80.47       |      33.29      
   29168     |      73.16       |      29.15      
   29169     |      76.10       |      18.17      
   29170     |      73.97       |      15.21      
   29171     |      81.65       |      31.57      
   29172     |      84.04       |      29.10      
   29175     |      85.00       |      33.81      
   29176     |      83.56       |      39.93      
   29177     |      89.22       |      39.22      
   29178     |      88.92       |      40.51      
   29180     |      86.29       |      30.12      
   29185     |      84.48       |      28.55      
   29186     |      84.03       |      39.00      
   29187     |      84.13       |      41.14      
   29188     |      88.40       |      49.64      
   29189     |      87.53       |      50.64      
   29190     |      82.44       |      43.99      
   29191     |      81.78       |      46.13      
   29192     |      78.39       |      39.20      
   29193     |      88.52       |      42.18      
   29194     |      84.25       |      32.50      
   29197     |      86.78       |      39.96      
   29198     |      86.14       |      41.66      
   29199     |      81.69       |      29.95      
   29201     |      86.23       |      34.25      
   29221     |      72.39       |      44.51      
   29222     |      73.60       |      49.22      
   29223     |      78.02       |      45.49      
   29224     |      78.06       |      45.29      
   29225     |      78.40       |      45.23      
   29226     |      75.36       |      40.13      
   29227     |      76.45       |      32.79      
   29228     |      71.32       |      35.02      
   29229     |      63.86       |      25.59      
   29230     |      65.40       |      35.32      
   29231     |      58.23       |      39.93      
   29232     |      54.59       |      25.98      
   29233     |      53.79       |      24.97      
   29234     |      53.43       |      20.23      
   29235     |      68.42       |      27.66      
   29236     |      67.96       |      30.65      
   29237     |      71.27       |      27.30      
   29238     |      68.63       |      22.76      
   29239     |      67.32       |      13.25      
   29240     |      65.39       |      16.64      
   29241     |      67.52       |      14.82      
   29242     |      67.18       |       9.85      
   29243     |      72.13       |      12.94      
   29245     |      84.79       |      30.66      
   29246     |      83.10       |      32.77      
   29247     |      87.31       |      43.80      
   29249     |      89.51       |      31.46      
   29257     |      85.17       |      34.95      
   29258     |      87.90       |      42.33      
   29259     |      85.02       |      29.38      
   29260     |      81.11       |      23.74      
   29261     |      80.09       |      24.62      
   29262     |      86.47       |      33.59      
   29263     |      89.82       |      32.65      
   29264     |      78.21       |      41.83      
   29265     |      75.71       |      36.98      
   29266     |      79.62       |      29.30      
   29267     |      79.45       |      29.88      
   29268     |      79.32       |      29.86      
   29269     |      77.21       |      34.06      
   29270     |      80.87       |      38.74      
   29271     |      84.46       |      33.61      
   29273     |      81.68       |      30.05      
   29308     |      69.22       |      38.04      
   29309     |      82.03       |      47.16      
   29310     |      59.57       |      43.17      
   29311     |      56.89       |      34.89      
   29312     |      57.81       |      36.26      
   29313     |      57.56       |      39.35      
   29314     |      54.99       |      18.40      
   29315     |      54.87       |      14.95      
   29316     |      53.95       |      17.75      
   29317     |      60.49       |      23.54      
   29318     |      60.63       |      19.63      
   29319     |      60.53       |      19.41      
   29320     |      70.33       |      14.55      
   29321     |      67.42       |      21.96      
   29322     |      77.47       |      18.28      
   29329     |      89.67       |      33.56      
   29331     |      86.08       |      28.58      
   29332     |      86.91       |      32.31      
   29333     |      84.31       |      37.43      
   29335     |      84.20       |      46.49      
   29336     |      71.13       |      28.80      
   29337     |      70.07       |      32.97      
   29338     |      68.55       |      34.60      
   29339     |      74.20       |      48.73      
   29340     |      74.17       |      34.64      
   29341     |      73.22       |      28.18      
   29342     |      71.53       |      26.29      
   29343     |      87.09       |      43.87      
   29344     |      80.34       |      29.67      
   29365     |      75.98       |      37.42      
   29366     |      81.35       |      46.45      
   29367     |      78.65       |      50.83      
   29368     |      72.03       |      35.32      
   29369     |      69.09       |      39.11      
   29370     |      68.43       |      47.98      
   29371     |      71.15       |      51.90      
   29372     |      70.16       |      42.96      
   29373     |      50.18       |      28.91      
   29374     |      47.67       |      17.31      
   29375     |      58.33       |      14.39      
   29376     |      56.64       |      18.08      
   29391     |      83.14       |      27.88      
   29392     |      70.97       |      20.48      
   29393     |      76.85       |      28.30      
   29394     |      86.35       |      31.87      
   29395     |      88.92       |      41.24      
   29396     |      81.17       |      38.00      
   29397     |      85.25       |      41.91      
   29398     |      83.40       |      50.17      
   29399     |      71.28       |      32.51      
   29400     |      78.65       |      42.90      
   29401     |      79.03       |      28.95      
   29402     |      79.46       |      28.94      
   29424     |      69.54       |      39.15      
   29425     |      71.36       |      49.51      
   29426     |      72.59       |      45.50      
   29427     |      74.02       |      35.72      
   29428     |      74.16       |      45.32      
   29429     |      67.70       |      43.83      
   29430     |      67.87       |      45.82      
   29431     |      63.31       |      40.60      
   29432     |      62.46       |      46.54      
   29433     |      57.15       |      34.90      
   29434     |      60.97       |       9.62      
   29435     |      60.79       |      15.76      
   29454     |      79.25       |      21.64      
   29456     |      86.34       |      29.29      
   29458     |      78.86       |      35.05      
   29459     |      80.84       |      34.45      
   29460     |      77.94       |      26.56      
   29461     |      81.30       |      23.97      
   29462     |      81.62       |      24.52      
   29463     |      85.71       |      29.23      
   29464     |      84.40       |      35.27      
   29465     |      74.79       |      30.56      
   29466     |      82.44       |      40.90      
   29467     |      83.36       |      43.37      
   29468     |      77.69       |      34.16      
   29469     |      65.36       |      19.81      
   29470     |      81.65       |      38.17      
   29471     |      81.35       |      37.48      
   29472     |      80.87       |      38.77      
   29473     |      81.12       |      39.60      
   29496     |      75.32       |      44.61      
   29497     |      66.47       |      35.26      
   29498     |      74.57       |      47.11      
   29499     |      70.30       |      46.73      
   29500     |      65.88       |      39.23      
   29501     |      66.37       |      50.47      
   29502     |      62.93       |      46.61      
   29503     |      64.22       |      40.09      
   29504     |      76.26       |      46.97      
   29505     |      72.02       |      53.37      
   29523     |      86.80       |      34.46      
   29524     |      85.69       |      35.74      
   29525     |      75.46       |      32.02      
   29526     |      69.83       |      25.92      
   29527     |      66.50       |      18.32      
   29528     |      68.35       |      30.11      
   29529     |      77.26       |      47.18      
   29530     |      75.77       |      42.58      
   29531     |      75.80       |      25.66      
   29553     |      73.35       |      43.36      
   29554     |      74.95       |      43.53      
   29555     |      74.82       |      47.46      
   29556     |      68.60       |      33.49      
   29557     |      69.32       |      39.07      
   29558     |      65.23       |      43.27      
   29559     |      65.11       |      43.05      
   29560     |      73.28       |      49.73      
   29561     |      72.61       |      40.93      
   29562     |      71.00       |      41.66      
   29587     |      76.17       |      28.80      
   29588     |      70.93       |      36.38      
   29589     |      66.73       |      30.77      
   29590     |      82.61       |      38.14      
   29591     |      84.63       |      42.90      
   29592     |      85.42       |      42.91      
   29593     |      77.69       |      30.48      
   29594     |      77.05       |      25.71      
   29618     |      68.08       |      39.27      
   29619     |      74.98       |      47.40      
   29620     |      67.93       |      33.04      
   29621     |      60.32       |      43.62      
   29622     |      59.56       |      39.90      
   29660     |      73.96       |      34.40      
   29662     |      59.93       |      26.66      
   29663     |      65.56       |      17.55      
   29664     |      68.53       |      28.16      
   29665     |      73.61       |      36.67      
   29666     |      72.49       |      30.23      
   29695     |      62.89       |      40.25      
   29696     |      62.76       |      36.77      
   29729     |      83.20       |      43.58      
   29730     |      78.12       |      45.85      
   29785     |      76.07       |      38.56      
   29786     |      75.95       |      38.44      
   29787     |      77.14       |      42.85      
   29788     |      78.11       |      36.58      
   29789     |      79.69       |      39.98      
   29790     |      78.57       |      32.90      
   29791     |      77.45       |      34.65      
   29792     |      77.73       |      25.56      
   41414     |      46.10       |      34.92      
   41518     |      56.60       |      22.13      
   41519     |      64.76       |      18.19      
   41564     |      56.40       |      41.83      
   41565     |      51.86       |      37.56      
   41567     |      39.79       |      31.52      
   41569     |      51.08       |      45.08      
   41570     |      57.14       |      22.08      
   41571     |      62.95       |      26.95      
   41572     |      61.93       |      20.34      
   41587     |      55.30       |      48.32      
   41588     |      54.52       |      47.41      
   41589     |      45.64       |      45.06      
   41590     |      46.92       |      47.94      
   41631     |      58.47       |      24.20      
   41632     |      61.57       |      31.94      
   41633     |      43.48       |      29.09      
   41634     |      57.80       |      43.32      
   41635     |      61.78       |      46.95      
   41636     |      60.26       |      44.59      
   41637     |      54.37       |      43.67      
   41647     |      44.33       |      41.03      
   41648     |      39.98       |      36.71      
   41649     |      50.36       |      46.36      
   41650     |      50.18       |      45.50      
   41681     |      61.98       |      45.91      
   41682     |      52.47       |      44.79      
   41683     |      60.00       |      47.11      
   41684     |      57.66       |      42.35      
