=== Visibility Analysis Summary ===
Total patches: 49152
Geometric visible: 2789 (5.7%)
Light illuminated: 2789 (100.0% of geometric)
Reflection conditions met: 2789 (100.0% of geometric)
Light unoccluded: 2789 (100.0% of geometric)
Final visible: 2789 (5.7% of total)
Visible area: 478.57 (6.0% of total area)

=== Detailed Visibility Information ===
Patch Index  | Incidence Angle  |  Viewing Angle  
-------------+------------------+-----------------
   34872     |      32.31       |      30.92      
   34873     |      32.60       |      30.27      
   34934     |      29.35       |      30.68      
   34935     |      37.86       |      37.66      
   34936     |      44.62       |      42.21      
   34940     |      31.13       |      28.47      
   34987     |      48.34       |      38.41      
   34988     |      49.98       |      40.80      
   35005     |      44.09       |      43.80      
   35006     |      45.66       |      45.63      
   35007     |      35.39       |      33.34      
   35008     |      32.59       |      34.42      
   35009     |      27.63       |      25.52      
   35010     |      27.45       |      31.24      
   35034     |      30.87       |      20.51      
   35035     |      41.41       |      31.67      
   35037     |      36.38       |      26.91      
   35038     |      43.21       |      33.47      
   35039     |      47.43       |      38.59      
   35040     |      45.50       |      36.56      
   35041     |      47.26       |      38.26      
   35042     |      49.57       |      40.84      
   35066     |      37.56       |      35.75      
   35067     |      43.45       |      43.67      
   35068     |      36.39       |      37.63      
   35069     |      32.62       |      31.49      
   35070     |      39.66       |      37.77      
   35071     |      35.17       |      32.88      
   35072     |      33.95       |      29.25      
   35073     |      27.47       |      25.23      
   35074     |      31.84       |      30.97      
   35076     |      32.59       |      30.75      
   35077     |      35.07       |      35.64      
   35078     |      35.06       |      36.46      
   35084     |      36.10       |      33.78      
   35102     |      37.63       |      27.28      
   35103     |      31.08       |      20.95      
   35104     |      37.11       |      26.80      
   35105     |      40.33       |      30.24      
   35106     |      39.63       |      29.57      
   35107     |      42.39       |      32.42      
   35108     |      41.33       |      31.22      
   35109     |      41.23       |      31.32      
   35110     |      44.21       |      35.42      
   35127     |      38.64       |      35.68      
   35128     |      42.79       |      42.99      
   35129     |      40.93       |      39.31      
   35130     |      39.10       |      37.45      
   35131     |      30.02       |      24.98      
   35132     |      35.62       |      32.98      
   35133     |      36.92       |      37.81      
   35134     |      31.19       |      31.40      
   35135     |      30.07       |      29.60      
   35136     |      34.50       |      33.78      
   35137     |      28.62       |      26.46      
   35138     |      31.88       |      26.20      
   35139     |      28.82       |      24.32      
   35140     |      27.92       |      25.57      
   35141     |      28.41       |      26.03      
   35142     |      27.35       |      24.39      
   35144     |      44.29       |      33.63      
   35145     |      45.76       |      35.27      
   35146     |      31.68       |      21.85      
   35147     |      30.19       |      19.67      
   35148     |      33.82       |      23.28      
   35149     |      44.42       |      33.94      
   35150     |      52.54       |      42.36      
   35151     |      52.22       |      42.05      
   35152     |      30.55       |      20.31      
   35153     |      33.22       |      22.89      
   35154     |      38.56       |      29.14      
   35155     |      46.35       |      36.39      
   35156     |      40.67       |      30.83      
   35169     |      44.39       |      43.93      
   35170     |      45.48       |      42.94      
   35171     |      38.45       |      35.36      
   35172     |      38.55       |      34.86      
   35173     |      43.47       |      40.46      
   35174     |      42.54       |      40.60      
   35175     |      38.56       |      34.33      
   35176     |      40.10       |      38.94      
   35177     |      44.75       |      43.36      
   35178     |      44.57       |      40.92      
   35179     |      32.59       |      29.90      
   35180     |      33.67       |      31.89      
   35181     |      30.94       |      28.79      
   35182     |      39.54       |      34.83      
   35183     |      42.16       |      39.13      
   35184     |      42.02       |      39.11      
   35185     |      36.96       |      29.10      
   35186     |      34.16       |      24.68      
   35187     |      35.93       |      25.42      
   35188     |      35.73       |      26.13      
   35189     |      36.83       |      26.31      
   35190     |      41.83       |      31.18      
   35191     |      42.28       |      32.34      
   35192     |      48.05       |      37.44      
   35193     |      36.37       |      26.49      
   35194     |      33.76       |      24.90      
   35195     |      35.21       |      24.80      
   35196     |      35.57       |      25.15      
   35197     |      54.27       |      44.07      
   35198     |      52.31       |      42.09      
   35199     |      47.19       |      36.82      
   35200     |      44.37       |      33.90      
   35201     |      33.35       |      23.18      
   35202     |      32.67       |      22.45      
   35203     |      38.24       |      27.90      
   35204     |      40.70       |      32.35      
   35205     |      39.12       |      30.45      
   35206     |      41.55       |      33.11      
   35207     |      46.71       |      38.53      
   35208     |      45.91       |      37.67      
   35226     |      42.30       |      39.50      
   35227     |      47.06       |      46.59      
   35228     |      38.92       |      35.22      
   35229     |      38.24       |      33.70      
   35230     |      40.09       |      35.12      
   35231     |      40.13       |      36.09      
   35232     |      36.77       |      32.09      
   35233     |      46.26       |      44.59      
   35234     |      42.62       |      38.51      
   35235     |      42.54       |      35.55      
   35236     |      33.82       |      31.32      
   35237     |      39.29       |      33.19      
   35238     |      40.07       |      34.72      
   35239     |      39.62       |      35.85      
   35240     |      39.51       |      35.64      
   35241     |      39.53       |      34.81      
   35242     |      36.75       |      26.59      
   35243     |      36.77       |      26.89      
   35244     |      38.63       |      28.61      
   35245     |      41.27       |      30.59      
   35246     |      42.17       |      31.58      
   35247     |      38.68       |      29.15      
   35248     |      50.61       |      40.10      
   35249     |      51.59       |      41.54      
   35250     |      47.49       |      37.48      
   35251     |      43.33       |      32.83      
   35252     |      44.68       |      34.25      
   35253     |      42.62       |      32.36      
   35254     |      39.17       |      29.11      
   35255     |      33.82       |      23.52      
   35256     |      35.70       |      25.32      
   35257     |      43.78       |      33.64      
   35258     |      39.35       |      28.98      
   35259     |      35.75       |      26.99      
   35260     |      34.36       |      24.49      
   35261     |      41.58       |      33.25      
   35279     |      50.59       |      48.36      
   35280     |      38.77       |      34.29      
   35281     |      41.55       |      37.83      
   35282     |      41.58       |      39.14      
   35283     |      37.83       |      29.86      
   35284     |      37.82       |      31.20      
   35285     |      39.62       |      37.98      
   35286     |      37.38       |      34.53      
   35287     |      34.30       |      28.37      
   35288     |      34.99       |      32.36      
   35289     |      27.62       |      21.45      
   35290     |      49.50       |      40.14      
   35291     |      49.43       |      39.09      
   35292     |      42.79       |      32.16      
   35293     |      38.95       |      29.26      
   35294     |      37.84       |      28.19      
   35295     |      46.46       |      35.80      
   35296     |      39.57       |      28.98      
   35297     |      40.58       |      30.62      
   35298     |      42.99       |      33.23      
   35299     |      44.87       |      34.75      
   35300     |      40.81       |      30.25      
   35301     |      32.93       |      22.66      
   35302     |      36.27       |      25.84      
   35303     |      34.24       |      23.82      
   35304     |      41.39       |      33.23      
   35305     |      31.67       |      23.65      
   35306     |      33.63       |      26.56      
   35307     |      34.26       |      27.33      
   35308     |      46.29       |      36.99      
   35309     |      43.50       |      35.72      
   35336     |      42.18       |      39.39      
   35337     |      51.77       |      50.33      
   35338     |      37.47       |      32.81      
   35339     |      34.91       |      30.88      
   35340     |      37.27       |      34.83      
   35341     |      33.29       |      29.42      
   35342     |      45.85       |      45.32      
   35343     |      39.52       |      36.90      
   35344     |      40.94       |      39.03      
   35345     |      30.60       |      27.59      
   35346     |      29.85       |      23.47      
   35347     |      42.00       |      36.13      
   35348     |      37.15       |      33.67      
   35349     |      38.97       |      34.58      
   35350     |      45.79       |      35.91      
   35351     |      46.13       |      36.98      
   35352     |      58.73       |      50.55      
   35353     |      57.00       |      47.12      
   35354     |      49.96       |      39.20      
   35355     |      45.18       |      34.57      
   35356     |      44.14       |      33.45      
   35357     |      44.50       |      34.20      
   35358     |      34.46       |      23.84      
   35359     |      32.33       |      21.65      
   35360     |      30.13       |      19.53      
   35361     |      36.06       |      26.28      
   35362     |      46.26       |      36.03      
   35363     |      42.64       |      32.17      
   35364     |      41.78       |      31.34      
   35365     |      38.41       |      27.98      
   35366     |      36.26       |      25.95      
   35367     |      37.26       |      27.04      
   35368     |      38.12       |      29.09      
   35369     |      42.41       |      33.92      
   35370     |      33.81       |      25.77      
   35371     |      33.03       |      24.33      
   35372     |      32.28       |      24.46      
   35394     |      37.13       |      38.70      
   35395     |      39.62       |      37.00      
   35396     |      38.42       |      34.88      
   35397     |      36.51       |      32.77      
   35398     |      44.01       |      40.59      
   35399     |      42.93       |      38.75      
   35400     |      39.89       |      36.48      
   35401     |      37.80       |      33.17      
   35402     |      37.44       |      34.56      
   35403     |      32.88       |      28.14      
   35404     |      32.83       |      28.18      
   35405     |      37.14       |      34.96      
   35406     |      34.74       |      29.98      
   35407     |      34.55       |      28.47      
   35408     |      29.67       |      26.64      
   35409     |      31.94       |      29.37      
   35410     |      40.06       |      32.81      
   35411     |      33.17       |      22.52      
   35412     |      42.58       |      31.81      
   35413     |      46.70       |      35.98      
   35414     |      32.21       |      21.60      
   35415     |      35.57       |      24.99      
   35416     |      35.80       |      25.41      
   35417     |      37.02       |      26.79      
   35418     |      47.21       |      36.76      
   35419     |      42.66       |      32.08      
   35420     |      37.44       |      27.20      
   35421     |      43.06       |      32.55      
   35422     |      40.19       |      29.92      
   35423     |      32.38       |      23.94      
   35424     |      30.70       |      23.75      
   35425     |      44.01       |      36.53      
   35426     |      34.65       |      25.95      
   35427     |      34.90       |      25.48      
   35448     |      36.08       |      36.25      
   35449     |      43.64       |      45.25      
   35450     |      37.72       |      36.51      
   35451     |      44.90       |      40.13      
   35452     |      41.26       |      36.76      
   35453     |      40.60       |      35.63      
   35454     |      48.57       |      44.75      
   35455     |      47.84       |      42.42      
   35456     |      41.86       |      36.52      
   35457     |      55.24       |      54.03      
   35458     |      56.24       |      54.00      
   35459     |      48.23       |      43.31      
   35460     |      44.81       |      39.70      
   35461     |      44.45       |      38.36      
   35462     |      29.12       |      24.48      
   35463     |      32.86       |      30.01      
   35464     |      35.73       |      34.90      
   35465     |      35.43       |      33.63      
   35466     |      31.93       |      27.98      
   35467     |      29.30       |      22.24      
   35468     |      31.92       |      27.86      
   35469     |      31.92       |      27.74      
   35470     |      25.63       |      18.39      
   35471     |      27.65       |      26.22      
   35472     |      23.78       |      22.50      
   35473     |      25.14       |      14.33      
   35474     |      37.46       |      26.71      
   35475     |      38.36       |      27.87      
   35476     |      40.57       |      30.04      
   35477     |      46.52       |      35.89      
   35478     |      38.02       |      27.31      
   35479     |      37.36       |      26.95      
   35480     |      35.74       |      25.27      
   35481     |      42.88       |      32.28      
   35482     |      37.47       |      27.23      
   35483     |      40.73       |      30.38      
   35484     |      45.94       |      36.46      
   35485     |      51.06       |      41.86      
   35486     |      34.38       |      26.91      
   35487     |      29.74       |      21.67      
   35488     |      42.95       |      34.32      
   35489     |      31.14       |      22.83      
   35490     |      43.96       |      36.47      
   35510     |      40.98       |      39.31      
   35511     |      37.90       |      36.66      
   35512     |      35.71       |      32.99      
   35513     |      36.11       |      32.40      
   35514     |      42.16       |      39.23      
   35515     |      40.71       |      36.89      
   35516     |      40.81       |      37.22      
   35517     |      58.31       |      53.73      
   35518     |      53.50       |      46.45      
   35519     |      51.91       |      45.25      
   35520     |      59.67       |      56.95      
   35521     |      48.57       |      42.63      
   35522     |      43.09       |      34.95      
   35523     |      42.18       |      37.19      
   35524     |      38.13       |      32.54      
   35525     |      42.55       |      36.89      
   35526     |      34.21       |      26.54      
   35527     |      30.39       |      25.91      
   35528     |      29.14       |      22.51      
   35529     |      29.79       |      26.65      
   35530     |      25.59       |      17.50      
   35531     |      29.31       |      19.96      
   35532     |      34.54       |      23.72      
   35533     |      46.52       |      35.88      
   35534     |      41.08       |      30.35      
   35535     |      45.15       |      34.41      
   35536     |      37.99       |      27.32      
   35537     |      42.83       |      32.21      
   35538     |      34.49       |      23.85      
   35539     |      42.29       |      31.79      
   35540     |      39.77       |      29.37      
   35541     |      37.52       |      27.14      
   35542     |      37.33       |      26.94      
   35543     |      49.60       |      42.82      
   35544     |      28.54       |      19.65      
   35545     |      38.36       |      28.00      
   35546     |      50.43       |      40.17      
   35547     |      47.18       |      37.87      
   35548     |      44.33       |      34.73      
   35573     |      47.24       |      45.84      
   35574     |      37.54       |      33.55      
   35575     |      37.50       |      34.13      
   35576     |      52.37       |      51.41      
   35577     |      51.58       |      49.67      
   35578     |      52.56       |      49.59      
   35579     |      45.77       |      39.46      
   35580     |      51.62       |      45.35      
   35581     |      57.55       |      55.04      
   35582     |      57.36       |      54.95      
   35583     |      46.22       |      40.00      
   35584     |      45.34       |      40.16      
   35585     |      35.85       |      31.29      
   35586     |      41.72       |      38.22      
   35587     |      38.67       |      30.70      
   35588     |      24.74       |      18.94      
   35589     |      28.88       |      26.32      
   35590     |      30.95       |      24.37      
   35591     |      24.09       |      14.97      
   35592     |      31.68       |      20.91      
   35593     |      36.09       |      25.65      
   35594     |      38.89       |      28.39      
   35595     |      39.03       |      28.55      
   35596     |      50.40       |      39.67      
   35597     |      47.85       |      37.07      
   35598     |      42.35       |      31.60      
   35599     |      41.24       |      30.61      
   35600     |      53.54       |      42.85      
   35601     |      46.43       |      35.94      
   35602     |      41.21       |      30.62      
   35603     |      36.67       |      26.09      
   35604     |      33.23       |      23.03      
   35605     |      36.17       |      25.89      
   35606     |      42.49       |      34.10      
   35607     |      53.10       |      45.96      
   35608     |      46.95       |      40.26      
   35609     |      46.25       |      39.58      
   35610     |      49.19       |      42.15      
   35611     |      37.51       |      29.96      
   35612     |      36.96       |      28.82      
   35613     |      26.14       |      18.12      
   35614     |      33.22       |      24.21      
   35615     |      40.28       |      29.85      
   35616     |      50.76       |      42.31      
   35617     |      44.35       |      35.00      
   35631     |      49.29       |      52.30      
   35632     |      44.67       |      43.87      
   35633     |      39.84       |      36.52      
   35634     |      53.22       |      52.01      
   35635     |      46.23       |      43.87      
   35636     |      45.62       |      45.18      
   35637     |      37.28       |      33.53      
   35638     |      50.91       |      49.70      
   35639     |      41.49       |      37.05      
   35640     |      48.01       |      43.57      
   35641     |      32.57       |      23.99      
   35642     |      36.95       |      28.75      
   35643     |      39.37       |      34.62      
   35644     |      41.67       |      37.46      
   35645     |      43.25       |      41.09      
   35646     |      35.76       |      28.54      
   35647     |      35.76       |      30.41      
   35648     |      33.42       |      24.28      
   35649     |      29.17       |      23.66      
   35650     |      38.36       |      27.98      
   35651     |      42.85       |      32.05      
   35652     |      52.49       |      41.78      
   35653     |      55.45       |      44.80      
   35654     |      49.40       |      38.75      
   35655     |      46.82       |      36.13      
   35656     |      37.52       |      27.07      
   35657     |      25.89       |      15.43      
   35658     |      24.46       |      14.08      
   35659     |      34.14       |      23.88      
   35660     |      36.83       |      26.60      
   35661     |      42.20       |      32.21      
   35662     |      34.68       |      24.62      
   35663     |      49.75       |      41.48      
   35664     |      53.14       |      45.86      
   35665     |      48.08       |      40.48      
   35666     |      47.94       |      39.34      
   35667     |      38.62       |      30.26      
   35668     |      41.12       |      32.39      
   35669     |      41.08       |      31.24      
   35695     |      57.31       |      58.08      
   35696     |      48.65       |      46.82      
   35697     |      48.79       |      47.88      
   35698     |      43.62       |      40.25      
   35699     |      43.97       |      41.47      
   35700     |      40.97       |      38.50      
   35701     |      40.09       |      36.43      
   35702     |      47.20       |      42.37      
   35703     |      48.64       |      44.10      
   35704     |      47.15       |      44.73      
   35705     |      46.93       |      44.24      
   35706     |      47.81       |      43.41      
   35707     |      34.64       |      29.87      
   35708     |      31.61       |      25.74      
   35709     |      35.36       |      28.36      
   35710     |      29.07       |      21.86      
   35711     |      29.21       |      21.86      
   35712     |      38.82       |      34.06      
   35713     |      33.71       |      24.70      
   35714     |      33.58       |      25.11      
   35715     |      39.63       |      30.87      
   35716     |      31.82       |      25.82      
   35717     |      35.91       |      26.69      
   35718     |      29.28       |      20.51      
   35719     |      46.08       |      36.19      
   35720     |      45.33       |      35.22      
   35721     |      49.20       |      38.61      
   35722     |      39.02       |      28.29      
   35723     |      39.34       |      28.66      
   35724     |      47.24       |      36.90      
   35725     |      44.20       |      34.16      
   35726     |      40.17       |      31.72      
   35727     |      56.23       |      45.83      
   35728     |      62.89       |      52.15      
   35729     |      63.49       |      53.49      
   35731     |      64.99       |      54.26      
   35732     |      27.85       |      17.79      
   35733     |      36.30       |      25.97      
   35734     |      49.83       |      41.39      
   35735     |      56.74       |      48.64      
   35736     |      53.46       |      44.06      
   35737     |      40.64       |      30.53      
   35738     |      35.58       |      26.46      
   35739     |      32.50       |      23.68      
   35740     |      45.77       |      38.63      
   35741     |      42.98       |      34.47      
   35763     |      42.09       |      38.51      
   35764     |      41.86       |      37.91      
   35765     |      45.51       |      43.49      
   35766     |      39.92       |      35.85      
   35767     |      50.64       |      46.91      
   35768     |      41.92       |      37.47      
   35769     |      33.95       |      27.96      
   35770     |      44.28       |      38.83      
   35771     |      39.79       |      32.20      
   35772     |      40.86       |      37.34      
   35773     |      29.80       |      24.33      
   35774     |      37.55       |      32.70      
   35775     |      40.69       |      37.02      
   35776     |      38.90       |      32.44      
   35777     |      39.65       |      34.84      
   35778     |      38.36       |      33.10      
   35779     |      38.19       |      29.74      
   35780     |      46.93       |      36.09      
   35781     |      47.79       |      37.00      
   35782     |      46.54       |      36.17      
   35783     |      63.01       |      54.53      
   35784     |      55.55       |      46.38      
   35785     |      46.61       |      37.63      
   35786     |      27.73       |      17.93      
   35787     |      26.83       |      16.11      
   35788     |      28.36       |      17.77      
   35789     |      28.44       |      18.22      
   35790     |      25.91       |      15.25      
   35791     |      33.43       |      23.28      
   35792     |      50.04       |      40.67      
   35793     |      52.96       |      43.69      
   35794     |      47.96       |      37.45      
   35795     |      39.45       |      29.37      
   35796     |      29.21       |      18.73      
   35797     |      37.47       |      28.86      
   35798     |      38.89       |      29.27      
   35799     |      40.78       |      30.49      
   35818     |      40.57       |      39.33      
   35819     |      40.65       |      38.41      
   35820     |      49.28       |      46.39      
   35821     |      41.72       |      37.25      
   35822     |      44.36       |      39.73      
   35823     |      46.26       |      44.22      
   35824     |      43.39       |      42.06      
   35825     |      44.47       |      43.86      
   35826     |      46.84       |      44.12      
   35827     |      47.00       |      43.85      
   35828     |      42.09       |      38.31      
   35829     |      35.45       |      27.10      
   35830     |      28.69       |      23.48      
   35831     |      45.56       |      43.94      
   35832     |      43.72       |      39.57      
   35833     |      43.93       |      39.57      
   35834     |      41.44       |      33.53      
   35835     |      38.61       |      29.22      
   35836     |      39.52       |      30.26      
   35837     |      41.08       |      34.68      
   35838     |      41.37       |      34.34      
   35839     |      46.93       |      42.25      
   35840     |      48.88       |      41.32      
   35841     |      39.03       |      30.16      
   35842     |      40.69       |      33.18      
   35843     |      45.65       |      37.05      
   35844     |      41.34       |      30.40      
   35845     |      31.50       |      20.75      
   35846     |      31.62       |      20.94      
   35847     |      35.73       |      24.83      
   35848     |      35.44       |      24.62      
   35849     |      40.96       |      30.07      
   35850     |      50.95       |      40.10      
   35851     |      44.17       |      33.88      
   35852     |      43.19       |      32.48      
   35853     |      32.63       |      23.96      
   35854     |      31.04       |      20.66      
   35855     |      32.05       |      21.57      
   35856     |      50.50       |      41.22      
   35857     |      52.09       |      42.83      
   35858     |      60.40       |      52.07      
   35859     |      50.04       |      40.68      
   35860     |      35.90       |      25.72      
   35861     |      37.84       |      28.36      
   35862     |      43.42       |      34.59      
   35863     |      42.77       |      33.49      
   35864     |      40.82       |      30.29      
   35889     |      38.85       |      38.75      
   35890     |      37.56       |      34.68      
   35891     |      36.55       |      35.08      
   35892     |      53.26       |      50.49      
   35893     |      52.33       |      47.99      
   35894     |      45.94       |      42.76      
   35895     |      40.19       |      39.95      
   35896     |      38.13       |      34.58      
   35897     |      36.30       |      31.76      
   35898     |      36.92       |      30.59      
   35899     |      42.29       |      38.03      
   35900     |      29.50       |      20.90      
   35901     |      28.20       |      19.12      
   35902     |      28.87       |      20.73      
   35903     |      32.06       |      27.82      
   35904     |      31.21       |      24.19      
   35905     |      37.13       |      33.85      
   35906     |      37.05       |      32.64      
   35907     |      42.41       |      42.03      
   35908     |      36.36       |      35.07      
   35909     |      35.84       |      33.07      
   35910     |      42.96       |      33.40      
   35911     |      34.52       |      26.91      
   35912     |      27.98       |      17.73      
   35913     |      35.21       |      24.29      
   35914     |      33.38       |      22.60      
   35915     |      44.80       |      34.28      
   35916     |      24.10       |      13.28      
   35917     |      49.04       |      41.78      
   35918     |      42.74       |      35.75      
   35919     |      54.98       |      48.21      
   35920     |      56.50       |      49.49      
   35921     |      42.53       |      33.19      
   35922     |      55.57       |      46.38      
   35923     |      42.86       |      32.11      
   35924     |      29.85       |      19.15      
   35925     |      35.94       |      25.75      
   35926     |      33.28       |      23.06      
   35927     |      40.21       |      30.89      
   35928     |      45.22       |      36.79      
   35929     |      52.96       |      43.11      
   35930     |      52.96       |      42.44      
   35931     |      48.76       |      38.21      
   35932     |      47.47       |      36.86      
   35933     |      43.39       |      33.10      
   35934     |      44.29       |      34.30      
   35935     |      44.19       |      34.22      
   35936     |      44.79       |      34.88      
   35937     |      44.18       |      34.08      
   35954     |      43.00       |      42.05      
   35955     |      43.34       |      42.19      
   35956     |      40.46       |      38.38      
   35957     |      45.92       |      46.07      
   35958     |      42.47       |      36.52      
   35959     |      42.71       |      39.03      
   35960     |      37.01       |      35.23      
   35961     |      39.75       |      40.77      
   35962     |      32.06       |      27.53      
   35963     |      31.35       |      22.94      
   35964     |      34.81       |      27.15      
   35965     |      34.69       |      29.82      
   35966     |      34.11       |      28.92      
   35967     |      33.66       |      32.71      
   35968     |      32.31       |      22.10      
   35969     |      30.62       |      23.95      
   35970     |      32.15       |      21.72      
   35971     |      25.98       |      15.46      
   35972     |      27.98       |      17.19      
   35973     |      42.55       |      32.03      
   35974     |      49.34       |      38.41      
   35975     |      41.35       |      30.45      
   35976     |      38.38       |      27.57      
   35977     |      38.31       |      27.52      
   35978     |      43.14       |      32.28      
   35979     |      48.25       |      39.78      
   35980     |      39.49       |      30.28      
   35981     |      43.23       |      32.43      
   35982     |      41.91       |      31.15      
   35983     |      37.84       |      27.25      
   35984     |      38.79       |      28.33      
   35985     |      27.87       |      17.17      
   35986     |      34.28       |      24.07      
   35987     |      45.72       |      36.29      
   35988     |      43.40       |      33.00      
   35989     |      52.67       |      42.14      
   35990     |      52.18       |      41.53      
   35991     |      54.20       |      43.66      
   35992     |      42.11       |      31.51      
   35993     |      41.38       |      31.39      
   36016     |      38.17       |      37.65      
   36017     |      32.89       |      29.68      
   36018     |      32.71       |      30.42      
   36019     |      36.42       |      35.34      
   36020     |      35.89       |      34.34      
   36021     |      41.87       |      42.04      
   36022     |      34.78       |      36.65      
   36023     |      35.10       |      37.02      
   36024     |      35.68       |      31.67      
   36025     |      33.69       |      33.74      
   36026     |      40.85       |      36.21      
   36027     |      36.87       |      30.90      
   36028     |      34.56       |      29.67      
   36029     |      40.38       |      36.81      
   36030     |      43.87       |      41.10      
   36031     |      43.84       |      39.42      
   36032     |      26.28       |      17.33      
   36033     |      26.09       |      17.18      
   36034     |      27.35       |      17.06      
   36035     |      26.96       |      15.93      
   36036     |      37.89       |      27.21      
   36037     |      37.26       |      26.44      
   36038     |      31.01       |      21.83      
   36039     |      30.57       |      21.76      
   36040     |      44.33       |      34.28      
   36041     |      33.62       |      22.69      
   36042     |      28.74       |      17.86      
   36043     |      45.61       |      35.79      
   36044     |      38.42       |      28.43      
   36045     |      54.31       |      46.09      
   36046     |      39.54       |      29.00      
   36047     |      33.38       |      22.55      
   36048     |      40.33       |      29.69      
   36049     |      34.51       |      24.42      
   36050     |      56.03       |      46.75      
   36051     |      46.08       |      35.98      
   36052     |      45.14       |      34.76      
   36053     |      41.35       |      31.34      
   36054     |      46.35       |      38.96      
   36078     |      40.53       |      40.68      
   36079     |      37.63       |      36.55      
   36080     |      43.12       |      42.84      
   36081     |      33.67       |      30.36      
   36082     |      33.45       |      33.81      
   36083     |      29.82       |      29.25      
   36084     |      30.69       |      25.04      
   36085     |      30.92       |      21.94      
   36086     |      32.88       |      25.25      
   36087     |      44.36       |      40.12      
   36088     |      46.57       |      37.90      
   36089     |      46.95       |      38.34      
   36090     |      40.09       |      33.36      
   36091     |      41.14       |      32.12      
   36092     |      37.36       |      27.83      
   36093     |      36.93       |      27.70      
   36094     |      38.62       |      28.09      
   36095     |      41.76       |      30.95      
   36096     |      42.08       |      31.59      
   36097     |      40.63       |      30.45      
   36098     |      19.55       |       8.61      
   36099     |      33.51       |      25.37      
   36100     |      29.83       |      19.18      
   36101     |      24.36       |      13.73      
   36102     |      38.72       |      29.85      
   36103     |      51.28       |      44.68      
   36104     |      53.72       |      46.92      
   36105     |      35.32       |      27.06      
   36106     |      45.93       |      37.79      
   36107     |      27.57       |      16.92      
   36108     |      32.60       |      21.77      
   36109     |      41.50       |      30.77      
   36110     |      42.37       |      31.57      
   36111     |      47.22       |      36.59      
   36112     |      47.90       |      38.68      
   36113     |      45.66       |      35.88      
   36114     |      32.70       |      22.79      
   36115     |      32.38       |      22.27      
   36116     |      43.43       |      33.00      
   36117     |      43.47       |      33.09      
   36118     |      45.87       |      36.01      
   36119     |      44.68       |      34.24      
   36146     |      38.09       |      36.97      
   36147     |      42.66       |      43.09      
   36148     |      28.73       |      26.22      
   36149     |      34.38       |      34.31      
   36150     |      37.23       |      37.53      
   36151     |      39.12       |      40.52      
   36152     |      33.72       |      34.33      
   36153     |      32.83       |      30.39      
   36154     |      31.00       |      25.39      
   36155     |      32.26       |      23.54      
   36156     |      31.49       |      21.53      
   36157     |      38.12       |      33.79      
   36158     |      36.98       |      31.98      
   36159     |      37.89       |      36.13      
   36160     |      41.51       |      40.86      
   36161     |      41.38       |      40.36      
   36162     |      38.60       |      35.53      
   36163     |      38.58       |      37.09      
   36164     |      53.17       |      44.42      
   36165     |      50.08       |      40.64      
   36166     |      50.25       |      40.37      
   36167     |      36.91       |      27.64      
   36168     |      40.33       |      30.40      
   36169     |      45.45       |      34.86      
   36170     |      42.81       |      31.78      
   36171     |      39.42       |      28.52      
   36172     |      30.70       |      19.70      
   36173     |      34.09       |      23.62      
   36174     |      36.38       |      25.77      
   36175     |      30.31       |      19.69      
   36176     |      44.39       |      37.41      
   36177     |      33.01       |      22.50      
   36178     |      32.62       |      22.36      
   36179     |      45.26       |      35.92      
   36180     |      45.86       |      36.83      
   36181     |      33.33       |      23.06      
   36182     |      33.40       |      23.06      
   36183     |      40.08       |      30.30      
   36184     |      40.09       |      30.22      
   36185     |      33.64       |      23.27      
   36186     |      41.82       |      33.61      
   36187     |      42.72       |      32.64      
   36188     |      47.47       |      37.98      
   36213     |      37.01       |      38.47      
   36214     |      39.07       |      36.44      
   36215     |      39.09       |      36.47      
   36216     |      42.58       |      41.38      
   36217     |      42.65       |      41.52      
   36218     |      38.91       |      37.24      
   36219     |      26.69       |      24.17      
   36220     |      31.53       |      30.20      
   36221     |      33.00       |      32.57      
   36222     |      33.04       |      33.73      
   36223     |      31.88       |      32.13      
   36224     |      35.59       |      33.14      
   36225     |      41.98       |      34.13      
   36226     |      36.88       |      28.63      
   36227     |      38.94       |      33.32      
   36228     |      38.48       |      33.95      
   36229     |      43.22       |      37.87      
   36230     |      45.00       |      40.77      
   36231     |      43.22       |      41.68      
   36232     |      37.18       |      35.07      
   36233     |      36.79       |      25.70      
   36234     |      35.09       |      24.66      
   36235     |      34.14       |      23.63      
   36236     |      38.34       |      27.47      
   36237     |      44.47       |      34.53      
   36238     |      28.22       |      18.09      
   36239     |      47.67       |      40.24      
   36240     |      50.26       |      41.97      
   36241     |      38.79       |      28.89      
   36242     |      33.19       |      22.29      
   36243     |      34.48       |      23.61      
   36244     |      38.17       |      27.58      
   36245     |      29.98       |      20.13      
   36246     |      37.85       |      29.46      
   36247     |      35.92       |      25.34      
   36248     |      40.78       |      30.75      
   36249     |      39.58       |      30.00      
   36250     |      37.84       |      29.42      
   36251     |      35.40       |      25.53      
   36275     |      28.20       |      28.13      
   36276     |      36.65       |      37.67      
   36277     |      33.10       |      33.71      
   36278     |      36.02       |      36.49      
   36279     |      39.89       |      40.88      
   36280     |      38.10       |      33.86      
   36281     |      31.94       |      25.76      
   36282     |      36.84       |      28.14      
   36283     |      37.17       |      27.38      
   36284     |      38.34       |      29.19      
   36285     |      40.85       |      38.13      
   36286     |      41.83       |      38.77      
   36287     |      38.22       |      34.68      
   36288     |      39.24       |      36.13      
   36289     |      38.45       |      37.03      
   36290     |      31.66       |      21.91      
   36291     |      38.82       |      30.08      
   36292     |      38.82       |      28.94      
   36293     |      43.55       |      32.92      
   36294     |      43.89       |      33.44      
   36295     |      45.16       |      34.64      
   36296     |      41.64       |      30.56      
   36297     |      41.66       |      30.57      
   36298     |      35.53       |      25.02      
   36299     |      37.62       |      26.50      
   36300     |      38.93       |      28.34      
   36301     |      32.86       |      21.97      
   36302     |      32.92       |      22.05      
   36303     |      47.55       |      39.40      
   36304     |      36.73       |      26.08      
   36305     |      30.30       |      19.38      
   36306     |      29.62       |      18.77      
   36307     |      33.39       |      22.46      
   36308     |      38.59       |      28.80      
   36309     |      34.69       |      24.71      
   36310     |      45.88       |      36.84      
   36311     |      41.28       |      30.68      
   36312     |      35.68       |      25.15      
   36313     |      41.93       |      31.43      
   36314     |      44.31       |      34.13      
   36315     |      46.13       |      36.09      
   36316     |      46.42       |      36.52      
   36317     |      46.60       |      36.50      
   36318     |      48.37       |      38.57      
   36319     |      48.96       |      41.02      
   36320     |      47.73       |      39.51      
   36321     |      37.61       |      29.20      
   36341     |      40.56       |      41.07      
   36342     |      35.30       |      35.54      
   36343     |      37.64       |      39.73      
   36344     |      36.26       |      37.06      
   36345     |      29.46       |      30.23      
   36346     |      23.78       |      21.71      
   36347     |      23.78       |      22.87      
   36348     |      30.53       |      30.77      
   36349     |      30.07       |      29.78      
   36350     |      35.66       |      36.44      
   36351     |      34.06       |      33.33      
   36352     |      40.03       |      41.05      
   36353     |      39.97       |      40.89      
   36354     |      26.47       |      26.02      
   36355     |      28.80       |      23.35      
   36356     |      31.35       |      26.05      
   36357     |      36.76       |      27.55      
   36358     |      43.65       |      35.68      
   36359     |      43.95       |      36.35      
   36360     |      44.60       |      41.70      
   36361     |      46.24       |      43.63      
   36362     |      45.19       |      40.89      
   36363     |      36.58       |      33.12      
   36364     |      29.03       |      22.65      
   36365     |      25.25       |      26.06      
   36366     |      20.33       |      17.92      
   36367     |      42.17       |      31.49      
   36368     |      43.36       |      34.15      
   36369     |      38.89       |      28.06      
   36370     |      44.67       |      33.54      
   36371     |      41.61       |      31.17      
   36372     |      39.80       |      28.74      
   36373     |      43.69       |      32.84      
   36374     |      32.91       |      23.54      
   36375     |      42.36       |      33.08      
   36376     |      37.92       |      27.69      
   36377     |      52.16       |      43.09      
   36378     |      41.86       |      31.57      
   36379     |      42.01       |      31.75      
   36380     |      41.56       |      31.07      
   36381     |      39.91       |      29.65      
   36382     |      39.30       |      28.85      
   36383     |      33.90       |      23.40      
   36384     |      35.04       |      24.65      
   36385     |      47.21       |      38.59      
   36386     |      39.37       |      30.43      
   36387     |      39.45       |      31.13      
   36388     |      27.69       |      20.36      
   36389     |      40.09       |      35.43      
   36390     |      38.71       |      33.59      
   36417     |      32.88       |      33.94      
   36418     |      28.14       |      30.06      
   36419     |      32.25       |      35.25      
   36420     |      32.14       |      35.80      
   36421     |      29.23       |      30.49      
   36422     |      28.03       |      28.95      
   36423     |      39.65       |      39.89      
   36424     |      30.14       |      27.35      
   36425     |      35.32       |      32.35      
   36426     |      36.40       |      33.85      
   36427     |      40.89       |      40.41      
   36428     |      35.79       |      33.76      
   36429     |      35.84       |      33.85      
   36430     |      33.61       |      31.90      
   36431     |      32.77       |      30.41      
   36432     |      33.90       |      27.88      
   36433     |      36.89       |      33.45      
   36434     |      43.22       |      35.52      
   36435     |      36.52       |      32.16      
   36436     |      36.36       |      26.39      
   36437     |      36.44       |      26.34      
   36438     |      36.29       |      25.19      
   36439     |      35.15       |      24.27      
   36440     |      38.23       |      27.87      
   36441     |      40.70       |      30.60      
   36442     |      40.17       |      30.08      
   36443     |      38.10       |      27.68      
   36444     |      44.29       |      33.43      
   36445     |      43.83       |      32.85      
   36446     |      35.36       |      24.55      
   36447     |      32.12       |      21.38      
   36448     |      34.83       |      23.88      
   36449     |      45.18       |      34.52      
   36450     |      42.49       |      31.84      
   36451     |      43.59       |      33.49      
   36452     |      42.23       |      31.54      
   36453     |      39.62       |      31.67      
   36479     |      32.87       |      34.02      
   36480     |      37.89       |      39.34      
   36481     |      34.56       |      34.84      
   36482     |      35.77       |      34.56      
   36483     |      39.80       |      39.66      
   36484     |      34.16       |      31.42      
   36485     |      38.69       |      41.13      
   36486     |      41.49       |      40.43      
   36487     |      30.74       |      27.19      
   36488     |      33.71       |      26.97      
   36489     |      37.28       |      30.78      
   36490     |      38.22       |      36.73      
   36491     |      31.11       |      28.24      
   36492     |      26.66       |      21.06      
   36493     |      26.94       |      20.79      
   36494     |      33.58       |      29.69      
   36495     |      37.74       |      36.38      
   36496     |      37.71       |      35.99      
   36497     |      31.16       |      25.98      
   36498     |      29.48       |      18.72      
   36499     |      33.47       |      25.42      
   36500     |      38.35       |      27.48      
   36501     |      37.51       |      26.43      
   36502     |      41.87       |      30.81      
   36503     |      33.76       |      22.78      
   36504     |      28.75       |      17.68      
   36505     |      38.18       |      28.33      
   36506     |      42.74       |      32.49      
   36507     |      50.94       |      40.39      
   36508     |      32.10       |      21.09      
   36509     |      36.58       |      25.65      
   36510     |      34.14       |      23.25      
   36511     |      44.92       |      34.25      
   36512     |      47.26       |      37.18      
   36513     |      43.10       |      33.08      
   36514     |      38.88       |      28.21      
   36515     |      40.41       |      30.63      
   36516     |      32.89       |      22.82      
   36517     |      35.35       |      28.05      
   36518     |      43.54       |      37.28      
   36519     |      35.06       |      28.65      
   36520     |      36.19       |      30.12      
   36521     |      39.96       |      33.86      
   36522     |      35.77       |      27.06      
   36523     |      41.12       |      32.70      
   36524     |      40.09       |      34.18      
   36525     |      47.85       |      44.59      
   36542     |      33.05       |      34.18      
   36543     |      23.07       |      21.93      
   36544     |      27.31       |      30.22      
   36545     |      50.08       |      47.62      
   36546     |      43.91       |      39.19      
   36547     |      43.88       |      39.67      
   36548     |      36.69       |      30.56      
   36549     |      28.60       |      28.76      
   36550     |      38.86       |      41.26      
   36551     |      36.80       |      36.00      
   36552     |      33.63       |      32.07      
   36553     |      24.14       |      23.04      
   36554     |      24.10       |      22.91      
   36555     |      30.91       |      27.82      
   36556     |      30.02       |      27.21      
   36557     |      24.09       |      18.33      
   36558     |      27.84       |      17.21      
   36559     |      28.84       |      17.71      
   36560     |      18.29       |      13.05      
   36561     |      21.83       |      10.71      
   36562     |      23.45       |      14.17      
   36563     |      29.61       |      21.40      
   36564     |      29.82       |      18.73      
   36565     |      32.16       |      21.14      
   36566     |      35.99       |      25.58      
   36567     |      37.12       |      25.94      
   36568     |      42.45       |      31.99      
   36569     |      41.04       |      30.05      
   36570     |      38.28       |      27.15      
   36571     |      37.09       |      25.96      
   36572     |      40.59       |      29.77      
   36573     |      40.99       |      30.21      
   36574     |      41.33       |      30.59      
   36575     |      37.63       |      26.73      
   36576     |      38.70       |      27.82      
   36577     |      45.85       |      35.57      
   36578     |      45.80       |      35.52      
   36579     |      44.06       |      34.45      
   36580     |      43.12       |      32.24      
   36581     |      41.63       |      30.71      
   36582     |      41.64       |      30.71      
   36583     |      37.28       |      26.23      
   36584     |      49.17       |      38.73      
   36585     |      40.78       |      29.90      
   36586     |      46.11       |      35.70      
   36587     |      48.05       |      37.65      
   36588     |      48.57       |      39.94      
   36589     |      44.99       |      38.59      
   36590     |      33.30       |      25.14      
   36591     |      47.87       |      42.30      
   36592     |      46.69       |      42.86      
   36611     |      37.91       |      39.10      
   36612     |      50.13       |      49.85      
   36613     |      49.36       |      48.52      
   36614     |      35.11       |      39.24      
   36615     |      43.11       |      46.93      
   36616     |      38.09       |      36.50      
   36617     |      33.04       |      30.62      
   36618     |      33.69       |      32.08      
   36619     |      26.91       |      24.66      
   36620     |      26.08       |      22.66      
   36621     |      33.12       |      31.32      
   36622     |      26.63       |      24.13      
   36623     |      21.99       |      19.30      
   36624     |      21.84       |      18.80      
   36625     |      24.64       |      22.41      
   36626     |      22.24       |      22.08      
   36627     |      21.74       |      21.12      
   36628     |      22.88       |      16.00      
   36629     |      19.16       |      11.84      
   36630     |      25.53       |      14.39      
   36631     |      25.47       |      14.23      
   36632     |      39.12       |      29.79      
   36633     |      44.55       |      33.48      
   36634     |      45.94       |      35.00      
   36635     |      36.35       |      25.47      
   36636     |      42.34       |      32.48      
   36637     |      48.32       |      38.61      
   36638     |      38.50       |      27.61      
   36639     |      43.08       |      35.36      
   36640     |      37.15       |      29.10      
   36641     |      45.33       |      39.33      
   36642     |      27.59       |      20.41      
   36643     |      33.27       |      29.79      
   36644     |      35.33       |      31.56      
   36645     |      44.23       |      40.29      
   36646     |      42.84       |      38.55      
   36647     |      47.47       |      43.11      
   36648     |      54.97       |      51.67      
   36676     |      37.25       |      36.46      
   36677     |      37.87       |      39.08      
   36678     |      41.97       |      42.69      
   36679     |      44.32       |      48.66      
   36680     |      30.85       |      35.76      
   36681     |      27.88       |      27.82      
   36682     |      33.66       |      30.00      
   36683     |      35.75       |      29.66      
   36684     |      34.41       |      26.99      
   36685     |      31.28       |      31.17      
   36686     |      27.79       |      26.99      
   36687     |      28.14       |      26.80      
   36688     |      26.74       |      25.16      
   36689     |      26.58       |      24.80      
   36690     |      12.21       |      15.51      
   36691     |      21.10       |      13.94      
   36692     |      21.91       |      15.28      
   36693     |      16.10       |       5.23      
   36694     |      20.79       |       9.76      
   36695     |      27.85       |      17.31      
   36696     |      39.77       |      30.43      
   36697     |      39.00       |      29.70      
   36698     |      35.93       |      24.84      
   36699     |      40.79       |      29.70      
   36700     |      40.40       |      31.10      
   36701     |      36.12       |      26.59      
   36702     |      29.69       |      21.87      
   36703     |      47.82       |      41.34      
   36704     |      40.41       |      33.87      
   36705     |      37.37       |      28.08      
   36706     |      42.66       |      35.13      
   36707     |      46.25       |      38.78      
   36708     |      44.76       |      37.02      
   36709     |      37.82       |      31.94      
   36739     |      36.15       |      35.79      
   36740     |      37.71       |      40.68      
   36741     |      32.85       |      35.50      
   36742     |      32.19       |      29.78      
   36743     |      25.91       |      18.81      
   36744     |      34.09       |      27.81      
   36745     |      26.03       |      25.78      
   36746     |      29.49       |      29.42      
   36747     |      46.71       |      49.08      
   36748     |      36.16       |      39.54      
   36749     |      29.48       |      31.64      
   36750     |      22.60       |      18.94      
   36751     |      22.29       |      15.91      
   36752     |      18.70       |      17.98      
   36753     |      26.09       |      28.27      
   36754     |      25.83       |      23.85      
   36755     |      21.75       |      18.02      
   36756     |      22.11       |      19.32      
   36757     |      24.81       |      22.57      
   36758     |      22.66       |      18.71      
   36759     |      19.42       |      15.04      
   36760     |      22.12       |      14.79      
   36761     |      16.10       |       5.19      
   36762     |      16.20       |       5.41      
   36763     |      27.90       |      17.07      
   36764     |      31.69       |      20.95      
   36765     |      35.58       |      26.76      
   36766     |      34.87       |      26.05      
   36767     |      33.29       |      22.69      
   36768     |      38.84       |      27.78      
   36769     |      42.47       |      31.97      
   36770     |      40.33       |      29.92      
   36771     |      38.87       |      27.90      
   36772     |      33.80       |      22.82      
   36773     |      38.23       |      27.98      
   36774     |      31.82       |      21.34      
   36775     |      41.07       |      32.71      
   36776     |      43.40       |      34.93      
   36777     |      36.91       |      27.60      
   36778     |      34.25       |      27.47      
   36779     |      34.03       |      27.21      
   36780     |      48.73       |      41.94      
   36781     |      46.92       |      37.97      
   36782     |      36.36       |      27.13      
   36783     |      45.45       |      39.54      
   36784     |      39.94       |      29.79      
   36785     |      41.67       |      33.79      
   36786     |      50.11       |      42.76      
   36787     |      54.17       |      48.62      
   36788     |      55.95       |      50.26      
   36789     |      58.65       |      53.96      
   36813     |      31.76       |      34.58      
   36814     |      31.21       |      32.29      
   36815     |      36.09       |      39.10      
   36816     |      33.83       |      33.37      
   36817     |      32.74       |      35.55      
   36818     |      24.81       |      19.60      
   36819     |      18.99       |      12.49      
   36820     |      33.48       |      35.44      
   36821     |      33.02       |      33.27      
   36822     |      30.30       |      32.20      
   36823     |      20.98       |      17.73      
   36824     |      23.93       |      23.54      
   36825     |      11.06       |      14.14      
   36826     |      10.89       |       8.56      
   36827     |       6.13       |       5.61      
   36828     |      11.01       |       8.47      
   36829     |      14.49       |       5.07      
   36830     |      13.43       |       3.19      
   36831     |      25.58       |      14.47      
   36832     |      14.43       |       4.68      
   36833     |      17.72       |       9.45      
   36834     |      20.31       |      11.41      
   36835     |      29.30       |      24.08      
   36836     |      40.79       |      32.74      
   36837     |      30.28       |      22.48      
   36838     |      34.74       |      24.21      
   36839     |      31.72       |      20.54      
   36840     |      41.14       |      32.62      
   36841     |      43.22       |      34.93      
   36842     |      36.17       |      28.38      
   36843     |      38.62       |      31.51      
   36844     |      32.67       |      23.32      
   36845     |      42.83       |      34.64      
   36846     |      46.25       |      37.06      
   36847     |      53.72       |      45.47      
   36848     |      52.31       |      44.18      
   36877     |      38.46       |      41.14      
   36878     |      33.26       |      34.38      
   36879     |      33.09       |      33.07      
   36880     |      33.69       |      37.31      
   36881     |      32.10       |      35.42      
   36882     |      25.72       |      27.99      
   36883     |      39.63       |      41.75      
   36884     |      30.19       |      26.54      
   36885     |      30.28       |      26.59      
   36886     |      28.78       |      23.15      
   36887     |      26.85       |      20.32      
   36888     |      27.21       |      20.50      
   36889     |      25.86       |      27.23      
   36890     |      21.01       |      19.57      
   36891     |       9.69       |       4.97      
   36892     |       9.85       |       4.61      
   36893     |       7.45       |       4.82      
   36894     |      17.09       |      12.35      
   36895     |      17.62       |      12.47      
   36896     |       6.99       |       7.75      
   36897     |      18.72       |       9.47      
   36898     |      34.39       |      24.04      
   36899     |      31.51       |      20.82      
   36900     |      35.00       |      24.40      
   36901     |      30.58       |      19.38      
   36902     |      28.11       |      16.96      
   36903     |      39.05       |      30.03      
   36904     |      39.06       |      29.46      
   36905     |      31.21       |      20.38      
   36906     |      33.46       |      22.77      
   36907     |      40.00       |      30.70      
   36908     |      32.10       |      23.17      
   36909     |      40.06       |      30.84      
   36910     |      43.62       |      34.36      
   36911     |      44.32       |      36.39      
   36912     |      44.16       |      36.32      
   36913     |      37.93       |      28.80      
   36914     |      55.10       |      44.94      
   36915     |      52.70       |      42.34      
   36916     |      51.52       |      43.00      
   36917     |      54.80       |      47.60      
   36918     |      56.26       |      49.27      
   36919     |      55.46       |      48.57      
   36920     |      62.40       |      56.77      
   36921     |      62.65       |      56.43      
   36949     |      32.54       |      34.86      
   36950     |      38.45       |      41.15      
   36951     |      27.92       |      28.57      
   36952     |      33.61       |      36.26      
   36953     |      33.68       |      36.92      
   36954     |      35.94       |      36.18      
   36955     |      23.96       |      15.79      
   36956     |      39.31       |      33.50      
   36957     |      26.88       |      15.92      
   36958     |      31.16       |      30.49      
   36959     |      17.14       |      14.34      
   36960     |      39.35       |      43.17      
   36961     |      39.70       |      43.44      
   36962     |      46.69       |      48.40      
   36963     |      39.44       |      39.47      
   36964     |      37.82       |      37.74      
   36965     |      28.93       |      27.43      
   36966     |      14.05       |      15.71      
   36967     |      12.78       |      11.88      
   36968     |      12.74       |      14.14      
   36969     |       3.84       |       7.75      
   36970     |      10.47       |       7.49      
   36971     |       9.31       |       6.72      
   36972     |       3.33       |       9.44      
   36973     |      16.14       |      15.28      
   36974     |      29.56       |      21.16      
   36975     |      34.13       |      25.28      
   36976     |      23.85       |      13.64      
   36977     |      27.78       |      17.16      
   36978     |      29.84       |      21.27      
   36979     |      30.39       |      21.88      
   36980     |      24.90       |      14.47      
   36981     |      37.08       |      28.95      
   36982     |      40.61       |      30.95      
   36983     |      45.15       |      37.75      
   36984     |      46.87       |      39.69      
   36985     |      39.78       |      32.30      
   36986     |      37.56       |      28.53      
   36987     |      42.32       |      34.25      
   36988     |      45.12       |      35.04      
   36989     |      49.65       |      41.12      
   36990     |      59.45       |      54.06      
   37020     |      36.93       |      39.95      
   37021     |      31.36       |      33.20      
   37022     |      33.26       |      35.22      
   37023     |      28.09       |      27.68      
   37024     |      34.65       |      37.26      
   37025     |      41.53       |      43.68      
   37026     |      35.92       |      36.66      
   37027     |      47.91       |      51.34      
   37028     |      32.69       |      34.04      
   37029     |      24.66       |      25.81      
   37030     |      25.40       |      24.05      
   37031     |      23.91       |      21.34      
   37032     |      26.09       |      19.57      
   37033     |      29.13       |      23.83      
   37034     |      21.81       |      19.63      
   37035     |      20.22       |      16.97      
   37036     |      11.21       |      10.60      
   37037     |       7.79       |       5.98      
   37038     |      14.26       |       3.78      
   37039     |      13.73       |      10.52      
   37040     |       6.45       |       9.12      
   37041     |      13.49       |      14.88      
   37042     |      28.98       |      20.83      
   37043     |      17.96       |      10.96      
   37044     |      31.57       |      23.67      
   37045     |      18.45       |       9.66      
   37046     |      41.14       |      33.18      
   37047     |      43.50       |      35.81      
   37048     |      37.36       |      29.14      
   37049     |      41.56       |      33.54      
   37050     |      33.98       |      26.63      
   37051     |      36.59       |      30.77      
   37052     |      30.65       |      25.22      
   37053     |      36.28       |      29.11      
   37054     |      38.83       |      31.04      
   37055     |      32.37       |      23.89      
   37056     |      53.72       |      49.21      
   37057     |      53.63       |      49.12      
   37058     |      55.13       |      50.64      
   37059     |      59.61       |      54.37      
   37084     |      43.74       |      47.12      
   37085     |      32.91       |      35.84      
   37086     |      35.36       |      38.30      
   37087     |      20.54       |      23.79      
   37088     |      18.77       |      20.05      
   37089     |      15.27       |       3.56      
   37090     |      22.09       |      16.61      
   37091     |      35.10       |      30.32      
   37092     |      44.07       |      44.09      
   37093     |      43.31       |      43.33      
   37094     |      47.80       |      51.27      
   37095     |      38.57       |      42.70      
   37096     |      34.62       |      38.52      
   37097     |      23.04       |      25.95      
   37098     |      21.72       |      17.78      
   37099     |      22.08       |      19.69      
   37100     |       9.13       |       5.91      
   37101     |      10.00       |      12.49      
   37102     |       5.84       |       9.10      
   37103     |       7.85       |       6.02      
   37104     |       2.70       |       8.98      
   37105     |      14.16       |       6.64      
   37106     |      16.12       |       9.47      
   37107     |      17.69       |       8.44      
   37108     |      20.95       |      17.53      
   37109     |      20.76       |      17.39      
   37110     |      22.09       |      15.98      
   37111     |      19.00       |      13.51      
   37112     |      27.59       |      17.45      
   37113     |      23.85       |      15.87      
   37114     |      33.95       |      27.58      
   37115     |      33.90       |      25.94      
   37116     |      46.85       |      39.63      
   37117     |      44.01       |      35.72      
   37118     |      37.91       |      32.35      
   37119     |      39.78       |      34.45      
   37120     |      32.19       |      27.84      
   37121     |      43.18       |      39.47      
   37122     |      48.29       |      43.06      
   37151     |      36.56       |      38.28      
   37152     |      34.22       |      36.16      
   37153     |      33.50       |      35.26      
   37154     |      30.97       |      30.83      
   37155     |      35.89       |      38.32      
   37156     |      22.37       |      23.06      
   37157     |      31.73       |      27.46      
   37158     |      44.01       |      40.36      
   37159     |      45.89       |      44.58      
   37160     |      42.45       |      40.96      
   37161     |      43.37       |      45.98      
   37162     |      24.05       |      27.82      
   37163     |      22.52       |      25.56      
   37164     |      25.47       |      28.22      
   37165     |      22.76       |      20.80      
   37166     |      21.22       |      17.53      
   37167     |      11.82       |       4.46      
   37168     |       6.24       |       9.05      
   37169     |       3.31       |       9.29      
   37170     |       1.87       |      10.17      
   37171     |      20.81       |       9.34      
   37172     |      22.59       |      14.35      
   37173     |      11.76       |       1.81      
   37174     |      10.43       |       2.02      
   37175     |      17.23       |       8.89      
   37176     |      17.42       |       6.23      
   37177     |      19.10       |       9.90      
   37178     |      18.70       |      10.55      
   37179     |      31.30       |      24.39      
   37180     |      19.53       |      15.54      
   37181     |      18.97       |      15.25      
   37182     |      46.12       |      39.02      
   37183     |      40.21       |      33.39      
   37184     |      31.68       |      23.47      
   37185     |      37.52       |      32.63      
   37202     |      27.32       |      29.76      
   37203     |      26.09       |      28.43      
   37204     |      32.07       |      33.64      
   37205     |      34.07       |      35.86      
   37206     |      39.37       |      42.62      
   37207     |      29.17       |      29.63      
   37208     |      33.49       |      31.47      
   37209     |      28.39       |      28.65      
   37210     |      30.54       |      30.26      
   37211     |      24.43       |      24.31      
   37212     |      17.19       |      13.61      
   37213     |      16.84       |       6.99      
   37214     |      14.24       |       3.84      
   37215     |      10.50       |      12.00      
   37216     |      19.70       |      13.27      
   37217     |      12.58       |       1.25      
   37218     |      12.14       |       3.97      
   37219     |      19.54       |      15.54      
   37220     |      13.16       |       2.42      
   37221     |      22.22       |      11.32      
   37222     |      28.29       |      17.86      
   37223     |      39.44       |      31.34      
   37224     |      15.99       |      11.92      
   37225     |      32.41       |      27.86      
   37226     |      34.24       |      29.17      
   37227     |      28.12       |      23.02      
   37228     |      39.52       |      33.23      
   37229     |      32.00       |      24.52      
   37230     |      28.93       |      22.14      
   37231     |      41.84       |      35.64      
   37232     |      44.30       |      39.40      
   37233     |      36.07       |      30.87      
   37234     |      38.18       |      33.83      
   37235     |      39.82       |      35.14      
   37236     |      45.14       |      41.49      
   37237     |      34.52       |      30.94      
   37238     |      33.15       |      29.33      
   37239     |      44.75       |      37.72      
   37240     |      60.58       |      54.84      
   37264     |      41.39       |      47.09      
   37265     |      30.86       |      37.12      
   37266     |      39.14       |      38.00      
   37267     |      36.99       |      35.12      
   37268     |      37.75       |      35.76      
   37269     |      35.70       |      33.11      
   37270     |      36.14       |      33.55      
   37271     |      29.45       |      25.60      
   37272     |      22.26       |      22.61      
   37273     |      28.82       |      30.55      
   37274     |      28.74       |      27.78      
   37275     |      17.76       |      13.65      
   37276     |      14.05       |       4.05      
   37277     |      10.35       |       1.30      
   37278     |      10.48       |      12.01      
   37279     |       2.20       |       9.46      
   37280     |       8.68       |      10.95      
   37281     |      10.16       |       9.79      
   37282     |      20.76       |      11.96      
   37283     |      17.09       |       5.53      
   37284     |      16.68       |       5.29      
   37285     |      14.00       |       6.06      
   37286     |      15.67       |       5.42      
   37287     |      19.35       |       8.56      
   37288     |      27.00       |      16.25      
   37289     |      18.77       |       9.98      
   37290     |      22.26       |      14.31      
   37291     |      30.78       |      22.04      
   37292     |      40.00       |      32.49      
   37293     |      19.01       |      13.94      
   37294     |      12.28       |       2.76      
   37295     |       9.96       |       2.57      
   37296     |      30.72       |      27.32      
   37297     |      38.92       |      32.65      
   37298     |      30.09       |      25.85      
   37299     |      33.12       |      28.63      
   37300     |      48.11       |      40.76      
   37301     |      37.36       |      35.41      
   37302     |      35.81       |      33.70      
   37303     |      50.55       |      46.97      
   37304     |      60.98       |      55.35      
   37333     |      35.00       |      36.66      
   37334     |      32.73       |      33.97      
   37335     |      34.63       |      37.19      
   37336     |      39.41       |      42.72      
   37337     |      31.55       |      35.45      
   37338     |      37.01       |      35.55      
   37339     |      28.11       |      30.29      
   37340     |      21.84       |      25.23      
   37341     |      12.57       |      12.17      
   37342     |      15.92       |       4.77      
   37343     |      16.08       |       4.78      
   37344     |      12.96       |       3.11      
   37345     |      29.60       |      18.20      
   37346     |      34.42       |      23.97      
   37347     |      24.62       |      19.11      
   37348     |      31.51       |      26.19      
   37349     |      41.51       |      34.84      
   37350     |      27.64       |      19.71      
   37351     |      14.57       |      14.06      
   37352     |      37.06       |      32.66      
   37353     |      39.80       |      34.67      
   37354     |      39.92       |      34.82      
   37355     |      27.33       |      24.21      
   37356     |      35.24       |      31.61      
   37357     |      31.57       |      25.32      
   37358     |      27.63       |      21.78      
   37359     |      31.91       |      25.15      
   37360     |      34.59       |      28.18      
   37361     |      56.10       |      50.01      
   37362     |      57.35       |      52.90      
   37363     |      37.64       |      35.99      
   37364     |      47.40       |      45.33      
   37365     |      51.01       |      47.96      
   37366     |      30.53       |      28.34      
   37367     |      57.29       |      53.81      
   37397     |      39.18       |      43.34      
   37398     |      34.90       |      39.32      
   37399     |      26.32       |      30.47      
   37400     |      39.24       |      42.28      
   37401     |      36.86       |      39.05      
   37402     |      34.04       |      36.17      
   37403     |      43.82       |      44.18      
   37404     |      27.84       |      30.94      
   37405     |      34.86       |      36.85      
   37406     |      17.13       |      15.89      
   37407     |      18.31       |      17.63      
   37408     |      21.43       |      22.66      
   37409     |      15.17       |      16.51      
   37410     |      24.96       |      27.18      
   37411     |      28.85       |      31.97      
   37412     |      13.70       |      12.83      
   37413     |       9.59       |       5.49      
   37414     |      15.41       |       4.33      
   37415     |      13.15       |       3.22      
   37416     |      13.20       |       2.11      
   37417     |      13.45       |       2.50      
   37418     |      11.60       |       9.88      
   37419     |       5.82       |       6.24      
   37420     |       3.14       |       8.85      
   37421     |      15.13       |       4.35      
   37422     |      23.61       |      12.23      
   37423     |      30.78       |      22.77      
   37424     |      24.50       |      13.38      
   37425     |      17.40       |       5.99      
   37426     |      17.51       |       8.80      
   37427     |      31.84       |      24.74      
   37428     |      39.20       |      33.65      
   37429     |      27.66       |      22.74      
   37430     |      31.01       |      26.66      
   37431     |      34.93       |      32.65      
   37432     |      35.88       |      32.83      
   37433     |      22.76       |      21.39      
   37434     |      35.19       |      31.81      
   37435     |      35.81       |      33.72      
   37436     |      43.16       |      40.15      
   37437     |      38.47       |      38.90      
   37438     |      51.85       |      46.48      
   37462     |      29.59       |      35.14      
   37463     |      23.45       |      28.94      
   37464     |      32.74       |      37.09      
   37465     |      34.99       |      39.66      
   37466     |      39.45       |      42.88      
   37467     |      38.63       |      40.69      
   37468     |      27.81       |      30.94      
   37469     |      18.12       |      21.38      
   37470     |      27.72       |      31.01      
   37471     |      22.00       |      23.99      
   37472     |       9.72       |      15.26      
   37473     |       8.67       |      12.63      
   37474     |      17.53       |      18.46      
   37475     |      14.08       |       5.65      
   37476     |      16.66       |      10.68      
   37477     |      20.54       |       8.80      
   37478     |      22.30       |      11.71      
   37479     |      14.27       |       3.22      
   37480     |       3.80       |       9.35      
   37481     |       9.21       |       2.43      
   37482     |       8.65       |       3.97      
   37483     |      32.20       |      23.76      
   37484     |      32.23       |      23.83      
   37485     |      32.44       |      24.42      
   37486     |      29.72       |      21.09      
   37487     |      29.88       |      21.26      
   37488     |      21.73       |      11.87      
   37489     |      16.06       |       7.67      
   37490     |      22.63       |      18.18      
   37491     |      14.29       |      14.17      
   37492     |      31.70       |      25.91      
   37493     |      36.58       |      30.30      
   37494     |      29.86       |      22.15      
   37495     |      43.12       |      35.93      
   37496     |      41.36       |      33.58      
   37497     |      37.29       |      29.85      
   37498     |      30.94       |      25.99      
   37499     |      41.96       |      37.09      
   37500     |      21.83       |      17.63      
   37501     |      29.19       |      25.62      
   37502     |      36.67       |      32.67      
   37503     |      49.35       |      47.16      
   37504     |      52.25       |      49.75      
   37505     |      40.48       |      37.09      
   37506     |      44.47       |      39.61      
   37507     |      40.31       |      36.35      
   37508     |      38.97       |      34.82      
   37530     |      28.93       |      35.14      
   37531     |      38.66       |      40.90      
   37532     |      33.21       |      35.29      
   37533     |      38.06       |      41.75      
   37534     |      24.00       |      31.67      
   37535     |      31.55       |      38.28      
   37536     |      35.59       |      41.85      
   37537     |      29.05       |      32.49      
   37538     |      27.33       |      30.94      
   37539     |      25.35       |      27.42      
   37540     |      27.08       |      29.46      
   37541     |      12.40       |      21.33      
   37542     |      22.92       |      11.67      
   37543     |      21.36       |      10.56      
   37544     |      12.48       |       3.92      
   37545     |       9.51       |       3.05      
   37546     |      14.35       |       3.49      
   37547     |       3.68       |       9.41      
   37548     |       8.66       |       7.04      
   37549     |       4.33       |      10.52      
   37550     |       4.21       |      11.44      
   37551     |      16.99       |      16.56      
   37552     |      18.72       |      17.11      
   37553     |      24.41       |      22.42      
   37554     |      32.19       |      22.48      
   37555     |      43.49       |      34.17      
   37556     |      43.49       |      34.18      
   37557     |      39.89       |      30.83      
   37558     |      46.08       |      38.51      
   37559     |      43.61       |      36.51      
   37560     |      31.10       |      23.12      
   37561     |      29.10       |      21.14      
   37562     |      28.80       |      25.31      
   37563     |      40.37       |      37.08      
   37564     |      38.32       |      32.80      
   37565     |      47.30       |      41.30      
   37566     |      37.26       |      31.44      
   37603     |      30.10       |      36.66      
   37604     |      30.07       |      36.64      
   37605     |      35.69       |      42.26      
   37606     |      27.18       |      32.38      
   37607     |      23.15       |      28.09      
   37608     |      34.98       |      39.24      
   37609     |      33.54       |      37.60      
   37610     |      34.12       |      38.07      
   37611     |      29.78       |      37.63      
   37612     |      32.86       |      40.40      
   37613     |      37.56       |      44.18      
   37614     |      30.16       |      35.85      
   37615     |      31.87       |      37.14      
   37616     |      15.03       |      19.01      
   37617     |      23.66       |      22.23      
   37618     |      14.01       |      13.74      
   37619     |      10.44       |       8.73      
   37620     |      15.02       |      13.06      
   37621     |      20.79       |      23.48      
   37622     |      14.60       |      18.16      
   37623     |      13.92       |      11.00      
   37624     |      14.56       |       3.78      
   37625     |      15.61       |       7.07      
   37626     |      17.63       |       5.95      
   37627     |       8.03       |       5.08      
   37628     |      17.85       |      12.89      
   37629     |       7.92       |      10.92      
   37630     |       7.05       |      15.49      
   37631     |      16.76       |      14.84      
   37632     |      35.00       |      29.93      
   37633     |      22.13       |      18.55      
   37634     |      22.29       |      18.64      
   37635     |      22.05       |      18.48      
   37636     |      23.17       |      19.72      
   37637     |      14.25       |       8.22      
   37638     |      19.91       |      11.46      
   37639     |      41.62       |      33.43      
   37640     |      33.75       |      25.46      
   37641     |      50.64       |      47.63      
   37642     |      46.17       |      42.78      
   37643     |      35.87       |      31.10      
   37644     |      47.27       |      41.45      
   37645     |      44.03       |      37.09      
   37646     |      38.22       |      31.83      
   37670     |      29.52       |      36.30      
   37671     |      29.41       |      35.95      
   37672     |      24.26       |      31.95      
   37673     |      38.49       |      44.70      
   37674     |      31.88       |      35.55      
   37675     |      18.48       |      21.58      
   37676     |      14.59       |      18.53      
   37677     |      27.19       |      29.95      
   37678     |      22.36       |      22.71      
   37679     |      14.91       |      16.00      
   37680     |      22.97       |      26.34      
   37681     |      18.96       |      22.24      
   37682     |      15.15       |      17.40      
   37683     |      21.14       |      19.89      
   37684     |       8.77       |       9.38      
   37685     |      11.01       |       1.19      
   37686     |      22.09       |      11.78      
   37687     |      21.57       |      11.13      
   37688     |      21.46       |      10.74      
   37689     |      14.74       |       4.37      
   37690     |      19.36       |      10.89      
   37691     |      21.95       |      10.30      
   37692     |      22.48       |      16.77      
   37693     |      12.36       |       9.02      
   37694     |      23.04       |      15.28      
   37695     |      24.74       |      18.22      
   37696     |      32.24       |      25.55      
   37697     |      21.86       |      11.16      
   37698     |      38.92       |      28.84      
   37699     |      41.00       |      31.28      
   37700     |      49.51       |      40.39      
   37701     |      48.90       |      39.62      
   37702     |      38.89       |      29.41      
   37703     |      41.79       |      34.18      
   37704     |      34.44       |      29.07      
   37705     |      31.38       |      26.43      
   37706     |      41.87       |      37.49      
   37707     |      38.24       |      34.51      
   37708     |      57.48       |      53.34      
   37709     |      58.10       |      54.06      
   37710     |      45.99       |      40.12      
   37711     |      40.99       |      35.05      
   37712     |      31.04       |      25.72      
   37713     |      37.74       |      32.31      
   37714     |      41.56       |      37.10      
   37715     |      42.12       |      35.11      
   37736     |      23.75       |      27.62      
   37737     |      45.60       |      49.98      
   37738     |      30.81       |      36.85      
   37739     |      31.27       |      37.28      
   37740     |      31.54       |      35.50      
   37741     |      34.98       |      39.27      
   37742     |      24.92       |      31.14      
   37743     |      28.00       |      36.84      
   37744     |      25.82       |      34.94      
   37745     |      44.65       |      49.60      
   37746     |      41.43       |      46.44      
   37747     |      21.66       |      27.23      
   37748     |      27.17       |      30.17      
   37749     |      21.11       |      21.74      
   37750     |      18.47       |      14.88      
   37751     |      21.34       |      18.03      
   37752     |      20.05       |       8.50      
   37753     |      12.85       |       2.82      
   37754     |      17.18       |       6.64      
   37755     |      16.78       |       7.66      
   37756     |      17.19       |      11.80      
   37757     |      23.70       |      12.85      
   37758     |      27.29       |      16.03      
   37759     |      27.48       |      17.76      
   37760     |      40.95       |      32.66      
   37761     |      18.28       |      11.08      
   37762     |      23.10       |      21.38      
   37763     |      31.66       |      28.33      
   37764     |      33.16       |      30.27      
   37765     |      20.93       |      19.85      
   37766     |      16.11       |      10.60      
   37767     |      23.36       |      17.03      
   37768     |      49.34       |      42.72      
   37769     |      52.99       |      47.28      
   37770     |      40.53       |      36.09      
   37771     |      37.72       |      34.37      
   37772     |      43.20       |      36.45      
   37773     |      53.32       |      47.39      
   37774     |      55.68       |      49.24      
   37775     |      51.14       |      44.48      
   37776     |      45.25       |      37.98      
   37799     |      34.59       |      34.56      
   37800     |      30.52       |      36.73      
   37801     |      31.09       |      37.37      
   37802     |      24.83       |      31.12      
   37803     |      16.67       |      24.76      
   37804     |      34.01       |      40.37      
   37805     |      22.38       |      27.38      
   37806     |      15.52       |      18.86      
   37807     |      22.94       |      25.32      
   37808     |      21.55       |      25.99      
   37809     |      15.31       |      19.07      
   37810     |      19.50       |      22.51      
   37811     |      26.18       |      24.76      
   37812     |      27.53       |      26.05      
   37813     |      30.04       |      24.57      
   37814     |      19.34       |       9.41      
   37815     |      19.99       |      14.56      
   37816     |      17.22       |      10.17      
   37817     |      18.04       |       7.08      
   37818     |      20.44       |      10.72      
   37819     |      11.13       |       5.93      
   37820     |       7.71       |       4.09      
   37821     |       7.23       |       5.75      
   37822     |      21.39       |      13.77      
   37823     |      12.40       |       4.62      
   37824     |      10.95       |       4.34      
   37825     |      36.32       |      30.21      
   37826     |      25.98       |      22.24      
   37827     |      29.89       |      25.63      
   37828     |      33.89       |      27.74      
   37829     |      15.07       |      11.14      
   37830     |      23.58       |      16.45      
   37831     |      17.11       |      19.13      
   37832     |      22.37       |      18.57      
   37833     |      14.34       |      10.37      
   37834     |      39.25       |      34.91      
   37835     |      34.34       |      30.88      
   37836     |      43.30       |      39.63      
   37837     |      32.16       |      26.10      
   37838     |      49.81       |      42.11      
   37839     |      41.20       |      32.99      
   37840     |      44.61       |      37.01      
   37841     |      36.67       |      28.16      
   37842     |      43.77       |      36.31      
   37843     |      42.44       |      36.58      
   37844     |      44.36       |      38.75      
   37870     |      41.91       |      39.66      
   37871     |      42.19       |      39.92      
   37872     |      16.46       |      23.56      
   37873     |      43.29       |      52.86      
   37874     |      44.73       |      53.91      
   37875     |      33.62       |      41.61      
   37876     |      32.32       |      40.36      
   37877     |      25.04       |      32.36      
   37878     |      22.03       |      24.94      
   37879     |      26.72       |      26.20      
   37880     |      20.59       |      21.85      
   37881     |      13.96       |      10.39      
   37882     |      16.12       |       4.25      
   37883     |      17.66       |       6.70      
   37884     |      23.39       |      11.82      
   37885     |       9.20       |      16.21      
   37886     |       2.02       |      10.27      
   37887     |      14.28       |      11.53      
   37888     |      21.03       |      15.00      
   37889     |      31.34       |      25.39      
   37890     |      12.12       |       9.54      
   37891     |      34.41       |      29.46      
   37892     |      16.05       |      14.59      
   37893     |      14.97       |      13.61      
   37894     |      29.79       |      25.16      
   37895     |      12.76       |      15.52      
   37896     |       8.09       |      13.66      
   37897     |      11.97       |       4.41      
   37898     |      23.22       |      16.31      
   37899     |      50.59       |      48.52      
   37900     |      48.49       |      46.76      
   37901     |      52.76       |      49.47      
   37902     |      39.49       |      37.31      
   37903     |      51.62       |      44.39      
   37904     |      52.84       |      45.90      
   37905     |      43.62       |      36.65      
   37906     |      38.74       |      30.79      
   37907     |      42.97       |      35.58      
   37908     |      48.35       |      43.13      
   37909     |      39.06       |      33.66      
   37910     |      41.74       |      37.82      
   37911     |      45.46       |      41.10      
   37948     |      25.71       |      22.44      
   37949     |      30.68       |      37.00      
   37950     |      15.38       |      25.37      
   37951     |      31.28       |      41.89      
   37952     |      36.04       |      45.41      
   37953     |      45.04       |      54.71      
   37954     |      48.93       |      57.27      
   37955     |      34.10       |      42.84      
   37956     |      29.98       |      35.67      
   37957     |      24.13       |      28.02      
   37958     |      23.83       |      25.08      
   37959     |      25.58       |      26.99      
   37960     |      22.96       |      25.74      
   37961     |      19.50       |      21.73      
   37962     |      12.85       |      10.37      
   37963     |      12.83       |      10.28      
   37964     |      14.17       |       7.60      
   37965     |      12.06       |       2.93      
   37966     |      14.92       |       3.03      
   37967     |      17.29       |       5.39      
   37968     |      17.63       |       5.76      
   37969     |      17.38       |       5.82      
   37970     |      19.75       |      16.99      
   37971     |      20.75       |      18.04      
   37972     |      16.08       |       5.45      
   37973     |      12.84       |       1.92      
   37974     |      24.13       |      13.77      
   37975     |      23.22       |      12.83      
   37976     |      31.81       |      24.69      
   37977     |      28.92       |      23.11      
   37978     |      16.00       |      15.22      
   37979     |      23.57       |      21.62      
   37980     |      29.69       |      25.60      
   37981     |      23.96       |      19.27      
   37982     |      31.51       |      27.78      
   37983     |      39.23       |      34.95      
   37984     |      39.54       |      34.98      
   37985     |      25.13       |      21.22      
   37986     |      26.98       |      22.03      
   37987     |      30.77       |      25.38      
   37988     |      35.54       |      31.55      
   37989     |      51.88       |      45.09      
   37990     |      39.49       |      31.94      
   37991     |      45.98       |      40.56      
   37992     |      48.55       |      43.24      
   37993     |      43.70       |      34.39      
   37994     |      49.24       |      41.07      
   37995     |      50.64       |      45.73      
   38026     |       6.43       |      17.47      
   38027     |      16.67       |      20.76      
   38028     |      24.27       |      30.45      
   38029     |      26.02       |      35.05      
   38030     |      35.94       |      45.63      
   38031     |      30.09       |      37.43      
   38032     |      34.22       |      40.36      
   38033     |      23.78       |      29.32      
   38034     |      12.74       |      16.21      
   38035     |      15.23       |       3.86      
   38036     |      18.98       |       7.14      
   38037     |      19.31       |       7.61      
   38038     |      13.60       |       5.28      
   38039     |      22.10       |      15.05      
   38040     |      21.15       |      11.80      
   38041     |      18.46       |       7.54      
   38042     |      25.70       |      17.28      
   38043     |      33.40       |      25.54      
   38044     |      31.81       |      24.71      
   38045     |      22.49       |      14.02      
   38046     |       5.77       |      11.14      
   38047     |       1.71       |      11.38      
   38048     |      12.24       |      18.86      
   38049     |      28.92       |      30.16      
   38050     |      52.54       |      49.57      
   38051     |      51.96       |      49.06      
   38052     |      50.02       |      46.54      
   38053     |      39.82       |      35.06      
   38054     |      26.50       |      20.45      
   38055     |      43.04       |      34.20      
   38056     |      47.46       |      39.18      
   38057     |      57.73       |      48.86      
   38089     |      35.42       |      47.31      
   38090     |      21.75       |      33.80      
   38091     |      27.40       |      36.72      
   38092     |      19.97       |      29.97      
   38093     |      14.80       |      23.86      
   38094     |      16.83       |      24.90      
   38095     |      33.32       |      41.95      
   38096     |      35.23       |      42.51      
   38097     |      44.71       |      51.00      
   38098     |      40.09       |      47.79      
   38099     |      24.63       |      31.09      
   38100     |      16.42       |      19.80      
   38101     |       6.61       |       7.99      
   38102     |      19.45       |       7.53      
   38103     |      21.84       |      10.39      
   38104     |      14.94       |       5.40      
   38105     |      23.65       |      13.18      
   38106     |      21.76       |      10.09      
   38107     |      27.51       |      16.69      
   38108     |      29.68       |      20.17      
   38109     |      26.90       |      17.90      
   38110     |      22.64       |      18.92      
   38111     |      21.74       |      13.84      
   38112     |      20.75       |      12.67      
   38113     |      36.28       |      38.06      
   38114     |      46.51       |      46.91      
   38115     |      34.35       |      33.39      
   38116     |      28.57       |      21.85      
   38117     |      23.43       |      15.19      
   38118     |      35.81       |      28.39      
   38119     |      33.37       |      26.24      
   38120     |      36.57       |      30.21      
   38121     |      44.36       |      38.78      
   38122     |      31.02       |      25.87      
   38152     |      30.28       |      41.21      
   38153     |      28.12       |      39.78      
   38154     |      33.34       |      44.91      
   38155     |      20.19       |      30.88      
   38156     |      17.90       |      28.80      
   38157     |      25.96       |      30.77      
   38158     |      25.50       |      30.32      
   38159     |      40.56       |      47.56      
   38160     |      36.89       |      44.71      
   38161     |      39.31       |      47.00      
   38162     |      21.67       |      27.81      
   38163     |      21.97       |      28.05      
   38164     |      23.31       |      30.95      
   38165     |       7.21       |      13.15      
   38166     |       6.50       |      12.50      
   38167     |      11.52       |      16.00      
   38168     |      11.23       |       9.84      
   38169     |      13.93       |       2.53      
   38170     |      13.37       |       1.35      
   38171     |      24.42       |      12.66      
   38172     |      26.88       |      14.96      
   38173     |      26.94       |      15.16      
   38174     |      23.28       |      11.38      
   38175     |      20.94       |       9.87      
   38176     |      33.44       |      28.82      
   38177     |      27.73       |      21.35      
   38178     |      24.90       |      17.98      
   38179     |      24.09       |      16.18      
   38180     |      30.82       |      25.03      
   38181     |      17.77       |      13.75      
   38182     |      12.30       |      10.83      
   38183     |      31.88       |      29.32      
   38184     |      41.55       |      38.75      
   38185     |      37.09       |      31.14      
   38186     |      26.83       |      16.77      
   38187     |      31.68       |      22.64      
   38188     |      36.62       |      35.13      
   38189     |      55.95       |      51.64      
   38190     |      40.09       |      35.08      
   38191     |      39.44       |      34.66      
   38192     |      46.57       |      40.80      
   38193     |      32.68       |      25.34      
   38194     |      36.44       |      29.04      
   38195     |      28.77       |      19.91      
   38196     |      45.50       |      37.81      
   38197     |      40.07       |      30.57      
   38226     |      33.67       |      44.69      
   38227     |      24.82       |      36.54      
   38228     |      42.47       |      49.68      
   38229     |      44.93       |      51.61      
   38230     |      39.39       |      48.43      
   38231     |      39.64       |      48.60      
   38232     |      17.82       |      25.83      
   38233     |      22.78       |      30.35      
   38234     |      25.62       |      33.08      
   38235     |      10.79       |      12.68      
   38236     |      12.72       |      14.17      
   38237     |      13.14       |       1.08      
   38238     |      13.39       |       1.73      
   38239     |      16.12       |       4.12      
   38240     |      18.59       |       9.02      
   38241     |      17.39       |       5.77      
   38242     |      16.02       |       5.30      
   38243     |      21.48       |       9.77      
   38244     |      21.73       |      12.29      
   38245     |      38.41       |      30.62      
   38246     |      32.43       |      26.87      
   38247     |      36.79       |      31.86      
   38248     |      30.59       |      24.40      
   38249     |      24.96       |      17.12      
   38250     |      41.20       |      38.34      
   38251     |      34.06       |      32.53      
   38252     |      34.13       |      32.63      
   38253     |      35.48       |      33.51      
   38254     |      25.32       |      19.06      
   38255     |      15.67       |       8.19      
   38256     |      32.66       |      24.98      
   38257     |      52.80       |      49.02      
   38258     |      46.99       |      43.81      
   38287     |      35.87       |      43.79      
   38288     |      20.71       |      29.91      
   38289     |      24.68       |      36.00      
   38290     |      28.20       |      38.48      
   38291     |      37.49       |      46.99      
   38292     |      36.95       |      46.58      
   38293     |      22.58       |      32.00      
   38294     |      36.36       |      42.31      
   38295     |      43.23       |      51.71      
   38296     |      39.55       |      48.56      
   38297     |      35.74       |      44.37      
   38298     |      34.15       |      43.01      
   38299     |      40.13       |      50.02      
   38300     |      40.93       |      50.69      
   38301     |      26.41       |      36.66      
   38302     |      23.81       |      32.26      
   38303     |      16.60       |      25.87      
   38304     |       6.70       |      13.95      
   38305     |      16.38       |       5.28      
   38306     |      23.02       |      11.11      
   38307     |      19.03       |       7.44      
   38308     |      12.80       |       3.84      
   38309     |      19.71       |      11.59      
   38310     |      38.40       |      30.63      
   38311     |      27.75       |      21.37      
   38312     |      22.70       |      12.44      
   38313     |      23.03       |      12.91      
   38314     |      28.24       |      17.99      
   38315     |      35.51       |      28.00      
   38316     |      23.93       |      18.65      
   38317     |      19.16       |      20.80      
   38318     |      32.38       |      29.47      
   38319     |      41.58       |      38.43      
   38320     |      28.55       |      23.24      
   38321     |      16.64       |      14.02      
   38322     |      30.37       |      23.60      
   38323     |      52.79       |      49.01      
   38324     |      43.62       |      40.52      
   38325     |      36.01       |      34.93      
   38326     |      38.99       |      36.39      
   38327     |      25.14       |      24.64      
   38328     |      10.68       |       0.96      
   38329     |      27.55       |      19.62      
   38330     |      21.56       |      10.45      
   38331     |      33.62       |      22.22      
   38365     |      17.47       |      29.36      
   38366     |      29.94       |      40.17      
   38367     |      28.51       |      39.66      
   38368     |      33.33       |      41.32      
   38369     |      36.39       |      43.64      
   38370     |      39.82       |      49.17      
   38371     |      31.96       |      42.22      
   38372     |      26.95       |      36.62      
   38373     |      24.53       |      34.55      
   38374     |      25.21       |      34.13      
   38375     |      16.79       |      25.98      
   38376     |       8.84       |      17.73      
   38377     |       9.94       |      16.08      
   38378     |       9.01       |      10.64      
   38379     |       6.63       |       5.76      
   38380     |       9.61       |       5.70      
   38381     |      11.01       |       2.99      
   38382     |      24.41       |      15.20      
   38383     |      18.33       |       9.45      
   38384     |      15.23       |       5.10      
   38385     |      22.81       |      15.77      
   38386     |      41.58       |      34.25      
   38387     |      41.87       |      34.58      
   38388     |      41.03       |      33.47      
   38389     |      27.88       |      21.95      
   38390     |      30.95       |      25.65      
   38391     |      34.81       |      28.66      
   38392     |      27.42       |      18.15      
   38393     |      25.58       |      16.32      
   38394     |      32.45       |      28.89      
   38395     |      24.29       |      16.09      
   38396     |      39.74       |      32.80      
   38397     |      37.73       |      29.04      
   38398     |      39.48       |      31.08      
   38399     |      31.65       |      26.74      
   38400     |      20.00       |      17.49      
   38401     |      16.59       |      14.33      
   38402     |      32.81       |      34.58      
   38403     |      50.52       |      49.50      
   38404     |      37.42       |      35.14      
   38405     |      43.55       |      40.67      
   38406     |      46.35       |      44.35      
   38407     |      35.20       |      34.09      
   38408     |      45.76       |      43.46      
   38409     |      40.26       |      38.98      
   38410     |      33.21       |      31.57      
   38411     |      14.54       |      17.25      
   38412     |       5.15       |       6.60      
   38413     |       5.19       |       6.55      
   38451     |      37.03       |      48.34      
   38452     |      26.90       |      39.15      
   38453     |      25.56       |      35.46      
   38454     |      34.71       |      43.78      
   38455     |      31.28       |      41.00      
   38456     |      36.61       |      47.18      
   38457     |      38.72       |      49.48      
   38458     |      31.85       |      42.76      
   38459     |      27.34       |      37.74      
   38460     |      21.59       |      32.11      
   38461     |       8.10       |      17.24      
   38462     |       9.52       |      19.35      
   38463     |       8.30       |      19.91      
   38464     |       4.77       |      16.49      
   38465     |       8.05       |       4.07      
   38466     |      13.18       |      15.72      
   38467     |      39.22       |      30.06      
   38468     |      28.32       |      17.67      
   38469     |      26.94       |      20.67      
   38470     |      32.84       |      27.67      
   38471     |      19.55       |      20.61      
   38472     |      21.31       |      20.26      
   38473     |      18.67       |      10.93      
   38474     |      35.80       |      27.65      
   38475     |      46.69       |      42.00      
   38476     |      36.30       |      32.01      
   38477     |      28.06       |      26.04      
   38478     |      35.33       |      33.80      
   38479     |      10.53       |      18.37      
   38480     |      37.37       |      39.48      
   38504     |      32.26       |      41.70      
   38505     |      27.78       |      37.80      
   38506     |      29.13       |      38.70      
   38507     |      36.99       |      46.58      
   38508     |      41.39       |      50.31      
   38509     |      38.52       |      49.50      
   38510     |      35.27       |      45.76      
   38511     |      28.88       |      37.67      
   38512     |      12.45       |      24.36      
   38513     |      10.61       |      22.63      
   38514     |      16.17       |      28.37      
   38515     |       4.54       |      15.98      
   38516     |       1.09       |      13.10      
   38517     |      11.65       |       7.90      
   38518     |       8.87       |       3.52      
   38519     |      14.96       |       8.46      
   38520     |      18.09       |       6.07      
   38521     |      31.75       |      21.02      
   38522     |      41.60       |      34.25      
   38523     |      34.69       |      27.06      
   38524     |      31.09       |      23.78      
   38525     |      16.20       |      14.09      
   38526     |      40.23       |      37.88      
   38527     |      16.99       |      16.97      
   38528     |      15.42       |      15.72      
   38529     |      14.28       |      15.99      
   38530     |      43.07       |      41.75      
   38531     |      40.89       |      39.63      
   38532     |      30.88       |      28.69      
   38533     |      32.09       |      29.26      
   38534     |      43.64       |      41.82      
   38535     |      46.08       |      43.69      
   38536     |      41.58       |      42.67      
   38537     |      45.51       |      45.89      
   38538     |      39.26       |      37.70      
   38539     |      37.70       |      37.16      
   38540     |      41.43       |      41.36      
   38541     |      35.67       |      36.40      
   38542     |      24.30       |      23.62      
   38543     |      13.25       |      21.83      
   38578     |      24.97       |      37.18      
   38579     |      29.71       |      39.67      
   38580     |      38.70       |      48.35      
   38581     |      29.98       |      41.17      
   38582     |      31.85       |      42.85      
   38583     |      38.52       |      49.53      
   38584     |      42.92       |      52.98      
   38585     |      37.09       |      47.46      
   38586     |      40.02       |      49.06      
   38587     |      33.66       |      43.50      
   38588     |      18.89       |      29.20      
   38589     |      21.77       |      32.63      
   38590     |      16.09       |      27.90      
   38591     |      17.80       |      29.76      
   38592     |       1.44       |      13.14      
   38593     |       6.52       |      10.94      
   38594     |      35.97       |      27.34      
   38595     |      44.57       |      37.04      
   38596     |      34.74       |      27.26      
   38597     |      46.24       |      39.62      
   38598     |      32.57       |      29.12      
   38599     |      25.14       |      21.24      
   38600     |      30.85       |      25.45      
   38601     |      34.93       |      30.08      
   38602     |      41.30       |      35.53      
   38603     |      25.26       |      20.39      
   38604     |      15.03       |      13.28      
   38605     |      31.90       |      33.50      
   38606     |      25.41       |      20.88      
   38607     |      33.07       |      24.80      
   38608     |      48.63       |      41.32      
   38609     |      40.66       |      42.23      
   38610     |      42.39       |      42.02      
   38611     |      32.82       |      35.25      
   38612     |      28.66       |      36.72      
   38613     |      38.06       |      44.07      
   38646     |      32.33       |      43.96      
   38647     |      38.44       |      48.01      
   38648     |      28.00       |      38.82      
   38649     |      34.98       |      46.14      
   38650     |      30.41       |      40.37      
   38651     |      38.56       |      48.69      
   38652     |      33.29       |      44.47      
   38653     |      31.87       |      42.75      
   38654     |      35.92       |      45.03      
   38655     |      12.80       |      22.88      
   38656     |      10.74       |      22.81      
   38657     |       6.52       |      18.55      
   38658     |      10.27       |      21.77      
   38659     |       6.59       |       5.62      
   38660     |       5.26       |       8.19      
   38661     |       9.35       |       2.84      
   38662     |      13.59       |       5.05      
   38663     |      18.50       |       6.48      
   38664     |      19.24       |       7.46      
   38665     |      16.69       |       4.68      
   38666     |      17.43       |       5.36      
   38667     |      27.39       |      20.48      
   38668     |      42.75       |      36.77      
   38669     |      46.36       |      39.94      
   38670     |      34.41       |      26.99      
   38671     |      33.87       |      27.77      
   38672     |      42.42       |      36.43      
   38673     |      32.00       |      28.00      
   38674     |      28.34       |      27.02      
   38675     |      24.39       |      19.44      
   38676     |      26.17       |      26.13      
   38677     |      35.28       |      33.43      
   38678     |      34.16       |      29.92      
   38679     |      36.18       |      31.63      
   38680     |      28.77       |      23.88      
   38681     |      28.37       |      25.16      
   38682     |      46.53       |      42.77      
   38683     |      52.20       |      47.32      
   38684     |      62.00       |      57.89      
   38685     |      51.35       |      48.44      
   38686     |      48.56       |      47.16      
   38687     |      39.29       |      40.78      
   38688     |      35.98       |      38.02      
   38689     |      46.62       |      45.72      
   38690     |      42.78       |      44.19      
   38691     |      27.36       |      29.56      
   38692     |      13.29       |      21.57      
   38693     |      31.28       |      34.95      
   38694     |      27.88       |      35.31      
   38695     |      40.39       |      46.51      
   38696     |      40.44       |      46.56      
   38720     |      25.36       |      34.46      
   38721     |      22.20       |      33.18      
   38722     |      30.33       |      40.78      
   38723     |      30.18       |      40.69      
   38724     |      32.70       |      42.87      
   38725     |      31.38       |      40.90      
   38726     |      26.76       |      36.03      
   38727     |      41.23       |      48.71      
   38728     |      38.57       |      46.42      
   38729     |      34.68       |      43.99      
   38730     |      36.00       |      45.17      
   38731     |      30.25       |      39.63      
   38732     |      26.17       |      36.74      
   38733     |      26.16       |      34.13      
   38734     |      23.44       |      32.33      
   38735     |      19.21       |      27.69      
   38736     |      15.81       |      27.00      
   38737     |      17.07       |      27.02      
   38738     |      17.62       |      27.30      
   38739     |      10.09       |       6.81      
   38740     |      29.53       |      22.52      
   38741     |      34.61       |      27.69      
   38742     |      39.10       |      32.91      
   38743     |      46.32       |      39.86      
   38744     |      24.76       |      18.19      
   38745     |      33.83       |      27.73      
   38746     |      26.00       |      18.55      
   38747     |      39.91       |      32.14      
   38748     |      35.16       |      29.28      
   38749     |      36.47       |      31.61      
   38750     |      29.86       |      24.04      
   38751     |      53.75       |      52.77      
   38752     |      41.06       |      41.35      
   38753     |      47.36       |      49.43      
   38754     |      47.16       |      49.38      
   38755     |      28.10       |      31.27      
   38756     |      41.61       |      44.44      
   38782     |      36.29       |      44.22      
   38783     |      33.33       |      41.97      
   38784     |      29.99       |      39.90      
   38785     |      31.88       |      41.22      
   38786     |      30.92       |      39.97      
   38787     |      34.50       |      42.82      
   38788     |      32.66       |      40.96      
   38789     |      34.20       |      43.21      
   38790     |      29.61       |      37.18      
   38791     |      33.38       |      41.75      
   38792     |      33.11       |      43.29      
   38793     |      25.55       |      35.62      
   38794     |      21.66       |      33.73      
   38795     |      14.81       |      27.11      
   38796     |      19.31       |      30.95      
   38797     |      20.30       |      32.45      
   38798     |      19.65       |      25.08      
   38799     |       9.44       |       6.72      
   38800     |       9.93       |       2.30      
   38801     |       8.97       |       6.29      
   38802     |      21.07       |      14.87      
   38803     |      30.21       |      21.96      
   38804     |      34.88       |      27.29      
   38805     |      42.00       |      33.62      
   38806     |      44.35       |      35.97      
   38807     |      36.30       |      28.31      
   38808     |      24.45       |      19.37      
   38809     |      24.17       |      19.98      
   38810     |      20.51       |      18.84      
   38811     |      40.08       |      36.22      
   38812     |      45.75       |      43.80      
   38813     |      33.72       |      30.90      
   38814     |      35.15       |      37.16      
   38815     |      50.68       |      51.38      
   38816     |      50.24       |      51.11      
   38818     |      54.76       |      53.23      
   38819     |      39.87       |      39.30      
   38820     |      28.99       |      32.55      
   38821     |      29.76       |      32.07      
   38822     |      35.79       |      37.20      
   38823     |      39.45       |      39.31      
   38824     |      29.64       |      35.75      
   38844     |      21.17       |      27.96      
   38845     |      11.96       |      23.79      
   38846     |      28.86       |      39.32      
   38847     |      36.19       |      44.75      
   38848     |      27.85       |      37.09      
   38849     |      36.07       |      44.42      
   38850     |      26.55       |      34.68      
   38851     |      25.90       |      31.10      
   38852     |      34.09       |      42.85      
   38853     |      27.90       |      38.03      
   38854     |      11.66       |      23.60      
   38855     |      14.18       |      26.47      
   38856     |      17.67       |      28.03      
   38857     |      25.72       |      33.13      
   38858     |      19.65       |      24.66      
   38859     |       8.47       |      17.07      
   38860     |       3.61       |       9.25      
   38861     |      41.56       |      32.81      
   38862     |      40.44       |      33.87      
   38863     |      32.05       |      26.91      
   38864     |      24.98       |      19.84      
   38865     |      34.33       |      29.54      
   38866     |      21.83       |      21.37      
   38867     |      36.86       |      40.00      
   38868     |      40.47       |      39.35      
   38869     |      36.63       |      35.59      
   38870     |      38.67       |      36.98      
   38871     |      45.70       |      43.48      
   38872     |      51.46       |      47.57      
   38873     |      44.99       |      40.23      
   38874     |      46.29       |      45.64      
   38875     |      44.66       |      44.63      
   38876     |      34.30       |      33.97      
   38877     |      27.84       |      29.40      
   38878     |      37.68       |      36.04      
   38879     |      44.06       |      43.80      
   38907     |      33.83       |      41.99      
   38908     |      29.31       |      38.26      
   38909     |      34.56       |      39.94      
   38910     |      35.99       |      41.43      
   38911     |      25.33       |      35.14      
   38912     |      35.88       |      44.35      
   38913     |      31.94       |      40.31      
   38914     |      26.65       |      33.35      
   38915     |      32.45       |      39.66      
   38916     |      37.33       |      43.25      
   38917     |      33.79       |      41.29      
   38918     |      26.04       |      32.09      
   38919     |      24.40       |      31.03      
   38920     |      33.13       |      40.95      
   38921     |      29.27       |      38.87      
   38922     |      27.45       |      36.92      
   38923     |      23.14       |      34.27      
   38924     |      20.08       |      31.62      
   38925     |      17.23       |      29.53      
   38926     |      11.62       |      23.57      
   38927     |      18.66       |      28.18      
   38928     |      22.94       |      30.87      
   38929     |       7.61       |      14.24      
   38930     |       9.89       |       2.43      
   38931     |      14.09       |       6.74      
   38932     |      43.56       |      35.95      
   38933     |      35.63       |      27.63      
   38934     |      36.35       |      28.32      
   38935     |      45.20       |      40.27      
   38936     |      28.25       |      24.10      
   38937     |      33.91       |      27.98      
   38938     |      44.30       |      38.07      
   38939     |      36.17       |      31.66      
   38940     |      38.19       |      41.81      
   38941     |      29.98       |      33.49      
   38942     |      43.86       |      41.44      
   38943     |      55.26       |      52.65      
   38944     |      49.09       |      47.86      
   38945     |      42.94       |      41.87      
   38946     |      50.69       |      47.39      
   38947     |      46.63       |      43.27      
   38948     |      51.27       |      49.11      
   38949     |      47.87       |      46.00      
   38950     |      25.60       |      26.32      
   38951     |      32.45       |      32.53      
   38952     |      47.35       |      46.86      
   38953     |      44.44       |      44.66      
   38976     |      26.04       |      38.58      
   38977     |      37.10       |      45.08      
   38978     |      40.33       |      47.39      
   38979     |      36.64       |      43.16      
   38980     |      19.66       |      28.17      
   38981     |      29.85       |      37.52      
   38982     |      36.02       |      44.68      
   38983     |      45.47       |      52.85      
   38984     |      23.65       |      31.42      
   38985     |      34.81       |      43.20      
   38986     |      33.52       |      41.40      
   38987     |      25.67       |      36.81      
   38988     |      23.37       |      31.09      
   38989     |      31.26       |      38.39      
   38990     |      25.76       |      31.71      
   38991     |      16.79       |      23.21      
   38992     |      16.89       |      23.30      
   38993     |       7.55       |      15.33      
   38994     |       9.56       |      13.66      
   38995     |       6.36       |       6.55      
   38996     |      15.28       |      12.70      
   38997     |      27.88       |      24.07      
   38998     |      29.72       |      25.44      
   38999     |      36.02       |      31.84      
   39000     |      39.58       |      34.34      
   39001     |      47.39       |      42.51      
   39002     |      35.57       |      33.59      
   39003     |      54.89       |      52.28      
   39004     |      47.14       |      46.36      
   39005     |      39.99       |      36.80      
   39006     |      21.80       |      19.06      
   39007     |      40.69       |      38.46      
   39008     |      48.60       |      45.81      
   39009     |      41.60       |      38.26      
   39010     |      37.94       |      34.55      
   39011     |      37.92       |      38.38      
   39012     |      46.79       |      46.55      
   39035     |      22.14       |      33.84      
   39036     |      25.22       |      35.49      
   39037     |      27.27       |      35.76      
   39038     |      40.13       |      50.48      
   39039     |      41.62       |      50.82      
   39040     |      21.09       |      31.67      
   39041     |      38.04       |      43.54      
   39042     |      29.79       |      35.36      
   39043     |      28.71       |      38.80      
   39044     |      32.74       |      41.91      
   39045     |      31.69       |      40.73      
   39046     |      28.16       |      39.19      
   39047     |      43.01       |      52.72      
   39048     |      39.19       |      49.47      
   39049     |      35.45       |      46.07      
   39050     |      45.04       |      53.70      
   39051     |      27.86       |      37.79      
   39052     |      28.20       |      37.10      
   39053     |      27.64       |      36.76      
   39054     |      36.14       |      45.49      
   39055     |      34.88       |      46.09      
   39056     |      31.43       |      42.76      
   39057     |      33.59       |      43.35      
   39058     |      15.49       |      27.17      
   39059     |      11.93       |      23.89      
   39060     |      11.47       |      20.35      
   39061     |      17.88       |      25.36      
   39062     |      18.19       |      25.48      
   39063     |       6.59       |      15.08      
   39064     |      11.65       |      19.78      
   39065     |       9.99       |      19.38      
   39066     |       1.86       |      13.50      
   39067     |       2.37       |      12.03      
   39068     |      14.61       |      15.11      
   39069     |      20.92       |      22.98      
   39070     |      24.06       |      21.94      
   39071     |      25.95       |      23.24      
   39072     |      38.74       |      36.19      
   39073     |      25.07       |      27.12      
   39074     |      42.22       |      42.31      
   39075     |      46.21       |      41.72      
   39076     |      36.52       |      36.28      
   39077     |      36.89       |      36.56      
   39078     |      38.78       |      34.76      
   39079     |      26.60       |      27.06      
   39080     |      36.42       |      35.32      
   39081     |      42.16       |      40.93      
   39082     |      47.77       |      46.95      
   39083     |      55.28       |      52.62      
   39084     |      48.23       |      45.33      
   39085     |      43.02       |      42.02      
   39086     |      50.72       |      50.23      
   39087     |      51.44       |      50.75      
   39088     |      38.39       |      35.32      
   39089     |      41.16       |      38.09      
   39090     |      37.61       |      34.04      
   39091     |      28.13       |      25.53      
   39117     |      32.28       |      44.58      
   39118     |      30.87       |      42.23      
   39119     |      29.68       |      41.06      
   39120     |      40.72       |      51.21      
   39121     |      20.61       |      30.95      
   39122     |      24.94       |      34.35      
   39123     |      25.31       |      34.55      
   39124     |      37.86       |      46.12      
   39125     |      31.73       |      38.74      
   39126     |      23.34       |      33.79      
   39127     |      21.30       |      32.30      
   39128     |      43.98       |      54.87      
   39129     |      40.32       |      51.82      
   39130     |      36.25       |      48.02      
   39131     |      34.36       |      46.54      
   39132     |      41.04       |      53.04      
   39133     |      28.01       |      39.86      
   39134     |      22.76       |      34.87      
   39135     |      23.13       |      35.15      
   39136     |      14.01       |      26.00      
   39137     |      19.66       |      28.67      
   39138     |      20.56       |      29.65      
   39139     |      16.18       |      26.85      
   39140     |      12.85       |      23.87      
   39141     |      21.00       |      23.15      
   39142     |      26.16       |      27.83      
   39143     |      28.16       |      27.41      
   39144     |      40.86       |      38.59      
   39145     |      47.00       |      43.37      
   39146     |      55.56       |      51.43      
   39147     |      36.67       |      35.35      
   39148     |      27.65       |      27.62      
   39149     |      40.94       |      42.64      
   39150     |      42.51       |      42.82      
   39151     |      39.79       |      36.72      
   39152     |      30.57       |      28.54      
   39153     |      27.00       |      27.58      
   39154     |      37.56       |      35.94      
   39155     |      39.91       |      35.76      
   39156     |      36.23       |      31.70      
   39157     |      40.49       |      35.67      
   39158     |      47.27       |      47.17      
   39180     |      30.37       |      41.42      
   39181     |      35.73       |      46.17      
   39182     |      45.56       |      55.79      
   39183     |      47.39       |      57.16      
   39184     |      46.03       |      56.82      
   39185     |      30.04       |      42.11      
   39186     |      39.38       |      48.53      
   39187     |      33.85       |      43.50      
   39188     |      32.53       |      42.13      
   39189     |      35.89       |      47.27      
   39190     |      40.73       |      51.92      
   39191     |      37.43       |      49.23      
   39192     |      42.29       |      53.58      
   39193     |      37.82       |      49.41      
   39194     |      39.25       |      50.48      
   39195     |      33.91       |      45.87      
   39196     |      25.44       |      32.44      
   39197     |      29.59       |      37.74      
   39198     |      17.58       |      28.32      
   39199     |      15.84       |      20.91      
   39203     |      53.06       |      48.77      
   39204     |      45.24       |      41.37      
   39205     |      56.14       |      52.69      
   39206     |      47.68       |      45.03      
   39207     |      37.65       |      40.02      
   39208     |      39.21       |      41.44      
   39209     |      31.99       |      32.82      
   39210     |      36.57       |      36.26      
   39211     |      30.81       |      29.93      
   39212     |      40.29       |      36.96      
   39213     |      37.90       |      36.33      
   39214     |      44.99       |      42.10      
   39215     |      44.94       |      42.07      
   39216     |      48.56       |      45.53      
   39217     |      48.20       |      45.30      
   39218     |      50.06       |      47.04      
   39219     |      45.87       |      42.07      
   39220     |      38.79       |      34.38      
   39221     |      36.19       |      31.68      
   39222     |      29.68       |      28.37      
   39223     |      31.83       |      30.64      
   39224     |      42.06       |      40.14      
   39225     |      41.46       |      41.67      
   39255     |      26.43       |      36.53      
   39256     |      33.28       |      45.47      
   39257     |      24.23       |      36.43      
   39258     |      28.54       |      38.76      
   39259     |      34.90       |      45.05      
   39260     |      25.54       |      37.29      
   39261     |      27.06       |      39.51      
   39262     |      29.14       |      40.98      
   39263     |      42.85       |      54.20      
   39264     |      33.11       |      44.46      
   39265     |      25.39       |      37.75      
   39266     |      28.61       |      38.54      
   39267     |      24.24       |      34.62      
   39281     |      41.17       |      39.34      
   39283     |      31.37       |      33.54      
   39284     |      31.87       |      33.91      
   39285     |      19.18       |      23.23      
   39286     |      28.87       |      23.99      
   39287     |      34.45       |      29.96      
   39288     |      39.50       |      34.52      
   39289     |      33.13       |      33.33      
   39290     |      27.36       |      29.11      
   39291     |      37.62       |      34.06      
   39292     |      38.56       |      35.09      
   39293     |      45.13       |      40.45      
   39294     |      47.28       |      46.12      
   39295     |      34.47       |      34.31      
   39296     |      41.34       |      38.14      
   39297     |      34.57       |      31.34      
   39312     |      26.35       |      38.00      
   39313     |      28.61       |      39.44      
   39314     |      39.73       |      51.56      
   39315     |      42.44       |      53.23      
   39316     |      45.93       |      56.28      
   39317     |      44.71       |      55.02      
   39318     |      46.23       |      56.21      
   39319     |      33.98       |      44.52      
   39320     |      25.46       |      36.92      
   39321     |      34.35       |      44.46      
   39322     |      41.11       |      53.42      
   39323     |      41.80       |      53.98      
   39344     |      30.05       |      29.43      
   39345     |      41.65       |      38.78      
   39346     |      33.70       |      31.29      
   39347     |      37.52       |      34.37      
   39348     |      30.18       |      32.16      
   39349     |      40.90       |      41.60      
   39350     |      41.54       |      41.82      
   39351     |      55.70       |      54.39      
   39352     |      56.09       |      54.61      
   39353     |      45.10       |      44.97      
   39354     |      50.47       |      48.78      
   39355     |      37.19       |      36.67      
   39356     |      47.75       |      46.23      
   39357     |      32.90       |      32.32      
   39358     |      15.34       |      14.62      
   39359     |      34.59       |      31.83      
   39360     |      36.15       |      37.16      
   39361     |      49.17       |      48.69      
   39362     |      50.68       |      49.53      
   39363     |      51.36       |      50.15      
   39364     |      37.20       |      34.64      
   39398     |      39.45       |      51.32      
   39399     |      32.03       |      44.63      
   39400     |      45.23       |      55.81      
   39401     |      50.24       |      59.96      
   39402     |      38.44       |      48.97      
   39403     |      24.80       |      36.70      
   39404     |      28.77       |      40.26      
   39405     |      30.08       |      41.16      
   39406     |      36.04       |      46.22      
   39407     |      36.84       |      46.83      
   39408     |      31.13       |      43.65      
   39409     |      39.94       |      52.51      
   39410     |      41.48       |      53.94      
   39411     |      41.39       |      53.84      
   39412     |      42.74       |      55.33      
   39413     |      40.53       |      53.10      
   39434     |      45.32       |      41.79      
   39435     |      51.51       |      55.37      
   39436     |      55.73       |      57.97      
   39437     |      40.91       |      40.45      
   39438     |      39.40       |      39.71      
   39439     |      41.13       |      40.33      
   39440     |      38.80       |      38.28      
   39441     |      44.72       |      42.73      
   39442     |      34.86       |      33.96      
   39461     |      43.19       |      55.40      
   39462     |      38.65       |      50.32      
   39463     |      33.99       |      46.46      
   39464     |      29.49       |      42.07      
   39465     |      46.07       |      55.58      
   39466     |      45.70       |      55.29      
   39467     |      41.01       |      50.57      
   39468     |      42.56       |      51.85      
   39469     |      16.88       |      29.50      
   39470     |      23.35       |      35.55      
   39471     |      37.42       |      49.72      
   39473     |      37.22       |      49.79      
   39503     |      27.77       |      32.50      
   39505     |      52.86       |      53.33      
   39506     |      50.33       |      52.53      
   39507     |      46.15       |      49.59      
   39508     |      43.15       |      40.91      
   39509     |      32.29       |      32.10      
   39510     |      38.28       |      41.29      
   39511     |      46.59       |      46.77      
   39512     |      49.34       |      49.03      
   39513     |      41.44       |      41.30      
   39514     |      31.81       |      29.99      
   39515     |      33.53       |      31.37      
   39516     |      40.82       |      39.57      
   39533     |      43.56       |      55.32      
   39534     |      36.07       |      48.53      
   39535     |      28.36       |      39.26      
   39536     |      36.33       |      45.25      
   39537     |      35.61       |      45.42      
   39538     |      28.37       |      40.69      
   39539     |      29.09       |      41.15      
   39540     |      34.35       |      45.99      
   39541     |      39.87       |      49.28      
   39542     |      37.13       |      46.44      
   39543     |      29.74       |      41.37      
   39568     |      44.29       |      47.23      
   39569     |      43.04       |      46.12      
   39570     |      26.53       |      27.66      
   39571     |      45.11       |      44.61      
   39572     |      43.30       |      44.21      
   39573     |      38.25       |      41.25      
   39574     |      31.53       |      28.16      
   39596     |      39.19       |      50.18      
   39597     |      34.55       |      46.44      
   39598     |      36.55       |      47.35      
   39599     |      45.92       |      55.80      
   39600     |      43.96       |      54.55      
   39601     |      43.76       |      55.01      
   39602     |      35.56       |      47.51      
   39603     |      36.07       |      47.94      
   39647     |      47.14       |      46.89      
   39649     |      29.26       |      22.57      
   39651     |      42.64       |      36.72      
   39674     |      34.67       |      45.86      
   39675     |      39.68       |      50.02      
   39676     |      36.26       |      46.38      
   39677     |      40.65       |      49.85      
   39678     |      40.16       |      49.78      
   39726     |      30.37       |      38.27      
   39727     |      23.67       |      35.19      
   39728     |      36.04       |      44.11      
   39801     |      23.97       |      35.70      
   39802     |      27.30       |      37.59      
   39803     |      35.50       |      45.20      
   39871     |      34.14       |      45.34      
