=== Visibility Analysis Summary ===
Total patches: 49152
Geometric visible: 2938 (6.0%)
Light illuminated: 2924 (99.5% of geometric)
Reflection conditions met: 2938 (100.0% of geometric)
Light unoccluded: 2924 (99.5% of geometric)
Final visible: 2924 (5.9% of total)
Visible area: 478.24 (6.0% of total area)

=== Detailed Visibility Information ===
Patch Index  | Incidence Angle  |  Viewing Angle  
-------------+------------------+-----------------
   25222     |      39.90       |      31.25      
   25223     |      48.87       |      42.48      
   25224     |      54.96       |      50.41      
   25225     |      54.03       |      42.83      
   25226     |      58.63       |      49.87      
   25227     |      58.21       |      34.81      
   25228     |      57.51       |      49.99      
   25229     |      42.55       |      35.38      
   25230     |      37.00       |      29.65      
   25231     |      42.36       |      17.50      
   25232     |      41.34       |      16.58      
   25233     |      43.82       |      17.92      
   25234     |      44.30       |      22.17      
   25235     |      32.39       |      18.93      
   25236     |      32.33       |      19.00      
   25237     |      41.96       |      18.41      
   25238     |      53.89       |      30.31      
   25239     |      63.94       |      41.73      
   25240     |      48.00       |      10.73      
   25241     |      49.03       |      24.70      
   25242     |      46.42       |      33.09      
   25243     |      46.39       |      11.64      
   25244     |      54.50       |      21.17      
   25245     |      54.77       |      19.82      
   25246     |      66.77       |      47.81      
   25247     |      44.17       |      38.93      
   25248     |      58.19       |      50.11      
   25249     |      49.85       |      31.79      
   25250     |      62.76       |      49.41      
   25251     |      57.47       |      35.17      
   25252     |      45.73       |      35.65      
   25253     |      45.55       |      35.19      
   25254     |      42.52       |      32.59      
   25255     |      48.69       |      34.26      
   25256     |      54.18       |      27.97      
   25257     |      62.24       |      43.97      
   25258     |      41.94       |      34.99      
   25259     |      50.92       |      48.50      
   25260     |      64.46       |      52.69      
   25261     |      57.58       |      45.82      
   25272     |      53.90       |      38.56      
   25273     |      50.09       |      34.52      
   25274     |      48.41       |      45.47      
   25275     |      60.80       |      36.46      
   25276     |      56.21       |      38.84      
   25277     |      63.25       |      50.16      
   25278     |      39.97       |      24.11      
   25279     |      41.44       |      12.73      
   25280     |      48.49       |      18.92      
   25281     |      40.28       |      20.84      
   25282     |      37.45       |      18.80      
   25283     |      30.24       |      20.85      
   25284     |      41.88       |      13.50      
   25285     |      55.90       |      30.97      
   25286     |      53.84       |      34.38      
   25287     |      58.18       |      41.58      
   25288     |      59.40       |      39.30      
   25289     |      47.11       |      10.73      
   25290     |      58.77       |      28.36      
   25291     |      61.84       |      24.68      
   25292     |      52.42       |      11.98      
   25293     |      52.61       |      11.57      
   25294     |      49.99       |       8.26      
   25295     |      42.45       |      17.58      
   25296     |      42.82       |      17.93      
   25297     |      43.31       |      15.02      
   25298     |      49.10       |      18.32      
   25299     |      50.13       |      26.46      
   25300     |      56.33       |      26.50      
   25301     |      52.52       |      23.80      
   25302     |      54.54       |      26.56      
   25303     |      50.13       |      23.53      
   25304     |      54.30       |      42.87      
   25305     |      51.66       |      39.70      
   25306     |      45.99       |      37.42      
   25307     |      49.63       |      41.01      
   25308     |      49.24       |      30.14      
   25309     |      48.82       |      27.23      
   25310     |      42.99       |      25.45      
   25311     |      45.64       |      29.23      
   25312     |      51.04       |      32.70      
   25313     |      47.05       |      26.27      
   25314     |      56.14       |      33.24      
   25315     |      61.87       |      38.05      
   25316     |      62.88       |      43.73      
   25317     |      47.95       |      27.12      
   25318     |      65.74       |      49.41      
   25319     |      56.37       |      39.89      
   25320     |      50.29       |      37.80      
   25337     |      51.44       |      48.49      
   25338     |      46.42       |      45.24      
   25339     |      40.72       |      36.06      
   25340     |      44.38       |      29.53      
   25341     |      49.38       |      37.49      
   25342     |      63.57       |      48.30      
   25343     |      54.67       |      35.40      
   25344     |      43.67       |      20.40      
   25345     |      34.93       |      15.93      
   25346     |      40.67       |      11.60      
   25347     |      40.39       |      13.85      
   25348     |      50.02       |      35.13      
   25349     |      49.52       |      39.96      
   25350     |      51.55       |      40.80      
   25351     |      53.10       |      31.51      
   25352     |      51.45       |      29.01      
   25353     |      47.04       |      10.88      
   25354     |      63.52       |      24.90      
   25355     |      57.73       |      30.93      
   25356     |      54.15       |      13.65      
   25357     |      45.04       |       5.79      
   25358     |      46.14       |      22.86      
   25359     |      43.27       |      27.67      
   25360     |      46.28       |      32.50      
   25361     |      45.68       |      29.44      
   25362     |      43.04       |      49.51      
   25363     |      49.73       |      52.02      
   25364     |      49.21       |      40.83      
   25365     |      45.03       |      30.83      
   25366     |      46.19       |      32.13      
   25367     |      52.34       |      46.05      
   25368     |      46.05       |      34.97      
   25369     |      43.25       |      34.80      
   25370     |      39.02       |      31.92      
   25371     |      56.32       |      32.73      
   25372     |      49.33       |      35.17      
   25373     |      53.92       |      28.11      
   25374     |      63.94       |      40.21      
   25375     |      68.59       |      42.81      
   25376     |      46.42       |      34.95      
   25377     |      45.70       |      33.62      
   25390     |      47.10       |      40.68      
   25391     |      43.82       |      40.56      
   25392     |      50.88       |      50.07      
   25393     |      51.40       |      51.58      
   25394     |      49.43       |      42.46      
   25395     |      49.67       |      29.01      
   25396     |      40.28       |      41.64      
   25397     |      46.29       |      47.07      
   25398     |      54.02       |      41.59      
   25399     |      49.85       |      21.37      
   25400     |      53.04       |      29.43      
   25401     |      51.71       |      22.13      
   25402     |      43.21       |      12.00      
   25403     |      44.25       |      20.60      
   25404     |      43.62       |      13.80      
   25405     |      46.11       |      16.84      
   25406     |      46.26       |      20.25      
   25407     |      43.60       |      10.44      
   25408     |      42.63       |      20.86      
   25409     |      43.67       |      22.96      
   25410     |      45.26       |      33.08      
   25411     |      46.52       |       6.39      
   25412     |      44.07       |       8.19      
   25413     |      45.20       |      31.75      
   25414     |      44.46       |      30.81      
   25415     |      47.87       |      40.89      
   25416     |      47.36       |      40.82      
   25417     |      39.27       |      25.42      
   25418     |      50.56       |      17.72      
   25419     |      52.69       |       7.17      
   25420     |      54.56       |      17.62      
   25421     |      53.90       |      13.69      
   25422     |      52.85       |       4.67      
   25423     |      44.68       |      18.26      
   25424     |      46.09       |      20.25      
   25425     |      51.69       |      24.62      
   25426     |      51.83       |      26.66      
   25427     |      44.51       |      19.85      
   25428     |      28.90       |      22.74      
   25429     |      39.63       |      38.63      
   25430     |      31.45       |      36.07      
   25431     |      43.51       |      53.63      
   25432     |      36.85       |      32.21      
   25433     |      56.79       |      51.31      
   25434     |      64.83       |      55.86      
   25435     |      51.76       |      39.63      
   25436     |      37.12       |      32.35      
   25437     |      47.43       |      37.43      
   25438     |      52.03       |      32.72      
   25439     |      27.75       |      27.90      
   25440     |      43.33       |      32.23      
   25441     |      47.88       |      42.16      
   25442     |      53.78       |      45.30      
   25443     |      59.45       |      43.69      
   25444     |      49.78       |      38.09      
   25459     |      45.54       |      44.81      
   25460     |      42.29       |      39.85      
   25461     |      52.84       |      47.59      
   25462     |      49.39       |      42.48      
   25463     |      45.77       |      32.29      
   25464     |      48.15       |      43.07      
   25465     |      48.18       |      43.08      
   25466     |      45.73       |      30.94      
   25467     |      45.09       |      19.35      
   25468     |      47.25       |      28.23      
   25469     |      62.12       |      39.20      
   25470     |      62.04       |      39.34      
   25471     |      52.90       |      24.15      
   25472     |      54.41       |      16.01      
   25473     |      53.76       |       8.29      
   25474     |      54.54       |      17.65      
   25475     |      59.01       |      31.66      
   25476     |      61.93       |      20.85      
   25477     |      54.22       |       5.18      
   25478     |      57.25       |       6.68      
   25479     |      48.17       |      16.27      
   25480     |      45.10       |      20.03      
   25481     |      49.62       |      28.14      
   25482     |      49.77       |      19.44      
   25483     |      52.09       |      23.27      
   25484     |      45.12       |      23.17      
   25485     |      48.65       |      37.22      
   25487     |      51.53       |      38.74      
   25488     |      48.01       |      38.23      
   25489     |      41.73       |      26.33      
   25490     |      66.45       |      35.15      
   25491     |      67.14       |      36.00      
   25492     |      46.23       |      26.86      
   25493     |      42.79       |      20.29      
   25494     |      52.16       |      37.51      
   25495     |      44.35       |      33.49      
   25496     |      50.77       |      44.33      
   25497     |      59.91       |      44.30      
   25498     |      57.34       |      39.32      
   25499     |      49.28       |      37.47      
   25500     |      37.79       |      33.92      
   25501     |      46.36       |      42.24      
   25515     |      45.67       |      44.86      
   25516     |      48.77       |      46.41      
   25517     |      42.24       |      28.41      
   25518     |      49.25       |      36.88      
   25519     |      51.87       |      41.42      
   25520     |      54.34       |      42.07      
   25521     |      47.82       |      33.16      
   25522     |      45.76       |      24.74      
   25523     |      43.51       |      21.45      
   25524     |      45.44       |      22.72      
   25525     |      47.33       |      17.73      
   25526     |      46.95       |      14.92      
   25527     |      41.82       |      28.45      
   25528     |      37.36       |      25.16      
   25529     |      37.71       |      26.37      
   25530     |      42.57       |      13.00      
   25531     |      46.35       |      16.50      
   25532     |      47.80       |       6.60      
   25533     |      43.65       |       7.72      
   25534     |      70.08       |      40.34      
   25535     |      63.01       |      19.20      
   25536     |      60.26       |      23.35      
   25537     |      53.00       |       8.53      
   25538     |      55.68       |      18.85      
   25539     |      62.69       |      20.80      
   25540     |      61.56       |      15.09      
   25541     |      58.78       |      16.15      
   25542     |      61.85       |      11.31      
   25543     |      53.74       |       5.67      
   25544     |      49.97       |      28.14      
   25545     |      45.29       |      21.14      
   25546     |      45.16       |      24.47      
   25547     |      46.55       |      20.91      
   25548     |      43.43       |       9.16      
   25549     |      50.52       |      14.65      
   25550     |      54.09       |      15.45      
   25551     |      59.28       |      20.94      
   25552     |      66.46       |      41.57      
   25553     |      63.41       |      38.31      
   25554     |      70.16       |      54.31      
   25555     |      65.12       |      51.82      
   25556     |      54.40       |      33.34      
   25557     |      57.73       |      42.62      
   25558     |      59.69       |      34.45      
   25559     |      56.66       |      32.16      
   25560     |      54.50       |      41.35      
   25561     |      46.95       |      31.28      
   25562     |      59.64       |      26.89      
   25563     |      58.74       |      30.44      
   25564     |      52.58       |      17.04      
   25565     |      56.23       |      20.03      
   25566     |      52.10       |      40.24      
   25567     |      56.89       |      45.28      
   25568     |      52.02       |      42.83      
   25577     |      42.63       |      39.10      
   25578     |      47.09       |      45.61      
   25579     |      53.89       |      36.82      
   25580     |      58.05       |      38.18      
   25581     |      53.79       |      40.21      
   25582     |      44.60       |      33.56      
   25583     |      41.81       |      23.00      
   25584     |      44.57       |      16.87      
   25585     |      45.77       |      32.30      
   25586     |      34.00       |      26.52      
   25587     |      37.93       |      25.48      
   25588     |      42.84       |      28.65      
   25589     |      46.80       |      14.20      
   25590     |      42.48       |      13.05      
   25591     |      43.85       |       8.08      
   25592     |      43.90       |       8.10      
   25593     |      55.19       |      23.13      
   25594     |      61.81       |      30.42      
   25595     |      62.49       |      35.18      
   25596     |      59.65       |      37.08      
   25597     |      56.04       |      22.20      
   25598     |      49.26       |       6.67      
   25599     |      56.02       |      18.15      
   25600     |      54.42       |      15.80      
   25601     |      57.57       |      14.17      
   25602     |      56.72       |       7.33      
   25603     |      57.57       |       7.67      
   25604     |      53.27       |      19.67      
   25605     |      44.59       |      23.59      
   25606     |      47.11       |      21.42      
   25607     |      50.86       |      18.05      
   25608     |      69.70       |      34.10      
   25609     |      68.85       |      37.78      
   25610     |      71.68       |      42.92      
   25611     |      51.69       |      32.56      
   25612     |      52.85       |      33.40      
   25613     |      59.95       |      44.51      
   25614     |      51.02       |      32.03      
   25615     |      60.35       |      39.29      
   25616     |      60.14       |      34.47      
   25617     |      54.33       |      27.02      
   25618     |      54.55       |      27.12      
   25619     |      52.71       |      25.17      
   25620     |      53.77       |      28.17      
   25621     |      61.93       |      35.43      
   25622     |      68.87       |      50.36      
   25623     |      59.16       |      38.85      
   25624     |      53.93       |      36.03      
   25625     |      53.89       |      36.27      
   25626     |      46.88       |      23.23      
   25637     |      39.85       |      47.32      
   25638     |      40.03       |      48.31      
   25639     |      29.44       |      38.27      
   25640     |      36.45       |      28.44      
   25641     |      51.74       |      38.97      
   25642     |      54.54       |      43.97      
   25643     |      55.07       |      41.11      
   25644     |      44.37       |      28.61      
   25645     |      42.97       |      38.85      
   25646     |      38.97       |      32.90      
   25647     |      54.29       |      37.28      
   25648     |      57.14       |      46.39      
   25649     |      48.60       |      38.48      
   25650     |      43.21       |      18.05      
   25651     |      48.56       |      11.09      
   25652     |      48.11       |      14.01      
   25653     |      42.77       |       9.59      
   25654     |      43.03       |       7.91      
   25655     |      46.49       |       4.23      
   25656     |      52.57       |      24.58      
   25657     |      53.58       |      20.70      
   25658     |      46.22       |       9.83      
   25659     |      52.24       |      16.61      
   25660     |      50.39       |      18.77      
   25661     |      46.38       |      14.67      
   25662     |      50.81       |       2.66      
   25663     |      50.78       |       2.49      
   25664     |      58.98       |       8.66      
   25665     |      57.31       |      17.82      
   25666     |      51.71       |       8.17      
   25667     |      50.21       |      14.01      
   25668     |      50.07       |      25.95      
   25669     |      53.37       |      23.54      
   25670     |      52.34       |      32.23      
   25671     |      50.82       |      30.88      
   25672     |      53.42       |      41.42      
   25673     |      63.33       |      51.43      
   25674     |      52.14       |      31.76      
   25675     |      62.37       |      29.06      
   25676     |      44.54       |      43.51      
   25677     |      43.06       |      42.13      
   25678     |      66.89       |      38.69      
   25679     |      67.94       |      41.28      
   25680     |      68.82       |      29.55      
   25681     |      60.01       |      20.00      
   25682     |      51.32       |      35.43      
   25683     |      47.07       |      23.16      
   25684     |      48.21       |      20.54      
   25685     |      54.84       |      35.11      
   25686     |      63.73       |      42.51      
   25687     |      63.25       |      46.03      
   25688     |      59.54       |      29.56      
   25689     |      61.01       |      33.01      
   25703     |      39.03       |      36.71      
   25704     |      47.24       |      44.45      
   25705     |      46.73       |      40.66      
   25706     |      55.22       |      36.77      
   25707     |      58.45       |      46.91      
   25708     |      47.85       |      30.06      
   25709     |      38.68       |      24.91      
   25710     |      39.46       |      29.41      
   25711     |      35.69       |      25.79      
   25712     |      35.04       |      16.44      
   25713     |      49.54       |      28.19      
   25714     |      46.03       |       7.35      
   25715     |      49.60       |      12.10      
   25716     |      50.63       |       2.44      
   25717     |      50.95       |       5.32      
   25718     |      50.60       |       4.27      
   25719     |      50.72       |      25.28      
   25720     |      49.78       |      24.32      
   25721     |      55.22       |      35.66      
   25722     |      60.68       |      25.51      
   25723     |      61.07       |      31.20      
   25724     |      59.22       |      20.37      
   25725     |      60.56       |      18.67      
   25726     |      52.93       |       9.13      
   25727     |      43.76       |      16.22      
   25728     |      44.25       |      18.15      
   25729     |      54.79       |       5.74      
   25730     |      56.60       |       9.06      
   25731     |      57.32       |      23.80      
   25732     |      61.49       |      29.58      
   25733     |      60.55       |      24.84      
   25734     |      62.27       |      27.45      
   25735     |      53.78       |      18.35      
   25736     |      54.04       |      20.76      
   25737     |      74.33       |      51.93      
   25738     |      62.85       |      25.08      
   25739     |      56.69       |      19.52      
   25740     |      67.39       |      49.08      
   25741     |      65.84       |      47.63      
   25742     |      71.21       |      28.36      
   25743     |      76.40       |      36.81      
   25744     |      48.10       |       8.68      
   25745     |      43.76       |      23.80      
   25746     |      63.18       |      42.55      
   25747     |      67.62       |      44.88      
   25748     |      60.24       |      37.45      
   25749     |      60.29       |      36.09      
   25768     |      46.69       |      36.38      
   25769     |      36.73       |      40.26      
   25770     |      35.93       |      38.26      
   25771     |      52.69       |      33.62      
   25772     |      55.11       |      26.19      
   25773     |      51.36       |      21.38      
   25774     |      53.06       |      33.89      
   25775     |      61.12       |      43.85      
   25776     |      60.86       |      41.23      
   25777     |      50.78       |      30.14      
   25778     |      50.28       |      31.78      
   25779     |      48.42       |      28.38      
   25780     |      41.15       |      10.26      
   25781     |      42.22       |      30.78      
   25782     |      39.37       |      28.56      
   25783     |      49.83       |      15.91      
   25784     |      54.73       |      11.19      
   25785     |      47.67       |       3.08      
   25786     |      54.46       |      24.23      
   25787     |      55.16       |      25.75      
   25788     |      54.68       |      32.56      
   25789     |      58.53       |      26.96      
   25790     |      57.63       |      18.68      
   25791     |      59.49       |      18.20      
   25792     |      59.53       |      18.40      
   25793     |      53.82       |      16.96      
   25794     |      54.85       |      15.91      
   25795     |      52.73       |      13.00      
   25796     |      54.50       |      10.30      
   25797     |      50.45       |       1.77      
   25798     |      55.30       |      16.01      
   25799     |      62.22       |      26.85      
   25800     |      81.28       |      55.80      
   25801     |      74.09       |      37.92      
   25802     |      65.86       |      28.66      
   25803     |      69.73       |      27.30      
   25804     |      70.39       |      29.22      
   25805     |      69.27       |      42.18      
   25806     |      67.59       |      38.12      
   25807     |      54.69       |      31.73      
   25808     |      44.86       |      31.43      
   25809     |      59.14       |      35.17      
   25824     |      45.91       |      31.89      
   25825     |      46.87       |      33.64      
   25826     |      47.77       |      45.50      
   25827     |      41.62       |      40.06      
   25828     |      39.91       |      30.96      
   25829     |      46.13       |      34.66      
   25830     |      46.07       |      29.90      
   25831     |      56.84       |      26.63      
   25832     |      49.92       |      19.18      
   25833     |      40.14       |      11.26      
   25834     |      37.90       |      14.84      
   25835     |      37.16       |      14.40      
   25836     |      46.71       |       5.25      
   25837     |      47.63       |       7.41      
   25838     |      49.41       |      20.74      
   25839     |      53.74       |      28.60      
   25840     |      56.50       |      20.73      
   25841     |      54.55       |      12.69      
   25842     |      54.84       |      23.87      
   25843     |      61.06       |      14.62      
   25844     |      57.66       |       7.43      
   25845     |      51.25       |       2.13      
   25846     |      52.34       |      10.02      
   25847     |      52.98       |       7.23      
   25848     |      51.04       |       0.56      
   25849     |      49.48       |       7.92      
   25850     |      55.13       |      17.00      
   25851     |      51.75       |      24.57      
   25852     |      61.13       |      37.87      
   25853     |      58.12       |      26.29      
   25854     |      66.84       |      23.60      
   25855     |      84.37       |      39.71      
   25856     |      56.27       |      26.81      
   25857     |      74.26       |      48.23      
   25858     |      69.33       |      42.53      
   25859     |      52.95       |       9.82      
   25860     |      53.47       |      10.50      
   25861     |      54.36       |      22.62      
   25862     |      48.66       |      22.34      
   25863     |      60.18       |      37.81      
   25864     |      60.80       |      45.19      
   25865     |      55.76       |      36.62      
   25866     |      51.65       |      34.72      
   25867     |      56.65       |      40.70      
   25868     |      57.12       |      36.40      
   25887     |      35.62       |      43.90      
   25888     |      58.56       |      21.92      
   25889     |      63.00       |      31.33      
   25890     |      58.16       |      31.34      
   25891     |      50.27       |      42.57      
   25892     |      51.24       |      43.24      
   25893     |      45.27       |      30.75      
   25894     |      37.63       |      20.72      
   25895     |      48.63       |      27.37      
   25896     |      49.03       |       9.32      
   25897     |      45.50       |       5.57      
   25898     |      45.56       |       5.32      
   25899     |      43.59       |      11.96      
   25900     |      44.71       |       6.77      
   25901     |      44.42       |       6.56      
   25902     |      43.41       |      11.29      
   25903     |      47.58       |      21.33      
   25904     |      51.64       |      17.41      
   25905     |      61.32       |      26.00      
   25906     |      58.57       |      15.95      
   25907     |      61.10       |      15.37      
   25908     |      61.66       |      14.70      
   25909     |      62.10       |      13.65      
   25910     |      59.03       |       8.73      
   25911     |      59.92       |      10.76      
   25912     |      62.39       |      18.62      
   25913     |      61.40       |      19.19      
   25914     |      57.46       |      14.55      
   25915     |      58.51       |      22.00      
   25916     |      66.31       |      32.50      
   25917     |      63.04       |      28.31      
   25918     |      65.95       |      35.05      
   25919     |      77.04       |      42.03      
   25920     |      77.05       |      42.43      
   25921     |      63.13       |      20.41      
   25922     |      71.98       |      39.58      
   25923     |      66.75       |      24.79      
   25924     |      76.01       |      42.07      
   25925     |      64.80       |      36.72      
   25926     |      54.06       |      45.05      
   25927     |      50.86       |      29.47      
   25928     |      48.67       |      25.04      
   25929     |      63.00       |      17.78      
   25930     |      61.96       |      19.96      
   25931     |      58.00       |      43.18      
   25932     |      52.65       |      35.27      
   25933     |      52.52       |      34.93      
   25941     |      53.00       |      42.63      
   25942     |      41.65       |      42.15      
   25943     |      48.81       |      24.64      
   25944     |      52.41       |      15.95      
   25945     |      53.86       |      46.87      
   25946     |      53.26       |      37.95      
   25947     |      51.22       |      36.42      
   25948     |      55.97       |      46.36      
   25949     |      45.55       |      30.02      
   25950     |      52.74       |      13.87      
   25951     |      49.27       |       4.88      
   25952     |      42.21       |      10.84      
   25953     |      40.13       |      18.65      
   25954     |      38.53       |      17.18      
   25955     |      51.30       |      27.02      
   25956     |      52.09       |      13.25      
   25957     |      57.38       |      21.26      
   25958     |      57.46       |      20.61      
   25959     |      54.42       |      17.94      
   25960     |      52.30       |      19.63      
   25961     |      48.04       |      12.02      
   25962     |      52.14       |       9.92      
   25963     |      55.69       |       7.04      
   25964     |      55.44       |       5.88      
   25965     |      54.51       |       4.33      
   25966     |      54.12       |       3.68      
   25967     |      67.91       |      37.60      
   25968     |      70.07       |      40.02      
   25969     |      71.83       |      45.89      
   25970     |      75.16       |      37.85      
   25971     |      63.07       |      19.58      
   25972     |      68.67       |      30.24      
   25973     |      68.06       |      40.67      
   25974     |      65.11       |      36.38      
   25975     |      46.93       |      22.05      
   25976     |      44.44       |      41.50      
   25977     |      48.73       |      45.49      
   25978     |      58.51       |      29.50      
   25979     |      54.36       |      17.32      
   25980     |      55.62       |      11.10      
   25981     |      60.38       |      37.57      
   25982     |      52.87       |      28.47      
   25983     |      57.89       |      43.13      
   25984     |      50.64       |      36.74      
   25985     |      61.72       |      41.35      
   25986     |      55.47       |      29.65      
   26007     |      59.37       |      57.03      
   26008     |      50.29       |      28.33      
   26009     |      46.60       |      17.51      
   26010     |      47.77       |      31.96      
   26011     |      52.55       |      34.86      
   26012     |      55.11       |      46.90      
   26013     |      56.16       |      45.53      
   26014     |      56.08       |      30.92      
   26015     |      53.18       |      47.90      
   26016     |      41.91       |      25.49      
   26017     |      36.61       |      22.68      
   26018     |      37.33       |      13.54      
   26019     |      49.55       |      13.37      
   26020     |      50.98       |      12.01      
   26021     |      48.07       |       5.11      
   26022     |      40.62       |      15.07      
   26023     |      38.84       |      13.26      
   26024     |      39.78       |      11.31      
   26025     |      36.07       |      20.13      
   26026     |      47.85       |      19.85      
   26027     |      49.36       |      31.45      
   26028     |      35.40       |      26.33      
   26029     |      35.74       |      20.75      
   26030     |      31.81       |      19.81      
   26031     |      35.84       |      14.79      
   26032     |      50.89       |       2.43      
   26033     |      57.81       |      13.61      
   26034     |      58.66       |       8.28      
   26035     |      52.06       |      11.45      
   26036     |      51.54       |       1.45      
   26037     |      62.67       |      13.51      
   26038     |      67.61       |      21.81      
   26039     |      66.55       |      22.07      
   26040     |      62.07       |      12.44      
   26041     |      61.05       |      14.80      
   26042     |      65.74       |      31.32      
   26043     |      67.91       |      36.67      
   26044     |      64.39       |      33.11      
   26045     |      61.54       |      29.62      
   26046     |      67.55       |      38.42      
   26047     |      69.58       |      45.74      
   26048     |      60.05       |      21.11      
   26049     |      58.97       |      27.02      
   26050     |      49.28       |      29.51      
   26051     |      47.01       |      21.99      
   26052     |      52.96       |      27.42      
   26053     |      54.13       |      31.77      
   26054     |      62.87       |      42.18      
   26055     |      62.24       |      46.25      
   26056     |      54.95       |      34.24      
   26057     |      67.32       |      44.17      
   26058     |      53.29       |      31.88      
   26059     |      59.02       |      46.34      
   26060     |      63.74       |      30.46      
   26077     |      43.94       |      28.96      
   26078     |      38.08       |      19.82      
   26079     |      57.04       |      32.22      
   26080     |      62.66       |      40.19      
   26081     |      62.63       |      40.87      
   26082     |      45.11       |      24.91      
   26083     |      41.38       |       9.26      
   26084     |      37.05       |      15.35      
   26085     |      39.57       |      11.29      
   26086     |      32.68       |      19.87      
   26087     |      38.88       |      11.61      
   26088     |      40.43       |      11.64      
   26089     |      43.57       |      12.72      
   26090     |      47.80       |      19.81      
   26091     |      51.36       |      30.07      
   26092     |      49.21       |      17.55      
   26093     |      46.16       |      20.73      
   26094     |      48.62       |       5.90      
   26095     |      46.88       |       8.69      
   26096     |      46.98       |       8.95      
   26097     |      50.60       |       4.46      
   26098     |      66.20       |      16.84      
   26099     |      71.53       |      25.22      
   26100     |      71.97       |      24.28      
   26101     |      70.63       |      21.36      
   26102     |      66.33       |      22.08      
   26103     |      67.89       |      26.76      
   26104     |      57.55       |      15.35      
   26105     |      67.40       |      32.42      
   26106     |      69.53       |      37.73      
   26107     |      69.37       |      46.20      
   26108     |      68.71       |      26.91      
   26109     |      67.12       |      24.31      
   26110     |      45.67       |      18.06      
   26111     |      47.63       |      32.68      
   26112     |      48.48       |      29.72      
   26113     |      45.08       |      17.94      
   26114     |      50.89       |      20.47      
   26115     |      50.26       |      15.50      
   26116     |      60.57       |      28.27      
   26117     |      61.00       |      29.76      
   26118     |      69.92       |      42.96      
   26119     |      58.80       |      33.50      
   26120     |      57.84       |      32.25      
   26121     |      58.16       |      31.00      
   26122     |      75.29       |      52.02      
   26123     |      77.62       |      53.80      
   26124     |      63.27       |      35.57      
   26125     |      49.91       |      17.32      
   26146     |      64.06       |      48.03      
   26147     |      62.97       |      45.82      
   26148     |      52.21       |      33.71      
   26149     |      35.79       |      23.28      
   26150     |      36.36       |      30.50      
   26151     |      40.72       |      33.94      
   26152     |      42.10       |      39.46      
   26153     |      44.67       |      42.45      
   26154     |      52.51       |      31.66      
   26155     |      57.17       |      41.06      
   26156     |      57.03       |      45.78      
   26157     |      56.11       |      44.74      
   26158     |      53.64       |      34.04      
   26159     |      53.03       |      32.84      
   26160     |      44.44       |       8.87      
   26161     |      40.15       |      10.52      
   26162     |      38.51       |      15.41      
   26163     |      40.43       |      16.28      
   26164     |      39.53       |      27.09      
   26165     |      39.47       |      18.63      
   26166     |      42.71       |      36.38      
   26167     |      26.97       |      26.10      
   26168     |      24.79       |      27.06      
   26169     |      28.00       |      27.30      
   26170     |      42.80       |       9.76      
   26171     |      51.10       |      10.57      
   26172     |      59.16       |      32.78      
   26173     |      70.77       |      22.32      
   26174     |      78.87       |      35.07      
   26175     |      81.03       |      30.95      
   26176     |      55.04       |      10.58      
   26177     |      53.04       |       6.26      
   26178     |      59.36       |      10.11      
   26179     |      57.85       |      11.30      
   26180     |      65.70       |      15.37      
   26181     |      67.30       |      21.19      
   26182     |      67.05       |      18.60      
   26183     |      62.36       |      14.46      
   26184     |      60.91       |      17.69      
   26185     |      65.69       |      32.56      
   26186     |      65.49       |      32.81      
   26187     |      79.62       |      44.60      
   26188     |      79.08       |      45.76      
   26189     |      68.29       |      29.22      
   26190     |      63.19       |      20.07      
   26191     |      57.67       |      11.45      
   26192     |      57.44       |      11.24      
   26193     |      61.84       |      30.80      
   26194     |      65.28       |      33.44      
   26195     |      62.18       |      25.90      
   26196     |      47.09       |      18.40      
   26197     |      54.80       |      43.03      
   26198     |      55.71       |      43.45      
   26199     |      46.63       |      31.48      
   26200     |      45.78       |      31.21      
   26201     |      48.73       |      21.06      
   26202     |      47.80       |      29.50      
   26203     |      56.75       |      32.27      
   26204     |      44.45       |      20.47      
   26218     |      55.72       |      39.81      
   26219     |      64.69       |      40.82      
   26220     |      65.93       |      44.13      
   26221     |      56.84       |      34.70      
   26222     |      37.78       |      22.04      
   26223     |      43.68       |      27.62      
   26224     |      42.27       |      39.45      
   26225     |      51.33       |      32.95      
   26226     |      49.25       |      28.20      
   26227     |      53.60       |      35.70      
   26228     |      53.81       |      21.39      
   26229     |      45.59       |      19.25      
   26230     |      38.75       |      14.10      
   26231     |      38.45       |      12.74      
   26232     |      42.43       |      20.17      
   26233     |      50.71       |      20.93      
   26234     |      44.52       |      14.38      
   26235     |      46.05       |       4.44      
   26236     |      41.81       |      15.94      
   26237     |      36.96       |      15.40      
   26238     |      42.89       |       8.08      
   26239     |      69.16       |      20.90      
   26240     |      69.77       |      22.08      
   26241     |      67.64       |      22.18      
   26242     |      61.38       |      11.85      
   26243     |      59.07       |       8.79      
   26244     |      60.99       |      10.77      
   26245     |      59.16       |      13.01      
   26246     |      60.47       |      29.22      
   26247     |      68.62       |      42.94      
   26248     |      71.17       |      36.59      
   26249     |      73.09       |      44.37      
   26250     |      73.87       |      43.91      
   26251     |      62.79       |      30.99      
   26252     |      64.58       |      16.65      
   26253     |      75.55       |      35.54      
   26254     |      58.49       |      21.53      
   26255     |      54.38       |      14.73      
   26256     |      51.40       |      22.08      
   26257     |      55.38       |      31.32      
   26258     |      71.63       |      48.78      
   26259     |      75.14       |      57.05      
   26260     |      49.27       |      21.55      
   26283     |      64.13       |      42.11      
   26284     |      63.14       |      42.30      
   26285     |      52.44       |      24.93      
   26286     |      48.47       |      32.23      
   26287     |      70.76       |      42.98      
   26288     |      70.10       |      37.90      
   26289     |      45.62       |       8.91      
   26290     |      39.38       |      12.19      
   26291     |      54.03       |      15.03      
   26292     |      56.60       |      10.64      
   26293     |      66.20       |      27.51      
   26294     |      73.44       |      23.39      
   26295     |      62.74       |      18.03      
   26296     |      54.35       |       5.20      
   26297     |      45.22       |       8.43      
   26298     |      49.69       |      10.40      
   26299     |      55.85       |       6.92      
   26300     |      59.38       |      10.29      
   26301     |      59.20       |      10.23      
   26302     |      65.17       |      21.00      
   26303     |      67.22       |      17.35      
   26304     |      67.00       |      17.15      
   26305     |      69.36       |      20.49      
   26306     |      54.85       |      10.00      
   26307     |      69.09       |      29.41      
   26308     |      69.53       |      28.32      
   26309     |      63.21       |      41.47      
   26310     |      72.40       |      50.35      
   26311     |      61.28       |      34.80      
   26312     |      60.68       |      30.40      
   26313     |      58.57       |      27.13      
   26314     |      58.06       |      18.26      
   26315     |      57.48       |      16.95      
   26316     |      58.27       |      15.57      
   26317     |      59.61       |      18.56      
   26318     |      47.34       |      11.63      
   26319     |      64.97       |      29.48      
   26320     |      55.90       |      22.79      
   26321     |      54.34       |      19.45      
   26322     |      57.83       |      20.07      
   26323     |      70.62       |      46.90      
   26324     |      64.26       |      30.72      
   26325     |      69.52       |      38.33      
   26326     |      64.83       |      22.95      
   26327     |      76.34       |      39.33      
   26328     |      56.55       |      36.92      
   26355     |      76.29       |      57.06      
   26356     |      65.48       |      37.81      
   26357     |      65.00       |      34.01      
   26358     |      70.66       |      44.23      
   26359     |      72.54       |      50.92      
   26360     |      49.92       |      27.16      
   26361     |      49.92       |      33.61      
   26362     |      47.91       |      30.03      
   26363     |      60.43       |      33.51      
   26364     |      62.59       |      36.11      
   26365     |      67.65       |      43.06      
   26366     |      58.21       |      25.29      
   26367     |      56.08       |      29.30      
   26368     |      44.31       |      15.63      
   26369     |      40.39       |      13.91      
   26370     |      44.00       |      18.38      
   26371     |      45.85       |       5.44      
   26372     |      45.25       |       9.14      
   26373     |      52.82       |       2.58      
   26374     |      59.49       |      13.53      
   26375     |      59.11       |      10.69      
   26376     |      66.05       |      16.50      
   26377     |      66.66       |      16.89      
   26378     |      60.20       |      11.74      
   26379     |      60.78       |      10.59      
   26380     |      61.73       |      11.68      
   26381     |      60.13       |      12.30      
   26382     |      73.35       |      43.44      
   26383     |      63.89       |      32.38      
   26384     |      51.48       |       9.43      
   26385     |      59.87       |      36.35      
   26386     |      61.40       |      40.61      
   26387     |      65.06       |      44.67      
   26388     |      67.03       |      27.13      
   26389     |      60.21       |      16.85      
   26390     |      68.92       |      35.76      
   26391     |      68.74       |      33.75      
   26392     |      62.81       |      38.94      
   26393     |      60.47       |      21.62      
   26394     |      68.41       |      31.01      
   26404     |      69.80       |      53.98      
   26405     |      61.01       |      42.21      
   26406     |      58.40       |      35.38      
   26407     |      54.36       |      28.42      
   26408     |      52.15       |      25.12      
   26409     |      52.16       |      24.83      
   26410     |      55.95       |      29.68      
   26411     |      63.74       |      40.57      
   26412     |      45.24       |      15.82      
   26413     |      47.95       |      10.17      
   26414     |      43.94       |       6.79      
   26415     |      50.87       |       1.30      
   26416     |      50.29       |       0.01      
   26417     |      56.51       |       6.40      
   26418     |      59.44       |      13.53      
   26419     |      61.73       |      17.41      
   26420     |      65.12       |      16.21      
   26421     |      64.49       |      15.08      
   26422     |      64.25       |      14.02      
   26423     |      61.19       |      12.62      
   26424     |      58.40       |       8.92      
   26425     |      62.84       |      12.72      
   26426     |      64.51       |      16.79      
   26427     |      67.37       |      17.31      
   26428     |      66.46       |      16.28      
   26429     |      67.37       |      21.04      
   26430     |      67.29       |      21.03      
   26431     |      68.85       |      25.56      
   26432     |      65.20       |      30.17      
   26433     |      57.91       |      23.58      
   26434     |      54.59       |      29.84      
   26435     |      60.65       |      34.60      
   26436     |      63.91       |      46.68      
   26437     |      59.25       |      38.75      
   26438     |      67.15       |      44.66      
   26439     |      56.84       |      24.54      
   26440     |      55.66       |      25.55      
   26441     |      49.93       |      16.76      
   26442     |      52.19       |      18.00      
   26443     |      50.02       |      11.85      
   26444     |      67.52       |      28.54      
   26445     |      71.38       |      47.66      
   26446     |      65.11       |      34.01      
   26447     |      78.80       |      38.51      
   26448     |      79.00       |      46.11      
   26449     |      76.58       |      40.86      
   26450     |      76.44       |      41.07      
   26451     |      76.82       |      35.47      
   26452     |      77.78       |      37.45      
   26453     |      76.84       |      36.46      
   26481     |      71.58       |      45.55      
   26482     |      55.88       |      34.50      
   26483     |      56.64       |      48.44      
   26484     |      65.12       |      54.72      
   26485     |      61.55       |      42.84      
   26486     |      52.85       |      36.57      
   26487     |      49.66       |      33.71      
   26488     |      49.57       |      35.12      
   26489     |      50.17       |      36.26      
   26490     |      55.13       |      40.00      
   26491     |      52.36       |      15.28      
   26492     |      52.27       |       2.27      
   26493     |      54.11       |       6.41      
   26494     |      57.13       |       6.97      
   26495     |      56.17       |       9.63      
   26496     |      56.10       |       9.62      
   26497     |      56.39       |       8.12      
   26498     |      57.76       |       8.93      
   26499     |      54.83       |       6.80      
   26500     |      54.13       |       6.59      
   26501     |      55.74       |       9.04      
   26502     |      55.47       |       5.75      
   26503     |      55.95       |       6.00      
   26504     |      56.21       |       9.20      
   26505     |      63.90       |      13.73      
   26506     |      65.04       |      14.98      
   26507     |      69.27       |      25.97      
   26508     |      69.72       |      27.25      
   26509     |      64.35       |      22.24      
   26510     |      66.19       |      31.13      
   26511     |      48.81       |      16.35      
   26512     |      52.74       |      22.40      
   26513     |      68.70       |      29.33      
   26514     |      74.72       |      41.66      
   26515     |      73.65       |      30.24      
   26516     |      76.92       |      39.15      
   26517     |      77.36       |      37.54      
   26518     |      84.27       |      42.15      
   26536     |      68.31       |      46.79      
   26537     |      66.90       |      43.74      
   26538     |      66.13       |      50.15      
   26539     |      64.43       |      41.67      
   26540     |      49.16       |      26.91      
   26541     |      48.91       |      34.68      
   26542     |      39.95       |      24.61      
   26543     |      38.16       |      29.32      
   26544     |      45.93       |      35.52      
   26545     |      52.77       |      28.32      
   26546     |      55.88       |      26.16      
   26547     |      56.37       |      24.03      
   26548     |      52.01       |      15.70      
   26549     |      49.90       |      10.24      
   26550     |      52.88       |       5.27      
   26551     |      50.29       |       6.67      
   26552     |      49.46       |       6.83      
   26553     |      49.30       |       3.25      
   26554     |      46.57       |       5.96      
   26555     |      47.33       |       3.21      
   26556     |      48.88       |       2.97      
   26557     |      47.12       |       5.17      
   26558     |      59.66       |      13.40      
   26559     |      60.57       |      16.20      
   26560     |      61.60       |      15.05      
   26561     |      58.95       |       9.53      
   26562     |      80.21       |      32.57      
   26563     |      80.22       |      33.13      
   26564     |      89.90       |      41.09      
   26565     |      75.99       |      35.88      
   26566     |      76.59       |      37.99      
   26567     |      50.72       |      12.09      
   26568     |      58.44       |      18.48      
   26569     |      62.64       |      34.84      
   26570     |      56.47       |      27.77      
   26571     |      62.87       |      41.66      
   26572     |      67.59       |      36.29      
   26573     |      64.94       |      30.62      
   26574     |      66.47       |      32.14      
   26575     |      66.49       |      35.53      
   26576     |      72.18       |      38.45      
   26577     |      68.77       |      33.38      
   26598     |      61.19       |      46.70      
   26599     |      55.02       |      35.36      
   26600     |      61.35       |      42.90      
   26601     |      70.71       |      48.67      
   26602     |      70.67       |      49.12      
   26603     |      66.18       |      47.97      
   26604     |      61.76       |      41.31      
   26605     |      60.80       |      45.20      
   26606     |      50.57       |      30.05      
   26607     |      50.61       |      30.22      
   26608     |      47.87       |      25.57      
   26609     |      49.01       |      22.96      
   26610     |      48.58       |      26.18      
   26611     |      44.87       |      15.38      
   26612     |      46.50       |       4.57      
   26613     |      47.54       |       5.98      
   26614     |      50.14       |      15.04      
   26615     |      57.51       |       7.51      
   26616     |      59.77       |      12.94      
   26617     |      67.73       |      19.41      
   26618     |      71.88       |      22.52      
   26619     |      73.10       |      27.66      
   26620     |      76.20       |      27.13      
   26621     |      77.58       |      31.85      
   26622     |      87.31       |      42.55      
   26623     |      88.24       |      38.84      
   26624     |      58.25       |      23.66      
   26625     |      58.53       |      26.33      
   26626     |      39.36       |      12.15      
   26627     |      40.82       |      28.50      
   26628     |      65.50       |      43.58      
   26629     |      59.40       |      34.92      
   26630     |      58.37       |      18.37      
   26631     |      71.67       |      39.87      
   26632     |      70.85       |      29.53      
   26633     |      72.98       |      36.51      
   26634     |      79.10       |      46.71      
   26652     |      62.22       |      31.61      
   26653     |      67.76       |      46.19      
   26654     |      66.95       |      48.49      
   26655     |      55.94       |      43.76      
   26656     |      50.29       |      22.83      
   26657     |      56.73       |      34.03      
   26658     |      56.90       |      33.17      
   26659     |      44.76       |      33.41      
   26660     |      49.57       |      22.59      
   26661     |      49.92       |      26.78      
   26662     |      48.73       |      11.97      
   26663     |      47.53       |       5.45      
   26664     |      45.83       |       4.32      
   26665     |      46.94       |       6.44      
   26666     |      48.58       |       2.04      
   26667     |      48.35       |       1.76      
   26668     |      38.30       |      11.83      
   26669     |      67.54       |      24.59      
   26670     |      65.96       |      17.64      
   26671     |      68.96       |      25.35      
   26672     |      70.35       |      25.04      
   26673     |      75.84       |      34.92      
   26674     |      73.23       |      34.83      
   26675     |      68.90       |      24.91      
   26676     |      77.79       |      28.51      
   26677     |      70.88       |      20.83      
   26678     |      68.43       |      22.99      
   26679     |      48.64       |       4.77      
   26680     |      49.41       |       4.12      
   26681     |      67.78       |      26.94      
   26682     |      63.16       |      20.38      
   26683     |      65.42       |      23.34      
   26684     |      65.84       |      28.12      
   26685     |      80.47       |      44.81      
   26686     |      75.40       |      50.60      
   26687     |      67.45       |      40.64      
   26688     |      73.54       |      35.79      
   26689     |      69.81       |      39.47      
   26690     |      64.72       |      32.53      
   26691     |      78.55       |      46.08      
   26692     |      77.96       |      42.41      
   26693     |      78.21       |      42.82      
   26694     |      70.71       |      35.10      
   26714     |      73.02       |      49.47      
   26715     |      74.34       |      42.54      
   26716     |      76.08       |      42.18      
   26717     |      67.24       |      49.33      
   26718     |      58.30       |      38.20      
   26719     |      51.44       |      35.75      
   26720     |      49.86       |      33.27      
   26721     |      50.04       |      26.54      
   26722     |      48.83       |      21.18      
   26723     |      50.39       |      12.66      
   26724     |      48.23       |       2.07      
   26725     |      47.86       |       4.45      
   26726     |      38.60       |      12.48      
   26727     |      37.31       |      12.80      
   26728     |      47.56       |       2.52      
   26729     |      49.03       |      12.03      
   26730     |      59.79       |      12.99      
   26731     |      60.66       |      21.22      
   26732     |      73.26       |      31.69      
   26733     |      70.75       |      25.06      
   26734     |      69.94       |      25.59      
   26735     |      68.65       |      18.63      
   26736     |      74.07       |      24.84      
   26737     |      78.31       |      29.21      
   26738     |      68.84       |      18.81      
   26739     |      75.13       |      25.93      
   26740     |      71.12       |      28.20      
   26741     |      69.55       |      25.65      
   26742     |      68.68       |      41.75      
   26743     |      64.30       |      34.82      
   26744     |      81.22       |      37.09      
   26745     |      85.91       |      47.52      
   26746     |      73.27       |      33.62      
   26747     |      71.67       |      43.07      
   26748     |      72.13       |      43.59      
   26749     |      72.64       |      34.77      
   26750     |      63.31       |      33.26      
   26751     |      65.52       |      36.59      
   26752     |      74.19       |      36.59      
   26779     |      74.24       |      41.76      
   26780     |      73.28       |      49.00      
   26781     |      70.34       |      44.45      
   26782     |      72.69       |      55.13      
   26783     |      66.78       |      49.29      
   26784     |      68.97       |      54.54      
   26785     |      60.54       |      37.16      
   26786     |      57.99       |      31.92      
   26787     |      55.66       |      28.97      
   26788     |      54.89       |      26.62      
   26789     |      53.72       |      27.25      
   26790     |      56.15       |      32.02      
   26791     |      55.12       |      23.49      
   26792     |      55.24       |      18.77      
   26793     |      53.60       |      11.81      
   26794     |      53.61       |       5.83      
   26795     |      40.06       |      14.24      
   26796     |      36.18       |      14.23      
   26797     |      38.81       |      11.41      
   26798     |      38.56       |      11.91      
   26799     |      43.22       |      10.60      
   26800     |      42.49       |       9.19      
   26801     |      58.42       |      10.62      
   26802     |      58.35       |      10.68      
   26803     |      58.71       |      18.25      
   26804     |      57.33       |      15.83      
   26805     |      61.09       |      21.71      
   26806     |      60.53       |      18.82      
   26807     |      67.39       |      20.33      
   26808     |      65.28       |      16.12      
   26809     |      64.86       |      25.05      
   26810     |      62.84       |      26.87      
   26811     |      68.13       |      35.44      
   26812     |      67.10       |      28.27      
   26813     |      84.62       |      34.76      
   26814     |      81.60       |      49.24      
   26815     |      76.99       |      39.39      
   26816     |      72.02       |      32.70      
   26817     |      81.44       |      47.66      
   26818     |      70.80       |      32.62      
   26819     |      70.73       |      33.84      
   26820     |      62.79       |      27.14      
   26821     |      69.51       |      39.38      
   26822     |      67.32       |      41.47      
   26823     |      70.80       |      44.07      
   26824     |      72.81       |      39.06      
   26825     |      74.79       |      41.56      
   26847     |      65.45       |      31.24      
   26848     |      71.67       |      59.22      
   26849     |      67.25       |      54.48      
   26850     |      68.77       |      49.37      
   26851     |      64.10       |      41.62      
   26852     |      53.69       |      31.15      
   26853     |      59.70       |      36.54      
   26854     |      52.91       |      26.69      
   26855     |      57.44       |      27.98      
   26856     |      55.09       |      22.17      
   26857     |      54.95       |      23.36      
   26858     |      54.54       |      19.09      
   26859     |      46.14       |       8.14      
   26860     |      47.42       |      16.90      
   26861     |      44.18       |      13.74      
   26862     |      42.33       |       7.78      
   26863     |      42.07       |       7.94      
   26864     |      43.92       |       8.36      
   26865     |      50.30       |      14.87      
   26866     |      49.85       |       8.51      
   26867     |      49.16       |      10.37      
   26868     |      56.09       |      23.36      
   26869     |      62.04       |      29.15      
   26870     |      67.75       |      26.54      
   26871     |      69.24       |      36.47      
   26872     |      62.34       |      22.37      
   26873     |      70.46       |      21.90      
   26874     |      76.66       |      26.70      
   26875     |      76.06       |      29.33      
   26876     |      83.07       |      40.46      
   26877     |      69.49       |      32.07      
   26878     |      70.40       |      34.94      
   26879     |      65.74       |      27.87      
   26880     |      63.14       |      23.76      
   26881     |      55.93       |      25.53      
   26882     |      62.11       |      30.00      
   26883     |      65.00       |      38.05      
   26884     |      58.69       |      44.23      
   26907     |      59.93       |      34.37      
   26908     |      64.81       |      45.66      
   26909     |      68.62       |      48.86      
   26910     |      64.90       |      47.36      
   26911     |      58.17       |      31.66      
   26912     |      68.43       |      40.74      
   26913     |      54.97       |      18.23      
   26914     |      54.04       |      12.53      
   26915     |      49.34       |      20.88      
   26916     |      43.77       |       8.14      
   26917     |      44.08       |       8.35      
   26918     |      44.84       |       5.85      
   26919     |      53.42       |       5.46      
   26920     |      52.39       |       3.77      
   26921     |      46.99       |       2.99      
   26922     |      46.76       |       3.35      
   26923     |      52.37       |      15.50      
   26924     |      53.85       |      13.88      
   26925     |      62.21       |      29.24      
   26926     |      59.13       |      20.27      
   26927     |      66.66       |      29.05      
   26928     |      68.04       |      35.54      
   26929     |      63.35       |      22.06      
   26930     |      66.60       |      16.86      
   26931     |      65.47       |      15.90      
   26932     |      73.79       |      36.60      
   26933     |      77.18       |      44.64      
   26934     |      77.02       |      42.79      
   26935     |      80.98       |      42.86      
   26936     |      73.66       |      30.34      
   26937     |      68.50       |      23.42      
   26938     |      59.74       |      33.38      
   26939     |      72.17       |      50.03      
   26940     |      66.11       |      35.89      
   26941     |      67.28       |      37.42      
   26964     |      61.52       |      30.61      
   26965     |      60.60       |      46.08      
   26966     |      59.93       |      48.36      
   26967     |      66.45       |      55.81      
   26968     |      61.72       |      50.73      
   26969     |      57.50       |      44.23      
   26970     |      64.12       |      38.61      
   26971     |      60.71       |      32.38      
   26972     |      60.76       |      32.73      
   26973     |      69.16       |      41.03      
   26974     |      59.30       |      25.16      
   26975     |      63.29       |      32.90      
   26976     |      63.49       |      30.83      
   26977     |      59.68       |      24.12      
   26978     |      58.01       |      27.04      
   26979     |      39.83       |      19.47      
   26980     |      37.39       |      17.61      
   26981     |      44.94       |       7.65      
   26982     |      44.89       |       6.92      
   26983     |      53.62       |       3.67      
   26984     |      53.77       |       4.06      
   26985     |      53.91       |      15.50      
   26986     |      43.13       |       9.71      
   26987     |      50.17       |      22.41      
   26988     |      54.02       |       8.89      
   26989     |      54.57       |      12.09      
   26990     |      52.04       |      15.59      
   26991     |      59.81       |      28.84      
   26992     |      54.18       |      17.45      
   26993     |      54.21       |      16.88      
   26994     |      50.99       |       6.29      
   26995     |      50.65       |       8.22      
   26996     |      60.15       |      25.86      
   26997     |      53.94       |      27.28      
   26998     |      52.74       |      25.83      
   26999     |      59.92       |      10.79      
   27000     |      70.81       |      34.21      
   27001     |      70.84       |      31.50      
   27002     |      70.83       |      39.92      
   27003     |      62.49       |      25.71      
   27004     |      73.28       |      36.34      
   27005     |      68.38       |      38.80      
   27006     |      73.42       |      48.07      
   27007     |      60.92       |      32.94      
   27043     |      60.63       |      35.94      
   27044     |      60.21       |      38.03      
   27045     |      54.81       |      35.76      
   27046     |      60.87       |      55.30      
   27047     |      53.85       |      47.65      
   27048     |      61.01       |      39.87      
   27049     |      61.16       |      35.21      
   27050     |      63.11       |      31.21      
   27051     |      64.58       |      28.00      
   27052     |      71.79       |      39.01      
   27053     |      71.69       |      38.40      
   27054     |      68.63       |      28.07      
   27055     |      68.50       |      28.46      
   27056     |      62.63       |      26.03      
   27057     |      62.84       |      22.00      
   27058     |      53.85       |      24.47      
   27059     |      44.89       |      17.24      
   27060     |      47.51       |       2.81      
   27061     |      50.50       |       6.45      
   27062     |      52.86       |       4.27      
   27063     |      53.84       |       4.22      
   27064     |      54.04       |       4.35      
   27065     |      53.44       |       3.80      
   27066     |      53.31       |       3.65      
   27067     |      52.42       |       6.27      
   27068     |      59.48       |      19.37      
   27069     |      51.52       |      13.04      
   27070     |      59.57       |      27.68      
   27071     |      51.10       |      26.60      
   27072     |      54.83       |      11.34      
   27073     |      57.94       |      21.86      
   27074     |      57.17       |      22.59      
   27075     |      59.76       |      33.66      
   27076     |      54.19       |      26.36      
   27077     |      49.38       |      26.64      
   27078     |      56.70       |      19.68      
   27079     |      55.39       |      17.83      
   27080     |      67.70       |      20.18      
   27081     |      70.14       |      34.64      
   27082     |      70.16       |      30.48      
   27083     |      65.65       |      40.13      
   27084     |      66.52       |      41.99      
   27085     |      62.09       |      33.20      
   27086     |      72.06       |      39.86      
   27087     |      56.03       |      17.73      
   27088     |      62.83       |      19.03      
   27089     |      70.17       |      38.62      
   27090     |      59.55       |      41.82      
   27091     |      58.67       |      33.54      
   27110     |      50.10       |      39.35      
   27111     |      57.61       |      48.16      
   27112     |      56.93       |      52.85      
   27113     |      58.84       |      42.95      
   27114     |      57.51       |      36.30      
   27115     |      66.90       |      27.54      
   27116     |      65.47       |      44.30      
   27117     |      62.15       |      29.85      
   27118     |      66.24       |      27.24      
   27119     |      66.75       |      25.62      
   27120     |      61.84       |      25.13      
   27121     |      61.54       |      25.25      
   27122     |      64.27       |      29.69      
   27123     |      64.46       |      14.61      
   27124     |      64.52       |      15.43      
   27125     |      54.86       |       8.49      
   27126     |      56.50       |       6.61      
   27127     |      51.35       |      13.94      
   27128     |      50.48       |      12.59      
   27129     |      54.47       |      22.77      
   27130     |      41.76       |      24.87      
   27131     |      52.37       |      33.91      
   27132     |      56.13       |      30.01      
   27133     |      52.81       |      20.81      
   27134     |      47.38       |      15.91      
   27135     |      50.20       |      24.36      
   27136     |      49.72       |      25.71      
   27137     |      53.79       |      31.17      
   27138     |      60.39       |      18.53      
   27139     |      63.41       |      30.38      
   27140     |      60.93       |      26.65      
   27141     |      54.68       |      21.78      
   27142     |      48.72       |      13.95      
   27143     |      52.43       |      37.27      
   27144     |      40.81       |      26.66      
   27145     |      53.80       |      46.46      
   27146     |      55.55       |      17.60      
   27147     |      58.55       |      20.70      
   27148     |      64.06       |      39.16      
   27149     |      67.04       |      37.46      
   27150     |      49.92       |      32.40      
   27151     |      49.81       |      32.70      
   27179     |      58.28       |      42.45      
   27180     |      58.77       |      42.77      
   27181     |      59.78       |      51.61      
   27182     |      66.89       |      54.64      
   27183     |      65.00       |      46.29      
   27184     |      67.82       |      35.54      
   27185     |      67.85       |      35.83      
   27186     |      57.26       |      20.62      
   27187     |      66.45       |      30.46      
   27188     |      73.68       |      46.16      
   27189     |      75.85       |      39.59      
   27190     |      65.53       |      25.33      
   27191     |      64.03       |      31.05      
   27192     |      61.77       |      28.60      
   27193     |      72.33       |      30.37      
   27194     |      72.84       |      25.58      
   27195     |      63.47       |      14.59      
   27196     |      59.88       |      10.04      
   27197     |      57.23       |       7.89      
   27198     |      56.14       |       6.53      
   27199     |      56.80       |       7.08      
   27200     |      53.66       |       3.95      
   27201     |      57.39       |      13.45      
   27202     |      58.88       |      14.60      
   27203     |      54.34       |       8.83      
   27204     |      48.09       |       8.19      
   27205     |      46.16       |      20.36      
   27206     |      57.12       |      32.06      
   27207     |      56.90       |      33.03      
   27208     |      49.03       |      24.13      
   27209     |      51.56       |      20.04      
   27210     |      51.38       |      13.87      
   27211     |      52.12       |      26.68      
   27212     |      48.99       |      19.07      
   27213     |      61.99       |      28.95      
   27214     |      60.02       |      17.29      
   27215     |      63.62       |      20.41      
   27216     |      67.29       |      27.29      
   27217     |      57.85       |      49.05      
   27218     |      56.05       |      39.73      
   27219     |      50.54       |      30.80      
   27220     |      77.24       |      43.94      
   27221     |      61.04       |      28.25      
   27222     |      62.25       |      41.57      
   27223     |      52.31       |      32.50      
   27246     |      59.78       |      41.97      
   27247     |      62.24       |      43.56      
   27248     |      63.39       |      47.79      
   27249     |      68.54       |      53.48      
   27250     |      76.63       |      51.94      
   27251     |      73.08       |      46.91      
   27252     |      72.49       |      39.59      
   27253     |      68.64       |      34.64      
   27254     |      70.33       |      38.27      
   27255     |      65.59       |      37.36      
   27256     |      57.38       |      19.82      
   27257     |      61.93       |      27.56      
   27258     |      67.51       |      32.57      
   27259     |      70.06       |      28.81      
   27260     |      70.45       |      29.35      
   27261     |      70.89       |      28.60      
   27262     |      70.11       |      23.83      
   27263     |      70.27       |      22.80      
   27264     |      68.42       |      20.01      
   27265     |      66.93       |      19.87      
   27266     |      64.84       |      15.55      
   27267     |      60.78       |      12.24      
   27268     |      62.41       |      12.99      
   27269     |      69.68       |      21.92      
   27270     |      58.63       |      11.66      
   27271     |      56.66       |       8.60      
   27272     |      52.09       |      15.91      
   27273     |      52.24       |       9.99      
   27274     |      60.73       |      36.41      
   27275     |      60.79       |      21.56      
   27276     |      61.22       |      22.52      
   27277     |      59.01       |      20.02      
   27278     |      54.71       |      14.17      
   27279     |      52.94       |      22.80      
   27280     |      72.59       |      47.94      
   27281     |      65.22       |      44.88      
   27282     |      60.16       |      31.51      
   27283     |      79.79       |      36.31      
   27284     |      80.90       |      43.20      
   27285     |      62.45       |      22.32      
   27286     |      62.62       |      27.62      
   27287     |      57.50       |      15.89      
   27316     |      70.63       |      49.02      
   27317     |      69.09       |      38.66      
   27318     |      69.83       |      40.56      
   27319     |      62.13       |      31.76      
   27320     |      72.70       |      40.17      
   27321     |      68.68       |      28.68      
   27322     |      66.12       |      31.18      
   27323     |      70.08       |      28.89      
   27324     |      73.69       |      29.63      
   27325     |      71.63       |      30.36      
   27326     |      71.42       |      26.95      
   27327     |      65.48       |      15.80      
   27328     |      61.45       |      12.37      
   27329     |      64.18       |      16.79      
   27330     |      65.36       |      17.53      
   27331     |      69.57       |      25.59      
   27332     |      65.47       |      31.39      
   27333     |      57.05       |      15.80      
   27334     |      51.33       |      23.79      
   27335     |      62.12       |      24.43      
   27336     |      61.74       |      25.57      
   27337     |      60.78       |      22.83      
   27338     |      69.89       |      35.01      
   27339     |      69.75       |      37.06      
   27340     |      60.54       |      23.55      
   27341     |      58.28       |      27.05      
   27342     |      56.49       |      23.35      
   27343     |      61.35       |      26.94      
   27344     |      58.86       |      22.91      
   27345     |      57.49       |      13.65      
   27346     |      77.36       |      35.23      
   27347     |      86.52       |      50.53      
   27348     |      85.91       |      50.58      
   27349     |      71.97       |      37.52      
   27350     |      71.17       |      39.97      
   27351     |      72.86       |      42.31      
   27352     |      71.17       |      35.58      
   27353     |      70.87       |      44.14      
   27354     |      75.88       |      50.06      
   27378     |      58.84       |      43.36      
   27379     |      55.63       |      41.24      
   27380     |      58.09       |      35.21      
   27381     |      67.76       |      48.88      
   27382     |      65.87       |      43.88      
   27383     |      69.28       |      49.60      
   27384     |      60.85       |      34.74      
   27385     |      76.98       |      41.45      
   27386     |      68.01       |      28.08      
   27387     |      72.96       |      40.43      
   27388     |      67.12       |      34.00      
   27389     |      64.25       |      30.38      
   27390     |      67.38       |      25.47      
   27391     |      75.52       |      32.43      
   27392     |      75.33       |      32.50      
   27393     |      64.30       |      17.31      
   27394     |      64.50       |      16.60      
   27395     |      64.94       |      15.81      
   27396     |      64.21       |      15.15      
   27397     |      65.70       |      18.31      
   27398     |      66.80       |      20.67      
   27399     |      65.89       |      23.99      
   27400     |      56.94       |      15.75      
   27401     |      58.72       |      20.82      
   27402     |      55.37       |      26.36      
   27403     |      51.74       |      16.26      
   27404     |      56.82       |      23.31      
   27405     |      55.19       |      24.38      
   27406     |      58.48       |      34.42      
   27408     |      82.82       |      42.50      
   27409     |      82.59       |      42.66      
   27410     |      81.93       |      41.56      
   27411     |      63.99       |      29.21      
   27412     |      63.10       |      26.48      
   27413     |      65.22       |      29.70      
   27414     |      62.47       |      22.30      
   27415     |      83.19       |      53.47      
   27425     |      73.08       |      51.87      
   27426     |      62.40       |      31.88      
   27427     |      62.60       |      32.23      
   27428     |      64.60       |      27.18      
   27429     |      74.90       |      43.17      
   27430     |      69.06       |      28.06      
   27431     |      71.56       |      33.03      
   27432     |      71.03       |      36.19      
   27433     |      69.60       |      42.84      
   27434     |      60.06       |      25.79      
   27435     |      64.08       |      21.54      
   27436     |      61.41       |      14.61      
   27437     |      60.22       |      18.09      
   27438     |      65.93       |      26.09      
   27439     |      65.91       |      25.91      
   27440     |      71.10       |      26.64      
   27441     |      63.41       |      22.49      
   27442     |      65.01       |      21.88      
   27443     |      65.27       |      22.50      
   27444     |      66.91       |      18.10      
   27445     |      66.77       |      17.18      
   27446     |      64.38       |      15.29      
   27447     |      69.48       |      20.47      
   27448     |      68.79       |      19.69      
   27449     |      67.73       |      26.24      
   27450     |      67.70       |      19.78      
   27451     |      66.71       |      29.15      
   27452     |      72.06       |      39.80      
   27453     |      68.62       |      27.71      
   27454     |      72.54       |      32.23      
   27455     |      69.70       |      26.78      
   27456     |      70.20       |      31.13      
   27457     |      63.12       |      20.65      
   27458     |      67.70       |      24.77      
   27459     |      76.09       |      47.06      
   27460     |      79.92       |      41.68      
   27461     |      76.65       |      34.82      
   27462     |      75.08       |      36.76      
   27492     |      62.38       |      36.07      
   27493     |      64.99       |      39.58      
   27494     |      67.76       |      43.76      
   27495     |      67.85       |      44.22      
   27496     |      72.64       |      51.89      
   27497     |      69.68       |      35.84      
   27498     |      68.54       |      35.62      
   27499     |      61.06       |      26.51      
   27500     |      60.96       |      28.58      
   27501     |      68.81       |      39.74      
   27502     |      68.35       |      27.43      
   27503     |      64.76       |      33.50      
   27504     |      64.62       |      33.70      
   27505     |      47.71       |      15.91      
   27506     |      58.27       |      17.03      
   27507     |      58.46       |      15.06      
   27508     |      65.79       |      21.05      
   27509     |      64.66       |      20.97      
   27510     |      67.19       |      18.47      
   27511     |      62.13       |      14.57      
   27512     |      73.65       |      26.12      
   27513     |      71.66       |      22.61      
   27514     |      68.49       |      20.67      
   27515     |      67.20       |      29.35      
   27516     |      77.43       |      42.37      
   27517     |      76.39       |      43.59      
   27518     |      67.45       |      30.81      
   27519     |      71.91       |      34.69      
   27520     |      70.75       |      32.15      
   27521     |      69.87       |      27.00      
   27522     |      71.31       |      30.70      
   27523     |      74.55       |      34.50      
   27524     |      70.68       |      25.63      
   27525     |      70.41       |      32.18      
   27526     |      70.23       |      31.95      
   27527     |      73.53       |      43.91      
   27528     |      83.14       |      59.33      
   27529     |      68.10       |      30.20      
   27530     |      68.06       |      30.09      
   27531     |      71.83       |      35.17      
   27532     |      69.39       |      30.67      
   27533     |      77.45       |      40.04      
   27534     |      76.23       |      33.53      
   27535     |      76.84       |      34.82      
   27536     |      76.49       |      37.64      
   27537     |      78.29       |      40.58      
   27538     |      83.41       |      52.31      
   27565     |      64.97       |      39.34      
   27566     |      65.33       |      47.29      
   27567     |      66.17       |      48.74      
   27568     |      70.79       |      36.91      
   27569     |      64.10       |      26.44      
   27570     |      60.78       |      31.24      
   27571     |      63.39       |      34.45      
   27572     |      64.14       |      37.79      
   27573     |      66.46       |      36.75      
   27574     |      50.02       |      14.36      
   27575     |      50.45       |       6.71      
   27576     |      67.54       |      18.33      
   27577     |      67.85       |      18.24      
   27578     |      69.90       |      20.58      
   27579     |      70.47       |      21.35      
   27580     |      66.85       |      17.27      
   27581     |      68.39       |      20.83      
   27582     |      71.12       |      22.05      
   27583     |      73.44       |      25.19      
   27584     |      78.18       |      33.65      
   27585     |      78.13       |      33.67      
   27586     |      68.33       |      21.26      
   27587     |      66.23       |      23.10      
   27588     |      67.36       |      28.49      
   27589     |      77.26       |      42.25      
   27590     |      74.60       |      34.42      
   27591     |      69.53       |      30.65      
   27592     |      68.72       |      26.74      
   27593     |      74.26       |      28.36      
   27594     |      61.75       |      37.00      
   27595     |      60.60       |      33.92      
   27622     |      66.22       |      38.77      
   27623     |      66.29       |      38.98      
   27624     |      70.09       |      38.75      
   27625     |      65.20       |      42.80      
   27626     |      65.25       |      43.97      
   27627     |      57.15       |      34.89      
   27628     |      57.07       |      33.58      
   27629     |      59.34       |      29.98      
   27630     |      57.45       |      21.27      
   27631     |      64.81       |      19.26      
   27632     |      64.79       |      26.09      
   27633     |      56.83       |      16.47      
   27634     |      57.66       |      14.75      
   27635     |      58.49       |      14.89      
   27636     |      58.47       |      10.60      
   27637     |      62.38       |      12.86      
   27638     |      68.63       |      19.74      
   27639     |      70.91       |      22.91      
   27640     |      77.79       |      36.83      
   27641     |      73.99       |      33.22      
   27642     |      73.67       |      31.81      
   27643     |      71.72       |      32.88      
   27644     |      70.64       |      27.29      
   27645     |      68.67       |      40.59      
   27646     |      82.43       |      43.23      
   27647     |      76.84       |      39.31      
   27648     |      70.72       |      29.73      
   27649     |      71.86       |      46.08      
   27650     |      66.68       |      36.46      
   27669     |      72.97       |      38.75      
   27670     |      74.06       |      45.34      
   27671     |      75.51       |      43.85      
   27672     |      78.22       |      55.16      
   27673     |      79.31       |      54.47      
   27674     |      71.81       |      42.24      
   27675     |      71.99       |      38.36      
   27676     |      69.62       |      38.82      
   27677     |      68.65       |      34.63      
   27678     |      72.48       |      36.75      
   27679     |      69.86       |      38.18      
   27680     |      72.24       |      37.00      
   27681     |      72.16       |      34.66      
   27682     |      68.37       |      27.04      
   27683     |      68.78       |      26.74      
   27684     |      58.17       |       8.94      
   27685     |      58.94       |       9.35      
   27686     |      50.11       |      26.59      
   27687     |      46.38       |       9.34      
   27688     |      54.78       |       6.60      
   27689     |      59.49       |      10.04      
   27690     |      64.60       |      15.36      
   27691     |      64.43       |      15.04      
   27692     |      67.47       |      18.21      
   27693     |      67.15       |      17.61      
   27694     |      72.02       |      23.29      
   27695     |      69.70       |      22.11      
   27696     |      68.66       |      20.22      
   27697     |      67.66       |      20.09      
   27698     |      68.43       |      21.89      
   27699     |      65.62       |      21.89      
   27700     |      63.56       |      17.77      
   27701     |      78.41       |      31.04      
   27702     |      84.43       |      39.68      
   27703     |      86.32       |      45.31      
   27704     |      88.50       |      44.83      
   27705     |      87.82       |      47.67      
   27706     |      74.28       |      29.96      
   27707     |      72.81       |      31.36      
   27708     |      69.14       |      26.02      
   27709     |      71.20       |      29.97      
   27710     |      74.90       |      29.11      
   27711     |      75.13       |      32.32      
   27712     |      76.17       |      44.87      
   27713     |      75.61       |      37.72      
   27714     |      82.37       |      46.62      
   27715     |      84.29       |      53.83      
   27716     |      85.77       |      49.81      
   27717     |      84.07       |      47.23      
   27718     |      79.46       |      42.04      
   27719     |      81.29       |      41.69      
   27720     |      83.15       |      40.07      
   27721     |      75.50       |      30.98      
   27722     |      70.92       |      29.74      
   27757     |      71.03       |      43.08      
   27758     |      71.89       |      37.85      
   27759     |      73.74       |      39.18      
   27760     |      74.20       |      45.06      
   27761     |      72.83       |      30.64      
   27762     |      73.33       |      34.45      
   27763     |      72.15       |      35.79      
   27764     |      67.38       |      38.69      
   27765     |      65.86       |      37.16      
   27766     |      67.09       |      35.84      
   27767     |      68.95       |      43.67      
   27768     |      73.36       |      39.84      
   27769     |      73.53       |      47.05      
   27770     |      75.30       |      46.38      
   27771     |      75.08       |      44.58      
   27772     |      64.98       |      17.01      
   27773     |      56.07       |       6.57      
   27774     |      57.65       |      32.64      
   27775     |      47.05       |      10.49      
   27776     |      43.36       |       7.24      
   27777     |      51.40       |      11.10      
   27778     |      67.37       |      21.75      
   27779     |      70.41       |      21.07      
   27780     |      72.53       |      25.96      
   27781     |      72.55       |      26.18      
   27782     |      74.77       |      28.88      
   27783     |      75.39       |      30.67      
   27784     |      81.26       |      39.92      
   27785     |      68.31       |      27.37      
   27786     |      80.15       |      41.00      
   27787     |      81.09       |      39.63      
   27788     |      80.28       |      41.32      
   27789     |      74.38       |      32.47      
   27790     |      74.07       |      27.87      
   27791     |      70.33       |      26.07      
   27811     |      70.63       |      41.26      
   27812     |      72.01       |      39.99      
   27813     |      76.08       |      53.65      
   27814     |      81.40       |      49.66      
   27815     |      74.29       |      39.06      
   27816     |      73.26       |      41.04      
   27817     |      73.50       |      31.30      
   27818     |      67.76       |      34.23      
   27819     |      71.36       |      37.18      
   27820     |      70.96       |      38.27      
   27821     |      77.95       |      38.46      
   27822     |      78.43       |      48.47      
   27823     |      68.16       |      38.71      
   27824     |      67.66       |      26.14      
   27825     |      65.36       |      26.72      
   27826     |      59.86       |      13.82      
   27827     |      68.20       |      37.40      
   27828     |      67.42       |      36.66      
   27829     |      66.72       |      17.28      
   27830     |      53.98       |      24.83      
   27831     |      51.97       |       3.94      
   27832     |      49.82       |       4.48      
   27833     |      60.82       |      21.72      
   27834     |      64.28       |      15.37      
   27835     |      69.22       |      20.69      
   27836     |      74.20       |      25.66      
   27837     |      73.14       |      23.85      
   27838     |      71.53       |      22.89      
   27839     |      73.78       |      27.76      
   27840     |      74.77       |      27.50      
   27841     |      81.37       |      34.94      
   27842     |      69.83       |      24.26      
   27843     |      73.29       |      34.73      
   27844     |      80.73       |      36.70      
   27845     |      73.86       |      29.82      
   27846     |      74.48       |      31.27      
   27847     |      73.32       |      31.34      
   27848     |      75.53       |      32.35      
   27849     |      75.18       |      30.69      
   27850     |      71.96       |      30.40      
   27851     |      79.05       |      40.59      
   27852     |      79.63       |      38.36      
   27853     |      74.92       |      37.21      
   27854     |      78.12       |      47.06      
   27855     |      80.23       |      43.19      
   27888     |      76.34       |      48.47      
   27889     |      80.73       |      49.47      
   27890     |      80.95       |      52.99      
   27891     |      77.99       |      46.92      
   27892     |      79.64       |      43.56      
   27893     |      63.99       |      33.92      
   27894     |      63.79       |      30.91      
   27895     |      63.77       |      30.86      
   27896     |      76.51       |      42.31      
   27897     |      76.12       |      43.22      
   27898     |      76.34       |      37.00      
   27899     |      75.44       |      48.46      
   27900     |      74.64       |      43.94      
   27901     |      71.56       |      30.02      
   27902     |      72.59       |      29.09      
   27903     |      71.22       |      25.55      
   27904     |      70.59       |      25.17      
   27905     |      78.46       |      38.20      
   27906     |      79.06       |      31.48      
   27907     |      81.07       |      32.85      
   27908     |      82.60       |      35.76      
   27909     |      67.32       |      19.74      
   27910     |      68.79       |      20.12      
   27911     |      82.30       |      35.95      
   27912     |      82.28       |      35.38      
   27913     |      78.91       |      31.97      
   27914     |      74.04       |      24.59      
   27915     |      77.52       |      40.69      
   27916     |      81.63       |      49.75      
   27917     |      86.40       |      45.42      
   27918     |      84.25       |      40.47      
   27919     |      74.80       |      27.21      
   27920     |      72.82       |      30.50      
   27921     |      82.26       |      37.01      
   27922     |      81.53       |      41.32      
   27923     |      78.61       |      37.45      
   27924     |      83.37       |      50.27      
   27925     |      82.27       |      51.22      
   27926     |      82.88       |      53.30      
   27927     |      72.41       |      35.68      
   27928     |      74.86       |      40.73      
   27929     |      75.24       |      41.12      
   27930     |      72.86       |      31.60      
   27931     |      69.33       |      23.50      
   27932     |      73.46       |      32.71      
   27933     |      74.98       |      37.99      
   27956     |      71.31       |      37.63      
   27957     |      69.60       |      38.94      
   27958     |      70.89       |      39.00      
   27959     |      70.91       |      39.09      
   27960     |      78.29       |      47.47      
   27961     |      83.07       |      51.82      
   27962     |      76.73       |      40.49      
   27963     |      76.84       |      40.16      
   27964     |      71.34       |      34.98      
   27965     |      71.02       |      29.14      
   27966     |      70.35       |      30.18      
   27967     |      77.57       |      43.13      
   27968     |      71.41       |      43.45      
   27969     |      71.61       |      44.09      
   27970     |      75.78       |      42.68      
   27971     |      75.99       |      44.84      
   27972     |      71.68       |      23.39      
   27973     |      78.27       |      41.42      
   27974     |      82.39       |      38.77      
   27975     |      85.69       |      48.82      
   27976     |      88.64       |      40.75      
   27977     |      82.91       |      33.86      
   27978     |      71.96       |      23.59      
   27979     |      71.57       |      23.72      
   27980     |      75.57       |      26.30      
   27981     |      75.63       |      29.83      
   27982     |      79.35       |      35.62      
   27983     |      80.31       |      32.31      
   27984     |      84.38       |      35.11      
   27985     |      89.66       |      44.63      
   27986     |      88.90       |      54.79      
   27987     |      86.00       |      44.52      
   27988     |      89.26       |      45.04      
   27989     |      82.45       |      34.35      
   27990     |      81.31       |      32.45      
   27991     |      80.09       |      32.61      
   27992     |      74.90       |      33.78      
   27993     |      71.94       |      37.74      
   27994     |      77.34       |      44.61      
   27995     |      80.22       |      43.75      
   27996     |      74.26       |      32.44      
   28027     |      83.57       |      54.39      
   28028     |      72.92       |      37.85      
   28029     |      74.28       |      43.86      
   28030     |      74.33       |      43.65      
   28031     |      64.07       |      28.38      
   28032     |      65.77       |      27.84      
   28033     |      70.65       |      36.00      
   28034     |      77.35       |      42.89      
   28035     |      76.93       |      40.84      
   28036     |      67.81       |      27.80      
   28037     |      65.60       |      19.17      
   28038     |      84.45       |      40.87      
   28039     |      86.01       |      39.26      
   28040     |      87.28       |      37.87      
   28041     |      75.53       |      26.16      
   28042     |      73.82       |      25.06      
   28043     |      70.19       |      21.79      
   28044     |      59.88       |      21.65      
   28045     |      67.47       |      29.87      
   28046     |      77.30       |      29.08      
   28047     |      78.61       |      34.20      
   28050     |      82.62       |      34.38      
   28051     |      86.23       |      38.15      
   28052     |      86.17       |      37.65      
   28053     |      84.33       |      36.26      
   28054     |      86.58       |      46.90      
   28055     |      88.93       |      47.28      
   28056     |      89.06       |      44.98      
   28057     |      85.63       |      44.43      
   28058     |      83.77       |      37.87      
   28059     |      77.42       |      34.29      
   28060     |      73.01       |      44.21      
   28061     |      73.93       |      44.04      
   28062     |      77.16       |      50.81      
   28063     |      79.55       |      47.17      
   28064     |      73.44       |      31.28      
   28065     |      73.39       |      34.18      
   28066     |      78.81       |      44.24      
   28067     |      69.60       |      27.11      
   28068     |      69.85       |      23.50      
   28069     |      74.99       |      33.18      
   28098     |      80.17       |      46.18      
   28099     |      80.25       |      46.19      
   28100     |      75.42       |      39.66      
   28101     |      77.68       |      47.36      
   28102     |      76.76       |      49.90      
   28103     |      75.70       |      45.83      
   28104     |      75.38       |      46.58      
   28105     |      74.91       |      38.50      
   28106     |      72.85       |      42.19      
   28107     |      72.58       |      44.57      
   28108     |      64.98       |      22.96      
   28109     |      62.29       |      26.74      
   28110     |      66.47       |      34.09      
   28111     |      66.64       |      38.05      
   28112     |      75.49       |      42.33      
   28113     |      77.12       |      40.76      
   28114     |      72.86       |      32.35      
   28115     |      72.74       |      32.41      
   28116     |      73.57       |      25.10      
   28117     |      76.78       |      28.62      
   28118     |      76.76       |      28.75      
   28119     |      87.78       |      41.57      
   28120     |      77.16       |      28.55      
   28121     |      78.40       |      29.02      
   28122     |      73.00       |      23.70      
   28123     |      77.58       |      28.29      
   28124     |      78.13       |      29.32      
   28125     |      78.44       |      29.51      
   28126     |      77.16       |      27.85      
   28127     |      72.49       |      24.15      
   28128     |      76.96       |      30.35      
   28129     |      77.17       |      28.02      
   28130     |      62.35       |      28.13      
   28131     |      77.49       |      29.84      
   28132     |      79.19       |      32.72      
   28133     |      77.06       |      29.41      
   28134     |      70.04       |      29.66      
   28135     |      82.02       |      54.51      
   28136     |      81.18       |      49.98      
   28137     |      67.33       |      28.47      
   28138     |      67.20       |      26.94      
   28139     |      74.64       |      36.20      
   28140     |      80.89       |      37.92      
   28141     |      83.56       |      38.08      
   28174     |      79.95       |      48.42      
   28175     |      74.64       |      40.32      
   28176     |      72.56       |      44.58      
   28177     |      63.04       |      25.90      
   28178     |      81.27       |      44.59      
   28179     |      79.17       |      48.96      
   28180     |      78.07       |      43.83      
   28181     |      73.81       |      25.22      
   28182     |      74.74       |      25.38      
   28183     |      75.45       |      27.71      
   28184     |      73.98       |      29.67      
   28185     |      78.17       |      32.24      
   28186     |      78.45       |      30.12      
   28187     |      75.54       |      26.30      
   28188     |      77.79       |      43.42      
   28189     |      80.98       |      44.72      
   28190     |      79.89       |      35.63      
   28191     |      84.99       |      44.85      
   28192     |      83.14       |      46.40      
   28193     |      83.96       |      41.19      
   28194     |      76.14       |      38.45      
   28195     |      77.44       |      37.21      
   28196     |      76.20       |      33.67      
   28197     |      80.73       |      34.74      
   28198     |      81.18       |      36.48      
   28200     |      87.13       |      47.19      
   28201     |      74.57       |      28.89      
   28202     |      75.87       |      32.52      
   28203     |      71.59       |      23.17      
   28204     |      69.95       |      29.74      
   28205     |      84.40       |      51.89      
   28206     |      69.75       |      35.95      
   28207     |      66.99       |      27.17      
   28208     |      61.33       |      34.08      
   28240     |      82.16       |      54.32      
   28241     |      82.33       |      53.83      
   28242     |      75.45       |      48.62      
   28243     |      68.67       |      43.20      
   28244     |      71.93       |      42.27      
   28245     |      75.32       |      44.81      
   28246     |      75.28       |      45.78      
   28247     |      78.19       |      38.94      
   28248     |      77.75       |      39.49      
   28249     |      79.12       |      42.86      
   28250     |      70.87       |      40.11      
   28251     |      72.44       |      31.89      
   28252     |      71.93       |      26.23      
   28253     |      75.40       |      27.40      
   28254     |      76.56       |      28.15      
   28255     |      68.56       |      20.35      
   28256     |      80.36       |      31.14      
   28257     |      77.37       |      30.61      
   28258     |      81.76       |      32.69      
   28259     |      83.33       |      35.09      
   28260     |      74.24       |      37.02      
   28261     |      75.76       |      37.00      
   28262     |      76.99       |      31.91      
   28263     |      76.72       |      33.97      
   28264     |      79.96       |      34.49      
   28265     |      74.32       |      27.45      
   28266     |      74.17       |      28.84      
   28267     |      74.61       |      34.01      
   28268     |      78.13       |      33.85      
   28269     |      76.40       |      27.41      
   28270     |      67.86       |      28.33      
   28271     |      67.72       |      33.86      
   28272     |      67.70       |      33.90      
   28273     |      74.56       |      36.33      
   28297     |      76.86       |      46.41      
   28298     |      81.92       |      53.79      
   28299     |      80.72       |      46.79      
   28300     |      75.56       |      48.37      
   28301     |      67.88       |      35.63      
   28302     |      67.23       |      43.41      
   28303     |      68.57       |      46.47      
   28304     |      68.76       |      43.38      
   28305     |      68.29       |      39.46      
   28306     |      68.96       |      39.57      
   28307     |      67.58       |      37.61      
   28308     |      78.18       |      46.69      
   28309     |      82.75       |      42.35      
   28310     |      78.15       |      35.58      
   28311     |      77.24       |      37.11      
   28312     |      77.08       |      39.19      
   28313     |      76.37       |      46.43      
   28314     |      81.72       |      46.46      
   28315     |      81.40       |      49.72      
   28316     |      81.37       |      36.82      
   28317     |      77.28       |      38.35      
   28318     |      74.11       |      25.57      
   28319     |      71.17       |      25.66      
   28320     |      70.51       |      21.78      
   28321     |      70.02       |      21.57      
   28322     |      71.99       |      23.06      
   28323     |      75.05       |      27.46      
   28324     |      69.73       |      23.15      
   28325     |      81.52       |      33.59      
   28326     |      75.41       |      26.66      
   28327     |      76.61       |      27.62      
   28328     |      80.38       |      31.79      
   28329     |      82.51       |      47.51      
   28330     |      81.20       |      42.09      
   28331     |      73.74       |      31.06      
   28332     |      73.73       |      28.54      
   28333     |      71.47       |      29.88      
   28334     |      66.80       |      18.44      
   28335     |      62.55       |      19.32      
   28336     |      63.37       |      24.98      
   28337     |      71.70       |      29.88      
   28338     |      70.39       |      24.55      
   28339     |      75.96       |      34.94      
   28340     |      80.30       |      31.58      
   28341     |      82.68       |      36.86      
   28342     |      85.73       |      41.12      
   28343     |      87.27       |      47.58      
   28344     |      81.79       |      50.24      
   28345     |      75.73       |      38.24      
   28346     |      75.53       |      38.01      
   28347     |      73.45       |      31.52      
   28348     |      74.50       |      35.33      
   28349     |      69.29       |      34.68      
   28350     |      77.07       |      38.08      
   28380     |      72.74       |      44.21      
   28381     |      68.96       |      44.01      
   28382     |      72.99       |      41.98      
   28383     |      74.10       |      43.33      
   28384     |      72.62       |      33.25      
   28385     |      75.19       |      36.45      
   28386     |      80.59       |      33.33      
   28387     |      81.36       |      43.37      
   28388     |      78.74       |      42.74      
   28389     |      88.15       |      52.25      
   28390     |      77.88       |      30.34      
   28391     |      76.72       |      28.06      
   28392     |      76.99       |      30.16      
   28396     |      75.51       |      26.83      
   28397     |      70.68       |      21.49      
   28399     |      71.52       |      24.60      
   28400     |      72.07       |      23.53      
   28401     |      77.48       |      34.85      
   28402     |      85.67       |      45.67      
   28403     |      66.79       |      34.85      
   28404     |      66.92       |      20.01      
   28405     |      69.61       |      25.24      
   28406     |      70.95       |      25.63      
   28407     |      73.77       |      32.01      
   28408     |      68.52       |      33.91      
   28409     |      70.75       |      41.22      
   28410     |      76.97       |      37.89      
   28434     |      72.92       |      45.87      
   28435     |      70.08       |      43.61      
   28436     |      70.48       |      44.57      
   28437     |      78.36       |      44.99      
   28438     |      77.19       |      49.79      
   28439     |      84.16       |      49.62      
   28440     |      78.91       |      45.14      
   28441     |      80.62       |      43.40      
   28442     |      79.68       |      40.22      
   28443     |      83.35       |      41.26      
   28444     |      83.43       |      46.32      
   28445     |      89.30       |      46.69      
   28446     |      79.78       |      46.59      
   28456     |      75.14       |      37.71      
   28457     |      71.65       |      28.88      
   28458     |      71.65       |      28.91      
   28459     |      62.60       |      18.69      
   28460     |      62.48       |      15.34      
   28461     |      77.43       |      32.97      
   28462     |      75.75       |      41.28      
   28463     |      69.15       |      30.63      
   28464     |      69.98       |      32.79      
   28465     |      62.84       |      22.73      
   28466     |      73.19       |      30.29      
   28467     |      75.30       |      35.18      
   28468     |      74.82       |      29.25      
   28469     |      71.18       |      24.09      
   28470     |      71.21       |      31.05      
   28471     |      76.27       |      38.48      
   28472     |      75.67       |      39.76      
   28473     |      74.92       |      38.28      
   28474     |      81.67       |      38.29      
   28475     |      82.58       |      42.85      
   28476     |      68.39       |      23.57      
   28477     |      68.27       |      23.20      
   28478     |      65.38       |      37.13      
   28479     |      82.74       |      56.10      
   28480     |      76.28       |      39.38      
   28506     |      75.54       |      41.25      
   28507     |      69.77       |      43.42      
   28508     |      70.98       |      34.92      
   28509     |      84.63       |      50.27      
   28510     |      82.74       |      57.58      
   28511     |      82.02       |      57.63      
   28512     |      85.55       |      51.26      
   28513     |      81.32       |      49.25      
   28514     |      81.34       |      49.14      
   28515     |      84.74       |      44.68      
   28516     |      83.87       |      45.60      
   28517     |      86.62       |      46.65      
   28518     |      86.24       |      43.94      
   28519     |      80.63       |      43.19      
   28539     |      60.99       |      28.67      
   28540     |      59.10       |      24.65      
   28541     |      69.21       |      25.42      
   28542     |      63.30       |      23.20      
   28543     |      67.72       |      32.28      
   28544     |      74.70       |      34.53      
   28545     |      74.36       |      33.92      
   28546     |      83.98       |      37.84      
   28547     |      80.24       |      40.58      
   28548     |      88.05       |      45.27      
   28549     |      89.32       |      47.23      
   28573     |      72.76       |      51.21      
   28574     |      70.74       |      45.24      
   28575     |      84.48       |      50.20      
   28576     |      81.05       |      49.76      
   28577     |      77.28       |      53.97      
   28578     |      78.91       |      47.81      
   28579     |      80.04       |      47.53      
   28580     |      88.91       |      52.67      
   28581     |      89.34       |      49.89      
   28582     |      79.80       |      41.92      
   28583     |      80.04       |      39.68      
   28584     |      80.73       |      39.70      
   28585     |      78.77       |      44.09      
   28597     |      73.46       |      31.69      
   28598     |      73.30       |      30.45      
   28599     |      69.15       |      22.29      
   28600     |      66.39       |      27.82      
   28601     |      69.82       |      26.25      
   28602     |      86.62       |      43.47      
   28603     |      88.98       |      49.21      
   28604     |      64.03       |      16.78      
   28605     |      64.95       |      31.92      
   28606     |      66.39       |      33.61      
   28607     |      76.28       |      49.55      
   28608     |      89.28       |      47.34      
   28609     |      83.56       |      35.28      
   28610     |      80.76       |      31.82      
   28611     |      77.92       |      30.17      
   28612     |      81.98       |      42.78      
   28613     |      77.94       |      43.96      
   28614     |      83.39       |      58.10      
   28615     |      85.06       |      57.89      
   28616     |      84.12       |      46.53      
   28637     |      74.46       |      35.92      
   28638     |      75.08       |      53.83      
   28639     |      78.95       |      47.89      
   28640     |      83.03       |      48.37      
   28642     |      80.93       |      42.10      
   28664     |      78.36       |      43.37      
   28666     |      69.78       |      34.62      
   28667     |      71.68       |      30.01      
   28668     |      86.80       |      49.52      
   28670     |      86.93       |      38.39      
   28671     |      89.84       |      48.62      
   28672     |      80.88       |      37.52      
   28673     |      87.85       |      59.50      
   28674     |      86.81       |      59.49      
   28675     |      87.58       |      45.18      
   28676     |      86.29       |      43.03      
   28677     |      88.43       |      39.85      
   28712     |      79.23       |      56.39      
   28713     |      71.70       |      34.08      
   28714     |      69.06       |      38.38      
   28715     |      70.69       |      41.83      
   28716     |      71.14       |      48.58      
   28717     |      74.69       |      47.24      
   28718     |      78.92       |      43.76      
   28719     |      81.56       |      48.43      
   28720     |      84.07       |      45.75      
   28751     |      88.62       |      47.03      
   28752     |      88.74       |      46.96      
   28753     |      87.70       |      43.49      
   28756     |      87.38       |      50.21      
   28788     |      74.26       |      56.41      
   28789     |      73.59       |      47.64      
   28790     |      73.41       |      47.10      
   28791     |      74.33       |      37.75      
   28792     |      66.70       |      48.71      
   28832     |      83.28       |      45.76      
   28833     |      83.53       |      38.05      
   28834     |      83.50       |      36.54      
   28862     |      72.95       |      54.69      
   28909     |      85.12       |      46.86      
   28945     |      81.09       |      58.62      
   28947     |      65.13       |      45.15      
   28980     |      86.08       |      47.35      
   28981     |      79.23       |      44.98      
   29062     |      85.49       |      44.81      
   40607     |      36.01       |      35.39      
   40608     |      31.20       |      35.57      
   40644     |      42.82       |      23.49      
   40662     |      29.02       |      45.58      
   40663     |      33.18       |      48.29      
   40664     |      32.41       |      46.31      
   40698     |      37.50       |      13.85      
   40699     |      37.36       |      13.83      
   40700     |      35.67       |      15.70      
   40701     |      44.17       |      18.86      
   40702     |      48.46       |       5.90      
   40703     |      52.35       |      19.19      
   40704     |      54.26       |      16.26      
   40732     |      31.30       |      45.53      
   40733     |      28.73       |      54.14      
   40734     |      40.18       |      40.63      
   40735     |      46.63       |      47.25      
   40736     |      47.37       |      55.27      
   40768     |      50.22       |      40.87      
   40769     |      47.39       |      49.48      
   40770     |      29.25       |      34.88      
   40771     |      25.66       |      25.95      
   40772     |      25.62       |      25.93      
   40773     |      33.67       |      21.55      
   40774     |      33.82       |      19.34      
   40775     |      39.96       |      11.43      
   40776     |      56.08       |       5.82      
   40777     |      56.71       |      11.06      
   40800     |      35.85       |      42.78      
   40801     |      46.40       |      54.71      
   40802     |      43.64       |      52.65      
   40828     |      54.92       |      56.78      
   40829     |      51.77       |      47.94      
   40830     |      43.60       |      47.13      
   40831     |      26.40       |      36.06      
   40832     |      41.01       |      12.05      
   40833     |      60.13       |      15.01      
   40834     |      61.13       |      17.76      
   40854     |      38.14       |      37.88      
   40855     |      39.15       |      39.12      
   40856     |      38.25       |      39.21      
   40857     |      28.35       |      42.00      
   40858     |      36.49       |      53.90      
   40859     |      21.25       |      42.33      
   40860     |      29.39       |      56.35      
   40861     |      35.65       |      39.26      
   40862     |      40.65       |      34.81      
   40865     |      40.34       |      37.25      
   40891     |      56.24       |      50.94      
   40892     |      34.18       |      45.45      
   40893     |      28.31       |      30.87      
   40894     |      39.21       |      38.97      
   40895     |      34.76       |      22.68      
   40896     |      65.24       |      21.75      
   40915     |      37.11       |      42.46      
   40916     |      37.84       |      36.21      
   40917     |      45.96       |      46.57      
   40918     |      49.77       |      54.97      
   40919     |      40.26       |      47.36      
   40920     |      34.79       |      46.00      
   40921     |      34.94       |      44.86      
   40922     |      47.24       |      51.09      
   40923     |      36.75       |      40.55      
   40924     |      41.74       |      51.40      
   40925     |      34.16       |      45.17      
   40926     |      36.43       |      48.81      
   40927     |      35.83       |      41.69      
   40928     |      31.14       |      29.79      
   40929     |      47.52       |      46.43      
   40951     |      37.98       |      28.34      
   40952     |      31.63       |      29.42      
   40953     |      35.64       |      36.53      
   40954     |      46.78       |      35.26      
   40955     |      68.96       |      44.81      
   40956     |      53.90       |      37.31      
   40957     |      48.50       |      32.49      
   40958     |      41.55       |      39.49      
   40959     |      43.47       |      42.92      
   40960     |      38.66       |      42.12      
   40961     |      34.89       |      37.06      
   40962     |      40.04       |      27.19      
   40963     |      51.03       |       4.38      
   40964     |      51.63       |       6.27      
   40965     |      59.35       |      15.56      
   40966     |      64.01       |      24.51      
   40967     |      61.95       |      15.96      
   40968     |      62.09       |      12.55      
   40987     |      36.38       |      32.13      
   40988     |      42.38       |      38.02      
   40989     |      49.58       |      46.52      
   40990     |      38.83       |      41.69      
   40991     |      42.40       |      47.55      
   40992     |      38.62       |      48.52      
   40993     |      40.04       |      40.30      
   40994     |      36.85       |      38.71      
   40995     |      46.15       |      43.86      
   40996     |      32.35       |      39.48      
   40999     |      18.96       |      34.04      
   41000     |      19.71       |      33.58      
   41002     |      24.85       |      40.10      
   41012     |      31.23       |      42.21      
   41013     |      35.56       |      45.76      
   41014     |      34.82       |      27.42      
   41015     |      33.56       |      26.11      
   41016     |      33.46       |      30.57      
   41017     |      26.89       |      30.93      
   41018     |      26.84       |      30.66      
   41019     |      46.12       |      34.57      
   41020     |      61.06       |      37.03      
   41021     |      68.69       |      47.86      
   41022     |      50.47       |      34.96      
   41023     |      51.76       |      36.50      
   41024     |      60.81       |      20.84      
   41025     |      55.90       |       8.77      
   41026     |      55.72       |       9.16      
   41027     |      59.73       |      18.14      
   41028     |      67.13       |      19.10      
   41045     |      29.74       |      42.01      
   41046     |      29.20       |      44.56      
   41047     |      48.33       |      48.37      
   41048     |      47.37       |      45.39      
   41049     |      43.63       |      40.61      
   41050     |      45.88       |      44.88      
   41051     |      45.51       |      42.71      
   41052     |      47.62       |      43.64      
   41053     |      50.87       |      35.33      
   41054     |      37.22       |      22.85      
   41055     |      41.66       |      40.26      
   41056     |      36.98       |      40.97      
   41057     |      41.82       |      44.67      
   41058     |      39.68       |      53.76      
   41059     |      37.47       |      42.23      
   41060     |      32.23       |      35.51      
   41061     |      25.31       |      30.28      
   41062     |      30.19       |      35.61      
   41063     |      27.76       |      23.68      
   41064     |      38.18       |      16.88      
   41065     |      40.11       |      11.33      
   41066     |      30.94       |      20.30      
   41067     |      31.19       |      33.93      
   41068     |      30.48       |      32.43      
   41069     |      26.62       |      31.32      
   41070     |      32.91       |      30.54      
   41071     |      33.94       |      34.56      
   41072     |      40.32       |      37.24      
   41073     |      40.84       |      22.41      
   41074     |      46.87       |      31.25      
   41075     |      59.75       |      36.43      
   41076     |      59.96       |      37.92      
   41077     |      47.35       |      32.69      
   41078     |      45.37       |      28.83      
   41079     |      45.45       |      29.47      
   41080     |      48.79       |      32.87      
   41081     |      45.99       |      32.51      
   41082     |      43.57       |      24.37      
   41083     |      42.60       |      27.58      
   41084     |      50.95       |      33.48      
   41085     |      66.99       |      32.05      
   41086     |      66.96       |      24.88      
   41087     |      70.56       |      28.42      
   41088     |      64.54       |      16.28      
   41106     |      40.64       |      41.05      
   41107     |      24.11       |      36.27      
   41108     |      42.25       |      42.32      
   41109     |      49.24       |      48.55      
   41110     |      46.97       |      45.83      
   41111     |      46.26       |      38.79      
   41112     |      42.28       |      41.83      
   41113     |      32.98       |      35.07      
   41114     |      32.71       |      34.50      
   41115     |      41.78       |      40.80      
   41116     |      42.73       |      56.74      
   41117     |      38.09       |      41.20      
   41118     |      38.52       |      32.12      
   41119     |      38.18       |      18.31      
   41120     |      33.04       |      21.04      
   41121     |      35.07       |      26.26      
   41122     |      23.86       |      29.41      
   41123     |      31.77       |      31.01      
   41124     |      32.51       |      18.71      
   41125     |      32.16       |      19.11      
   41126     |      28.33       |      22.98      
   41127     |      27.35       |      23.86      
   41128     |      31.41       |      20.10      
   41129     |      31.23       |      20.59      
   41130     |      34.04       |      20.94      
   41131     |      44.89       |      40.20      
   41132     |      33.48       |      33.95      
   41133     |      31.65       |      27.31      
   41134     |      28.25       |      24.90      
   41135     |      36.93       |      31.51      
   41136     |      37.62       |      24.10      
   41137     |      48.25       |      37.33      
   41138     |      47.65       |      29.47      
   41139     |      60.83       |      35.76      
   41140     |      51.53       |      33.55      
   41141     |      50.87       |      36.80      
   41142     |      59.15       |      50.57      
   41143     |      59.00       |      47.23      
   41144     |      51.00       |      38.56      
   41145     |      57.16       |      25.17      
   41146     |      56.93       |      24.80      
   41147     |      59.15       |      18.47      
   41148     |      71.93       |      35.74      
   41149     |      69.31       |      37.47      
   41150     |      66.74       |      32.41      
   41151     |      56.55       |       8.55      
   41152     |      69.88       |      30.10      
   41153     |      69.67       |      28.95      
   41165     |      42.43       |      35.69      
   41166     |      27.89       |      30.90      
   41167     |      30.49       |      40.30      
   41168     |      45.25       |      54.17      
   41169     |      42.41       |      45.80      
   41170     |      47.16       |      42.26      
   41171     |      46.27       |      41.39      
   41172     |      46.45       |      46.68      
   41173     |      42.32       |      46.14      
   41174     |      41.63       |      41.07      
   41175     |      45.06       |      53.76      
   41176     |      39.83       |      42.91      
   41177     |      32.79       |      35.01      
   41178     |      41.26       |      41.32      
   41179     |      48.02       |      54.64      
   41180     |      47.86       |      48.58      
   41181     |      43.24       |      41.93      
   41182     |      41.56       |      26.94      
   41183     |      32.12       |      24.85      
   41184     |      33.57       |      21.28      
   41185     |      35.01       |      29.37      
   41186     |      30.46       |      29.65      
   41187     |      30.86       |      27.63      
   41188     |      33.61       |      29.30      
   41189     |      39.92       |      14.55      
   41190     |      23.54       |      27.77      
   41191     |      27.36       |      24.08      
   41192     |      28.02       |      23.15      
   41193     |      28.78       |      22.39      
   41194     |      30.25       |      21.64      
   41195     |      26.93       |      26.60      
   41196     |      38.48       |      34.73      
   41197     |      35.07       |      28.82      
   41198     |      44.18       |      35.74      
   41199     |      61.96       |      40.02      
   41200     |      54.31       |      48.78      
   41201     |      49.22       |      37.61      
   41202     |      47.95       |      36.32      
   41203     |      57.07       |      33.35      
   41204     |      56.37       |      31.73      
   41205     |      68.94       |      34.71      
   41206     |      66.92       |      16.41      
   41207     |      73.18       |      24.56      
   41208     |      60.49       |      17.40      
   41209     |      61.71       |      14.41      
   41222     |      38.73       |      36.29      
   41223     |      29.68       |      43.45      
   41224     |      41.35       |      49.47      
   41225     |      41.70       |      30.89      
   41226     |      36.96       |      21.85      
   41227     |      37.08       |      20.60      
   41228     |      45.02       |      27.03      
   41229     |      47.85       |      44.88      
   41230     |      40.91       |      42.49      
   41231     |      47.11       |      31.37      
   41232     |      44.81       |      24.86      
   41233     |      45.82       |      25.12      
   41234     |      45.91       |      31.56      
   41235     |      42.02       |      12.18      
   41236     |      41.64       |      19.57      
   41237     |      34.31       |      19.67      
   41238     |      34.05       |      17.22      
   41239     |      26.55       |      24.91      
   41240     |      29.38       |      24.30      
   41241     |      31.71       |      20.54      
   41242     |      39.18       |      24.72      
   41243     |      43.56       |      35.69      
   41244     |      41.23       |      32.91      
   41245     |      40.23       |      28.24      
   41246     |      39.30       |      17.46      
   41247     |      41.47       |      22.63      
   41248     |      47.92       |      37.58      
   41249     |      50.53       |      29.01      
   41250     |      43.03       |      38.19      
   41251     |      53.52       |      52.16      
   41252     |      54.35       |      37.80      
   41253     |      57.01       |      41.50      
   41254     |      69.64       |      33.49      
   41255     |      62.45       |      27.76      
   41256     |      63.62       |      32.92      
   41257     |      64.27       |      32.13      
   41258     |      70.95       |      22.31      
   41259     |      71.21       |      28.89      
   41279     |      37.36       |      41.54      
   41280     |      35.00       |      40.56      
   41281     |      35.38       |      40.43      
   41282     |      38.99       |      42.93      
   41283     |      42.60       |      54.09      
   41284     |      39.02       |      52.45      
   41285     |      40.76       |      57.35      
   41286     |      27.91       |      49.77      
   41287     |      24.39       |      40.79      
   41288     |      35.81       |      36.90      
   41289     |      31.04       |      27.27      
   41290     |      32.29       |      31.46      
   41291     |      49.40       |      41.76      
   41292     |      54.56       |      42.25      
   41293     |      55.84       |      38.62      
   41294     |      52.91       |      33.93      
   41295     |      63.81       |      28.55      
   41296     |      62.30       |      37.46      
   41297     |      59.04       |      19.53      
   41298     |      45.17       |      39.91      
   41299     |      38.28       |      16.79      
   41300     |      44.66       |      16.36      
   41301     |      46.58       |      22.54      
   41302     |      45.99       |      25.13      
   41303     |      44.21       |      15.51      
   41304     |      39.84       |      13.48      
   41305     |      45.08       |      17.52      
   41306     |      42.66       |      11.56      
   41307     |      33.12       |      18.08      
   41308     |      33.04       |      18.11      
   41309     |      30.51       |      20.86      
   41310     |      31.23       |      19.86      
   41311     |      30.24       |      20.90      
   41312     |      36.80       |      18.72      
   41313     |      41.77       |      12.03      
   41314     |      41.37       |      23.20      
   41315     |      48.64       |      31.66      
   41316     |      36.22       |      25.07      
   41317     |      37.31       |      26.70      
   41318     |      47.46       |      22.27      
   41319     |      43.17       |      17.69      
   41320     |      46.92       |      29.20      
   41321     |      57.64       |      50.43      
   41322     |      57.02       |      46.43      
   41323     |      60.91       |      50.97      
   41324     |      58.04       |      25.79      
   41325     |      45.47       |      13.40      
   41326     |      45.74       |      17.13      
   41327     |      69.78       |      54.94      
   41328     |      58.59       |      34.78      
   41329     |      58.81       |      42.05      
   41330     |      54.68       |      33.43      
   41331     |      62.67       |      39.34      
   41332     |      61.85       |      31.75      
   41333     |      60.81       |      33.04      
   41334     |      60.29       |      31.71      
   41335     |      58.55       |      30.89      
   41336     |      60.57       |      22.37      
   41337     |      64.95       |      17.22      
   41338     |      64.09       |      17.74      
   41339     |      63.56       |      17.15      
   41340     |      73.61       |      27.13      
   41354     |      53.99       |      38.14      
   41355     |      37.58       |      49.97      
   41356     |      46.05       |      50.27      
   41357     |      46.13       |      59.14      
   41358     |      41.56       |      57.15      
   41359     |      26.30       |      36.07      
   41360     |      36.26       |      30.03      
   41361     |      51.33       |      45.34      
   41362     |      57.30       |      43.29      
   41363     |      56.76       |      17.51      
   41364     |      65.66       |      38.77      
   41365     |      64.97       |      40.59      
   41366     |      58.11       |      28.91      
   41367     |      56.66       |      20.96      
   41368     |      58.05       |      14.90      
   41369     |      38.43       |      17.31      
   41370     |      40.30       |      17.96      
   41371     |      42.58       |      24.76      
   41372     |      28.92       |      23.86      
   41373     |      28.42       |      22.69      
   41374     |      39.24       |      16.09      
   41375     |      51.74       |      32.47      
   41376     |      44.38       |      27.15      
   41377     |      35.13       |      18.69      
   41378     |      48.03       |      30.97      
   41379     |      52.76       |      30.26      
   41380     |      57.89       |      50.33      
   41381     |      75.76       |      57.81      
   41382     |      71.66       |      38.91      
   41383     |      65.06       |      15.16      
   41384     |      69.04       |      20.74      
   41385     |      69.35       |      22.88      
   41386     |      78.74       |      50.40      
   41387     |      66.17       |      33.67      
   41388     |      66.46       |      37.00      
   41389     |      57.52       |      39.05      
   41390     |      50.90       |      36.76      
   41391     |      51.61       |      31.57      
   41392     |      51.57       |      31.51      
   41393     |      52.23       |      36.40      
   41394     |      63.96       |      25.09      
   41395     |      65.18       |      17.38      
   41396     |      71.97       |      26.71      
   41414     |      46.10       |      31.00      
   41415     |      54.10       |      40.38      
   41416     |      51.39       |      39.43      
   41417     |      54.95       |      50.10      
   41418     |      42.53       |      43.82      
   41419     |      43.05       |      41.76      
   41420     |      42.65       |      37.34      
   41421     |      41.80       |      33.81      
   41422     |      33.77       |      29.96      
   41423     |      34.43       |      27.50      
   41424     |      51.26       |      45.60      
   41425     |      50.52       |      31.05      
   41426     |      52.57       |      38.24      
   41427     |      59.06       |      17.54      
   41428     |      59.33       |      16.70      
   41429     |      68.01       |      31.56      
   41430     |      68.20       |      34.03      
   41431     |      76.33       |      41.03      
   41432     |      66.08       |      16.42      
   41433     |      53.01       |      23.00      
   41434     |      48.88       |      14.56      
   41435     |      46.77       |      19.19      
   41436     |      44.77       |      16.64      
   41437     |      38.48       |      14.20      
   41438     |      37.83       |      13.22      
   41439     |      39.21       |      16.10      
   41440     |      44.87       |      14.41      
   41441     |      52.18       |      25.01      
   41442     |      42.69       |      23.45      
   41443     |      63.57       |      26.11      
   41444     |      77.59       |      55.33      
   41445     |      66.48       |      31.75      
   41446     |      78.53       |      39.42      
   41447     |      59.34       |      30.95      
   41448     |      59.63       |      31.91      
   41449     |      54.00       |      25.17      
   41450     |      50.53       |      35.14      
   41451     |      59.42       |      40.49      
   41452     |      51.58       |      28.45      
   41453     |      64.46       |      20.58      
   41469     |      58.14       |      47.61      
   41470     |      51.58       |      37.81      
   41471     |      45.65       |      31.56      
   41472     |      45.89       |      40.57      
   41473     |      54.86       |      55.31      
   41474     |      54.35       |      54.00      
   41475     |      57.24       |      55.81      
   41476     |      57.31       |      47.35      
   41477     |      51.64       |      36.16      
   41478     |      33.73       |      29.65      
   41479     |      34.36       |      30.34      
   41480     |      30.36       |      40.02      
   41481     |      24.76       |      33.95      
   41482     |      28.26       |      27.20      
   41483     |      33.80       |      29.42      
   41484     |      72.04       |      29.79      
   41485     |      65.47       |      16.71      
   41486     |      64.53       |      20.86      
   41487     |      68.05       |      34.10      
   41488     |      55.48       |      28.64      
   41489     |      54.34       |      24.10      
   41490     |      44.79       |      23.65      
   41491     |      40.70       |      18.38      
   41492     |      52.53       |      15.75      
   41493     |      38.31       |      12.77      
   41494     |      46.72       |      15.46      
   41495     |      46.32       |      12.27      
   41496     |      41.70       |      24.62      
   41497     |      41.67       |      24.54      
   41498     |      58.22       |      30.15      
   41499     |      55.76       |      19.67      
   41500     |      56.00       |      19.41      
   41501     |      56.08       |      27.10      
   41502     |      53.57       |      18.00      
   41503     |      69.49       |      41.34      
   41504     |      74.24       |      39.64      
   41505     |      70.90       |      49.99      
   41506     |      66.28       |      31.83      
   41507     |      59.57       |      25.82      
   41508     |      61.58       |      18.16      
   41509     |      69.59       |      32.43      
   41510     |      63.84       |      34.23      
   41511     |      63.64       |      32.63      
   41512     |      53.62       |      22.51      
   41513     |      57.47       |      35.26      
   41514     |      47.51       |      35.95      
   41515     |      59.17       |      40.89      
   41516     |      51.56       |      36.29      
   41517     |      61.35       |      27.19      
   41518     |      56.60       |      20.16      
   41519     |      64.76       |      21.03      
   41535     |      52.27       |      43.22      
   41536     |      61.75       |      49.69      
   41537     |      38.18       |      24.79      
   41538     |      41.06       |      36.75      
   41539     |      29.09       |      29.60      
   41540     |      40.62       |      37.07      
   41541     |      38.89       |      28.52      
   41542     |      53.76       |      24.40      
   41543     |      64.69       |      15.63      
   41544     |      62.86       |      35.19      
   41545     |      47.94       |      31.45      
   41546     |      46.23       |      14.65      
   41547     |      46.10       |      14.35      
   41548     |      41.81       |      11.37      
   41549     |      42.40       |      23.93      
   41550     |      33.44       |      23.15      
   41551     |      53.13       |      38.06      
   41552     |      52.34       |      24.20      
   41553     |      55.50       |      29.40      
   41554     |      68.12       |      40.59      
   41555     |      63.96       |      40.40      
   41556     |      68.83       |      50.04      
   41557     |      57.54       |      42.21      
   41558     |      54.71       |      29.88      
   41559     |      62.02       |      30.82      
   41560     |      63.47       |      29.68      
   41561     |      51.52       |      18.67      
   41562     |      46.32       |      25.34      
   41563     |      59.63       |      41.61      
   41564     |      56.40       |      38.33      
   41565     |      51.86       |      33.07      
   41566     |      50.64       |      29.25      
   41567     |      39.79       |      23.43      
   41568     |      42.17       |      33.90      
   41569     |      51.08       |      40.09      
   41570     |      57.14       |      20.39      
   41571     |      62.95       |      27.15      
   41572     |      61.93       |      21.25      
   41587     |      55.30       |      46.41      
   41588     |      54.52       |      45.36      
   41589     |      45.64       |      40.95      
   41590     |      46.92       |      44.04      
   41591     |      54.25       |      49.75      
   41592     |      49.03       |      39.32      
   41593     |      48.25       |      39.00      
   41594     |      47.24       |      32.12      
   41595     |      45.31       |      29.65      
   41596     |      39.32       |      19.02      
   41597     |      37.41       |      22.84      
   41598     |      38.53       |      28.94      
   41599     |      48.32       |      16.76      
   41600     |      45.65       |       6.08      
   41601     |      51.81       |       7.91      
   41602     |      48.18       |      18.39      
   41603     |      54.14       |      24.58      
   41604     |      55.48       |      27.55      
   41605     |      62.94       |      33.16      
   41606     |      58.26       |      39.69      
   41607     |      57.70       |      37.15      
   41608     |      47.08       |       6.73      
   41609     |      52.47       |      15.38      
   41610     |      50.42       |      24.54      
   41611     |      47.55       |      18.44      
   41612     |      43.56       |      16.61      
   41613     |      45.96       |       6.28      
   41614     |      43.75       |       7.21      
   41615     |      49.88       |      13.78      
   41616     |      50.20       |       9.86      
   41617     |      61.90       |      38.58      
   41618     |      53.75       |      19.77      
   41619     |      54.47       |      21.43      
   41620     |      58.21       |      30.01      
   41621     |      60.95       |      43.43      
   41622     |      64.37       |      43.26      
   41623     |      55.89       |      36.07      
   41624     |      56.39       |      32.77      
   41625     |      51.38       |      32.19      
   41626     |      50.69       |      13.53      
   41627     |      58.31       |      34.59      
   41628     |      55.44       |      18.53      
   41629     |      66.76       |      37.55      
   41630     |      60.47       |      32.67      
   41631     |      58.47       |      22.85      
   41632     |      61.57       |      30.90      
   41633     |      43.48       |      21.88      
   41634     |      57.80       |      40.10      
   41635     |      61.78       |      44.44      
   41636     |      60.26       |      41.91      
   41637     |      54.37       |      39.57      
   41648     |      39.98       |      31.04      
   41649     |      50.36       |      43.36      
   41650     |      50.18       |      42.49      
   41651     |      54.08       |      50.90      
   41652     |      43.12       |      37.91      
   41653     |      41.18       |      31.01      
   41654     |      39.74       |      22.45      
   41655     |      44.87       |      16.57      
   41656     |      45.83       |      17.60      
   41657     |      47.31       |      13.82      
   41658     |      63.49       |      39.12      
   41659     |      59.94       |      36.77      
   41660     |      59.81       |      39.62      
   41661     |      56.29       |      26.53      
   41662     |      56.47       |      25.19      
   41663     |      52.40       |       7.65      
   41664     |      41.04       |      27.59      
   41665     |      40.05       |      16.96      
   41666     |      34.92       |      16.00      
   41667     |      48.08       |      16.42      
   41668     |      50.58       |      10.63      
   41669     |      52.24       |       4.50      
   41670     |      61.60       |      23.88      
   41671     |      62.40       |      18.96      
   41672     |      64.86       |      27.50      
   41673     |      51.96       |      28.86      
   41674     |      55.30       |      22.12      
   41675     |      58.29       |      29.83      
   41676     |      67.84       |      44.23      
   41677     |      63.14       |      39.48      
   41678     |      51.74       |      35.53      
   41679     |      44.70       |      30.98      
   41680     |      48.02       |      37.43      
   41681     |      61.98       |      43.56      
   41682     |      52.47       |      40.16      
   41683     |      60.00       |      44.17      
   41684     |      57.66       |      39.20      
