=== Visibility Analysis Summary ===
Total patches: 49152
Geometric visible: 2710 (5.5%)
Light illuminated: 2244 (82.8% of geometric)
Reflection conditions met: 2710 (100.0% of geometric)
Light unoccluded: 2244 (82.8% of geometric)
Final visible: 2244 (4.6% of total)
Visible area: 393.14 (5.0% of total area)

=== Detailed Visibility Information ===
Patch Index  | Incidence Angle  |  Viewing Angle  
-------------+------------------+-----------------
   26691     |      78.55       |      44.01      
   26694     |      70.71       |      36.93      
   26714     |      73.02       |      46.22      
   26750     |      63.31       |      42.16      
   26751     |      65.52       |      44.03      
   26752     |      74.19       |      34.97      
   26778     |      62.04       |      43.31      
   26779     |      74.24       |      35.00      
   26780     |      73.28       |      45.38      
   26817     |      81.44       |      43.42      
   26818     |      70.80       |      33.44      
   26819     |      70.73       |      35.24      
   26820     |      62.79       |      35.74      
   26821     |      69.51       |      43.76      
   26822     |      67.32       |      48.28      
   26823     |      70.80       |      48.52      
   26824     |      72.81       |      40.02      
   26825     |      74.79       |      41.41      
   26826     |      70.95       |      33.70      
   26847     |      65.45       |      31.25      
   26848     |      71.67       |      59.43      
   26849     |      67.25       |      56.92      
   26850     |      68.77       |      49.63      
   26877     |      69.49       |      34.32      
   26878     |      70.40       |      37.12      
   26879     |      65.74       |      33.29      
   26880     |      63.14       |      31.51      
   26881     |      55.93       |      40.64      
   26882     |      62.11       |      39.57      
   26883     |      65.00       |      46.17      
   26884     |      58.69       |      57.92      
   26907     |      59.93       |      40.04      
   26908     |      64.81       |      48.37      
   26909     |      68.62       |      49.11      
   26910     |      64.90       |      50.30      
   26925     |      62.21       |      38.87      
   26928     |      68.04       |      40.50      
   26930     |      66.60       |      15.78      
   26931     |      65.47       |      17.22      
   26932     |      73.79       |      35.56      
   26933     |      77.18       |      43.36      
   26934     |      77.02       |      40.87      
   26935     |      80.98       |      36.50      
   26936     |      73.66       |      25.80      
   26937     |      68.50       |      23.19      
   26938     |      59.74       |      45.32      
   26939     |      72.17       |      54.90      
   26940     |      66.11       |      42.56      
   26941     |      67.28       |      43.31      
   26964     |      61.52       |      34.68      
   26965     |      60.60       |      52.08      
   26966     |      59.93       |      55.13      
   26967     |      66.45       |      59.08      
   26968     |      61.72       |      56.55      
   26969     |      57.50       |      52.39      
   26970     |      64.12       |      40.91      
   26971     |      60.71       |      37.33      
   26972     |      60.76       |      37.64      
   26976     |      63.49       |      32.95      
   26986     |      43.13       |      39.64      
   26987     |      50.17       |      42.79      
   26989     |      54.57       |      31.15      
   26990     |      52.04       |      36.07      
   26991     |      59.81       |      40.72      
   26992     |      54.18       |      35.38      
   26993     |      54.21       |      34.93      
   26994     |      50.99       |      31.84      
   26995     |      50.65       |      33.02      
   26996     |      60.15       |      37.23      
   26997     |      53.94       |      44.05      
   26998     |      52.74       |      43.64      
   26999     |      59.92       |      22.54      
   27000     |      70.81       |      35.66      
   27001     |      70.84       |      31.79      
   27002     |      70.83       |      43.21      
   27003     |      62.49       |      34.45      
   27004     |      73.28       |      35.69      
   27005     |      68.38       |      44.02      
   27006     |      73.42       |      51.35      
   27007     |      60.92       |      43.77      
   27043     |      60.63       |      41.02      
   27044     |      60.21       |      43.60      
   27045     |      54.81       |      45.65      
   27047     |      53.85       |      58.54      
   27048     |      61.01       |      44.96      
   27049     |      61.16       |      39.83      
   27050     |      63.11       |      33.71      
   27051     |      64.58       |      28.60      
   27052     |      71.79       |      33.86      
   27053     |      71.69       |      33.18      
   27054     |      68.63       |      23.42      
   27055     |      68.50       |      24.12      
   27056     |      62.63       |      28.86      
   27057     |      62.84       |      24.62      
   27058     |      53.85       |      36.53      
   27059     |      44.89       |      39.53      
   27060     |      47.51       |      33.59      
   27061     |      50.50       |      30.81      
   27062     |      52.86       |      29.08      
   27063     |      53.84       |      27.27      
   27064     |      54.04       |      27.07      
   27065     |      53.44       |      28.07      
   27066     |      53.31       |      28.15      
   27067     |      52.42       |      30.37      
   27068     |      59.48       |      31.50      
   27069     |      51.52       |      34.82      
   27070     |      59.57       |      39.73      
   27071     |      51.10       |      45.61      
   27072     |      54.83       |      30.27      
   27073     |      57.94       |      35.44      
   27074     |      57.17       |      36.90      
   27075     |      59.76       |      45.82      
   27076     |      54.19       |      42.99      
   27077     |      49.38       |      46.76      
   27078     |      56.70       |      34.70      
   27079     |      55.39       |      34.42      
   27080     |      67.70       |      19.46      
   27081     |      70.14       |      36.98      
   27082     |      70.16       |      31.21      
   27083     |      65.65       |      48.15      
   27084     |      66.52       |      49.63      
   27085     |      62.09       |      43.16      
   27086     |      72.06       |      41.85      
   27087     |      56.03       |      33.52      
   27088     |      62.83       |      26.45      
   27089     |      70.17       |      42.07      
   27090     |      59.55       |      54.63      
   27091     |      58.67       |      46.28      
   27110     |      50.10       |      52.51      
   27111     |      57.61       |      56.52      
   27113     |      58.84       |      49.99      
   27114     |      57.51       |      44.06      
   27115     |      66.90       |      25.10      
   27116     |      65.47       |      46.29      
   27117     |      62.15       |      33.28      
   27118     |      66.24       |      25.62      
   27119     |      66.75       |      23.02      
   27120     |      61.84       |      28.86      
   27121     |      61.54       |      29.28      
   27122     |      64.27       |      30.80      
   27123     |      64.46       |      16.77      
   27124     |      64.52       |      16.58      
   27125     |      54.86       |      28.65      
   27126     |      56.50       |      24.78      
   27127     |      51.35       |      35.57      
   27128     |      50.48       |      35.47      
   27129     |      54.47       |      39.58      
   27130     |      41.76       |      50.04      
   27131     |      52.37       |      51.57      
   27132     |      56.13       |      44.99      
   27133     |      52.81       |      39.29      
   27134     |      47.38       |      39.98      
   27135     |      50.20       |      44.25      
   27136     |      49.72       |      45.71      
   27137     |      53.79       |      47.80      
   27138     |      60.39       |      29.36      
   27139     |      63.41       |      38.75      
   27140     |      60.93       |      37.10      
   27141     |      54.68       |      38.32      
   27142     |      48.72       |      37.59      
   27143     |      52.43       |      54.69      
   27144     |      40.81       |      51.77      
   27146     |      55.55       |      33.89      
   27147     |      58.55       |      33.45      
   27148     |      64.06       |      48.21      
   27149     |      67.04       |      43.57      
   27150     |      49.92       |      51.38      
   27151     |      49.81       |      51.72      
   27179     |      58.28       |      49.81      
   27180     |      58.77       |      49.81      
   27181     |      59.78       |      58.87      
   27182     |      66.89       |      57.34      
   27183     |      65.00       |      48.92      
   27184     |      67.82       |      33.65      
   27185     |      67.85       |      33.96      
   27186     |      57.26       |      30.04      
   27187     |      66.45       |      29.13      
   27188     |      73.68       |      41.29      
   27189     |      75.85       |      29.98      
   27190     |      65.53       |      24.36      
   27191     |      64.03       |      32.53      
   27192     |      61.77       |      32.39      
   27193     |      72.33       |      20.98      
   27194     |      72.84       |      11.94      
   27195     |      63.47       |      17.65      
   27196     |      59.88       |      21.39      
   27197     |      57.23       |      23.75      
   27198     |      56.14       |      24.90      
   27199     |      56.80       |      24.72      
   27200     |      53.66       |      27.42      
   27201     |      57.39       |      28.74      
   27202     |      58.88       |      27.73      
   27203     |      54.34       |      29.32      
   27204     |      48.09       |      35.26      
   27205     |      46.16       |      43.98      
   27206     |      57.12       |      46.26      
   27207     |      56.90       |      47.43      
   27208     |      49.03       |      44.89      
   27209     |      51.56       |      39.68      
   27210     |      51.38       |      35.38      
   27211     |      52.12       |      44.84      
   27212     |      48.99       |      40.93      
   27213     |      61.99       |      38.58      
   27214     |      60.02       |      28.58      
   27215     |      63.62       |      26.93      
   27216     |      67.29       |      30.54      
   27218     |      56.05       |      54.84      
   27219     |      50.54       |      49.56      
   27220     |      77.24       |      42.14      
   27221     |      61.04       |      38.57      
   27222     |      62.25       |      52.37      
   27223     |      52.31       |      49.90      
   27246     |      59.78       |      48.12      
   27247     |      62.24       |      47.95      
   27248     |      63.39       |      51.87      
   27249     |      68.54       |      54.69      
   27250     |      76.63       |      46.18      
   27251     |      73.08       |      42.78      
   27252     |      72.49       |      33.75      
   27253     |      68.64       |      31.61      
   27254     |      70.33       |      34.35      
   27255     |      65.59       |      38.04      
   27256     |      57.38       |      29.28      
   27257     |      61.93       |      31.08      
   27258     |      67.51       |      30.36      
   27259     |      70.06       |      22.14      
   27260     |      70.45       |      22.34      
   27261     |      70.89       |      20.59      
   27262     |      70.11       |      14.88      
   27263     |      70.27       |      12.99      
   27264     |      68.42       |      13.33      
   27265     |      66.93       |      15.94      
   27266     |      64.84       |      16.13      
   27267     |      60.78       |      20.29      
   27268     |      62.41       |      18.52      
   27269     |      69.68       |      18.09      
   27270     |      58.63       |      25.49      
   27271     |      56.66       |      26.05      
   27272     |      52.09       |      36.09      
   27273     |      52.24       |      32.20      
   27274     |      60.73       |      47.95      
   27275     |      60.79       |      31.84      
   27276     |      61.22       |      32.34      
   27277     |      59.01       |      32.32      
   27278     |      54.71       |      32.14      
   27279     |      52.94       |      40.64      
   27280     |      72.59       |      51.92      
   27281     |      65.22       |      54.04      
   27282     |      60.16       |      42.92      
   27283     |      79.79       |      26.37      
   27284     |      80.90       |      36.92      
   27285     |      62.45       |      30.51      
   27286     |      62.62       |      36.24      
   27287     |      57.50       |      30.20      
   27316     |      70.63       |      47.54      
   27317     |      69.09       |      36.10      
   27318     |      69.83       |      37.75      
   27319     |      62.13       |      35.21      
   27320     |      72.70       |      34.32      
   27321     |      68.68       |      23.99      
   27322     |      66.12       |      30.27      
   27323     |      70.08       |      22.21      
   27324     |      73.69       |      17.35      
   27325     |      71.63       |      21.93      
   27326     |      71.42       |      17.06      
   27327     |      65.48       |      15.56      
   27328     |      61.45       |      21.14      
   27329     |      64.18       |      21.44      
   27330     |      65.36       |      20.12      
   27331     |      69.57       |      24.77      
   27332     |      65.47       |      37.94      
   27333     |      57.05       |      30.91      
   27334     |      51.33       |      42.90      
   27335     |      62.12       |      33.46      
   27336     |      61.74       |      35.14      
   27337     |      60.78       |      33.26      
   27338     |      69.89       |      37.71      
   27339     |      69.75       |      40.57      
   27340     |      60.54       |      34.21      
   27341     |      58.28       |      40.05      
   27342     |      56.49       |      38.09      
   27343     |      61.35       |      36.95      
   27344     |      58.86       |      35.31      
   27345     |      57.49       |      28.48      
   27346     |      77.36       |      28.28      
   27347     |      86.52       |      42.27      
   27348     |      85.91       |      43.02      
   27349     |      71.97       |      38.69      
   27350     |      71.17       |      42.82      
   27351     |      72.86       |      44.26      
   27352     |      71.17       |      36.90      
   27353     |      70.87       |      48.41      
   27354     |      75.88       |      51.76      
   27378     |      58.84       |      50.32      
   27379     |      55.63       |      50.48      
   27380     |      58.09       |      42.37      
   27381     |      67.76       |      49.72      
   27382     |      65.87       |      45.32      
   27383     |      69.28       |      49.37      
   27384     |      60.85       |      39.50      
   27385     |      76.98       |      31.31      
   27386     |      68.01       |      24.10      
   27387     |      72.96       |      34.35      
   27388     |      67.12       |      32.44      
   27389     |      64.25       |      31.45      
   27390     |      67.38       |      21.74      
   27391     |      75.52       |      18.94      
   27392     |      75.33       |      19.38      
   27393     |      64.30       |      17.99      
   27394     |      64.50       |      17.09      
   27395     |      64.94       |      18.06      
   27396     |      64.21       |      18.81      
   27397     |      65.70       |      20.49      
   27398     |      66.80       |      21.93      
   27399     |      65.89       |      28.14      
   27400     |      56.94       |      30.97      
   27401     |      58.72       |      33.50      
   27402     |      55.37       |      41.96      
   27403     |      51.74       |      36.61      
   27404     |      56.82       |      37.77      
   27405     |      55.19       |      40.23      
   27406     |      58.48       |      47.54      
   27408     |      82.82       |      33.24      
   27409     |      82.59       |      33.85      
   27410     |      81.93       |      32.78      
   27411     |      63.99       |      36.61      
   27412     |      63.10       |      34.42      
   27413     |      65.22       |      35.86      
   27414     |      62.47       |      30.41      
   27415     |      83.19       |      49.92      
   27425     |      73.08       |      49.05      
   27426     |      62.40       |      34.98      
   27427     |      62.60       |      35.17      
   27428     |      64.60       |      27.47      
   27429     |      74.90       |      36.01      
   27430     |      69.06       |      22.53      
   27431     |      71.56       |      25.86      
   27432     |      71.03       |      30.81      
   27433     |      69.60       |      40.80      
   27434     |      60.06       |      31.32      
   27435     |      64.08       |      22.18      
   27436     |      61.41       |      20.45      
   27437     |      60.22       |      24.46      
   27438     |      65.93       |      24.51      
   27439     |      65.91       |      24.34      
   27440     |      71.10       |      17.11      
   27441     |      63.41       |      24.04      
   27442     |      65.01       |      21.09      
   27443     |      65.27       |      21.44      
   27444     |      66.91       |      14.18      
   27445     |      66.77       |      14.17      
   27446     |      64.38       |      16.49      
   27447     |      69.48       |      14.87      
   27448     |      68.79       |      15.05      
   27449     |      67.73       |      28.50      
   27450     |      67.70       |      18.42      
   27451     |      66.71       |      33.66      
   27452     |      72.06       |      41.80      
   27453     |      68.62       |      29.24      
   27454     |      72.54       |      30.40      
   27455     |      69.70       |      26.23      
   27456     |      70.20       |      31.91      
   27457     |      63.12       |      27.78      
   27458     |      67.70       |      26.29      
   27459     |      76.09       |      47.62      
   27460     |      79.92       |      35.60      
   27461     |      76.65       |      28.48      
   27462     |      75.08       |      33.89      
   27492     |      62.38       |      39.47      
   27493     |      64.99       |      41.04      
   27494     |      67.76       |      43.52      
   27495     |      67.85       |      43.99      
   27496     |      72.64       |      49.45      
   27497     |      69.68       |      31.84      
   27498     |      68.54       |      32.82      
   27499     |      61.06       |      30.87      
   27500     |      60.96       |      33.02      
   27501     |      68.81       |      37.67      
   27502     |      68.35       |      22.71      
   27503     |      64.76       |      34.34      
   27504     |      64.62       |      34.71      
   27505     |      47.71       |      36.32      
   27506     |      58.27       |      26.13      
   27507     |      58.46       |      24.63      
   27508     |      65.79       |      19.04      
   27509     |      64.66       |      20.68      
   27510     |      67.19       |      13.91      
   27511     |      62.13       |      19.28      
   27512     |      73.65       |      16.90      
   27513     |      71.66       |      13.10      
   27514     |      68.49       |      18.12      
   27515     |      67.20       |      33.28      
   27516     |      77.43       |      39.69      
   27517     |      76.39       |      42.59      
   27518     |      67.45       |      34.88      
   27519     |      71.91       |      34.83      
   27520     |      70.75       |      32.63      
   27521     |      69.87       |      26.24      
   27522     |      71.31       |      29.75      
   27523     |      74.55       |      31.10      
   27524     |      70.68       |      22.51      
   27525     |      70.41       |      33.07      
   27526     |      70.23       |      32.94      
   27527     |      73.53       |      45.72      
   27528     |      83.14       |      58.23      
   27529     |      68.10       |      33.15      
   27530     |      68.06       |      33.05      
   27531     |      71.83       |      35.49      
   27532     |      69.39       |      32.17      
   27533     |      77.45       |      35.96      
   27534     |      76.23       |      26.85      
   27535     |      76.84       |      28.15      
   27536     |      76.49       |      33.41      
   27537     |      78.29       |      35.77      
   27538     |      83.41       |      48.03      
   27565     |      64.97       |      40.76      
   27566     |      65.33       |      49.72      
   27567     |      66.17       |      50.78      
   27568     |      70.79       |      31.93      
   27569     |      64.10       |      27.22      
   27570     |      60.78       |      35.89      
   27571     |      63.39       |      36.78      
   27572     |      64.14       |      39.83      
   27573     |      66.46       |      36.36      
   27574     |      50.02       |      33.47      
   27575     |      50.45       |      30.63      
   27576     |      67.54       |      13.26      
   27577     |      67.85       |      13.49      
   27578     |      69.90       |      10.88      
   27579     |      70.47       |      13.69      
   27580     |      66.85       |      14.53      
   27581     |      68.39       |      18.62      
   27582     |      71.12       |      13.38      
   27583     |      73.44       |      14.86      
   27584     |      78.18       |      23.80      
   27585     |      78.13       |      23.99      
   27586     |      68.33       |      19.58      
   27587     |      66.23       |      26.35      
   27588     |      67.36       |      31.94      
   27589     |      77.26       |      39.67      
   27590     |      74.60       |      30.90      
   27591     |      69.53       |      32.04      
   27592     |      68.72       |      27.58      
   27593     |      74.26       |      20.45      
   27594     |      61.75       |      47.57      
   27595     |      60.60       |      45.09      
   27622     |      66.22       |      38.91      
   27623     |      66.29       |      39.10      
   27624     |      70.09       |      35.07      
   27625     |      65.20       |      44.62      
   27626     |      65.25       |      45.95      
   27627     |      57.15       |      42.87      
   27628     |      57.07       |      41.64      
   27629     |      59.34       |      36.01      
   27630     |      57.45       |      30.15      
   27631     |      64.81       |      18.69      
   27632     |      64.79       |      25.91      
   27633     |      56.83       |      27.45      
   27634     |      57.66       |      25.41      
   27635     |      58.49       |      24.43      
   27636     |      58.47       |      22.50      
   27637     |      62.38       |      18.49      
   27638     |      68.63       |      15.39      
   27639     |      70.91       |      16.39      
   27640     |      77.79       |      30.32      
   27641     |      73.99       |      29.77      
   27642     |      73.67       |      27.96      
   27643     |      71.72       |      32.39      
   27644     |      70.64       |      25.33      
   27645     |      68.67       |      45.86      
   27646     |      82.43       |      34.89      
   27647     |      76.84       |      35.51      
   27648     |      70.72       |      28.88      
   27649     |      71.86       |      49.96      
   27650     |      66.68       |      42.47      
   27669     |      72.97       |      31.90      
   27670     |      74.06       |      39.67      
   27671     |      75.51       |      36.19      
   27672     |      78.22       |      49.00      
   27673     |      79.31       |      47.15      
   27674     |      71.81       |      37.80      
   27675     |      71.99       |      32.50      
   27676     |      69.62       |      35.62      
   27677     |      68.65       |      31.41      
   27678     |      72.48       |      29.74      
   27679     |      69.86       |      34.57      
   27680     |      72.24       |      30.31      
   27681     |      72.16       |      27.13      
   27682     |      68.37       |      22.01      
   27683     |      68.78       |      20.97      
   27684     |      58.17       |      22.60      
   27685     |      58.94       |      21.99      
   27686     |      50.11       |      41.19      
   27687     |      46.38       |      35.02      
   27688     |      54.78       |      27.25      
   27689     |      59.49       |      21.32      
   27690     |      64.60       |      17.73      
   27691     |      64.43       |      17.50      
   27692     |      67.47       |      15.15      
   27693     |      67.15       |      14.20      
   27694     |      72.02       |      13.63      
   27695     |      69.70       |      17.86      
   27696     |      68.66       |      16.41      
   27697     |      67.66       |      18.86      
   27698     |      68.43       |      20.37      
   27699     |      65.62       |      25.58      
   27700     |      63.56       |      23.57      
   27701     |      78.41       |      16.70      
   27702     |      84.43       |      24.98      
   27703     |      86.32       |      33.48      
   27704     |      88.50       |      29.28      
   27705     |      87.82       |      35.82      
   27706     |      74.28       |      23.58      
   27707     |      72.81       |      28.49      
   27708     |      69.14       |      25.74      
   27709     |      71.20       |      28.62      
   27710     |      74.90       |      20.58      
   27711     |      75.13       |      26.44      
   27712     |      76.17       |      44.45      
   27713     |      75.61       |      34.63      
   27714     |      82.37       |      40.50      
   27715     |      84.29       |      49.43      
   27716     |      85.77       |      41.80      
   27717     |      84.07       |      39.52      
   27718     |      79.46       |      36.61      
   27719     |      81.29       |      33.71      
   27720     |      83.15       |      28.00      
   27721     |      75.50       |      23.18      
   27722     |      70.92       |      28.55      
   27757     |      71.03       |      39.61      
   27758     |      71.89       |      31.87      
   27759     |      73.74       |      31.61      
   27760     |      74.20       |      39.14      
   27761     |      72.83       |      20.23      
   27762     |      73.33       |      25.36      
   27763     |      72.15       |      28.77      
   27764     |      67.38       |      37.67      
   27765     |      65.86       |      37.36      
   27766     |      67.09       |      34.54      
   27767     |      68.95       |      42.32      
   27768     |      73.36       |      32.94      
   27769     |      73.53       |      42.44      
   27770     |      75.30       |      39.87      
   27771     |      75.08       |      37.61      
   27772     |      64.98       |      16.31      
   27773     |      56.07       |      24.77      
   27774     |      57.65       |      40.17      
   27775     |      47.05       |      34.71      
   27776     |      43.36       |      38.16      
   27777     |      51.40       |      33.53      
   27778     |      67.37       |      22.31      
   27779     |      70.41       |      12.37      
   27780     |      72.53       |      19.09      
   27781     |      72.55       |      19.56      
   27782     |      74.77       |      20.36      
   27783     |      75.39       |      22.88      
   27784     |      81.26       |      30.71      
   27785     |      68.31       |      28.97      
   27786     |      80.15       |      34.08      
   27787     |      81.09       |      30.33      
   27788     |      80.28       |      34.39      
   27789     |      74.38       |      27.74      
   27790     |      74.07       |      19.52      
   27791     |      70.33       |      23.64      
   27811     |      70.63       |      37.65      
   27812     |      72.01       |      34.57      
   27813     |      76.08       |      48.77      
   27814     |      81.40       |      38.46      
   27815     |      74.29       |      30.78      
   27816     |      73.26       |      34.67      
   27817     |      73.50       |      20.12      
   27818     |      67.76       |      31.83      
   27819     |      71.36       |      31.55      
   27820     |      70.96       |      33.45      
   27821     |      77.95       |      25.18      
   27822     |      78.43       |      39.69      
   27823     |      68.16       |      36.92      
   27824     |      67.66       |      21.85      
   27825     |      65.36       |      25.76      
   27826     |      59.86       |      21.88      
   27827     |      68.20       |      35.27      
   27828     |      67.42       |      35.20      
   27829     |      66.72       |      14.08      
   27830     |      53.98       |      36.41      
   27831     |      51.97       |      28.71      
   27832     |      49.82       |      30.89      
   27833     |      60.82       |      31.95      
   27834     |      64.28       |      18.52      
   27835     |      69.22       |      15.73      
   27836     |      74.20       |      13.21      
   27837     |      73.14       |      10.18      
   27838     |      71.53       |      14.09      
   27839     |      73.78       |      20.08      
   27840     |      74.77       |      16.98      
   27841     |      81.37       |      19.68      
   27842     |      69.83       |      21.58      
   27843     |      73.29       |      33.07      
   27844     |      80.73       |      25.26      
   27845     |      73.86       |      24.03      
   27846     |      74.48       |      25.54      
   27847     |      73.32       |      27.56      
   27848     |      75.53       |      25.76      
   27849     |      75.18       |      23.15      
   27850     |      71.96       |      28.12      
   27851     |      79.05       |      34.78      
   27852     |      79.63       |      30.16      
   27853     |      74.92       |      34.66      
   27854     |      78.12       |      45.57      
   27855     |      80.23       |      37.49      
   27888     |      76.34       |      41.63      
   27889     |      80.73       |      38.84      
   27890     |      80.95       |      43.62      
   27891     |      77.99       |      37.92      
   27892     |      79.64       |      31.17      
   27893     |      63.99       |      35.45      
   27894     |      63.79       |      32.30      
   27895     |      63.77       |      32.27      
   27896     |      76.51       |      32.88      
   27897     |      76.12       |      34.60      
   27898     |      76.34       |      24.99      
   27899     |      75.44       |      42.49      
   27900     |      74.64       |      37.14      
   27901     |      71.56       |      21.11      
   27902     |      72.59       |      17.90      
   27903     |      71.22       |      14.70      
   27904     |      70.59       |      15.32      
   27905     |      78.46       |      23.96      
   27906     |      79.06       |       8.22      
   27907     |      81.07       |       6.06      
   27908     |      82.60       |      19.02      
   27909     |      67.32       |      18.87      
   27910     |      68.79       |      15.66      
   27911     |      82.30       |      20.15      
   27912     |      82.28       |      18.57      
   27913     |      78.91       |      17.77      
   27914     |      74.04       |       7.79      
   27915     |      77.52       |      36.91      
   27916     |      81.63       |      46.09      
   27917     |      86.40       |      33.51      
   27918     |      84.25       |      26.95      
   27919     |      74.80       |      16.03      
   27920     |      72.82       |      26.89      
   27921     |      82.26       |      22.83      
   27922     |      81.53       |      32.70      
   27923     |      78.61       |      30.00      
   27924     |      83.37       |      44.99      
   27925     |      82.27       |      47.50      
   27926     |      82.88       |      49.95      
   27927     |      72.41       |      35.38      
   27928     |      74.86       |      39.83      
   27929     |      75.24       |      39.97      
   27930     |      72.86       |      28.57      
   27931     |      69.33       |      20.99      
   27932     |      73.46       |      29.47      
   27956     |      71.31       |      32.19      
   27957     |      69.60       |      35.71      
   27958     |      70.89       |      34.41      
   27959     |      70.91       |      34.52      
   27960     |      78.29       |      38.36      
   27961     |      83.07       |      39.95      
   27962     |      76.73       |      29.94      
   27963     |      76.84       |      29.28      
   27964     |      71.34       |      28.53      
   27965     |      71.02       |      20.70      
   27966     |      70.35       |      23.19      
   27967     |      77.57       |      32.85      
   27968     |      71.41       |      39.65      
   27969     |      71.61       |      40.30      
   27970     |      75.78       |      34.15      
   27971     |      75.99       |      37.00      
   27972     |      71.68       |       9.94      
   27973     |      78.27       |      29.44      
   27974     |      82.39       |      18.80      
   27975     |      85.69       |      32.57      
   27976     |      88.64       |      11.53      
   27977     |      82.91       |       9.84      
   27978     |      71.96       |      14.56      
   27979     |      71.57       |      16.14      
   27980     |      75.57       |       8.59      
   27981     |      75.63       |      20.42      
   27982     |      79.35       |      25.41      
   27983     |      80.31       |      14.42      
   27984     |      84.38       |       8.39      
   27985     |      89.66       |      26.62      
   27986     |      88.90       |      46.40      
   27987     |      86.00       |      32.29      
   27988     |      89.26       |      28.31      
   27989     |      82.45       |      14.48      
   27990     |      81.31       |      10.53      
   27991     |      80.09       |      16.16      
   27992     |      74.90       |      29.14      
   27993     |      71.94       |      38.81      
   27994     |      77.34       |      42.84      
   27995     |      80.22       |      38.31      
   27996     |      74.26       |      27.80      
   28027     |      83.57       |      43.18      
   28028     |      72.92       |      30.60      
   28029     |      74.28       |      37.36      
   28030     |      74.33       |      37.04      
   28031     |      64.07       |      29.11      
   28032     |      65.77       |      26.40      
   28033     |      70.65       |      30.71      
   28034     |      77.35       |      32.71      
   28035     |      76.93       |      30.12      
   28036     |      67.81       |      23.60      
   28037     |      65.60       |      16.95      
   28038     |      84.45       |      19.68      
   28039     |      86.01       |      12.91      
   28040     |      87.28       |       8.11      
   28041     |      75.53       |       7.59      
   28042     |      73.82       |      12.18      
   28043     |      70.19       |      15.23      
   28044     |      59.88       |      32.75      
   28045     |      67.47       |      33.43      
   28046     |      77.30       |      13.35      
   28047     |      78.61       |      23.74      
   28050     |      82.62       |      13.89      
   28051     |      86.23       |      15.86      
   28052     |      86.17       |      13.91      
   28053     |      84.33       |      15.10      
   28054     |      86.58       |      35.83      
   28055     |      88.93       |      33.39      
   28056     |      89.06       |      28.42      
   28057     |      85.63       |      32.62      
   28058     |      83.77       |      21.70      
   28059     |      77.42       |      25.98      
   28060     |      73.01       |      46.47      
   28061     |      73.93       |      45.39      
   28062     |      77.16       |      51.59      
   28063     |      79.55       |      44.25      
   28064     |      73.44       |      27.11      
   28065     |      73.39       |      31.88      
   28066     |      78.81       |      40.65      
   28067     |      69.60       |      26.42      
   28068     |      69.85       |      19.81      
   28069     |      74.99       |      27.88      
   28098     |      80.17       |      34.52      
   28099     |      80.25       |      34.42      
   28100     |      75.42       |      30.19      
   28101     |      77.68       |      38.78      
   28102     |      76.76       |      43.12      
   28103     |      75.70       |      38.61      
   28104     |      75.38       |      39.92      
   28105     |      74.91       |      29.10      
   28106     |      72.85       |      36.55      
   28107     |      72.58       |      39.97      
   28108     |      64.98       |      21.99      
   28109     |      62.29       |      29.41      
   28110     |      66.47       |      32.96      
   28111     |      66.64       |      37.53      
   28112     |      75.49       |      33.95      
   28113     |      77.12       |      29.74      
   28114     |      72.86       |      22.55      
   28115     |      72.74       |      22.78      
   28116     |      73.57       |       7.89      
   28117     |      76.78       |       6.64      
   28118     |      76.76       |       7.03      
   28119     |      87.78       |      15.36      
   28120     |      77.16       |       4.81      
   28121     |      78.40       |       4.50      
   28122     |      73.00       |       7.77      
   28123     |      77.58       |       6.29      
   28124     |      78.13       |      10.25      
   28125     |      78.44       |       9.67      
   28126     |      77.16       |       6.07      
   28127     |      72.49       |      14.14      
   28128     |      76.96       |      18.26      
   28129     |      77.17       |       8.18      
   28130     |      62.35       |      37.03      
   28131     |      77.49       |      15.24      
   28132     |      79.19       |      18.86      
   28133     |      77.06       |      15.30      
   28134     |      70.04       |      29.57      
   28135     |      82.02       |      52.38      
   28136     |      81.18       |      46.68      
   28137     |      67.33       |      31.53      
   28138     |      67.20       |      29.62      
   28139     |      74.64       |      33.24      
   28140     |      80.89       |      27.16      
   28141     |      83.56       |      22.55      
   28174     |      79.95       |      38.00      
   28175     |      74.64       |      32.02      
   28176     |      72.56       |      39.97      
   28177     |      63.04       |      27.63      
   28178     |      81.27       |      30.75      
   28179     |      79.17       |      39.54      
   28180     |      78.07       |      33.24      
   28181     |      73.81       |       7.38      
   28182     |      74.74       |       6.26      
   28183     |      75.45       |       8.29      
   28184     |      73.98       |      16.12      
   28185     |      78.17       |      12.44      
   28186     |      78.45       |       5.21      
   28187     |      75.54       |       5.14      
   28188     |      77.79       |      40.64      
   28189     |      80.98       |      39.07      
   28190     |      79.89       |      24.31      
   28191     |      84.99       |      34.26      
   28192     |      83.14       |      39.24      
   28193     |      83.96       |      28.74      
   28194     |      76.14       |      34.99      
   28195     |      77.44       |      31.26      
   28196     |      76.20       |      26.87      
   28197     |      80.73       |      20.37      
   28198     |      81.18       |      23.64      
   28200     |      87.13       |      35.60      
   28201     |      74.57       |      20.39      
   28202     |      75.87       |      25.29      
   28203     |      71.59       |      14.15      
   28204     |      69.95       |      29.81      
   28205     |      84.40       |      46.32      
   28206     |      69.75       |      38.67      
   28207     |      66.99       |      30.22      
   28208     |      61.33       |      44.46      
   28240     |      82.16       |      44.33      
   28241     |      82.33       |      43.49      
   28242     |      75.45       |      42.56      
   28243     |      68.67       |      41.83      
   28244     |      71.93       |      37.55      
   28245     |      75.32       |      37.54      
   28246     |      75.28       |      38.90      
   28247     |      78.19       |      25.45      
   28248     |      77.75       |      26.93      
   28249     |      79.12       |      30.54      
   28250     |      70.87       |      35.79      
   28251     |      72.44       |      22.39      
   28252     |      71.93       |      14.00      
   28253     |      75.40       |       7.49      
   28254     |      76.56       |       5.62      
   28255     |      68.56       |      16.37      
   28256     |      80.36       |       6.32      
   28257     |      77.37       |      17.76      
   28258     |      81.76       |       8.25      
   28259     |      83.33       |      13.66      
   28260     |      74.24       |      35.11      
   28261     |      75.76       |      33.14      
   28262     |      76.99       |      21.83      
   28263     |      76.72       |      26.50      
   28264     |      79.96       |      21.44      
   28265     |      74.32       |      17.56      
   28266     |      74.17       |      21.11      
   28267     |      74.61       |      29.84      
   28268     |      78.13       |      23.74      
   28269     |      76.40       |       9.56      
   28270     |      67.86       |      30.62      
   28271     |      67.72       |      38.09      
   28272     |      67.70       |      38.12      
   28273     |      74.56       |      33.53      
   28297     |      76.86       |      38.21      
   28298     |      81.92       |      43.77      
   28299     |      80.72       |      34.79      
   28300     |      75.56       |      42.12      
   28301     |      67.88       |      33.25      
   28302     |      67.23       |      43.34      
   28303     |      68.57       |      45.91      
   28304     |      68.76       |      41.94      
   28305     |      68.29       |      37.57      
   28306     |      68.96       |      37.02      
   28307     |      67.58       |      35.99      
   28308     |      78.18       |      37.24      
   28309     |      82.75       |      25.03      
   28310     |      78.15       |      19.57      
   28311     |      77.24       |      23.69      
   28312     |      77.08       |      27.28      
   28313     |      76.37       |      38.71      
   28314     |      81.72       |      33.11      
   28315     |      81.40       |      38.37      
   28316     |      81.37       |      16.18      
   28317     |      77.28       |      25.62      
   28318     |      74.11       |       7.07      
   28319     |      71.17       |      14.58      
   28320     |      70.51       |      10.13      
   28321     |      70.02       |      10.89      
   28322     |      71.99       |       8.48      
   28323     |      75.05       |       8.66      
   28324     |      69.73       |      13.63      
   28325     |      81.52       |      14.39      
   28326     |      75.41       |      10.95      
   28327     |      76.61       |       9.07      
   28328     |      80.38       |      11.09      
   28329     |      82.51       |      41.68      
   28330     |      81.20       |      34.41      
   28331     |      73.74       |      26.20      
   28332     |      73.73       |      21.39      
   28333     |      71.47       |      27.82      
   28334     |      66.80       |      16.96      
   28335     |      62.55       |      26.57      
   28336     |      63.37       |      32.09      
   28337     |      71.70       |      27.44      
   28338     |      70.39       |      20.48      
   28339     |      75.96       |      29.38      
   28340     |      80.30       |      10.56      
   28341     |      82.68       |      21.25      
   28342     |      85.73       |      25.39      
   28343     |      87.27       |      36.02      
   28344     |      81.79       |      46.44      
   28345     |      75.73       |      35.03      
   28346     |      75.53       |      34.89      
   28347     |      73.45       |      27.33      
   28348     |      74.50       |      32.00      
   28349     |      69.29       |      37.40      
   28350     |      77.07       |      32.99      
   28380     |      72.74       |      39.25      
   28381     |      68.96       |      42.52      
   28382     |      72.99       |      36.02      
   28383     |      74.10       |      36.70      
   28384     |      72.62       |      24.17      
   28385     |      75.19       |      25.46      
   28386     |      80.59       |       8.96      
   28387     |      81.36       |      28.57      
   28388     |      78.74       |      30.72      
   28389     |      88.15       |      35.33      
   28390     |      77.88       |       7.78      
   28391     |      76.72       |       4.52      
   28392     |      76.99       |       9.96      
   28393     |      75.59       |      11.52      
   28394     |      83.89       |       6.49      
   28395     |      76.64       |       6.98      
   28396     |      75.51       |      11.19      
   28397     |      70.68       |      11.06      
   28398     |      71.45       |      18.04      
   28399     |      71.52       |      17.92      
   28400     |      72.07       |      13.25      
   28401     |      77.48       |      26.84      
   28402     |      85.67       |      34.75      
   28403     |      66.79       |      40.38      
   28404     |      66.92       |      19.65      
   28405     |      69.61       |      23.24      
   28406     |      70.95       |      21.32      
   28407     |      73.77       |      27.62      
   28408     |      68.52       |      37.18      
   28409     |      70.75       |      44.49      
   28410     |      76.97       |      32.78      
   28434     |      72.92       |      41.26      
   28435     |      70.08       |      40.98      
   28436     |      70.48       |      41.83      
   28437     |      78.36       |      34.59      
   28438     |      77.19       |      42.51      
   28439     |      84.16       |      35.38      
   28440     |      78.91       |      34.17      
   28441     |      80.62       |      29.53      
   28442     |      79.68       |      25.46      
   28443     |      83.35       |      22.07      
   28444     |      83.43       |      30.91      
   28445     |      89.30       |      24.15      
   28446     |      79.78       |      35.39      
   28447     |      84.61       |      27.12      
   28448     |      84.49       |      26.77      
   28449     |      88.51       |      17.75      
   28450     |      76.17       |       5.07      
   28451     |      77.59       |       6.38      
   28452     |      77.15       |      10.39      
   28453     |      74.65       |      11.25      
   28454     |      73.49       |       7.15      
   28455     |      81.32       |      28.57      
   28456     |      75.14       |      35.01      
   28457     |      71.65       |      25.85      
   28458     |      71.65       |      25.88      
   28459     |      62.60       |      25.68      
   28460     |      62.48       |      21.77      
   28461     |      77.43       |      23.06      
   28462     |      75.75       |      39.60      
   28463     |      69.15       |      32.11      
   28464     |      69.98       |      34.10      
   28465     |      62.84       |      30.05      
   28466     |      73.19       |      25.63      
   28467     |      75.30       |      30.70      
   28468     |      74.82       |      20.40      
   28469     |      71.18       |      17.46      
   28470     |      71.21       |      29.89      
   28471     |      76.27       |      34.66      
   28472     |      75.67       |      37.36      
   28473     |      74.92       |      36.01      
   28474     |      81.67       |      26.36      
   28475     |      82.58       |      33.69      
   28476     |      68.39       |      22.57      
   28477     |      68.27       |      22.14      
   28478     |      65.38       |      44.30      
   28479     |      82.74       |      53.86      
   28480     |      76.28       |      35.98      
   28506     |      75.54       |      32.22      
   28507     |      69.77       |      41.00      
   28508     |      70.98       |      28.67      
   28509     |      84.63       |      35.91      
   28510     |      82.74       |      48.30      
   28511     |      82.02       |      48.96      
   28512     |      85.55       |      36.48      
   28513     |      81.32       |      37.73      
   28514     |      81.34       |      37.54      
   28515     |      84.74       |      26.48      
   28516     |      83.87       |      29.17      
   28517     |      86.62       |      27.58      
   28518     |      86.24       |      23.02      
   28519     |      80.63       |      29.15      
   28520     |      76.27       |      35.08      
   28521     |      74.24       |      30.96      
   28522     |      83.21       |      27.25      
   28523     |      82.24       |      17.52      
   28524     |      83.00       |      16.58      
   28525     |      82.63       |       6.75      
   28526     |      75.85       |      12.05      
   28527     |      71.09       |       9.30      
   28528     |      67.46       |      14.60      
   28529     |      69.15       |      14.33      
   28530     |      69.39       |      18.98      
   28531     |      75.59       |       6.05      
   28532     |      71.02       |      18.26      
   28533     |      71.53       |      19.16      
   28534     |      71.79       |      32.30      
   28535     |      67.72       |      31.37      
   28536     |      66.20       |      28.47      
   28537     |      65.19       |      28.64      
   28538     |      64.08       |      27.96      
   28539     |      60.99       |      38.82      
   28540     |      59.10       |      36.41      
   28541     |      69.21       |      24.14      
   28542     |      63.30       |      29.96      
   28543     |      67.72       |      35.99      
   28544     |      74.70       |      30.44      
   28545     |      74.36       |      29.91      
   28546     |      83.98       |      20.65      
   28547     |      80.24       |      32.88      
   28548     |      88.05       |      30.37      
   28549     |      89.32       |      32.45      
   28573     |      72.76       |      48.22      
   28574     |      70.74       |      42.38      
   28575     |      84.48       |      35.94      
   28576     |      81.05       |      38.73      
   28577     |      77.28       |      48.01      
   28578     |      78.91       |      38.05      
   28579     |      80.04       |      36.48      
   28580     |      88.91       |      35.19      
   28581     |      89.34       |      30.02      
   28582     |      79.80       |      28.08      
   28583     |      80.04       |      23.97      
   28584     |      80.73       |      22.98      
   28585     |      78.77       |      32.72      
   28586     |      80.15       |      32.01      
   28587     |      81.29       |      37.74      
   28588     |      75.87       |      22.33      
   28589     |      79.28       |       1.74      
   28590     |      72.51       |       8.61      
   28591     |      71.73       |      11.53      
   28592     |      74.66       |      16.94      
   28593     |      73.14       |      14.05      
   28594     |      78.12       |       3.66      
   28595     |      65.88       |      27.29      
   28596     |      69.66       |      37.36      
   28597     |      73.46       |      27.53      
   28598     |      73.30       |      25.66      
   28599     |      69.15       |      18.59      
   28600     |      66.39       |      31.71      
   28601     |      69.82       |      24.37      
   28602     |      86.62       |      28.86      
   28603     |      88.98       |      36.67      
   28604     |      64.03       |      20.47      
   28605     |      64.95       |      38.47      
   28606     |      66.39       |      39.05      
   28607     |      76.28       |      50.54      
   28608     |      89.28       |      32.71      
   28609     |      83.56       |      13.20      
   28610     |      80.76       |       8.42      
   28611     |      77.92       |      14.29      
   28612     |      81.98       |      34.29      
   28613     |      77.94       |      40.98      
   28614     |      83.39       |      56.07      
   28615     |      85.06       |      54.34      
   28616     |      84.12       |      38.00      
   28637     |      74.46       |      25.60      
   28638     |      75.08       |      49.66      
   28639     |      78.95       |      38.11      
   28640     |      83.03       |      34.57      
   28641     |      83.18       |      33.96      
   28642     |      80.93       |      26.91      
   28643     |      80.04       |      28.00      
   28644     |      80.00       |      28.20      
   28645     |      85.59       |      23.74      
   28646     |      75.95       |      30.25      
   28647     |      80.21       |      38.00      
   28648     |      79.97       |       7.37      
   28649     |      77.63       |      13.02      
   28650     |      77.54       |      12.00      
   28651     |      80.61       |       4.99      
   28652     |      77.04       |       5.30      
   28653     |      81.08       |      12.37      
   28654     |      69.54       |      11.17      
   28655     |      70.25       |      11.88      
   28656     |      65.55       |      22.31      
   28657     |      69.52       |      35.90      
   28658     |      73.74       |      28.30      
   28659     |      72.91       |      20.23      
   28660     |      68.95       |      26.53      
   28661     |      59.34       |      23.34      
   28662     |      56.78       |      33.91      
   28663     |      75.29       |      33.85      
   28664     |      78.36       |      39.72      
   28665     |      67.14       |      28.42      
   28666     |      69.78       |      36.75      
   28667     |      71.68       |      27.46      
   28668     |      86.80       |      39.85      
   28670     |      86.93       |      13.34      
   28671     |      89.84       |      34.38      
   28672     |      80.88       |      26.05      
   28673     |      87.85       |      54.23      
   28674     |      86.81       |      55.13      
   28675     |      87.58       |      30.89      
   28676     |      86.29       |      28.46      
   28677     |      88.43       |      14.06      
   28712     |      79.23       |      49.58      
   28713     |      71.70       |      26.51      
   28714     |      69.06       |      35.27      
   28715     |      70.69       |      38.06      
   28716     |      71.14       |      46.24      
   28717     |      74.69       |      41.32      
   28718     |      78.92       |      32.01      
   28719     |      81.56       |      36.22      
   28720     |      84.07       |      29.14      
   28721     |      80.60       |      30.60      
   28722     |      80.96       |      33.33      
   28723     |      82.01       |      24.88      
   28724     |      76.07       |      33.99      
   28725     |      77.61       |      29.61      
   28726     |      81.18       |      31.91      
   28727     |      75.40       |      22.47      
   28728     |      75.06       |      16.30      
   28729     |      79.98       |       7.45      
   28730     |      78.28       |       6.03      
   28731     |      73.66       |       6.55      
   28732     |      75.74       |      12.30      
   28733     |      65.23       |      17.22      
   28734     |      64.43       |      17.10      
   28735     |      65.76       |      14.43      
   28736     |      82.38       |      17.07      
   28737     |      85.71       |      30.31      
   28738     |      88.86       |      26.73      
   28739     |      66.40       |      43.35      
   28740     |      66.43       |      43.89      
   28741     |      74.34       |      34.08      
   28742     |      73.74       |      27.35      
   28743     |      76.49       |      29.30      
   28744     |      75.50       |      17.30      
   28745     |      76.69       |      18.98      
   28746     |      70.21       |      37.24      
   28747     |      70.21       |      37.27      
   28751     |      88.62       |      32.99      
   28752     |      88.74       |      32.70      
   28753     |      87.70       |      27.02      
   28788     |      74.26       |      53.62      
   28789     |      73.59       |      42.83      
   28790     |      73.41       |      42.32      
   28791     |      74.33       |      28.44      
   28792     |      66.70       |      50.07      
   28793     |      65.04       |      34.20      
   28794     |      74.56       |      32.65      
   28795     |      75.89       |      30.61      
   28796     |      71.45       |      42.08      
   28797     |      71.78       |      35.43      
   28798     |      72.90       |      32.37      
   28799     |      71.95       |      27.01      
   28800     |      73.73       |      21.45      
   28801     |      76.90       |      33.67      
   28802     |      76.50       |      37.92      
   28803     |      71.77       |      28.19      
   28804     |      77.62       |      31.96      
   28805     |      79.56       |      37.38      
   28806     |      79.30       |      25.93      
   28807     |      73.93       |       9.67      
   28808     |      74.81       |       8.63      
   28809     |      74.65       |      15.07      
   28810     |      79.53       |       6.32      
   28811     |      74.51       |       5.65      
   28812     |      62.21       |      18.03      
   28813     |      61.30       |      22.21      
   28814     |      69.80       |      13.66      
   28815     |      72.72       |      21.34      
   28816     |      79.96       |       2.55      
   28817     |      82.36       |      17.06      
   28818     |      80.74       |      19.36      
   28819     |      78.73       |       6.91      
   28820     |      79.35       |       6.31      
   28821     |      87.89       |      34.09      
   28822     |      73.87       |      42.76      
   28823     |      74.13       |      31.32      
   28824     |      77.24       |      19.31      
   28825     |      74.42       |      14.15      
   28826     |      85.74       |      45.09      
   28827     |      86.47       |      39.88      
   28832     |      83.28       |      37.68      
   28833     |      83.53       |      22.03      
   28834     |      83.50       |      17.85      
   28862     |      72.95       |      52.45      
   28863     |      63.95       |      33.81      
   28864     |      65.78       |      37.42      
   28865     |      63.08       |      40.11      
   28866     |      62.79       |      29.59      
   28867     |      69.52       |      33.88      
   28868     |      71.77       |      23.16      
   28869     |      72.68       |      27.48      
   28870     |      80.07       |      32.29      
   28871     |      75.88       |      26.78      
   28872     |      75.03       |      29.15      
   28873     |      77.31       |      39.50      
   28874     |      73.21       |      30.34      
   28875     |      74.91       |      25.15      
   28876     |      75.78       |      27.08      
   28877     |      79.73       |      15.11      
   28878     |      77.88       |       8.93      
   28879     |      76.13       |      12.35      
   28880     |      76.63       |       3.78      
   28881     |      75.89       |      11.84      
   28882     |      59.67       |      27.15      
   28883     |      48.19       |      32.71      
   28884     |      50.69       |      31.09      
   28885     |      53.41       |      37.14      
   28886     |      58.53       |      23.83      
   28887     |      61.29       |      32.12      
   28888     |      89.84       |      28.41      
   28889     |      88.71       |      30.87      
   28890     |      87.70       |      26.10      
   28891     |      82.17       |      17.04      
   28892     |      84.83       |      11.00      
   28895     |      85.72       |      35.58      
   28896     |      71.37       |      28.26      
   28897     |      71.17       |      31.03      
   28898     |      70.26       |      30.14      
   28899     |      82.81       |      16.03      
   28900     |      89.71       |      36.47      
   28902     |      87.61       |      41.20      
   28903     |      88.53       |      38.45      
   28904     |      84.70       |      38.96      
   28905     |      89.59       |      26.99      
   28906     |      88.96       |      22.02      
   28909     |      85.12       |      37.27      
   28910     |      79.49       |      33.80      
   28911     |      80.26       |      25.39      
   28945     |      81.09       |      51.00      
   28946     |      78.59       |      56.62      
   28947     |      65.13       |      47.06      
   28948     |      57.88       |      33.38      
   28949     |      65.00       |      47.38      
   28950     |      62.43       |      29.99      
   28951     |      62.87       |      31.88      
   28952     |      69.52       |      33.92      
   28953     |      69.53       |      34.94      
   28954     |      60.89       |      24.66      
   28955     |      73.55       |      26.25      
   28956     |      77.19       |      31.88      
   28957     |      67.03       |      34.84      
   28958     |      76.66       |      12.41      
   28959     |      73.19       |      13.46      
   28960     |      73.16       |      13.57      
   28961     |      76.80       |      23.54      
   28962     |      76.45       |      24.23      
   28963     |      76.63       |       9.99      
   28964     |      73.62       |      38.52      
   28965     |      79.97       |      19.99      
   28966     |      82.55       |      25.82      
   28967     |      79.06       |      29.65      
   28968     |      72.74       |      25.59      
   28969     |      81.34       |      16.95      
   28970     |      81.23       |      16.81      
   28971     |      89.28       |      29.89      
   28972     |      79.09       |      32.33      
   28973     |      75.29       |      21.57      
   28978     |      88.90       |      22.54      
   28979     |      78.71       |      34.23      
   28980     |      86.08       |      36.86      
   29005     |      69.98       |      32.63      
   29006     |      65.38       |      30.57      
   29007     |      71.73       |      25.73      
   29008     |      66.44       |      39.56      
   29009     |      66.89       |      28.96      
   29010     |      65.85       |      30.87      
   29011     |      60.76       |      40.09      
   29012     |      58.27       |      37.84      
   29013     |      62.16       |      34.33      
   29014     |      61.67       |      24.05      
   29015     |      61.63       |      26.19      
   29016     |      69.91       |      19.79      
   29017     |      71.11       |      39.07      
   29018     |      69.51       |      32.53      
   29019     |      71.14       |      34.18      
   29020     |      71.39       |      32.59      
   29021     |      71.69       |      25.01      
   29022     |      78.74       |      15.88      
   29023     |      79.78       |      12.95      
   29024     |      75.32       |      13.26      
   29025     |      77.02       |       9.94      
   29026     |      78.17       |       2.54      
   29027     |      77.99       |       2.74      
   29028     |      74.12       |      14.73      
   29029     |      76.51       |      10.14      
   29030     |      79.78       |      17.88      
   29031     |      78.47       |      20.90      
   29032     |      81.38       |      36.78      
   29033     |      84.81       |      39.19      
   29034     |      84.89       |      27.06      
   29035     |      85.38       |      26.53      
   29036     |      82.79       |      20.62      
   29037     |      81.48       |      21.62      
   29038     |      89.99       |      22.00      
   29039     |      89.62       |      20.90      
   29040     |      88.64       |      23.54      
   29041     |      84.37       |      27.79      
   29042     |      84.37       |      27.84      
   29043     |      88.12       |      21.73      
   29044     |      88.88       |      26.60      
   29045     |      76.88       |      24.91      
   29046     |      80.24       |      22.73      
   29047     |      84.83       |      36.84      
   29048     |      84.16       |      39.11      
   29049     |      86.00       |      47.10      
   29053     |      80.39       |      31.19      
   29054     |      80.20       |      17.39      
   29055     |      80.96       |      35.25      
   29056     |      81.98       |      38.09      
   29057     |      88.20       |      28.37      
   29058     |      89.10       |      34.38      
   29059     |      89.91       |      30.89      
   29060     |      88.31       |      26.70      
   29061     |      85.00       |      35.21      
   29062     |      85.49       |      33.03      
   29087     |      75.34       |      56.75      
   29088     |      78.38       |      53.86      
   29089     |      65.98       |      40.99      
   29090     |      68.11       |      44.82      
   29091     |      68.29       |      43.30      
   29092     |      72.50       |      23.39      
   29093     |      74.29       |      19.33      
   29094     |      73.42       |      36.61      
   29095     |      69.00       |      38.98      
   29096     |      58.65       |      40.73      
   29097     |      57.66       |      39.87      
   29098     |      63.97       |      26.52      
   29099     |      59.54       |      24.93      
   29100     |      60.38       |      22.58      
   29101     |      67.30       |      36.58      
   29102     |      74.73       |      18.77      
   29103     |      77.50       |       8.98      
   29104     |      76.46       |      14.86      
   29105     |      76.79       |      15.15      
   29106     |      70.11       |      16.56      
   29107     |      68.46       |      29.75      
   29108     |      65.53       |      27.46      
   29109     |      68.55       |      12.05      
   29112     |      88.22       |      28.50      
   29113     |      89.35       |      25.83      
   29115     |      81.50       |      22.31      
   29116     |      79.13       |      15.09      
   29117     |      82.85       |      31.96      
   29118     |      82.04       |      28.71      
   29119     |      87.47       |      39.13      
   29120     |      88.10       |      17.02      
   29151     |      80.92       |      53.04      
   29152     |      85.77       |      39.61      
   29153     |      75.26       |      31.64      
   29154     |      68.77       |      47.12      
   29155     |      62.46       |      41.11      
   29156     |      56.56       |      32.89      
   29157     |      62.44       |      36.80      
   29158     |      62.87       |      32.38      
   29159     |      69.73       |      14.68      
   29160     |      71.99       |      15.95      
   29161     |      70.47       |      17.41      
   29162     |      71.23       |      11.57      
   29163     |      74.19       |       7.87      
   29164     |      73.68       |       6.84      
   29165     |      77.43       |       2.59      
   29166     |      80.92       |      12.48      
   29167     |      80.47       |      24.79      
   29168     |      73.16       |      25.92      
   29169     |      76.10       |       6.13      
   29170     |      73.97       |       6.23      
   29171     |      81.65       |      25.91      
   29172     |      84.04       |      18.84      
   29175     |      85.00       |      25.89      
   29176     |      83.56       |      35.97      
   29177     |      89.22       |      30.32      
   29178     |      88.92       |      32.55      
   29180     |      86.29       |      17.46      
   29185     |      84.48       |      17.04      
   29186     |      84.03       |      34.33      
   29187     |      84.13       |      37.12      
   29188     |      88.40       |      45.33      
   29189     |      87.53       |      47.14      
   29190     |      82.44       |      41.91      
   29191     |      81.78       |      44.96      
   29192     |      78.39       |      38.65      
   29193     |      88.52       |      35.28      
   29194     |      84.25       |      24.62      
   29197     |      86.78       |      33.48      
   29198     |      86.14       |      36.35      
   29199     |      81.69       |      23.37      
   29201     |      86.23       |      25.32      
   29221     |      72.39       |      43.85      
   29222     |      73.60       |      48.44      
   29223     |      78.02       |      41.75      
   29224     |      78.06       |      41.51      
   29225     |      78.40       |      41.22      
   29226     |      75.36       |      37.14      
   29227     |      76.45       |      27.63      
   29228     |      71.32       |      33.99      
   29229     |      63.86       |      29.66      
   29230     |      65.40       |      38.10      
   29231     |      58.23       |      46.55      
   29232     |      54.59       |      36.08      
   29233     |      53.79       |      35.78      
   29234     |      53.43       |      32.63      
   29235     |      68.42       |      28.18      
   29236     |      67.96       |      31.63      
   29237     |      71.27       |      25.42      
   29238     |      68.63       |      22.94      
   29239     |      67.32       |      15.54      
   29240     |      65.39       |      20.45      
   29241     |      67.52       |      16.51      
   29242     |      67.18       |      13.40      
   29243     |      72.13       |       7.97      
   29244     |      79.36       |       5.29      
   29245     |      84.79       |      16.14      
   29246     |      83.10       |      21.52      
   29247     |      87.31       |      33.76      
   29249     |      89.51       |      11.48      
   29257     |      85.17       |      27.49      
   29258     |      87.90       |      35.94      
   29259     |      85.02       |      17.87      
   29260     |      81.11       |      12.08      
   29261     |      80.09       |      16.18      
   29262     |      86.47       |      23.90      
   29263     |      89.82       |      17.38      
   29264     |      78.21       |      41.92      
   29265     |      75.71       |      37.75      
   29266     |      79.62       |      24.59      
   29267     |      79.45       |      25.60      
   29268     |      79.32       |      25.70      
   29269     |      77.21       |      33.11      
   29270     |      80.87       |      36.31      
   29271     |      84.46       |      26.13      
   29273     |      81.68       |      23.50      
   29308     |      69.22       |      38.61      
   29309     |      82.03       |      41.39      
   29310     |      59.57       |      49.08      
   29311     |      56.89       |      42.45      
   29312     |      57.81       |      43.26      
   29313     |      57.56       |      46.32      
   29314     |      54.99       |      30.38      
   29315     |      54.87       |      28.47      
   29316     |      53.95       |      30.70      
   29317     |      60.49       |      30.27      
   29318     |      60.63       |      27.03      
   29319     |      60.53       |      26.96      
   29320     |      70.33       |      12.34      
   29321     |      67.42       |      23.22      
   29322     |      77.47       |       3.76      
   29323     |      78.85       |       4.88      
   29324     |      85.68       |      14.92      
   29329     |      89.67       |      19.66      
   29331     |      86.08       |      13.96      
   29332     |      86.91       |      20.99      
   29333     |      84.31       |      31.91      
   29335     |      84.20       |      43.91      
   29336     |      71.13       |      31.53      
   29337     |      70.07       |      36.91      
   29338     |      68.55       |      39.65      
   29339     |      74.20       |      52.12      
   29340     |      74.17       |      36.03      
   29341     |      73.22       |      29.11      
   29342     |      71.53       |      28.30      
   29343     |      87.09       |      38.60      
   29344     |      80.34       |      24.35      
   29365     |      75.98       |      33.52      
   29366     |      81.35       |      40.92      
   29367     |      78.65       |      47.59      
   29368     |      72.03       |      33.82      
   29369     |      69.09       |      39.81      
   29370     |      68.43       |      49.70      
   29371     |      71.15       |      52.63      
   29372     |      70.16       |      43.36      
   29373     |      50.18       |      40.80      
   29374     |      47.67       |      34.45      
   29375     |      58.33       |      25.41      
   29376     |      56.64       |      28.98      
   29377     |      76.93       |       9.67      
   29378     |      75.49       |       6.78      
   29379     |      80.77       |       4.53      
   29390     |      84.68       |      30.59      
   29391     |      83.14       |      17.65      
   29392     |      70.97       |      22.04      
   29393     |      76.85       |      25.97      
   29394     |      86.35       |      20.87      
   29395     |      88.92       |      33.54      
   29396     |      81.17       |      35.14      
   29397     |      85.25       |      37.28      
   29398     |      83.40       |      48.88      
   29399     |      71.28       |      35.55      
   29400     |      78.65       |      42.87      
   29401     |      79.03       |      24.62      
   29402     |      79.46       |      24.18      
   29424     |      69.54       |      39.59      
   29425     |      71.36       |      49.88      
   29426     |      72.59       |      44.81      
   29427     |      74.02       |      32.88      
   29428     |      74.16       |      43.72      
   29429     |      67.70       |      45.62      
   29430     |      67.87       |      47.66      
   29431     |      63.31       |      44.60      
   29432     |      62.46       |      51.10      
   29433     |      57.15       |      42.31      
   29434     |      60.97       |      20.57      
   29435     |      60.79       |      24.12      
   29436     |      63.56       |      20.53      
   29437     |      62.98       |      25.02      
   29438     |      58.39       |      29.42      
   29439     |      58.56       |      28.63      
   29440     |      68.81       |      15.21      
   29441     |      68.72       |      13.85      
   29442     |      69.26       |      12.20      
   29443     |      78.19       |      13.55      
   29444     |      79.93       |      10.26      
   29445     |      81.37       |      12.43      
   29446     |      84.70       |       5.58      
   29447     |      81.67       |       2.49      
   29450     |      83.83       |      29.57      
   29451     |      82.95       |      28.46      
   29452     |      83.25       |      30.46      
   29453     |      79.22       |      14.66      
   29454     |      79.25       |      10.82      
   29455     |      84.75       |      19.60      
   29456     |      86.34       |      15.20      
   29457     |      87.80       |      26.67      
   29458     |      78.86       |      33.09      
   29459     |      80.84       |      30.68      
   29460     |      77.94       |      22.31      
   29461     |      81.30       |      12.14      
   29462     |      81.62       |      12.83      
   29463     |      85.71       |      16.23      
   29464     |      84.40       |      28.65      
   29465     |      74.79       |      30.67      
   29466     |      82.44       |      37.93      
   29467     |      83.36       |      40.47      
   29468     |      77.69       |      32.83      
   29469     |      65.36       |      26.71      
   29470     |      81.65       |      34.96      
   29471     |      81.35       |      34.28      
   29472     |      80.87       |      36.31      
   29473     |      81.12       |      37.18      
   29496     |      75.32       |      42.27      
   29497     |      66.47       |      37.31      
   29498     |      74.57       |      45.51      
   29499     |      70.30       |      47.36      
   29500     |      65.88       |      41.76      
   29501     |      66.37       |      53.35      
   29502     |      62.93       |      50.94      
   29503     |      64.22       |      43.57      
   29504     |      76.26       |      44.41      
   29505     |      72.02       |      53.81      
   29506     |      66.64       |      31.09      
   29507     |      66.92       |      17.63      
   29508     |      68.10       |      23.54      
   29509     |      84.25       |      11.02      
   29516     |      89.94       |      11.43      
   29517     |      87.08       |      11.57      
   29518     |      89.98       |      20.46      
   29519     |      88.66       |      21.99      
   29520     |      87.93       |      16.88      
   29521     |      88.70       |      27.15      
   29522     |      89.70       |      22.35      
   29523     |      86.80       |      24.91      
   29524     |      85.69       |      28.12      
   29525     |      75.46       |      31.91      
   29526     |      69.83       |      29.27      
   29527     |      66.50       |      24.21      
   29528     |      68.35       |      34.90      
   29529     |      77.26       |      48.69      
   29530     |      75.77       |      44.19      
   29531     |      75.80       |      23.36      
   29553     |      73.35       |      41.97      
   29554     |      74.95       |      41.22      
   29555     |      74.82       |      45.76      
   29556     |      68.60       |      34.10      
   29557     |      69.32       |      39.60      
   29558     |      65.23       |      46.30      
   29559     |      65.11       |      46.14      
   29560     |      73.28       |      49.12      
   29561     |      72.61       |      39.66      
   29562     |      71.00       |      41.43      
   29563     |      85.38       |      49.88      
   29564     |      87.88       |      46.97      
   29565     |      84.14       |      38.54      
   29566     |      84.48       |      32.87      
   29567     |      71.66       |      14.67      
   29568     |      69.24       |      17.70      
   29569     |      69.16       |      17.63      
   29570     |      78.66       |      17.43      
   29571     |      76.52       |      19.11      
   29572     |      77.47       |       2.44      
   29573     |      74.38       |       7.16      
   29574     |      75.57       |       4.65      
   29575     |      78.94       |       2.08      
   29579     |      82.12       |      15.01      
   29580     |      79.99       |      29.81      
   29581     |      79.89       |      14.22      
   29582     |      85.63       |      26.04      
   29583     |      89.48       |      21.71      
   29585     |      86.90       |      16.28      
   29586     |      79.18       |      25.73      
   29587     |      76.17       |      27.22      
   29588     |      70.93       |      40.08      
   29589     |      66.73       |      36.66      
   29590     |      82.61       |      34.16      
   29591     |      84.63       |      38.97      
   29592     |      85.42       |      38.44      
   29593     |      77.69       |      27.99      
   29594     |      77.05       |      22.00      
   29618     |      68.08       |      40.51      
   29619     |      74.98       |      45.60      
   29620     |      67.93       |      34.05      
   29621     |      60.32       |      49.10      
   29622     |      59.56       |      45.78      
   29623     |      71.03       |      40.77      
   29624     |      80.87       |      50.82      
   29625     |      86.12       |      36.65      
   29626     |      83.23       |      37.94      
   29627     |      84.29       |      32.86      
   29628     |      84.21       |      26.75      
   29629     |      76.34       |      15.88      
   29630     |      72.40       |      18.62      
   29631     |      72.76       |      19.67      
   29632     |      79.36       |      12.47      
   29633     |      80.77       |       2.32      
   29634     |      80.66       |       0.90      
   29635     |      89.38       |      13.64      
   29636     |      89.76       |      10.87      
   29637     |      89.22       |      18.66      
   29638     |      88.49       |      12.61      
   29639     |      86.16       |      20.46      
   29640     |      79.11       |       4.68      
   29641     |      80.20       |      13.72      
   29642     |      81.32       |      21.92      
   29643     |      83.30       |      14.05      
   29644     |      86.13       |      26.82      
   29645     |      83.92       |      34.03      
   29646     |      82.87       |      18.38      
   29647     |      79.33       |      25.05      
   29648     |      78.62       |      18.78      
   29649     |      85.82       |      26.15      
   29650     |      85.18       |      20.87      
   29651     |      78.12       |      23.37      
   29652     |      81.14       |      13.64      
   29653     |      82.80       |      13.28      
   29654     |      84.07       |      25.33      
   29655     |      80.44       |      19.36      
   29656     |      80.62       |      22.68      
   29657     |      79.07       |      25.22      
   29658     |      77.46       |      24.03      
   29659     |      77.71       |      24.82      
   29660     |      73.96       |      35.83      
   29661     |      71.86       |      31.67      
   29662     |      59.93       |      36.79      
   29663     |      65.56       |      24.32      
   29664     |      68.53       |      32.66      
   29665     |      73.61       |      38.67      
   29666     |      72.49       |      32.00      
   29695     |      62.89       |      44.40      
   29696     |      62.76       |      40.97      
   29697     |      66.67       |      37.89      
   29698     |      67.60       |      33.27      
   29699     |      75.56       |      41.03      
   29700     |      89.21       |      38.41      
   29701     |      86.51       |      46.85      
   29703     |      86.30       |      26.88      
   29704     |      86.53       |      21.09      
   29707     |      88.15       |      15.24      
   29708     |      81.16       |      24.00      
   29709     |      80.27       |      19.36      
   29710     |      77.54       |      22.00      
   29711     |      79.02       |       4.54      
   29712     |      79.33       |       2.75      
   29713     |      83.54       |       3.81      
   29717     |      82.01       |      10.42      
   29718     |      80.33       |      16.06      
   29719     |      78.97       |      18.85      
   29720     |      79.72       |      21.68      
   29721     |      73.59       |      28.28      
   29722     |      73.50       |      28.16      
   29723     |      78.59       |      21.07      
   29724     |      74.85       |      13.18      
   29725     |      79.47       |      20.26      
   29726     |      76.04       |      23.93      
   29727     |      63.85       |      28.85      
   29728     |      57.02       |      39.06      
   29729     |      83.20       |      40.78      
   29730     |      78.12       |      46.64      
   29752     |      64.09       |      44.80      
   29753     |      59.21       |      44.01      
   29754     |      60.15       |      48.98      
   29755     |      83.50       |      29.96      
   29756     |      84.61       |      42.85      
   29761     |      78.32       |       5.97      
   29762     |      78.59       |       2.39      
   29763     |      79.99       |       8.72      
   29764     |      77.64       |       3.72      
   29765     |      78.91       |      12.31      
   29766     |      83.49       |       9.47      
   29767     |      87.19       |      12.93      
   29771     |      80.72       |      21.55      
   29772     |      80.70       |      28.62      
   29773     |      81.52       |      26.25      
   29774     |      81.56       |      22.32      
   29775     |      82.20       |      20.69      
   29776     |      75.79       |      26.39      
   29777     |      73.60       |      14.18      
   29778     |      70.39       |      14.36      
   29779     |      72.61       |      17.83      
   29780     |      71.90       |      21.13      
   29781     |      76.11       |      25.60      
   29782     |      72.48       |      40.96      
   29783     |      72.64       |      41.46      
   29784     |      77.92       |      46.85      
   29785     |      76.07       |      39.29      
   29786     |      75.95       |      39.20      
   29787     |      77.14       |      43.66      
   29788     |      78.11       |      35.46      
   29789     |      79.69       |      38.57      
   29790     |      78.57       |      30.38      
   29791     |      77.45       |      33.54      
   29792     |      77.73       |      20.90      
   29815     |      57.50       |      40.44      
   29816     |      63.86       |      43.59      
   29817     |      69.13       |      41.16      
   29818     |      72.04       |      41.87      
   29819     |      70.17       |      31.40      
   29820     |      77.71       |      30.73      
   29821     |      76.02       |      28.36      
   29822     |      81.36       |      42.78      
   29823     |      84.51       |      35.88      
   29824     |      86.80       |      42.38      
   29826     |      89.04       |      22.93      
   29827     |      88.51       |      27.90      
   29828     |      83.65       |      34.10      
   29829     |      81.48       |      24.03      
   29830     |      81.80       |      23.52      
   29831     |      83.31       |      10.01      
   29832     |      78.35       |      12.18      
   29833     |      79.41       |      13.42      
   29834     |      85.11       |       6.62      
   29835     |      85.82       |       6.13      
   29836     |      85.32       |       9.25      
   29837     |      87.34       |       8.07      
   29838     |      82.87       |       9.17      
   29839     |      87.31       |      14.77      
   29840     |      81.52       |      19.57      
   29841     |      83.62       |      15.31      
   29842     |      85.26       |      25.43      
   29844     |      66.45       |      17.88      
   29845     |      77.55       |      28.31      
   29846     |      78.27       |      22.88      
   29847     |      77.63       |      21.49      
   29848     |      74.21       |      22.89      
   29849     |      74.21       |      22.69      
   29850     |      72.98       |      23.81      
   29851     |      74.49       |      34.84      
   29852     |      73.94       |      40.21      
   29883     |      65.20       |      38.59      
   29884     |      69.73       |      34.24      
   29885     |      76.70       |      41.27      
   29886     |      81.86       |      40.31      
   29887     |      82.70       |      36.14      
   29888     |      78.72       |      21.42      
   29889     |      74.44       |      37.23      
   29890     |      86.47       |      37.98      
   29894     |      88.88       |      27.34      
   29895     |      88.26       |      21.85      
   29896     |      77.29       |      26.28      
   29897     |      78.59       |      11.37      
   29898     |      79.35       |       9.91      
   29899     |      80.13       |       0.69      
   29900     |      79.62       |      13.45      
   29901     |      83.39       |      16.67      
   29902     |      83.88       |      18.51      
   29903     |      85.28       |       7.03      
   29904     |      85.33       |       5.70      
   29905     |      81.99       |       4.19      
   29906     |      80.68       |       3.12      
   29907     |      78.47       |       8.16      
   29908     |      81.25       |       8.03      
   29909     |      68.20       |      23.41      
   29910     |      68.27       |      24.20      
   29911     |      76.06       |      12.21      
   29912     |      80.85       |      19.03      
   29913     |      81.26       |      17.46      
   29914     |      83.97       |      25.46      
   29915     |      80.68       |      21.68      
   29916     |      78.89       |      20.13      
   29917     |      78.83       |      31.66      
   29918     |      77.52       |      46.67      
   29919     |      68.79       |      38.49      
   29920     |      76.02       |      47.37      
   29921     |      75.38       |      43.86      
   29922     |      72.78       |      40.06      
   29923     |      72.76       |      40.58      
   29924     |      73.06       |      41.54      
   29925     |      85.61       |      28.36      
   29956     |      81.88       |      34.57      
   29957     |      78.62       |      36.04      
   29958     |      76.57       |      40.11      
   29959     |      74.61       |      37.64      
   29960     |      80.01       |      35.36      
   29961     |      79.09       |      36.64      
   29962     |      88.64       |      31.28      
   29963     |      87.94       |      41.52      
   29964     |      77.57       |      33.06      
   29965     |      79.16       |      29.44      
   29966     |      78.64       |       4.32      
   29967     |      78.61       |      12.05      
   29968     |      75.70       |       7.15      
   29969     |      76.18       |      16.59      
   29970     |      78.68       |      19.65      
   29971     |      72.47       |      12.38      
   29972     |      80.12       |       5.93      
   29973     |      77.16       |      14.39      
   29974     |      83.85       |      27.82      
   29975     |      66.20       |      18.25      
   29976     |      70.52       |      24.33      
   29977     |      76.12       |      26.51      
   29978     |      77.39       |      22.01      
   29979     |      75.26       |      23.90      
   29980     |      81.69       |      23.92      
   29981     |      77.80       |      21.47      
   29982     |      80.08       |      25.11      
   29983     |      79.65       |      24.30      
   29984     |      82.48       |      35.46      
   29985     |      84.63       |      45.30      
   29986     |      79.54       |      43.78      
   29987     |      74.13       |      37.39      
   29988     |      78.20       |      38.78      
   29989     |      80.28       |      42.90      
   30012     |      85.67       |      30.48      
   30013     |      86.41       |      32.69      
   30014     |      86.35       |      33.08      
   30015     |      85.69       |      31.12      
   30016     |      85.75       |      38.44      
   30019     |      88.34       |      41.34      
   30020     |      88.92       |      28.41      
   30021     |      80.84       |      35.16      
   30022     |      80.42       |      14.81      
   30023     |      73.58       |      22.44      
   30024     |      75.38       |      21.79      
   30025     |      76.40       |      31.15      
   30026     |      73.99       |      29.44      
   30027     |      73.99       |      26.06      
   30028     |      82.86       |      28.39      
   30029     |      86.28       |      12.40      
   30030     |      74.51       |      20.57      
   30031     |      77.41       |       6.51      
   30032     |      75.98       |       3.63      
   30033     |      77.88       |       5.53      
   30034     |      81.52       |      20.74      
   30035     |      85.92       |      26.85      
   30036     |      84.71       |      17.90      
   30037     |      80.47       |       3.62      
   30038     |      75.45       |      12.49      
   30039     |      69.85       |      11.62      
   30040     |      69.30       |      12.51      
   30041     |      73.32       |      10.68      
   30042     |      74.31       |       8.91      
   30043     |      74.10       |      11.98      
   30044     |      64.06       |      30.35      
   30045     |      73.76       |      30.72      
   30046     |      72.97       |      15.27      
   30047     |      74.30       |      10.47      
   30048     |      75.44       |      21.61      
   30049     |      75.42       |      22.25      
   30050     |      77.74       |      24.15      
   30051     |      79.98       |      16.45      
   30052     |      79.40       |      19.23      
   30053     |      80.11       |      25.63      
   30054     |      80.23       |      39.82      
   30055     |      80.19       |      38.73      
   30056     |      73.40       |      41.63      
   30093     |      82.35       |      36.16      
   30094     |      79.54       |      38.72      
   30095     |      80.04       |      39.93      
   30096     |      82.17       |      42.48      
   30097     |      85.52       |      30.39      
   30098     |      82.89       |      37.02      
   30099     |      80.30       |      26.67      
   30101     |      89.31       |      42.85      
   30102     |      86.97       |      44.23      
   30103     |      80.20       |      34.96      
   30104     |      79.72       |      23.39      
   30105     |      82.00       |      28.94      
   30106     |      82.11       |      26.21      
   30107     |      67.01       |      13.65      
   30108     |      75.49       |      20.13      
   30109     |      75.56       |      23.09      
   30110     |      85.43       |      33.51      
   30111     |      84.72       |      28.98      
   30112     |      83.54       |      15.71      
   30113     |      82.04       |       3.74      
   30114     |      67.74       |      12.22      
   30115     |      72.28       |       9.28      
   30116     |      73.65       |       6.08      
   30117     |      69.75       |      22.79      
   30118     |      77.02       |      13.79      
   30119     |      77.39       |      18.24      
   30120     |      79.38       |      24.19      
   30121     |      82.64       |      20.71      
   30122     |      87.32       |      35.25      
   30124     |      89.21       |      42.19      
   30125     |      88.81       |      37.16      
   30126     |      86.32       |      39.24      
   30127     |      86.23       |      37.88      
   30128     |      83.93       |      44.16      
   30129     |      81.66       |      37.44      
   30158     |      87.15       |      40.59      
   30161     |      85.35       |      23.66      
   30162     |      85.28       |      26.39      
   30163     |      86.24       |      25.90      
   30164     |      86.60       |      34.29      
   30165     |      79.71       |      42.07      
   30166     |      78.80       |      41.17      
   30168     |      84.80       |      33.23      
   30169     |      84.92       |      32.60      
   30170     |      81.18       |      27.59      
   30171     |      81.12       |      27.61      
   30172     |      80.99       |      28.06      
   30173     |      81.45       |       9.11      
   30174     |      67.28       |      12.30      
   30175     |      69.63       |      16.87      
   30176     |      68.46       |      18.74      
   30177     |      64.42       |      16.38      
   30178     |      67.61       |      12.23      
   30179     |      70.97       |       8.98      
   30180     |      72.15       |      21.60      
   30181     |      72.33       |      21.83      
   30182     |      73.86       |      30.36      
   30183     |      71.49       |      24.14      
   30184     |      72.78       |      15.54      
   30185     |      73.42       |      16.57      
   30186     |      78.51       |      18.95      
   30187     |      79.11       |      21.98      
   30188     |      76.65       |      23.91      
   30189     |      76.37       |      22.93      
   30190     |      81.28       |      26.00      
   30191     |      83.75       |      22.45      
   30192     |      84.24       |      24.79      
   30193     |      83.86       |      24.35      
   30194     |      84.61       |      23.80      
   30195     |      88.55       |      37.02      
   30198     |      79.63       |      33.79      
   30199     |      78.50       |      37.72      
   30223     |      84.86       |      38.37      
   30225     |      87.14       |      40.58      
   30226     |      87.38       |      41.88      
   30227     |      89.44       |      26.02      
   30232     |      77.08       |      34.01      
   30233     |      84.14       |      24.81      
   30234     |      84.70       |      16.75      
   30235     |      84.22       |       6.10      
   30236     |      85.80       |       8.56      
   30237     |      87.33       |       9.22      
   30238     |      87.37       |      21.43      
   30239     |      88.78       |      23.02      
   30240     |      88.95       |      31.88      
   30241     |      88.74       |      32.94      
   30242     |      85.26       |      14.67      
   30243     |      77.53       |       8.01      
   30244     |      77.75       |      22.74      
   30245     |      75.64       |      16.46      
   30246     |      74.79       |      23.18      
   30247     |      71.25       |      11.81      
   30248     |      70.78       |       9.15      
   30249     |      67.85       |      31.21      
   30250     |      68.15       |      30.19      
   30251     |      77.93       |      22.99      
   30252     |      78.77       |      17.31      
   30253     |      76.59       |      14.79      
   30254     |      75.30       |      20.89      
   30255     |      86.46       |      22.79      
   30257     |      86.28       |      39.89      
   30258     |      86.49       |      36.40      
   30293     |      84.78       |      36.58      
   30294     |      86.67       |      27.68      
   30295     |      81.64       |      35.58      
   30296     |      81.48       |      34.99      
   30297     |      84.24       |      36.39      
   30298     |      84.07       |      30.88      
   30299     |      87.66       |      33.94      
   30300     |      87.40       |      26.81      
   30304     |      88.78       |      35.48      
   30305     |      88.76       |      35.63      
   30306     |      81.92       |      41.23      
   30307     |      81.50       |      38.94      
   30308     |      78.09       |      23.79      
   30312     |      89.06       |      32.02      
   30313     |      80.34       |       7.19      
   30314     |      78.14       |      10.23      
   30315     |      74.31       |      23.59      
   30316     |      75.23       |      10.38      
   30317     |      71.95       |      10.39      
   30318     |      69.75       |       9.69      
   30319     |      68.36       |      22.18      
   30320     |      63.23       |      16.29      
   30321     |      65.05       |      35.54      
   30322     |      78.87       |      29.85      
   30323     |      89.24       |      30.12      
   30324     |      88.95       |      21.88      
   30325     |      85.93       |      27.52      
   30327     |      84.46       |      19.40      
   30328     |      83.48       |      28.72      
   30329     |      84.81       |      47.86      
   30352     |      87.51       |      48.44      
   30353     |      81.92       |      33.51      
   30354     |      77.47       |      28.60      
   30355     |      86.48       |      27.09      
   30356     |      86.74       |      34.79      
   30358     |      89.08       |      26.34      
   30359     |      90.00       |      45.43      
   30360     |      87.07       |      39.00      
   30361     |      84.87       |      25.14      
   30367     |      84.10       |      12.95      
   30368     |      81.93       |       5.60      
   30369     |      76.98       |       8.02      
   30370     |      74.99       |       5.50      
   30371     |      72.04       |       9.81      
   30372     |      80.82       |      13.36      
   30373     |      82.10       |      34.51      
   30374     |      75.67       |      30.96      
   30375     |      71.84       |      37.67      
   30376     |      81.49       |      31.80      
   30377     |      78.95       |      18.79      
   30378     |      84.42       |      14.13      
   30385     |      89.07       |      24.62      
   30389     |      78.38       |      42.20      
   30390     |      73.48       |      30.34      
   30427     |      82.36       |      43.81      
   30428     |      82.45       |      44.08      
   30429     |      83.04       |      37.55      
   30430     |      82.70       |      27.66      
   30431     |      77.84       |      38.35      
   30432     |      76.47       |      34.66      
   30433     |      82.38       |      24.26      
   30434     |      82.44       |      24.31      
   30435     |      85.66       |      32.52      
   30436     |      86.32       |      26.70      
   30438     |      84.85       |      47.91      
   30439     |      85.44       |      36.48      
   30440     |      84.33       |      25.69      
   30441     |      86.32       |      17.19      
   30449     |      89.94       |      11.98      
   30451     |      82.77       |      10.20      
   30452     |      82.81       |       9.05      
   30453     |      78.98       |      17.53      
   30454     |      79.35       |      22.22      
   30455     |      78.55       |      25.04      
   30456     |      78.83       |      24.81      
   30457     |      78.43       |      13.24      
   30458     |      82.95       |       3.68      
   30459     |      86.03       |      12.06      
   30463     |      85.89       |      23.87      
   30464     |      89.02       |      21.46      
   30469     |      85.54       |      33.19      
   30470     |      85.88       |      35.86      
   30471     |      87.26       |      33.88      
   30498     |      76.91       |      40.64      
   30499     |      86.28       |      42.57      
   30500     |      86.41       |      41.35      
   30501     |      74.27       |      36.80      
   30502     |      77.91       |      26.88      
   30503     |      81.55       |      33.54      
   30504     |      81.79       |      37.95      
   30505     |      77.33       |      21.96      
   30506     |      84.09       |      30.96      
   30507     |      86.89       |      27.17      
   30508     |      80.43       |      27.26      
   30509     |      78.82       |      29.49      
   30510     |      78.63       |      43.66      
   30516     |      79.93       |      21.96      
   30517     |      79.52       |       7.89      
   30518     |      81.18       |      10.96      
   30519     |      81.26       |       6.24      
   30520     |      80.26       |      12.03      
   30521     |      89.41       |      17.05      
   30562     |      83.34       |      35.23      
   30563     |      79.66       |      48.97      
   30564     |      81.97       |      28.33      
   30565     |      84.35       |      33.46      
   30566     |      82.98       |      28.06      
   30567     |      71.86       |      30.80      
   30568     |      76.34       |      21.25      
   30569     |      87.55       |      40.35      
   30570     |      85.94       |      36.52      
   30579     |      77.79       |      20.30      
   30580     |      78.73       |       8.08      
   30581     |      80.34       |       4.62      
   30582     |      84.63       |       5.60      
   30583     |      83.23       |       5.75      
   30584     |      84.40       |      17.81      
   30585     |      85.33       |      22.31      
   30586     |      84.55       |      21.08      
   30587     |      83.88       |      35.26      
   30588     |      89.72       |      26.41      
   30625     |      82.25       |      34.58      
   30626     |      81.79       |      29.48      
   30627     |      75.86       |      29.18      
   30628     |      74.07       |      25.25      
   30629     |      75.26       |      36.67      
   30631     |      86.84       |      40.05      
   30635     |      82.56       |       8.20      
   30636     |      79.47       |       8.13      
   30637     |      79.48       |       3.85      
   30638     |      80.97       |       2.80      
   30639     |      79.96       |       9.47      
   30640     |      79.62       |      17.40      
   30641     |      78.40       |      24.63      
   30645     |      85.36       |      35.85      
   30646     |      86.53       |      29.17      
   30692     |      85.64       |      35.41      
   30693     |      85.13       |      36.64      
   30694     |      87.14       |      50.67      
   30696     |      86.55       |      33.06      
   30697     |      86.78       |      30.46      
   30698     |      83.34       |      28.06      
   30699     |      82.48       |      41.07      
   30700     |      85.44       |      29.02      
   30701     |      88.86       |      38.15      
   30702     |      82.09       |      35.39      
   30703     |      83.85       |      19.59      
   30704     |      87.39       |      18.33      
   30705     |      84.42       |      23.53      
   30706     |      85.62       |      38.16      
   30709     |      88.35       |      30.27      
   30711     |      82.34       |       9.83      
   30712     |      83.78       |       4.84      
   30713     |      81.78       |      11.57      
   30714     |      77.68       |       5.91      
   30715     |      79.40       |       6.85      
   30716     |      75.97       |       3.34      
   30717     |      77.51       |       7.51      
   30718     |      78.94       |      11.73      
   30719     |      77.91       |      25.43      
   30720     |      79.29       |      16.14      
   30721     |      79.88       |       9.15      
   30722     |      84.51       |       6.66      
   30726     |      89.39       |      31.96      
   30737     |      88.79       |      21.19      
   30783     |      86.61       |      40.13      
   30784     |      86.56       |      40.75      
   30785     |      86.54       |      40.68      
   30786     |      87.20       |      31.42      
   30787     |      79.20       |      20.69      
   30788     |      80.07       |      23.16      
   30789     |      87.36       |      41.92      
   30792     |      84.93       |      23.35      
   30795     |      82.14       |       5.10      
   30796     |      82.27       |       4.59      
   30797     |      75.14       |      24.66      
   30798     |      82.84       |       5.83      
   30799     |      84.57       |       6.67      
   30800     |      84.87       |      14.31      
   30801     |      80.18       |      20.10      
   30806     |      88.01       |      42.66      
   30807     |      89.89       |      27.41      
   30850     |      86.81       |      31.51      
   30851     |      87.39       |      30.93      
   30852     |      87.73       |      24.20      
   30853     |      88.45       |      29.70      
   30854     |      80.40       |      33.13      
   30855     |      80.68       |      29.90      
   30856     |      85.26       |      24.16      
   30859     |      87.50       |      36.39      
   30860     |      88.03       |      30.15      
   30864     |      89.60       |      10.37      
   30865     |      88.01       |       9.18      
   30866     |      72.94       |      11.20      
   30867     |      72.61       |      12.27      
   30868     |      70.09       |      15.52      
   30869     |      80.26       |      22.25      
   30870     |      80.93       |      18.69      
   30871     |      88.98       |      11.41      
   30875     |      85.83       |      30.97      
   30876     |      84.96       |      24.64      
   30877     |      84.08       |      25.70      
   30878     |      85.83       |      18.93      
   30879     |      89.87       |      27.37      
   30914     |      89.77       |      51.21      
   30915     |      87.93       |      31.48      
   30916     |      87.05       |      32.22      
   30917     |      86.98       |      29.12      
   30918     |      87.41       |      28.90      
   30919     |      83.94       |      37.78      
   30930     |      88.13       |      11.04      
   30931     |      88.32       |      12.89      
   30932     |      78.20       |      16.88      
   30933     |      79.84       |      10.05      
   30934     |      76.34       |      17.09      
   30935     |      76.43       |      17.79      
   30936     |      89.03       |      17.13      
   30937     |      87.28       |       9.20      
   30938     |      89.68       |      10.61      
   30939     |      86.65       |      10.64      
   30940     |      87.20       |      19.64      
   30947     |      87.48       |      34.36      
   30948     |      89.55       |      42.17      
   30949     |      88.49       |      43.63      
   30950     |      89.55       |      33.98      
   30951     |      88.30       |      36.49      
   30952     |      88.27       |      28.69      
   30953     |      89.65       |      27.68      
   30957     |      89.84       |      52.12      
   30990     |      89.26       |      22.90      
   30995     |      88.16       |      13.43      
   30996     |      87.03       |      20.18      
   30997     |      81.81       |      21.40      
   30998     |      81.43       |      10.91      
   30999     |      79.15       |      18.79      
   31000     |      77.61       |      15.99      
   31001     |      77.25       |       4.55      
   31002     |      86.28       |       7.44      
   31006     |      86.37       |      28.07      
   31007     |      86.88       |      24.75      
   31008     |      85.63       |      22.54      
   31009     |      87.64       |      36.42      
   31059     |      84.20       |      21.09      
   31060     |      83.76       |      30.93      
   31075     |      87.13       |      12.77      
   31084     |      86.37       |      28.23      
   31085     |      82.57       |      40.39      
   31086     |      81.92       |      38.31      
   31087     |      87.00       |      33.57      
   31088     |      86.80       |      34.44      
   31120     |      87.81       |      32.97      
   31121     |      88.20       |      52.02      
   31122     |      87.99       |      50.38      
   31145     |      86.84       |      18.11      
   31183     |      80.77       |      32.58      
   31184     |      82.43       |      30.59      
   31229     |      88.70       |      23.39      
   31230     |      82.34       |      30.95      
   31255     |      87.61       |      39.04      
   31256     |      86.50       |      29.23      
   31257     |      85.99       |      43.77      
   31258     |      88.37       |      40.43      
   31259     |      87.78       |      51.66      
