=== Visibility Analysis Summary ===
Total patches: 49152
Geometric visible: 6676 (13.6%)
Light illuminated: 6676 (100.0% of geometric)
Reflection conditions met: 6676 (100.0% of geometric)
Light unoccluded: 6676 (100.0% of geometric)
Final visible: 6676 (13.6% of total)
Visible area: 425.02 (11.7% of total area)

=== Detailed Visibility Information ===
Patch Index  | Incidence Angle  |  Viewing Angle  
-------------+------------------+-----------------
    1539     |      57.86       |      58.83      
    1543     |      54.35       |      55.48      
    1666     |      58.88       |      59.89      
    1667     |      55.61       |      56.67      
    1670     |      51.76       |      52.77      
    1680     |      57.86       |      59.00      
    1688     |      50.70       |      51.90      
    1689     |      45.28       |      46.53      
    1793     |      51.12       |      52.10      
    1794     |      53.93       |      54.92      
    1795     |      45.96       |      47.05      
    1803     |      58.84       |      59.97      
    1816     |      42.06       |      43.01      
    1817     |      46.65       |      47.54      
    1818     |      55.72       |      56.62      
    1819     |      51.53       |      52.49      
    1920     |      50.29       |      51.22      
    1921     |      58.55       |      59.38      
    1922     |      41.83       |      42.66      
    1923     |      54.96       |      55.62      
    1925     |      49.86       |      50.76      
    1927     |      56.15       |      57.19      
    1929     |      53.65       |      54.79      
    1931     |      55.07       |      56.24      
    1945     |      48.99       |      49.57      
    1947     |      55.25       |      55.68      
    2048     |      55.37       |      56.09      
    2049     |      58.09       |      58.85      
    2050     |      55.22       |      55.99      
    2051     |      50.70       |      51.53      
    2052     |      49.37       |      50.21      
    2055     |      53.51       |      53.99      
    2056     |      55.74       |      56.25      
    2057     |      48.88       |      49.23      
    2058     |      55.30       |      55.71      
    2059     |      50.63       |      50.92      
    2060     |      50.74       |      51.04      
    2062     |      54.22       |      54.86      
    2177     |      55.67       |      56.48      
    2178     |      50.69       |      51.52      
    2181     |      51.68       |      52.55      
    2184     |      56.09       |      56.94      
    2185     |      55.40       |      56.26      
    2186     |      54.38       |      55.25      
    2187     |      53.64       |      54.53      
    2188     |      48.80       |      49.71      
    2189     |      50.58       |      51.47      
    2190     |      54.74       |      55.64      
    2193     |      50.37       |      51.38      
    2308     |      51.37       |      52.20      
    2309     |      54.97       |      55.77      
    2312     |      56.10       |      57.02      
    2313     |      57.97       |      58.88      
    2314     |      53.94       |      54.86      
    2315     |      51.69       |      52.63      
    2316     |      51.38       |      52.33      
    2317     |      57.17       |      58.07      
    2319     |      56.68       |      57.68      
    2320     |      50.60       |      51.62      
    2321     |      47.66       |      48.71      
    2434     |      54.75       |      55.46      
    2436     |      55.09       |      55.91      
    2437     |      54.10       |      54.93      
    2439     |      55.11       |      56.01      
    2440     |      58.10       |      59.01      
    2441     |      54.42       |      55.36      
    2442     |      52.06       |      53.02      
    2443     |      58.37       |      59.28      
    2444     |      57.37       |      58.29      
    2446     |      55.45       |      56.37      
    2448     |      46.12       |      46.90      
    2560     |      57.67       |      58.45      
    2562     |      55.27       |      56.12      
    2563     |      52.76       |      53.63      
    2564     |      54.61       |      55.49      
    2565     |      54.63       |      55.51      
    2566     |      55.15       |      56.05      
    2567     |      54.93       |      55.84      
    2568     |      53.97       |      54.88      
    2569     |      55.76       |      56.66      
    2570     |      58.56       |      59.48      
    2571     |      54.85       |      55.80      
    2579     |      57.57       |      58.60      
    2581     |      58.17       |      59.24      
    2688     |      58.30       |      59.15      
    2689     |      50.61       |      51.53      
    2690     |      53.83       |      54.75      
    2692     |      54.63       |      55.52      
    2693     |      52.79       |      53.69      
    2694     |      55.12       |      56.03      
    2695     |      55.83       |      56.74      
    2696     |      56.07       |      56.99      
    2697     |      55.22       |      56.15      
    2698     |      54.81       |      55.75      
    2706     |      56.97       |      57.96      
    2707     |      43.78       |      44.85      
    2709     |      52.39       |      53.48      
    2816     |      49.25       |      50.08      
    2817     |      52.44       |      53.24      
    2819     |      54.16       |      55.04      
    2820     |      52.66       |      53.55      
    2821     |      53.72       |      54.61      
    2822     |      55.66       |      56.56      
    2823     |      49.29       |      50.23      
    2824     |      55.78       |      56.73      
    2827     |      58.06       |      58.99      
    2834     |      41.93       |      42.97      
    2836     |      47.73       |      48.62      
    2837     |      51.13       |      52.00      
    2944     |      52.72       |      53.55      
    2945     |      50.66       |      51.51      
    2946     |      54.06       |      54.93      
    2947     |      54.22       |      55.09      
    2948     |      53.72       |      54.60      
    2949     |      53.39       |      54.28      
    2950     |      48.49       |      49.39      
    2951     |      54.31       |      55.17      
    2953     |      52.68       |      53.62      
    2954     |      58.27       |      59.21      
    2957     |      56.95       |      57.90      
    2963     |      56.10       |      57.13      
    2964     |      53.34       |      54.38      
    2965     |      47.59       |      48.65      
    3072     |      50.54       |      51.38      
    3073     |      51.52       |      52.36      
    3074     |      54.04       |      54.89      
    3075     |      53.07       |      53.93      
    3076     |      53.26       |      54.13      
    3077     |      52.38       |      53.26      
    3078     |      54.73       |      55.62      
    3079     |      54.24       |      55.14      
    3080     |      52.32       |      53.23      
    3081     |      54.85       |      55.75      
    3083     |      52.96       |      53.91      
    3084     |      57.40       |      58.37      
    3090     |      54.02       |      54.97      
    3091     |      59.00       |      59.94      
    3092     |      43.63       |      44.56      
    3200     |      51.57       |      52.41      
    3201     |      50.56       |      51.41      
    3202     |      53.12       |      53.98      
    3203     |      53.73       |      54.59      
    3204     |      52.29       |      53.16      
    3205     |      53.44       |      54.31      
    3206     |      54.01       |      54.89      
    3207     |      54.16       |      55.04      
    3208     |      54.83       |      55.72      
    3209     |      55.38       |      56.28      
    3210     |      51.91       |      52.82      
    3211     |      52.52       |      53.43      
    3215     |      57.23       |      58.16      
    3328     |      50.29       |      51.11      
    3329     |      50.04       |      50.87      
    3330     |      53.55       |      54.39      
    3331     |      47.74       |      48.62      
    3332     |      53.89       |      54.77      
    3334     |      54.04       |      54.91      
    3335     |      53.42       |      54.30      
    3336     |      55.35       |      56.24      
    3337     |      55.66       |      56.55      
    3338     |      52.52       |      53.42      
    3339     |      55.65       |      56.54      
    3341     |      56.22       |      57.17      
    3342     |      57.69       |      58.64      
    3343     |      57.10       |      58.07      
    3456     |      50.03       |      50.86      
    3457     |      48.91       |      49.75      
    3458     |      47.28       |      48.13      
    3459     |      51.74       |      52.57      
    3461     |      53.44       |      54.31      
    3462     |      53.64       |      54.53      
    3463     |      52.73       |      53.62      
    3464     |      55.99       |      56.89      
    3465     |      53.02       |      53.94      
    3466     |      56.39       |      57.32      
    3468     |      55.87       |      56.79      
    3469     |      56.96       |      57.88      
    3470     |      56.59       |      57.53      
    3471     |      58.19       |      59.12      
    3473     |      57.97       |      58.94      
    3475     |      58.33       |      59.31      
    3584     |      48.82       |      49.65      
    3585     |      47.92       |      48.75      
    3586     |      52.00       |      52.85      
    3587     |      50.83       |      51.69      
    3588     |      53.35       |      54.21      
    3589     |      53.35       |      54.22      
    3590     |      52.55       |      53.43      
    3591     |      56.35       |      57.22      
    3592     |      52.34       |      53.22      
    3593     |      55.40       |      56.27      
    3595     |      56.21       |      57.12      
    3596     |      56.95       |      57.87      
    3597     |      55.81       |      56.74      
    3598     |      58.35       |      59.29      
    3599     |      56.54       |      57.49      
    3600     |      58.02       |      58.98      
    3602     |      58.20       |      59.17      
    3603     |      58.49       |      59.47      
    3712     |      50.37       |      51.22      
    3713     |      53.90       |      54.75      
    3714     |      52.34       |      53.20      
    3716     |      53.25       |      54.11      
    3717     |      52.61       |      53.47      
    3718     |      56.54       |      57.42      
    3719     |      51.47       |      52.36      
    3720     |      56.12       |      57.02      
    3722     |      56.33       |      57.24      
    3723     |      56.72       |      57.63      
    3724     |      55.82       |      56.75      
    3725     |      53.46       |      54.40      
    3726     |      56.60       |      57.55      
    3727     |      57.39       |      58.34      
    3729     |      55.73       |      56.70      
    3730     |      58.81       |      59.79      
    3840     |      52.35       |      53.09      
    3841     |      49.89       |      50.64      
    3843     |      48.78       |      49.62      
    3844     |      52.38       |      53.23      
    3845     |      53.32       |      54.18      
    3846     |      50.75       |      51.62      
    3847     |      52.70       |      53.56      
    3849     |      55.65       |      56.54      
    3850     |      56.54       |      57.45      
    3851     |      55.30       |      56.21      
    3852     |      53.17       |      54.09      
    3853     |      49.61       |      50.54      
    3854     |      57.44       |      58.38      
    3856     |      55.36       |      56.31      
    3857     |      49.67       |      50.63      
    3859     |      58.21       |      59.19      
    3968     |      49.89       |      50.71      
    3969     |      45.44       |      46.27      
    3970     |      49.31       |      50.15      
    3972     |      53.28       |      54.12      
    3973     |      50.15       |      51.01      
    3974     |      52.83       |      53.70      
    3975     |      52.33       |      53.20      
    3976     |      55.63       |      56.52      
    3977     |      53.62       |      54.52      
    3978     |      55.33       |      56.24      
    3979     |      55.68       |      56.59      
    3980     |      49.34       |      50.26      
    3981     |      54.68       |      55.60      
    3983     |      53.51       |      54.46      
    3984     |      49.59       |      50.55      
    3985     |      53.22       |      54.18      
    3986     |      57.28       |      58.25      
    3987     |      55.69       |      56.67      
    3988     |      58.67       |      59.66      
    4096     |      45.30       |      46.13      
    4097     |      45.65       |      46.48      
    4100     |      50.10       |      50.95      
    4101     |      48.05       |      48.91      
    4102     |      52.35       |      53.22      
    4103     |      51.31       |      52.19      
    4104     |      53.58       |      54.47      
    4105     |      53.44       |      54.33      
    4106     |      55.66       |      56.57      
    4107     |      54.18       |      55.09      
    4108     |      55.02       |      55.94      
    4109     |      56.25       |      57.18      
    4110     |      53.30       |      54.24      
    4111     |      57.89       |      58.83      
    4112     |      53.13       |      54.08      
    4113     |      57.73       |      58.68      
    4114     |      55.55       |      56.50      
    4224     |      45.31       |      46.13      
    4225     |      56.76       |      57.57      
    4227     |      47.82       |      48.66      
    4228     |      48.37       |      49.22      
    4229     |      50.54       |      51.40      
    4230     |      51.38       |      52.26      
    4231     |      55.42       |      56.30      
    4232     |      53.28       |      54.16      
    4233     |      50.84       |      51.73      
    4234     |      54.04       |      54.95      
    4235     |      50.04       |      50.95      
    4236     |      56.47       |      57.40      
    4237     |      51.83       |      52.76      
    4238     |      58.53       |      59.46      
    4240     |      58.26       |      59.21      
    4241     |      49.81       |      50.75      
    4352     |      57.08       |      57.90      
    4354     |      47.47       |      48.31      
    4355     |      52.69       |      53.53      
    4356     |      50.24       |      51.09      
    4357     |      49.61       |      50.47      
    4358     |      55.32       |      56.19      
    4359     |      50.52       |      51.40      
    4360     |      50.77       |      51.66      
    4361     |      50.02       |      50.92      
    4362     |      49.71       |      50.61      
    4363     |      40.91       |      41.80      
    4364     |      51.84       |      52.75      
    4365     |      53.85       |      54.77      
    4368     |      48.41       |      49.36      
    4369     |      55.81       |      56.76      
    4371     |      55.72       |      56.66      
    4481     |      50.50       |      51.32      
    4482     |      53.02       |      53.86      
    4483     |      53.26       |      54.10      
    4484     |      49.94       |      50.79      
    4485     |      50.21       |      51.06      
    4486     |      50.72       |      51.58      
    4487     |      54.23       |      55.10      
    4488     |      49.99       |      50.87      
    4489     |      47.32       |      48.21      
    4490     |      40.22       |      41.13      
    4491     |      40.51       |      41.43      
    4492     |      53.48       |      54.41      
    4496     |      56.09       |      57.04      
    4498     |      54.37       |      55.33      
    4499     |      46.96       |      47.93      
    4608     |      50.22       |      51.04      
    4609     |      50.03       |      50.85      
    4610     |      53.02       |      53.86      
    4611     |      54.85       |      55.70      
    4612     |      49.91       |      50.77      
    4613     |      45.01       |      45.86      
    4614     |      54.28       |      55.15      
    4615     |      45.45       |      46.29      
    4616     |      47.92       |      48.78      
    4617     |      52.55       |      53.43      
    4618     |      40.77       |      41.66      
    4619     |      49.67       |      50.59      
    4625     |      40.95       |      41.86      
    4626     |      48.20       |      49.12      
    4627     |      51.07       |      52.02      
    4736     |      50.24       |      51.06      
    4737     |      58.36       |      59.19      
    4738     |      54.84       |      55.68      
    4739     |      53.87       |      54.71      
    4740     |      44.87       |      45.72      
    4741     |      43.64       |      44.50      
    4742     |      44.66       |      45.54      
    4743     |      37.82       |      38.69      
    4744     |      52.47       |      53.35      
    4746     |      49.99       |      50.90      
    4749     |      45.43       |      46.36      
    4751     |      54.01       |      54.94      
    4752     |      39.47       |      40.41      
    4754     |      51.42       |      52.34      
    4755     |      48.23       |      49.16      
    4864     |      58.56       |      59.38      
    4865     |      56.25       |      57.06      
    4866     |      54.19       |      55.01      
    4867     |      48.15       |      48.95      
    4868     |      44.36       |      45.17      
    4870     |      37.71       |      38.59      
    4871     |      58.11       |      58.98      
    4873     |      52.05       |      52.96      
    4875     |      58.99       |      59.91      
    4876     |      41.02       |      41.95      
    4877     |      45.42       |      46.36      
    4878     |      53.81       |      54.75      
    4879     |      45.81       |      46.73      
    4882     |      47.40       |      48.37      
    4992     |      56.09       |      56.90      
    4994     |      47.57       |      48.43      
    4995     |      54.48       |      55.35      
    4997     |      57.69       |      58.57      
    4998     |      57.09       |      57.98      
    4999     |      51.91       |      52.79      
    5000     |      54.67       |      55.57      
    5001     |      52.03       |      52.93      
    5002     |      59.01       |      59.92      
    5003     |      48.00       |      48.90      
    5004     |      43.62       |      44.53      
    5005     |      40.85       |      41.78      
    5006     |      45.55       |      46.49      
    5121     |      49.47       |      50.29      
    5122     |      54.13       |      54.96      
    5123     |      42.66       |      43.43      
    5124     |      58.43       |      59.22      
    5126     |      52.35       |      53.19      
    5128     |      54.58       |      55.46      
    5130     |      55.52       |      56.44      
    5131     |      48.53       |      49.46      
    5132     |      52.06       |      53.00      
    5133     |      45.33       |      46.27      
    5134     |      44.89       |      45.85      
    5248     |      49.38       |      50.22      
    5249     |      48.77       |      49.62      
    5250     |      41.66       |      42.52      
    5251     |      51.15       |      52.04      
    5253     |      28.54       |      29.18      
    5258     |      55.43       |      56.33      
    5260     |      55.55       |      56.48      
    5261     |      51.88       |      52.82      
    5262     |      58.19       |      59.14      
    5263     |      45.99       |      46.94      
    5376     |      48.88       |      49.74      
    5377     |      49.74       |      50.60      
    5378     |      50.88       |      51.75      
    5379     |      45.53       |      46.40      
    5380     |      46.01       |      46.89      
    5381     |      29.16       |      30.04      
    5383     |      49.35       |      50.25      
    5389     |      56.24       |      57.19      
    5391     |      58.71       |      59.68      
    5504     |      49.59       |      50.43      
    5505     |      44.31       |      45.13      
    5506     |      45.58       |      46.41      
    5507     |      51.84       |      52.70      
    5508     |      46.00       |      46.89      
    5509     |      49.79       |      50.69      
    5510     |      49.43       |      50.34      
    5511     |      49.89       |      50.80      
    5517     |      57.25       |      58.14      
    5518     |      58.84       |      59.74      
    5527     |      55.49       |      56.40      
    5632     |      44.27       |      45.10      
    5633     |      34.07       |      34.82      
    5634     |      52.45       |      53.22      
    5636     |      49.72       |      50.59      
    5637     |      51.05       |      51.94      
    5638     |      49.84       |      50.73      
    5639     |      47.94       |      48.84      
    5643     |      57.28       |      58.12      
    5644     |      57.25       |      58.10      
    5645     |      57.50       |      58.35      
    5649     |      55.36       |      56.13      
    5654     |      56.07       |      56.91      
    5760     |      34.46       |      35.17      
    5761     |      45.47       |      46.30      
    5763     |      48.54       |      49.24      
    5764     |      52.45       |      53.16      
    5766     |      48.04       |      48.89      
    5767     |      52.49       |      53.37      
    5769     |      54.40       |      55.26      
    5770     |      57.21       |      58.08      
    5771     |      50.32       |      51.14      
    5772     |      57.57       |      58.40      
    5773     |      55.74       |      56.56      
    5776     |      53.60       |      54.49      
    5888     |      45.33       |      46.19      
    5889     |      44.13       |      44.99      
    5890     |      46.70       |      47.57      
    5891     |      46.73       |      47.61      
    5893     |      57.75       |      58.57      
    5894     |      52.70       |      53.52      
    5895     |      46.56       |      47.34      
    5896     |      54.64       |      55.44      
    5898     |      50.07       |      50.94      
    5899     |      55.97       |      56.88      
    5900     |      55.71       |      56.63      
    5903     |      58.33       |      59.27      
    5907     |      50.49       |      51.37      
    5914     |      51.16       |      52.06      
    6016     |      44.64       |      45.41      
    6017     |      52.66       |      53.51      
    6018     |      46.71       |      47.57      
    6019     |      56.82       |      57.74      
    6020     |      57.48       |      58.41      
    6021     |      39.95       |      40.78      
    6022     |      33.46       |      34.30      
    6023     |      47.18       |      47.90      
    6026     |      56.03       |      56.84      
    6030     |      58.89       |      59.88      
    6031     |      53.28       |      54.25      
    6033     |      55.18       |      56.12      
    6034     |      49.91       |      50.86      
    6040     |      35.77       |      36.70      
    6042     |      54.27       |      54.85      
    6144     |      52.82       |      53.61      
    6145     |      52.50       |      53.29      
    6146     |      56.71       |      57.52      
    6147     |      58.50       |      59.32      
    6148     |      44.84       |      45.67      
    6149     |      39.67       |      40.55      
    6150     |      44.99       |      45.89      
    6151     |      34.10       |      35.11      
    6158     |      53.20       |      54.16      
    6160     |      55.09       |      56.10      
    6161     |      55.85       |      56.88      
    6163     |      54.71       |      55.65      
    6167     |      56.22       |      57.16      
    6168     |      46.15       |      47.10      
    6169     |      36.41       |      37.49      
    6272     |      52.76       |      53.70      
    6273     |      47.50       |      48.42      
    6274     |      58.61       |      59.53      
    6275     |      44.77       |      45.58      
    6276     |      44.88       |      45.70      
    6277     |      57.30       |      58.23      
    6278     |      45.13       |      46.08      
    6279     |      49.39       |      50.38      
    6283     |      54.79       |      55.77      
    6286     |      59.08       |      59.97      
    6288     |      55.60       |      56.55      
    6289     |      55.14       |      56.10      
    6290     |      54.60       |      55.56      
    6294     |      56.00       |      57.04      
    6296     |      57.44       |      58.54      
    6297     |      48.21       |      49.36      
    6307     |      51.46       |      52.27      
    6400     |      38.95       |      39.98      
    6401     |      48.08       |      49.05      
    6402     |      32.25       |      33.27      
    6403     |      44.50       |      45.38      
    6404     |      57.13       |      58.02      
    6406     |      49.48       |      50.47      
    6409     |      46.87       |      47.74      
    6410     |      54.57       |      55.44      
    6411     |      58.56       |      59.48      
    6415     |      58.97       |      59.87      
    6416     |      55.23       |      56.14      
    6419     |      53.59       |      54.53      
    6424     |      57.10       |      58.08      
    6435     |      52.52       |      53.71      
    6528     |      52.35       |      53.28      
    6529     |      39.14       |      40.19      
    6530     |      41.60       |      42.66      
    6531     |      37.34       |      38.40      
    6533     |      44.01       |      45.00      
    6535     |      44.76       |      45.51      
    6536     |      47.48       |      48.25      
    6537     |      39.41       |      40.03      
    6546     |      53.63       |      54.54      
    6547     |      56.57       |      57.52      
    6656     |      52.28       |      53.20      
    6657     |      48.96       |      49.86      
    6658     |      38.53       |      39.47      
    6659     |      46.45       |      47.44      
    6660     |      44.34       |      45.35      
    6662     |      47.30       |      48.40      
    6663     |      50.85       |      51.97      
    6664     |      33.88       |      35.01      
    6665     |      39.23       |      40.35      
    6674     |      56.75       |      57.80      
    6680     |      58.87       |      59.92      
    6784     |      51.34       |      52.37      
    6785     |      47.98       |      49.01      
    6786     |      47.46       |      48.51      
    6787     |      44.88       |      45.93      
    6788     |      58.83       |      59.85      
    6789     |      35.91       |      36.74      
    6790     |      46.76       |      47.61      
    6792     |      55.21       |      56.21      
    6793     |      36.51       |      37.64      
    6795     |      46.21       |      47.34      
    6796     |      34.89       |      36.06      
    6912     |      25.04       |      26.15      
    6913     |      46.04       |      46.86      
    6914     |      43.20       |      44.04      
    6915     |      58.45       |      59.43      
    6916     |      36.67       |      37.72      
    6917     |      36.61       |      37.66      
    6919     |      53.05       |      54.01      
    6920     |      54.96       |      55.93      
    6922     |      33.89       |      35.04      
    6923     |      44.35       |      45.34      
    6924     |      23.32       |      24.40      
    6925     |      31.67       |      32.56      
    6931     |      55.45       |      56.44      
    7040     |      44.84       |      45.79      
    7041     |      28.92       |      30.02      
    7043     |      46.89       |      47.98      
    7044     |      47.73       |      48.84      
    7045     |      41.71       |      42.87      
    7046     |      38.15       |      39.34      
    7047     |      53.57       |      54.58      
    7049     |      53.88       |      54.79      
    7050     |      39.84       |      40.78      
    7051     |      32.68       |      33.75      
    7052     |      21.38       |      22.52      
    7053     |      23.31       |      24.40      
    7058     |      55.19       |      56.28      
    7059     |      49.05       |      50.10      
    7168     |      56.93       |      57.68      
    7169     |      44.77       |      45.71      
    7170     |      44.12       |      45.08      
    7171     |      44.53       |      45.49      
    7172     |      45.29       |      46.26      
    7174     |      42.80       |      43.94      
    7175     |      38.25       |      39.46      
    7177     |      45.98       |      47.13      
    7178     |      37.03       |      38.22      
    7179     |      40.53       |      41.66      
    7180     |      37.25       |      38.41      
    7181     |      30.83       |      32.05      
    7186     |      48.94       |      50.03      
    7187     |      57.57       |      58.73      
    7189     |      50.64       |      51.58      
    7193     |      54.27       |      55.16      
    7216     |      56.67       |      57.72      
    7297     |      41.54       |      42.54      
    7298     |      44.54       |      45.55      
    7301     |      34.55       |      35.58      
    7302     |      55.59       |      56.56      
    7303     |      43.97       |      45.15      
    7304     |      39.32       |      40.54      
    7305     |      45.35       |      46.47      
    7306     |      32.67       |      33.86      
    7307     |      35.65       |      36.78      
    7308     |      57.77       |      58.83      
    7309     |      41.63       |      42.90      
    7314     |      57.92       |      59.13      
    7315     |      55.67       |      56.88      
    7316     |      41.05       |      42.31      
    7317     |      50.16       |      51.29      
    7320     |      54.13       |      55.04      
    7326     |      29.21       |      30.45      
    7345     |      57.09       |      58.06      
    7424     |      45.51       |      46.61      
    7425     |      49.27       |      50.47      
    7428     |      46.44       |      47.66      
    7429     |      45.81       |      47.03      
    7431     |      41.34       |      42.54      
    7432     |      42.81       |      44.02      
    7433     |      40.44       |      41.68      
    7434     |      36.46       |      37.73      
    7437     |      32.46       |      33.74      
    7442     |      57.44       |      58.71      
    7443     |      56.97       |      58.24      
    7444     |      29.61       |      30.93      
    7445     |      40.47       |      41.67      
    7552     |      58.49       |      59.52      
    7557     |      42.15       |      43.38      
   25088     |      51.46       |      52.11      
   25089     |      37.71       |      38.91      
   25090     |      25.89       |      26.66      
   25091     |      22.13       |      23.21      
   25092     |      22.03       |      23.09      
   25093     |      24.58       |      25.43      
   25094     |      28.93       |      30.04      
   25095     |      28.78       |      29.91      
   25096     |      39.06       |      40.18      
   25097     |      37.57       |      38.71      
   25098     |      38.12       |      39.25      
   25216     |      38.33       |      39.14      
   25217     |      45.15       |      45.75      
   25218     |      45.76       |      45.90      
   25219     |      22.43       |      23.17      
   25220     |      35.13       |      36.27      
   25221     |      34.96       |      36.10      
   25222     |      31.18       |      32.29      
   25223     |      31.16       |      32.23      
   25224     |      42.23       |      43.34      
   25225     |      42.02       |      43.13      
   25226     |      31.39       |      32.43      
   25227     |      31.39       |      32.49      
   25228     |      27.50       |      28.28      
   25229     |      25.74       |      26.64      
   25230     |      25.80       |      26.63      
   25231     |      22.92       |      24.03      
   25232     |      22.80       |      23.89      
   25339     |      22.37       |      22.07      
   25341     |      36.28       |      35.95      
   25342     |      47.26       |      47.13      
   25343     |      20.24       |      20.28      
   25344     |      31.23       |      32.40      
   25345     |      38.70       |      39.49      
   25346     |      39.28       |      39.37      
   25347     |      42.65       |      42.71      
   25348     |      41.49       |      42.27      
   25349     |      37.25       |      38.36      
   25350     |      49.24       |      50.34      
   25351     |      46.84       |      47.84      
   25352     |      40.69       |      41.44      
   25353     |      38.57       |      39.65      
   25354     |      28.09       |      29.15      
   25355     |      27.97       |      29.01      
   25356     |      31.23       |      32.28      
   25357     |      33.51       |      34.41      
   25358     |      34.58       |      35.18      
   25359     |      28.54       |      29.41      
   25360     |      29.32       |      30.29      
   25361     |      29.63       |      30.69      
   25362     |      22.98       |      23.98      
   25363     |      23.08       |      24.09      
   25364     |      30.65       |      31.69      
   25365     |      29.12       |      30.21      
   25366     |      36.02       |      37.05      
   25457     |      21.05       |      21.50      
   25458     |      24.53       |      24.97      
   25459     |      28.59       |      28.96      
   25460     |      22.84       |      23.22      
   25461     |      28.96       |      29.25      
   25462     |      22.81       |      23.08      
   25463     |      21.85       |      22.14      
   25464     |      19.93       |      20.21      
   25465     |      23.71       |      23.95      
   25466     |      21.88       |      22.12      
   25467     |      28.69       |      28.87      
   25468     |      39.28       |      39.55      
   25469     |      32.91       |      33.26      
   25470     |      21.78       |      22.09      
   25471     |      25.54       |      25.79      
   25472     |      52.26       |      52.99      
   25473     |      29.46       |      30.62      
   25474     |      16.17       |      16.48      
   25475     |      33.61       |      33.55      
   25476     |      30.30       |      30.70      
   25477     |      22.66       |      23.46      
   25479     |      56.07       |      57.16      
   25480     |      35.31       |      36.13      
   25481     |      37.31       |      38.04      
   25482     |      36.65       |      37.26      
   25483     |      29.48       |      30.52      
   25484     |      34.80       |      35.84      
   25485     |      34.07       |      35.09      
   25486     |      29.22       |      30.16      
   25487     |      35.44       |      36.06      
   25488     |      36.58       |      37.52      
   25489     |      36.21       |      37.21      
   25490     |      35.06       |      36.01      
   25491     |      34.57       |      35.59      
   25492     |      39.08       |      40.10      
   25493     |      40.29       |      41.30      
   25494     |      29.08       |      30.01      
   25495     |      29.21       |      30.22      
   25496     |      21.15       |      22.10      
   25497     |      22.39       |      23.29      
   25498     |      27.88       |      28.92      
   25499     |      30.54       |      31.46      
   25500     |      36.24       |      37.28      
   25502     |      57.67       |      58.43      
   25577     |       6.29       |       7.24      
   25579     |      43.00       |      43.33      
   25580     |      30.31       |      30.65      
   25581     |      33.11       |      33.42      
   25582     |      27.20       |      27.51      
   25583     |      26.91       |      27.23      
   25584     |      19.21       |      19.54      
   25585     |      24.05       |      24.31      
   25586     |      27.71       |      28.00      
   25587     |      25.85       |      26.17      
   25588     |      29.52       |      29.86      
   25589     |      19.08       |      19.63      
   25590     |      24.31       |      24.85      
   25591     |      22.04       |      22.63      
   25592     |      27.57       |      28.15      
   25593     |      36.78       |      37.21      
   25594     |      30.93       |      31.38      
   25595     |      31.99       |      32.43      
   25596     |      34.25       |      34.70      
   25597     |      40.50       |      40.88      
   25598     |      26.69       |      27.05      
   25599     |      31.93       |      32.22      
   25601     |      56.30       |      57.26      
   25602     |      40.40       |      41.39      
   25603     |      36.92       |      37.44      
   25604     |      36.76       |      37.15      
   25605     |      35.89       |      36.32      
   25606     |      37.18       |      37.90      
   25607     |      52.26       |      53.09      
   25608     |      26.12       |      26.97      
   25609     |      17.16       |      18.04      
   25610     |      24.86       |      25.90      
   25611     |      30.88       |      31.45      
   25612     |      37.00       |      37.96      
   25613     |      37.49       |      38.50      
   25614     |      39.75       |      40.75      
   25615     |      40.38       |      41.25      
   25616     |      47.40       |      48.37      
   25617     |      47.68       |      48.65      
   25618     |      50.95       |      51.18      
   25619     |      26.82       |      27.64      
   25620     |      29.71       |      30.69      
   25621     |      29.81       |      30.81      
   25622     |      26.68       |      27.64      
   25623     |      28.60       |      29.49      
   25624     |      31.79       |      32.78      
   25625     |      32.04       |      33.04      
   25626     |      36.36       |      37.35      
   25627     |      36.56       |      37.56      
   25628     |      33.25       |      34.25      
   25629     |      33.27       |      34.29      
   25630     |      37.40       |      38.38      
   25631     |      47.68       |      48.36      
   25632     |      18.60       |      19.36      
   25633     |      23.42       |      23.95      
   25634     |      34.64       |      35.09      
   25699     |      15.53       |      15.86      
   25700     |      21.03       |      21.33      
   25701     |      20.73       |      21.05      
   25702     |      14.09       |      14.48      
   25703     |      22.02       |      22.18      
   25704     |       1.25       |       0.72      
   25705     |      15.60       |      15.31      
   25706     |      35.01       |      35.00      
   25707     |      17.74       |      17.98      
   25708     |      31.19       |      31.42      
   25709     |      22.48       |      22.90      
   25710     |      28.99       |      29.38      
   25711     |      26.61       |      27.05      
   25712     |      26.60       |      27.05      
   25713     |      26.45       |      26.91      
   25714     |      28.07       |      28.54      
   25715     |      28.16       |      28.63      
   25716     |      19.10       |      19.64      
   25717     |      20.20       |      20.71      
   25718     |      20.91       |      21.43      
   25719     |      25.92       |      26.32      
   25720     |      36.32       |      36.72      
   25721     |      32.81       |      33.27      
   25722     |      32.65       |      33.12      
   25723     |      37.33       |      37.73      
   25724     |      40.98       |      41.40      
   25725     |      38.61       |      39.06      
   25726     |      33.88       |      34.35      
   25727     |      33.87       |      34.34      
   25728     |      56.76       |      57.80      
   25730     |      29.75       |      30.80      
   25731     |      38.75       |      39.65      
   25732     |      18.59       |      19.55      
   25733     |      25.75       |      25.98      
   25734     |      24.59       |      25.09      
   25735     |      20.69       |      21.43      
   25736     |      32.78       |      33.81      
   25737     |      33.84       |      34.86      
   25738     |      34.05       |      35.06      
   25739     |      31.54       |      32.52      
   25740     |      55.50       |      56.47      
   25741     |      51.95       |      52.82      
   25742     |      47.55       |      48.24      
   25743     |      41.75       |      42.73      
   25744     |      50.50       |      51.46      
   25745     |      50.02       |      50.96      
   25746     |      43.03       |      43.86      
   25747     |      57.61       |      58.09      
   25749     |      29.54       |      30.49      
   25750     |      27.11       |      27.71      
   25751     |      21.16       |      22.06      
   25752     |      22.19       |      23.12      
   25753     |      22.25       |      23.20      
   25754     |      27.30       |      28.23      
   25755     |      26.59       |      27.56      
   25756     |      33.70       |      34.60      
   25757     |      31.56       |      32.54      
   25758     |      36.97       |      37.91      
   25759     |      36.79       |      37.74      
   25760     |      37.67       |      37.99      
   25761     |      19.03       |      19.80      
   25762     |      19.31       |      20.05      
   25763     |      33.14       |      33.57      
   25764     |      23.17       |      22.98      
   25765     |      11.03       |      10.54      
   25766     |      10.39       |       9.91      
   25819     |       7.77       |       8.55      
   25821     |       8.32       |       9.10      
   25822     |      12.41       |      13.01      
   25823     |      11.89       |      12.52      
   25824     |      17.04       |      17.55      
   25825     |      16.96       |      17.47      
   25826     |      19.59       |      20.07      
   25827     |      21.70       |      22.11      
   25828     |      23.43       |      23.83      
   25829     |      22.71       |      23.14      
   25830     |      28.13       |      28.52      
   25831     |      25.36       |      25.82      
   25832     |      25.84       |      26.32      
   25833     |      25.20       |      25.68      
   25834     |      25.37       |      25.87      
   25835     |      25.68       |      26.17      
   25836     |      26.03       |      26.52      
   25837     |      26.68       |      27.16      
   25838     |      27.71       |      28.19      
   25839     |      28.22       |      28.69      
   25840     |      27.31       |      27.80      
   25841     |      28.14       |      28.62      
   25842     |      28.82       |      29.31      
   25843     |      27.92       |      28.44      
   25844     |      21.59       |      22.16      
   25845     |      28.52       |      28.93      
   25846     |      26.47       |      26.90      
   25847     |      28.51       |      28.90      
   25848     |      32.07       |      32.47      
   25849     |      31.80       |      32.22      
   25850     |      37.66       |      38.08      
   25851     |      32.23       |      32.73      
   25852     |      39.68       |      40.18      
   25853     |      34.47       |      35.05      
   25854     |      35.93       |      36.51      
   25855     |      40.47       |      40.99      
   25856     |      44.34       |      45.38      
   25857     |      53.22       |      54.16      
   25858     |      30.61       |      31.59      
   25859     |      28.62       |      29.63      
   25860     |      34.94       |      35.91      
   25861     |      26.96       |      28.01      
   25862     |      19.54       |      20.45      
   25863     |      25.72       |      26.20      
   25864     |      29.94       |      30.83      
   25865     |      31.10       |      32.11      
   25866     |      38.69       |      39.67      
   25867     |      36.75       |      37.75      
   25868     |      40.63       |      41.61      
   25869     |      47.26       |      48.12      
   25870     |      31.06       |      31.96      
   25871     |      32.33       |      32.99      
   25872     |      36.84       |      37.71      
   25873     |      40.21       |      41.09      
   25874     |      26.40       |      27.32      
   25875     |      26.53       |      27.37      
   25876     |      23.77       |      24.29      
   25878     |      53.85       |      54.13      
   25879     |      32.00       |      32.71      
   25880     |      31.90       |      32.67      
   25881     |      29.27       |      30.18      
   25882     |      30.91       |      31.82      
   25883     |      31.64       |      32.55      
   25884     |      30.40       |      31.31      
   25885     |      32.07       |      32.95      
   25886     |      33.67       |      34.52      
   25887     |      31.84       |      32.76      
   25888     |      24.33       |      25.23      
   25889     |      38.39       |      38.89      
   25890     |      34.69       |      35.49      
   25891     |      30.39       |      31.34      
   25892     |      35.40       |      35.81      
   25893     |      17.15       |      18.03      
   25894     |      30.32       |      30.51      
   25895     |       4.56       |       5.55      
   25896     |      25.00       |      24.83      
   25897     |      17.42       |      17.15      
   25898     |      24.03       |      23.75      
   25899     |      34.88       |      34.73      
   25900     |      40.27       |      40.10      
   25941     |      10.23       |      11.04      
   25943     |      12.29       |      13.01      
   25944     |      13.13       |      13.83      
   25945     |      12.17       |      12.96      
   25946     |      13.33       |      14.07      
   25947     |      13.02       |      13.78      
   25948     |      13.82       |      14.56      
   25949     |      13.73       |      14.46      
   25950     |      16.88       |      17.53      
   25951     |      16.65       |      17.30      
   25952     |      20.50       |      21.08      
   25953     |      22.41       |      22.93      
   25954     |      25.03       |      25.52      
   25955     |      23.84       |      24.36      
   25956     |      26.76       |      27.25      
   25957     |      26.18       |      26.69      
   25958     |      28.17       |      28.67      
   25959     |      27.68       |      28.19      
   25960     |      27.86       |      28.38      
   25961     |      27.53       |      28.06      
   25962     |      28.69       |      29.22      
   25963     |      29.25       |      29.77      
   25964     |      28.41       |      28.94      
   25965     |      28.58       |      29.11      
   25966     |      30.00       |      30.53      
   25967     |      30.58       |      31.11      
   25968     |      29.93       |      30.47      
   25969     |      31.10       |      31.61      
   25970     |      29.02       |      29.56      
   25971     |      30.98       |      31.48      
   25972     |      31.20       |      31.72      
   25973     |      27.94       |      28.53      
   25974     |      32.90       |      33.47      
   25975     |      31.68       |      32.27      
   25976     |      35.97       |      36.56      
   25977     |      38.36       |      38.90      
   25978     |      34.34       |      34.91      
   25979     |      36.55       |      37.10      
   25980     |      34.36       |      34.93      
   25981     |      38.17       |      38.68      
   25982     |      40.57       |      41.09      
   25983     |      33.88       |      34.49      
   25984     |      49.20       |      50.11      
   25985     |      42.62       |      43.61      
   25986     |      33.52       |      34.53      
   25987     |      32.60       |      33.61      
   25988     |      47.30       |      48.25      
   25989     |      39.68       |      40.71      
   25990     |      37.04       |      38.05      
   25991     |      34.60       |      35.39      
   25992     |      46.86       |      47.83      
   25993     |      48.06       |      48.84      
   25994     |      42.83       |      43.26      
   25995     |      35.21       |      36.15      
   25996     |      46.53       |      47.42      
   25997     |      40.92       |      41.88      
   25998     |      40.23       |      41.17      
   25999     |      39.80       |      40.75      
   26000     |      25.24       |      26.05      
   26001     |      24.26       |      25.16      
   26002     |      22.98       |      23.84      
   26003     |      24.53       |      25.42      
   26004     |      13.95       |      14.80      
   26005     |      20.85       |      21.32      
   26006     |      24.26       |      24.33      
   26007     |      49.61       |      49.51      
   26008     |      32.37       |      33.14      
   26009     |      33.09       |      33.85      
   26010     |      33.05       |      33.72      
   26011     |      28.99       |      29.87      
   26012     |      32.19       |      33.05      
   26013     |      31.94       |      32.82      
   26014     |      35.33       |      36.18      
   26015     |      36.53       |      37.36      
   26016     |      42.48       |      43.25      
   26017     |      38.12       |      39.03      
   26018     |      33.65       |      34.30      
   26019     |      32.28       |      32.98      
   26020     |      31.89       |      32.63      
   26021     |      37.51       |      38.15      
   26022     |      36.35       |      37.08      
   26023     |      31.57       |      32.43      
   26024     |      32.23       |      33.01      
   26025     |      26.20       |      27.15      
   26026     |      26.54       |      27.49      
   26027     |      26.13       |      27.09      
   26028     |      24.58       |      25.54      
   26029     |      31.57       |      32.40      
   26030     |      35.84       |      36.47      
   26031     |      25.50       |      26.35      
   26032     |      24.54       |      25.50      
   26065     |      14.05       |      14.79      
   26066     |      16.23       |      16.89      
   26067     |      15.02       |      15.79      
   26068     |      16.25       |      16.98      
   26069     |      16.06       |      16.80      
   26070     |      17.75       |      18.44      
   26071     |      16.63       |      17.40      
   26072     |      18.02       |      18.75      
   26073     |      17.45       |      18.21      
   26074     |      19.10       |      19.82      
   26075     |      18.71       |      19.45      
   26076     |      20.35       |      21.06      
   26077     |      21.04       |      21.70      
   26078     |      22.17       |      22.82      
   26079     |      23.37       |      23.96      
   26080     |      26.29       |      26.85      
   26081     |      25.37       |      25.95      
   26082     |      27.56       |      28.12      
   26083     |      28.11       |      28.66      
   26084     |      29.28       |      29.82      
   26085     |      29.70       |      30.23      
   26086     |      30.65       |      31.18      
   26087     |      30.25       |      30.78      
   26088     |      30.42       |      30.97      
   26089     |      30.84       |      31.38      
   26090     |      30.91       |      31.46      
   26091     |      30.96       |      31.51      
   26092     |      30.35       |      30.92      
   26093     |      31.64       |      32.18      
   26094     |      32.02       |      32.58      
   26095     |      32.52       |      33.06      
   26096     |      32.70       |      33.26      
   26097     |      33.47       |      34.01      
   26098     |      33.03       |      33.59      
   26099     |      34.09       |      34.63      
   26100     |      28.40       |      28.99      
   26101     |      34.21       |      34.70      
   26102     |      29.47       |      29.99      
   26103     |      33.02       |      33.48      
   26104     |      36.40       |      36.87      
   26105     |      35.72       |      36.20      
   26106     |      35.65       |      36.14      
   26107     |      36.34       |      36.83      
   26108     |      38.02       |      38.51      
   26109     |      35.09       |      35.63      
   26110     |      32.62       |      33.18      
   26111     |      42.25       |      42.69      
   26112     |      36.56       |      37.50      
   26113     |      47.63       |      48.43      
   26114     |      49.41       |      50.19      
   26115     |      33.33       |      34.31      
   26116     |      54.47       |      55.39      
   26117     |      49.02       |      49.99      
   26118     |      39.24       |      40.22      
   26119     |      36.64       |      37.63      
   26120     |      46.60       |      47.56      
   26121     |      42.28       |      43.25      
   26122     |      27.17       |      27.30      
   26123     |      23.72       |      23.93      
   26124     |      32.33       |      33.25      
   26125     |      42.62       |      43.40      
   26126     |      25.71       |      26.52      
   26127     |      28.66       |      29.40      
   26128     |      15.93       |      16.69      
   26129     |      11.44       |      12.32      
   26130     |      22.61       |      23.46      
   26131     |      20.70       |      21.55      
   26132     |      17.64       |      18.31      
   26133     |      15.70       |      16.51      
   26134     |      15.62       |      15.84      
   26135     |      25.33       |      25.41      
   26136     |      22.84       |      23.60      
   26137     |      26.19       |      26.84      
   26138     |      26.42       |      27.18      
   26139     |      31.76       |      32.37      
   26140     |      31.99       |      32.79      
   26141     |      31.02       |      31.86      
   26142     |      30.64       |      31.47      
   26143     |      30.98       |      31.81      
   26144     |      33.43       |      34.22      
   26145     |      34.51       |      35.26      
   26146     |      21.70       |      22.44      
   26147     |      32.19       |      32.74      
   26148     |      32.52       |      33.38      
   26149     |      36.75       |      37.57      
   26150     |      39.49       |      40.37      
   26151     |      43.98       |      44.83      
   26152     |      44.04       |      44.89      
   26153     |      42.15       |      43.05      
   26154     |      41.81       |      42.66      
   26155     |      36.44       |      37.35      
   26156     |      41.42       |      41.89      
   26157     |      21.12       |      22.03      
   26158     |      23.25       |      23.91      
   26159     |      35.94       |      36.40      
   26160     |      30.33       |      31.02      
   26161     |      24.05       |      24.95      
   26162     |      24.28       |      25.24      
   26163     |      24.15       |      25.14      
   26164     |      23.72       |      24.64      
   26165     |      21.55       |      22.56      
   26166     |      21.02       |      21.99      
   26187     |      15.16       |      15.94      
   26188     |      17.85       |      18.53      
   26189     |      17.04       |      17.78      
   26190     |      19.99       |      20.65      
   26191     |      18.71       |      19.47      
   26192     |      21.48       |      22.16      
   26193     |      21.46       |      22.12      
   26194     |      20.15       |      20.87      
   26195     |      20.06       |      20.77      
   26196     |      21.07       |      21.76      
   26197     |      20.35       |      21.08      
   26198     |      21.09       |      21.81      
   26199     |      20.78       |      21.50      
   26200     |      21.23       |      21.96      
   26201     |      21.08       |      21.80      
   26202     |      22.17       |      22.88      
   26203     |      23.39       |      24.03      
   26204     |      23.68       |      24.33      
   26205     |      23.37       |      24.01      
   26206     |      27.64       |      28.23      
   26207     |      27.10       |      27.69      
   26208     |      28.48       |      29.07      
   26209     |      29.32       |      29.88      
   26210     |      30.90       |      31.46      
   26211     |      30.98       |      31.53      
   26212     |      32.61       |      33.16      
   26213     |      32.30       |      32.85      
   26214     |      33.07       |      33.62      
   26215     |      33.56       |      34.10      
   26216     |      32.62       |      33.18      
   26217     |      33.46       |      34.01      
   26218     |      32.38       |      32.94      
   26219     |      33.42       |      33.96      
   26220     |      33.06       |      33.62      
   26221     |      34.61       |      35.14      
   26222     |      33.42       |      33.98      
   26223     |      34.45       |      34.98      
   26224     |      34.28       |      34.83      
   26225     |      34.62       |      35.17      
   26226     |      35.14       |      35.70      
   26227     |      35.73       |      36.28      
   26228     |      36.96       |      37.51      
   26229     |      37.07       |      37.63      
   26230     |      36.76       |      37.32      
   26231     |      37.35       |      37.90      
   26232     |      38.25       |      38.82      
   26233     |      38.80       |      39.36      
   26234     |      38.82       |      39.39      
   26235     |      39.80       |      40.37      
   26236     |      36.71       |      37.29      
   26237     |      41.30       |      41.84      
   26238     |      44.30       |      44.83      
   26239     |      44.96       |      45.49      
   26240     |      47.20       |      48.20      
   26241     |      43.26       |      44.28      
   26242     |      40.44       |      41.44      
   26243     |      52.42       |      53.34      
   26244     |      44.46       |      45.38      
   26245     |      52.07       |      52.90      
   26246     |      39.09       |      39.92      
   26247     |      34.60       |      35.48      
   26248     |      19.26       |      20.19      
   26249     |      37.40       |      38.01      
   26250     |      23.18       |      23.67      
   26251     |      25.78       |      25.86      
   26252     |      28.57       |      29.41      
   26253     |      28.44       |      29.35      
   26254     |      22.64       |      23.49      
   26255     |      27.16       |      28.00      
   26256     |      24.74       |      25.58      
   26257     |      21.91       |      22.79      
   26258     |      22.77       |      23.64      
   26259     |      23.53       |      24.38      
   26260     |      13.57       |      14.39      
   26261     |      15.58       |      16.24      
   26262     |      16.43       |      16.67      
   26263     |      17.04       |      17.28      
   26264     |      19.29       |      20.09      
   26265     |      20.11       |      20.85      
   26266     |      30.92       |      31.70      
   26267     |      31.01       |      31.77      
   26268     |      33.30       |      34.09      
   26269     |      33.99       |      34.77      
   26270     |      37.56       |      38.35      
   26271     |      37.67       |      38.47      
   26272     |      33.34       |      34.12      
   26273     |      33.22       |      33.99      
   26274     |      24.52       |      25.16      
   26275     |      22.18       |      22.91      
   26276     |      24.04       |      24.58      
   26277     |      17.96       |      18.70      
   26278     |      20.19       |      20.71      
   26279     |      18.41       |      19.01      
   26280     |      19.10       |      19.64      
   26281     |      32.14       |      32.47      
   26282     |      25.30       |      25.95      
   26283     |      35.00       |      35.47      
   26284     |      32.01       |      32.61      
   26285     |      41.38       |      41.85      
   26286     |      34.48       |      35.28      
   26287     |      31.00       |      31.90      
   26288     |      31.45       |      32.34      
   26289     |      33.90       |      34.76      
   26290     |      34.04       |      34.87      
   26291     |      31.10       |      32.01      
   26292     |      30.30       |      31.03      
   26293     |      24.43       |      25.35      
   26294     |      24.53       |      25.42      
   26295     |      22.61       |      23.59      
   26296     |      23.51       |      24.35      
   26297     |      20.40       |      21.38      
   26298     |      20.40       |      21.37      
   26300     |      24.99       |      25.72      
   26309     |      17.41       |      18.21      
   26310     |      17.35       |      18.17      
   26311     |      17.28       |      18.10      
   26312     |      19.30       |      20.05      
   26313     |      19.17       |      19.91      
   26314     |      19.91       |      20.64      
   26315     |      20.36       |      21.04      
   26316     |      19.49       |      20.20      
   26317     |      18.85       |      19.62      
   26318     |      20.54       |      21.27      
   26319     |      20.58       |      21.29      
   26320     |      23.39       |      24.02      
   26321     |      22.34       |      23.04      
   26322     |      23.85       |      24.52      
   26323     |      23.15       |      23.85      
   26324     |      24.21       |      24.89      
   26325     |      23.83       |      24.52      
   26326     |      24.45       |      25.14      
   26327     |      24.22       |      24.91      
   26328     |      24.97       |      25.66      
   26329     |      25.59       |      26.23      
   26330     |      27.64       |      28.25      
   26331     |      27.41       |      28.02      
   26332     |      27.51       |      28.13      
   26333     |      28.17       |      28.76      
   26334     |      29.72       |      30.30      
   26335     |      30.51       |      31.06      
   26336     |      31.24       |      31.80      
   26337     |      32.29       |      32.82      
   26338     |      32.15       |      32.69      
   26339     |      32.40       |      32.92      
   26340     |      33.17       |      33.71      
   26341     |      33.33       |      33.86      
   26342     |      34.06       |      34.60      
   26343     |      35.02       |      35.54      
   26344     |      34.07       |      34.61      
   26345     |      34.82       |      35.35      
   26346     |      34.31       |      34.85      
   26347     |      35.30       |      35.83      
   26348     |      35.73       |      36.27      
   26349     |      36.27       |      36.80      
   26350     |      35.65       |      36.20      
   26351     |      36.56       |      37.10      
   26352     |      35.73       |      36.28      
   26353     |      37.11       |      37.65      
   26354     |      36.45       |      37.00      
   26355     |      37.24       |      37.78      
   26356     |      37.50       |      38.05      
   26357     |      38.06       |      38.61      
   26358     |      37.67       |      38.23      
   26359     |      38.65       |      39.19      
   26360     |      38.99       |      39.55      
   26361     |      39.18       |      39.74      
   26362     |      40.24       |      40.80      
   26363     |      41.54       |      42.10      
   26364     |      42.59       |      43.16      
   26365     |      47.38       |      47.89      
   26366     |      45.13       |      45.66      
   26367     |      48.27       |      48.78      
   26368     |      35.64       |      36.60      
   26369     |      42.23       |      43.11      
   26370     |      29.43       |      30.31      
   26371     |      31.69       |      32.52      
   26372     |      43.87       |      44.68      
   26373     |      42.06       |      42.89      
   26374     |      32.44       |      33.27      
   26375     |      37.88       |      38.61      
   26376     |      19.06       |      19.77      
   26377     |      16.62       |      17.38      
   26378     |      29.91       |      30.64      
   26379     |      24.10       |      24.93      
   26380     |      18.66       |      19.50      
   26381     |      15.10       |      16.00      
   26382     |      21.09       |      21.96      
   26383     |      19.18       |      20.04      
   26384     |      30.17       |      31.03      
   26385     |      29.47       |      30.33      
   26386     |      23.58       |      24.42      
   26387     |      24.06       |      24.91      
   26388     |      20.61       |      21.43      
   26389     |      21.22       |      21.96      
   26390     |      19.21       |      19.75      
   26391     |      25.33       |      25.69      
   26392     |      26.32       |      26.98      
   26393     |      24.70       |      25.44      
   26394     |      26.39       |      27.13      
   26395     |      27.76       |      28.51      
   26396     |      16.78       |      17.51      
   26397     |      17.04       |      17.76      
   26398     |      20.65       |      21.39      
   26399     |      20.30       |      21.06      
   26400     |      20.64       |      21.39      
   26401     |      23.44       |      24.12      
   26402     |      23.70       |      24.30      
   26403     |      24.46       |      25.07      
   26404     |      25.76       |      26.27      
   26405     |      24.63       |      25.19      
   26406     |      24.86       |      25.41      
   26407     |      22.11       |      22.75      
   26408     |      21.98       |      22.64      
   26409     |      21.47       |      22.17      
   26410     |      21.56       |      22.24      
   26411     |      25.12       |      25.72      
   26412     |      26.00       |      26.81      
   26413     |      33.08       |      33.75      
   26414     |      33.29       |      33.94      
   26415     |      32.42       |      33.12      
   26416     |      34.76       |      35.59      
   26417     |      34.74       |      35.61      
   26418     |      33.67       |      34.53      
   26419     |      35.99       |      36.85      
   26420     |      40.50       |      41.13      
   26421     |      31.19       |      32.00      
   26422     |      33.06       |      33.78      
   26423     |      25.81       |      26.72      
   26424     |      28.30       |      29.02      
   26425     |      24.41       |      25.26      
   26426     |      24.12       |      24.99      
   26427     |      21.48       |      22.43      
   26428     |      23.20       |      24.12      
   26429     |      27.52       |      28.49      
   26430     |      34.76       |      35.47      
   26431     |      18.94       |      19.90      
   26433     |      20.93       |      21.72      
   26434     |      19.45       |      20.32      
   26435     |      19.41       |      20.24      
   26436     |      21.45       |      22.20      
   26437     |      21.50       |      22.22      
   26438     |      20.68       |      21.45      
   26439     |      20.70       |      21.45      
   26440     |      22.18       |      22.88      
   26441     |      21.74       |      22.49      
   26442     |      25.80       |      26.44      
   26443     |      25.28       |      25.95      
   26444     |      23.82       |      24.54      
   26445     |      23.71       |      24.43      
   26446     |      26.02       |      26.68      
   26447     |      26.00       |      26.65      
   26448     |      26.50       |      27.16      
   26449     |      26.42       |      27.06      
   26450     |      25.98       |      26.64      
   26451     |      25.91       |      26.56      
   26452     |      25.83       |      26.49      
   26453     |      26.12       |      26.76      
   26454     |      25.06       |      25.72      
   26455     |      25.42       |      26.05      
   26456     |      26.91       |      27.52      
   26457     |      26.72       |      27.33      
   26458     |      28.76       |      29.35      
   26459     |      29.22       |      29.79      
   26460     |      29.55       |      30.12      
   26461     |      30.45       |      30.99      
   26462     |      31.62       |      32.15      
   26463     |      31.72       |      32.25      
   26464     |      33.76       |      34.27      
   26465     |      33.13       |      33.65      
   26466     |      34.42       |      34.94      
   26467     |      34.32       |      34.84      
   26468     |      34.40       |      34.93      
   26469     |      35.10       |      35.62      
   26470     |      36.06       |      36.59      
   26471     |      36.84       |      37.36      
   26472     |      36.05       |      36.59      
   26473     |      37.55       |      38.07      
   26474     |      36.33       |      36.87      
   26475     |      37.84       |      38.36      
   26476     |      37.03       |      37.56      
   26477     |      38.09       |      38.61      
   26478     |      37.28       |      37.82      
   26479     |      38.69       |      39.21      
   26480     |      37.88       |      38.42      
   26481     |      38.80       |      39.32      
   26482     |      37.95       |      38.48      
   26483     |      38.85       |      39.38      
   26484     |      38.46       |      39.00      
   26485     |      39.30       |      39.83      
   26486     |      39.07       |      39.62      
   26487     |      40.20       |      40.74      
   26488     |      39.31       |      39.86      
   26489     |      40.61       |      41.15      
   26490     |      41.67       |      42.22      
   26491     |      39.86       |      40.43      
   26492     |      49.27       |      49.83      
   26493     |      43.74       |      44.35      
   26494     |      52.54       |      53.14      
   26495     |      48.72       |      49.35      
   26496     |      33.99       |      34.73      
   26497     |      33.23       |      33.98      
   26498     |      45.83       |      46.58      
   26499     |      31.24       |      32.16      
   26500     |      32.10       |      33.01      
   26501     |      43.19       |      43.94      
   26502     |      31.89       |      32.63      
   26503     |      31.36       |      32.09      
   26504     |      27.95       |      28.66      
   26505     |      20.49       |      21.34      
   26506     |      35.67       |      36.47      
   26507     |      31.93       |      32.77      
   26508     |      21.19       |      22.05      
   26509     |      20.49       |      21.35      
   26510     |      34.73       |      35.53      
   26511     |      27.97       |      28.83      
   26512     |      23.11       |      23.91      
   26513     |      27.18       |      27.99      
   26514     |      27.70       |      28.49      
   26515     |      23.73       |      24.54      
   26516     |      22.49       |      23.28      
   26517     |      22.47       |      23.26      
   26518     |      17.85       |      18.51      
   26519     |      20.72       |      21.24      
   26520     |      25.44       |      26.17      
   26521     |      27.44       |      28.07      
   26522     |      30.74       |      31.44      
   26523     |      30.75       |      31.46      
   26524     |      26.02       |      26.49      
   26525     |      20.54       |      21.22      
   26526     |      32.13       |      32.83      
   26527     |      31.62       |      32.33      
   26528     |      30.61       |      31.31      
   26529     |      30.63       |      31.35      
   26530     |      26.26       |      26.75      
   26531     |      23.90       |      24.48      
   26532     |      25.62       |      26.05      
   26533     |      25.39       |      25.85      
   26534     |      35.09       |      35.76      
   26535     |      35.09       |      35.81      
   26536     |      44.90       |      45.15      
   26537     |      22.34       |      22.98      
   26538     |      35.90       |      36.03      
   26539     |      19.85       |      20.17      
   26540     |      20.81       |      21.09      
   26541     |      14.96       |      15.40      
   26542     |      22.05       |      22.20      
   26543     |      35.16       |      35.26      
   26544     |      19.12       |      19.79      
   26545     |      19.66       |      20.33      
   26546     |      18.98       |      19.74      
   26547     |      24.58       |      25.22      
   26548     |      24.10       |      24.93      
   26549     |      40.45       |      41.02      
   26550     |      36.24       |      36.97      
   26551     |      33.99       |      34.78      
   26552     |      36.23       |      36.93      
   26553     |      30.82       |      31.63      
   26554     |      33.65       |      34.35      
   26555     |      23.88       |      24.71      
   26556     |      25.14       |      25.90      
   26557     |      16.00       |      16.92      
   26558     |      29.47       |      29.79      
   26559     |      40.68       |      41.02      
   26560     |      24.32       |      25.04      
   26561     |      24.44       |      25.13      
   26562     |      22.23       |      23.01      
   26563     |      22.28       |      23.02      
   26564     |      24.01       |      24.70      
   26565     |      23.73       |      24.53      
   26566     |      27.29       |      27.99      
   26567     |      27.35       |      28.02      
   26568     |      26.79       |      27.48      
   26569     |      27.19       |      27.84      
   26570     |      28.04       |      28.68      
   26571     |      27.83       |      28.46      
   26572     |      26.59       |      27.27      
   26573     |      27.31       |      27.91      
   26574     |      26.99       |      27.61      
   26575     |      27.21       |      27.81      
   26576     |      26.87       |      27.48      
   26577     |      27.23       |      27.81      
   26578     |      25.41       |      26.04      
   26579     |      25.78       |      26.37      
   26580     |      25.46       |      26.07      
   26581     |      25.33       |      25.93      
   26582     |      25.81       |      26.41      
   26583     |      26.18       |      26.76      
   26584     |      26.04       |      26.63      
   26585     |      26.08       |      26.66      
   26586     |      29.22       |      29.77      
   26587     |      28.68       |      29.23      
   26588     |      32.45       |      32.97      
   26589     |      33.32       |      33.81      
   26590     |      32.63       |      33.13      
   26591     |      32.02       |      32.53      
   26592     |      33.98       |      34.49      
   26593     |      33.51       |      34.02      
   26594     |      35.03       |      35.55      
   26595     |      35.07       |      35.58      
   26596     |      36.02       |      36.54      
   26597     |      37.59       |      38.09      
   26598     |      37.34       |      37.85      
   26599     |      38.53       |      39.03      
   26600     |      38.21       |      38.72      
   26601     |      39.95       |      40.45      
   26602     |      38.31       |      38.83      
   26603     |      39.66       |      40.16      
   26604     |      38.50       |      39.01      
   26605     |      40.56       |      41.05      
   26606     |      39.03       |      39.54      
   26607     |      39.84       |      40.34      
   26608     |      39.25       |      39.77      
   26609     |      38.87       |      39.39      
   26610     |      39.64       |      40.18      
   26611     |      39.81       |      40.34      
   26612     |      40.29       |      40.84      
   26613     |      40.72       |      41.26      
   26614     |      41.36       |      41.91      
   26615     |      41.93       |      42.47      
   26616     |      41.95       |      42.51      
   26617     |      41.32       |      41.88      
   26618     |      40.92       |      41.50      
   26619     |      42.68       |      43.25      
   26620     |      42.41       |      42.99      
   26621     |      44.04       |      44.61      
   26622     |      45.57       |      46.15      
   26623     |      45.81       |      46.38      
   26624     |      34.27       |      35.02      
   26625     |      34.02       |      34.77      
   26626     |      39.51       |      40.25      
   26627     |      45.50       |      46.17      
   26628     |      43.06       |      43.72      
   26629     |      29.51       |      30.31      
   26630     |      29.71       |      30.50      
   26631     |      32.06       |      32.81      
   26632     |      28.99       |      29.72      
   26633     |      28.12       |      28.86      
   26634     |      47.13       |      47.83      
   26635     |      36.58       |      37.39      
   26636     |      42.17       |      42.95      
   26637     |      31.26       |      32.10      
   26638     |      23.31       |      23.91      
   26639     |      32.44       |      33.14      
   26640     |      13.75       |      14.53      
   26641     |      13.04       |      13.83      
   26642     |      25.38       |      26.08      
   26643     |      58.45       |      59.21      
   26644     |      26.91       |      27.48      
   26645     |      24.35       |      25.10      
   26646     |      20.60       |      21.13      
   26647     |      18.95       |      19.58      
   26648     |      18.76       |      19.34      
   26649     |      17.36       |      18.10      
   26650     |      15.39       |      16.10      
   26651     |      16.26       |      16.98      
   26652     |      14.79       |      15.49      
   26653     |      19.71       |      20.14      
   26654     |      20.33       |      20.93      
   26655     |      25.11       |      25.66      
   26656     |       5.32       |       5.83      
   26657     |       8.87       |       9.18      
   26658     |      18.21       |      18.17      
   26659     |      25.61       |      25.59      
   26660     |      20.58       |      20.65      
   26661     |      24.81       |      24.88      
   26662     |      16.28       |      16.94      
   26663     |      16.89       |      17.54      
   26664     |      21.79       |      21.86      
   26665     |      47.09       |      47.11      
   26666     |      31.21       |      31.49      
   26667     |      34.43       |      34.70      
   26668     |      25.15       |      25.74      
   26669     |      23.16       |      23.81      
   26670     |      25.10       |      25.64      
   26671     |      21.92       |      22.54      
   26672     |      22.18       |      22.79      
   26673     |      19.94       |      20.62      
   26674     |      19.49       |      20.20      
   26675     |      19.31       |      20.05      
   26676     |      20.50       |      21.16      
   26677     |      17.36       |      18.11      
   26678     |      21.15       |      21.72      
   26679     |      34.95       |      35.39      
   26680     |      26.57       |      27.24      
   26681     |      35.88       |      36.49      
   26682     |      48.94       |      49.32      
   26683     |      34.12       |      34.58      
   26684     |      22.48       |      23.27      
   26685     |      25.65       |      26.43      
   26686     |      31.56       |      32.16      
   26687     |      27.31       |      27.97      
   26688     |      28.15       |      28.79      
   26689     |      28.49       |      29.10      
   26690     |      25.81       |      26.50      
   26691     |      27.53       |      28.08      
   26692     |      20.12       |      20.92      
   26693     |      20.22       |      20.92      
   26694     |      21.99       |      22.65      
   26695     |      21.64       |      22.32      
   26696     |      24.08       |      24.71      
   26697     |      23.74       |      24.38      
   26698     |      24.92       |      25.53      
   26699     |      24.21       |      24.86      
   26700     |      27.91       |      28.49      
   26701     |      27.58       |      28.16      
   26702     |      28.85       |      29.42      
   26703     |      31.44       |      31.91      
   26704     |      26.00       |      26.56      
   26705     |      26.21       |      26.75      
   26706     |      25.05       |      25.62      
   26707     |      24.90       |      25.46      
   26708     |      24.64       |      25.22      
   26709     |      24.78       |      25.34      
   26710     |      25.95       |      26.51      
   26711     |      25.95       |      26.50      
   26712     |      25.93       |      26.48      
   26713     |      26.09       |      26.62      
   26714     |      27.35       |      27.88      
   26715     |      27.04       |      27.57      
   26716     |      33.66       |      34.13      
   26717     |      32.88       |      33.36      
   26718     |      32.82       |      33.32      
   26719     |      32.72       |      33.22      
   26720     |      33.84       |      34.34      
   26721     |      33.96       |      34.45      
   26722     |      35.40       |      35.91      
   26723     |      36.29       |      36.78      
   26724     |      38.24       |      38.73      
   26725     |      39.04       |      39.53      
   26726     |      39.28       |      39.78      
   26727     |      41.52       |      41.99      
   26728     |      40.40       |      40.89      
   26729     |      41.82       |      42.29      
   26730     |      40.03       |      40.52      
   26731     |      41.19       |      41.67      
   26732     |      41.13       |      41.63      
   26733     |      39.62       |      40.13      
   26734     |      41.17       |      41.69      
   26735     |      41.34       |      41.86      
   26736     |      40.14       |      40.68      
   26737     |      42.53       |      43.04      
   26738     |      40.23       |      40.76      
   26739     |      41.29       |      41.81      
   26740     |      40.90       |      41.43      
   26741     |      41.40       |      41.93      
   26742     |      42.13       |      42.67      
   26743     |      42.02       |      42.56      
   26744     |      41.35       |      41.90      
   26745     |      42.15       |      42.70      
   26746     |      43.02       |      43.58      
   26747     |      42.62       |      43.19      
   26748     |      45.01       |      45.58      
   26749     |      46.71       |      47.28      
   26750     |      46.31       |      46.89      
   26751     |      46.00       |      46.58      
   26752     |      30.58       |      31.44      
   26753     |      34.49       |      35.30      
   26754     |      41.22       |      42.02      
   26755     |      40.16       |      40.96      
   26756     |      31.32       |      32.11      
   26757     |      43.09       |      43.76      
   26758     |      32.78       |      33.41      
   26759     |      29.07       |      29.73      
   26760     |      49.03       |      49.70      
   26761     |      31.58       |      32.41      
   26762     |      25.32       |      26.14      
   26763     |      46.52       |      47.11      
   26764     |      32.56       |      33.12      
   26765     |      40.01       |      40.49      
   26766     |      25.92       |      26.29      
   26767     |       3.75       |       4.51      
   26768     |      11.49       |      12.23      
   26769     |      13.03       |      13.72      
   26770     |      54.66       |      55.26      
   26771     |      32.66       |      32.87      
   26772     |      26.24       |      26.33      
   26773     |       7.48       |       7.26      
   26774     |      21.81       |      22.16      
   26775     |       4.77       |       5.40      
   26776     |      13.63       |      14.29      
   26777     |      11.33       |      11.93      
   26778     |      17.11       |      17.80      
   26779     |      16.33       |      17.01      
   26780     |      14.78       |      15.39      
   26781     |      14.78       |      15.45      
   26782     |      10.89       |      11.50      
   26783     |      10.72       |      11.35      
   26784     |      15.94       |      16.56      
   26785     |      17.49       |      18.02      
   26786     |      17.40       |      17.82      
   26787     |      18.34       |      18.75      
   26788     |      17.24       |      17.83      
   26789     |      22.44       |      22.90      
   26790     |      25.19       |      25.51      
   26791     |      15.91       |      16.55      
   26792     |      16.55       |      16.79      
   26793     |      20.83       |      21.03      
   26794     |      22.39       |      22.54      
   26795     |      32.00       |      32.12      
   26796     |      19.25       |      19.74      
   26797     |      23.28       |      23.72      
   26798     |      20.12       |      20.74      
   26799     |      25.81       |      26.37      
   26800     |      25.03       |      25.71      
   26801     |      27.71       |      28.41      
   26802     |      27.77       |      28.47      
   26803     |      26.86       |      27.59      
   26804     |      27.22       |      27.89      
   26805     |      24.43       |      25.16      
   26806     |      26.28       |      26.92      
   26807     |      23.34       |      24.05      
   26808     |      28.95       |      29.47      
   26809     |      25.96       |      26.53      
   26810     |      33.10       |      33.51      
   26811     |      48.95       |      49.32      
   26812     |      34.84       |      35.45      
   26813     |      22.62       |      23.39      
   26814     |      34.26       |      34.71      
   26815     |      31.89       |      32.38      
   26816     |      28.43       |      29.00      
   26817     |      30.29       |      30.73      
   26818     |      27.29       |      27.81      
   26819     |      25.35       |      26.04      
   26820     |      27.88       |      28.52      
   26821     |      28.39       |      28.97      
   26822     |      26.76       |      27.40      
   26823     |      27.30       |      27.88      
   26824     |      27.18       |      27.77      
   26825     |      28.40       |      28.91      
   26826     |      23.96       |      24.58      
   26827     |      27.47       |      27.91      
   26828     |      21.28       |      21.85      
   26829     |      23.97       |      24.40      
   26830     |      25.51       |      25.93      
   26831     |      22.24       |      22.78      
   26832     |      24.50       |      25.02      
   26833     |      23.34       |      23.88      
   26834     |      23.96       |      24.50      
   26835     |      23.23       |      23.79      
   26836     |      25.45       |      25.98      
   26837     |      25.07       |      25.61      
   26838     |      27.56       |      28.08      
   26839     |      27.92       |      28.42      
   26840     |      27.22       |      27.74      
   26841     |      27.46       |      27.95      
   26842     |      27.25       |      27.76      
   26843     |      28.11       |      28.58      
   26844     |      30.58       |      31.04      
   26845     |      30.01       |      30.48      
   26846     |      32.04       |      32.51      
   26847     |      31.67       |      32.15      
   26848     |      33.84       |      34.32      
   26849     |      34.45       |      34.92      
   26850     |      36.25       |      36.73      
   26851     |      37.24       |      37.70      
   26852     |      38.89       |      39.36      
   26853     |      39.79       |      40.25      
   26854     |      41.89       |      42.36      
   26855     |      42.63       |      43.09      
   26856     |      42.39       |      42.87      
   26857     |      42.97       |      43.44      
   26858     |      41.97       |      42.45      
   26859     |      42.77       |      43.25      
   26860     |      39.61       |      40.11      
   26861     |      41.63       |      42.11      
   26862     |      40.73       |      41.23      
   26863     |      41.61       |      42.10      
   26864     |      42.42       |      42.92      
   26865     |      41.49       |      42.00      
   26866     |      41.91       |      42.43      
   26867     |      42.32       |      42.84      
   26868     |      42.04       |      42.57      
   26869     |      42.68       |      43.21      
   26870     |      42.40       |      42.94      
   26871     |      42.74       |      43.28      
   26872     |      42.65       |      43.20      
   26873     |      43.62       |      44.16      
   26874     |      42.66       |      43.22      
   26875     |      44.20       |      44.75      
   26876     |      46.80       |      47.35      
   26877     |      45.92       |      46.48      
   26878     |      46.20       |      46.77      
   26879     |      45.93       |      46.51      
   26880     |      44.64       |      45.35      
   26881     |      30.37       |      31.21      
   26882     |      41.42       |      42.23      
   26883     |      41.44       |      42.24      
   26884     |      35.60       |      36.40      
   26885     |      32.09       |      32.92      
   26886     |      28.28       |      29.09      
   26887     |      33.25       |      34.00      
   26888     |      26.91       |      27.65      
   26889     |      48.72       |      49.26      
   26890     |      31.31       |      31.76      
   26891     |      22.14       |      22.65      
   26892     |      32.94       |      33.48      
   26893     |      32.60       |      33.14      
   26894     |      30.49       |      31.01      
   26895     |      24.29       |      24.86      
   26896     |      21.70       |      22.25      
   26897     |      11.67       |      12.40      
   26898     |      28.24       |      28.88      
   26899     |      30.93       |      31.58      
   26900     |      19.58       |      20.26      
   26901     |      18.47       |      19.13      
   26902     |      20.56       |      21.19      
   26903     |      25.51       |      26.15      
   26904     |      14.87       |      15.55      
   26905     |      26.28       |      26.94      
   26906     |      20.67       |      21.33      
   26907     |      20.14       |      20.80      
   26908     |      16.64       |      16.88      
   26909     |       9.03       |       9.67      
   26910     |      29.73       |      30.26      
   26911     |      25.55       |      26.06      
   26912     |      27.86       |      28.03      
   26913     |      13.40       |      13.97      
   26914     |      12.74       |      13.29      
   26915     |      15.83       |      16.21      
   26916     |      20.21       |      20.79      
   26917     |      20.31       |      20.89      
   26918     |      19.48       |      20.02      
   26919     |      25.92       |      26.30      
   26920     |      29.33       |      29.91      
   26921     |      30.07       |      30.67      
   26922     |      31.67       |      32.09      
   26923     |      27.44       |      27.95      
   26924     |      35.70       |      35.95      
   26925     |      18.98       |      19.43      
   26926     |      17.29       |      17.86      
   26927     |      18.97       |      19.53      
   26928     |      19.42       |      20.06      
   26929     |      20.15       |      20.80      
   26930     |      28.77       |      29.29      
   26931     |      29.78       |      30.46      
   26932     |      30.79       |      31.45      
   26933     |      33.52       |      34.21      
   26934     |      33.66       |      34.34      
   26935     |      32.76       |      33.47      
   26936     |      33.75       |      34.42      
   26937     |      33.53       |      34.22      
   26938     |      36.09       |      36.72      
   26939     |      34.67       |      35.34      
   26940     |      41.47       |      42.01      
   26941     |      34.89       |      35.50      
   26942     |      43.63       |      44.09      
   26943     |      33.70       |      34.23      
   26944     |      40.45       |      40.87      
   26945     |      37.08       |      37.66      
   26946     |      35.52       |      36.14      
   26947     |      36.84       |      37.35      
   26948     |      35.52       |      36.07      
   26949     |      36.68       |      37.16      
   26950     |      33.53       |      34.07      
   26951     |      38.97       |      39.32      
   26952     |      29.91       |      30.40      
   26953     |      35.33       |      35.65      
   26954     |      27.97       |      28.38      
   26955     |      25.43       |      25.93      
   26956     |      31.18       |      31.61      
   26957     |      34.05       |      34.40      
   26958     |      22.44       |      22.96      
   26959     |      22.01       |      22.53      
   26960     |      23.12       |      23.64      
   26961     |      21.25       |      21.83      
   26962     |      25.13       |      25.66      
   26963     |      24.98       |      25.51      
   26964     |      26.57       |      27.08      
   26965     |      30.14       |      30.55      
   26966     |      25.51       |      25.99      
   26967     |      25.37       |      25.84      
   26968     |      25.78       |      26.25      
   26969     |      25.15       |      25.63      
   26970     |      28.88       |      29.33      
   26971     |      30.18       |      30.60      
   26972     |      28.88       |      29.32      
   26973     |      28.07       |      28.53      
   26974     |      30.98       |      31.43      
   26975     |      31.06       |      31.51      
   26976     |      34.22       |      34.67      
   26977     |      34.92       |      35.37      
   26978     |      37.14       |      37.58      
   26979     |      37.17       |      37.62      
   26980     |      40.04       |      40.49      
   26981     |      42.25       |      42.68      
   26982     |      42.26       |      42.70      
   26983     |      42.61       |      43.05      
   26984     |      42.71       |      43.16      
   26985     |      43.28       |      43.72      
   26986     |      42.59       |      43.05      
   26987     |      42.71       |      43.17      
   26988     |      42.05       |      42.53      
   26989     |      42.30       |      42.78      
   26990     |      42.21       |      42.70      
   26991     |      42.10       |      42.59      
   26992     |      41.91       |      42.41      
   26993     |      42.33       |      42.83      
   26994     |      42.72       |      43.24      
   26995     |      43.37       |      43.88      
   26996     |      43.09       |      43.62      
   26997     |      43.85       |      44.37      
   26998     |      42.99       |      43.53      
   26999     |      42.75       |      43.28      
   27000     |      44.27       |      44.82      
   27001     |      43.10       |      43.65      
   27002     |      45.76       |      46.32      
   27003     |      46.57       |      47.12      
   27004     |      46.68       |      47.25      
   27005     |      46.63       |      47.21      
   27006     |      46.63       |      47.22      
   27007     |      48.56       |      49.14      
   27008     |      40.69       |      41.51      
   27009     |      44.62       |      45.41      
   27010     |      47.09       |      47.86      
   27011     |      41.40       |      42.21      
   27012     |      35.11       |      35.90      
   27013     |      35.55       |      36.34      
   27014     |      27.59       |      28.36      
   27015     |      27.55       |      28.31      
   27016     |      30.41       |      31.16      
   27017     |      27.61       |      28.37      
   27018     |      32.50       |      33.24      
   27019     |      31.49       |      32.23      
   27020     |      32.45       |      33.17      
   27021     |      33.81       |      34.51      
   27022     |      55.10       |      55.77      
   27023     |      37.07       |      37.83      
   27024     |      28.70       |      29.43      
   27025     |      31.43       |      32.15      
   27026     |      36.93       |      37.66      
   27027     |      15.87       |      16.58      
   27028     |      20.27       |      20.98      
   27029     |      27.80       |      28.49      
   27030     |      27.94       |      28.62      
   27031     |      29.32       |      29.98      
   27032     |      20.01       |      20.65      
   27033     |      24.13       |      24.75      
   27034     |      17.70       |      18.33      
   27035     |      44.69       |      45.31      
   27036     |      27.98       |      28.05      
   27037     |      17.79       |      18.03      
   27038     |      26.01       |      26.60      
   27039     |      30.76       |      31.30      
   27040     |      12.56       |      12.58      
   27041     |      21.30       |      21.28      
   27042     |      17.10       |      17.62      
   27043     |      17.24       |      17.81      
   27044     |      19.55       |      20.09      
   27045     |      18.46       |      19.01      
   27046     |      14.29       |      14.77      
   27047     |      15.90       |      16.32      
   27048     |      27.22       |      27.24      
   27049     |       4.04       |       4.52      
   27050     |      10.63       |      10.58      
   27051     |      30.99       |      30.99      
   27052     |      28.12       |      28.16      
   27053     |      36.44       |      36.49      
   27054     |      24.89       |      25.14      
   27055     |      13.98       |      14.39      
   27056     |      14.95       |      15.31      
   27057     |      11.03       |      11.51      
   27058     |      10.42       |      11.00      
   27059     |       9.98       |      10.49      
   27060     |       6.69       |       7.23      
   27061     |      14.75       |      15.11      
   27062     |      15.21       |      15.56      
   27063     |      26.88       |      27.17      
   27064     |      16.27       |      16.91      
   27065     |      29.66       |      30.19      
   27066     |      45.12       |      45.40      
   27067     |      34.91       |      35.23      
   27068     |      31.11       |      31.50      
   27069     |      42.16       |      42.53      
   27070     |      27.36       |      28.01      
   27071     |      43.00       |      43.56      
   27072     |      45.50       |      46.03      
   27073     |      55.11       |      55.36      
   27074     |      34.43       |      34.92      
   27075     |      38.18       |      38.52      
   27076     |      30.63       |      31.09      
   27077     |      35.71       |      35.98      
   27078     |      33.23       |      33.54      
   27079     |      29.85       |      30.26      
   27080     |      39.59       |      39.90      
   27081     |      36.99       |      37.35      
   27082     |      28.63       |      29.10      
   27083     |      30.00       |      30.41      
   27084     |      37.86       |      38.20      
   27085     |      37.82       |      38.16      
   27086     |      25.30       |      25.79      
   27087     |      27.01       |      27.43      
   27088     |      18.69       |      19.24      
   27089     |      19.90       |      20.38      
   27090     |      19.20       |      19.70      
   27091     |      18.68       |      19.19      
   27092     |      29.63       |      30.02      
   27093     |      27.71       |      28.12      
   27094     |      26.12       |      26.56      
   27095     |      28.36       |      28.75      
   27096     |      22.30       |      22.76      
   27097     |      23.71       |      24.12      
   27098     |      29.03       |      29.43      
   27099     |      29.59       |      29.97      
   27100     |      25.49       |      25.91      
   27101     |      24.76       |      25.19      
   27102     |      29.35       |      29.77      
   27103     |      31.19       |      31.59      
   27104     |      32.85       |      33.25      
   27105     |      33.27       |      33.67      
   27106     |      35.00       |      35.41      
   27107     |      34.78       |      35.19      
   27108     |      41.22       |      41.63      
   27109     |      41.46       |      41.86      
   27110     |      41.71       |      42.13      
   27111     |      41.50       |      41.92      
   27112     |      42.69       |      43.12      
   27113     |      41.70       |      42.13      
   27114     |      42.47       |      42.92      
   27115     |      41.54       |      42.00      
   27116     |      42.44       |      42.90      
   27117     |      41.94       |      42.41      
   27118     |      42.36       |      42.84      
   27119     |      42.67       |      43.16      
   27120     |      42.67       |      43.16      
   27121     |      43.20       |      43.70      
   27122     |      43.76       |      44.26      
   27123     |      43.36       |      43.86      
   27124     |      44.67       |      45.18      
   27125     |      44.59       |      45.11      
   27126     |      43.51       |      44.04      
   27127     |      43.05       |      43.58      
   27128     |      43.59       |      44.14      
   27129     |      45.67       |      46.21      
   27130     |      46.59       |      47.14      
   27131     |      46.16       |      46.71      
   27132     |      46.76       |      47.33      
   27133     |      47.27       |      47.83      
   27134     |      49.07       |      49.65      
   27135     |      49.04       |      49.62      
   27136     |      40.97       |      41.80      
   27137     |      40.94       |      41.77      
   27138     |      39.54       |      40.35      
   27139     |      47.07       |      47.83      
   27140     |      42.36       |      43.10      
   27141     |      35.20       |      35.99      
   27142     |      38.73       |      39.50      
   27143     |      29.68       |      30.50      
   27144     |      32.65       |      33.45      
   27145     |      32.95       |      33.73      
   27146     |      40.45       |      41.22      
   27147     |      36.12       |      36.90      
   27148     |      27.54       |      28.29      
   27149     |      33.50       |      34.23      
   27150     |      32.14       |      32.86      
   27151     |      53.75       |      54.33      
   27152     |      40.57       |      41.11      
   27153     |      23.59       |      24.26      
   27154     |      26.94       |      27.58      
   27155     |      17.59       |      18.26      
   27156     |      23.23       |      23.91      
   27157     |      26.11       |      26.77      
   27158     |      27.78       |      28.42      
   27159     |      27.53       |      28.17      
   27160     |      21.94       |      22.57      
   27161     |      19.50       |      20.12      
   27162     |      28.91       |      29.52      
   27163     |      37.47       |      38.00      
   27164     |       5.39       |       5.95      
   27165     |      23.18       |      23.14      
   27166     |      20.03       |      20.52      
   27167     |      21.94       |      22.50      
   27168     |      10.37       |      10.63      
   27169     |      15.39       |      15.51      
   27170     |      17.41       |      17.93      
   27171     |      17.72       |      18.22      
   27172     |      19.39       |      19.90      
   27173     |      20.18       |      20.71      
   27174     |      15.22       |      15.72      
   27175     |      16.20       |      16.65      
   27176     |      18.02       |      18.22      
   27177     |      26.85       |      27.01      
   27178     |      22.22       |      22.50      
   27179     |      13.13       |      13.58      
   27180     |      23.47       |      23.57      
   27181     |      27.47       |      27.57      
   27182     |      31.34       |      31.41      
   27183     |      25.06       |      25.15      
   27184     |      21.25       |      21.41      
   27185     |      14.90       |      15.13      
   27186     |      10.90       |      11.30      
   27187     |       8.84       |       9.33      
   27188     |      10.53       |      10.89      
   27189     |       6.69       |       7.20      
   27190     |       6.86       |       7.43      
   27191     |      15.17       |      15.57      
   27192     |      15.48       |      15.88      
   27193     |      10.63       |      11.14      
   27194     |      37.19       |      37.24      
   27195     |      48.99       |      49.09      
   27196     |      37.14       |      37.33      
   27197     |      33.44       |      33.64      
   27198     |      27.49       |      27.77      
   27199     |      25.80       |      26.10      
   27200     |      38.73       |      38.89      
   27201     |      28.58       |      29.06      
   27202     |      39.98       |      40.31      
   27203     |      44.70       |      44.92      
   27204     |      39.53       |      39.80      
   27205     |      41.69       |      41.91      
   27206     |      26.98       |      27.36      
   27207     |      29.83       |      30.11      
   27208     |      28.45       |      28.76      
   27209     |      26.53       |      26.89      
   27210     |      25.68       |      26.06      
   27211     |      26.96       |      27.30      
   27212     |      32.38       |      32.68      
   27213     |      30.10       |      30.44      
   27214     |      26.23       |      26.62      
   27215     |      25.02       |      25.44      
   27216     |      23.57       |      24.02      
   27217     |      22.75       |      23.20      
   27218     |      22.66       |      23.12      
   27219     |      27.70       |      28.06      
   27220     |      25.44       |      25.83      
   27221     |      24.37       |      24.76      
   27222     |      29.63       |      30.00      
   27223     |      27.34       |      27.73      
   27224     |      26.67       |      27.09      
   27225     |      32.56       |      32.89      
   27226     |      28.62       |      28.98      
   27227     |      28.37       |      28.73      
   27228     |      23.38       |      23.78      
   27229     |      27.41       |      27.75      
   27230     |      28.49       |      28.84      
   27231     |      24.81       |      25.22      
   27232     |      33.29       |      33.68      
   27233     |      34.51       |      34.89      
   27234     |      34.19       |      34.58      
   27235     |      36.71       |      37.08      
   27236     |      40.06       |      40.43      
   27237     |      37.65       |      38.05      
   27238     |      40.87       |      41.27      
   27239     |      39.12       |      39.54      
   27240     |      41.45       |      41.88      
   27241     |      39.08       |      39.52      
   27242     |      41.81       |      42.26      
   27243     |      42.80       |      43.25      
   27244     |      41.73       |      42.19      
   27245     |      41.62       |      42.08      
   27246     |      42.60       |      43.07      
   27247     |      42.29       |      42.76      
   27248     |      43.44       |      43.93      
   27249     |      42.96       |      43.45      
   27250     |      43.63       |      44.13      
   27251     |      43.39       |      43.89      
   27252     |      44.94       |      45.45      
   27253     |      44.48       |      45.00      
   27254     |      43.40       |      43.93      
   27255     |      45.44       |      45.96      
   27256     |      45.92       |      46.45      
   27257     |      46.00       |      46.54      
   27258     |      46.26       |      46.81      
   27259     |      47.07       |      47.62      
   27260     |      47.28       |      47.84      
   27261     |      48.18       |      48.73      
   27262     |      48.80       |      49.36      
   27263     |      49.14       |      49.71      
   27264     |      43.69       |      44.53      
   27265     |      41.91       |      42.76      
   27266     |      42.65       |      43.48      
   27267     |      40.82       |      41.65      
   27268     |      39.55       |      40.36      
   27269     |      43.34       |      44.14      
   27270     |      48.75       |      49.53      
   27271     |      41.06       |      41.86      
   27272     |      48.35       |      49.13      
   27273     |      38.73       |      39.49      
   27274     |      36.72       |      37.45      
   27275     |      42.80       |      43.56      
   27276     |      37.27       |      38.02      
   27277     |      32.63       |      33.33      
   27278     |      37.98       |      38.69      
   27279     |      38.52       |      39.23      
   27280     |      27.30       |      27.94      
   27281     |      40.92       |      41.59      
   27282     |      32.37       |      33.03      
   27283     |      28.60       |      29.28      
   27284     |      32.96       |      33.61      
   27285     |      26.41       |      27.05      
   27286     |      23.76       |      24.36      
   27287     |      28.23       |      28.86      
   27288     |      22.03       |      22.65      
   27289     |      22.26       |      22.87      
   27290     |      26.73       |      27.31      
   27291     |      26.88       |      27.46      
   27292     |      22.43       |      23.00      
   27293     |      21.54       |      21.94      
   27294     |      36.49       |      37.04      
   27295     |      35.79       |      36.20      
   27296     |      35.06       |      35.16      
   27297     |      23.58       |      23.93      
   27298     |      24.34       |      24.75      
   27299     |      22.74       |      23.23      
   27300     |      21.06       |      21.50      
   27301     |      20.44       |      20.92      
   27302     |      20.85       |      21.32      
   27303     |      21.13       |      21.59      
   27304     |      20.71       |      20.92      
   27305     |      20.45       |      20.68      
   27306     |      22.36       |      22.51      
   27307     |      21.02       |      21.21      
   27308     |      23.66       |      23.79      
   27309     |      23.29       |      23.44      
   27310     |      22.81       |      22.98      
   27311     |      31.54       |      31.68      
   27312     |      24.36       |      24.62      
   27313     |      21.49       |      21.80      
   27314     |      18.44       |      18.90      
   27315     |      16.90       |      17.40      
   27316     |      20.25       |      20.57      
   27317     |      12.31       |      12.79      
   27318     |      12.56       |      13.02      
   27319     |       9.84       |      10.35      
   27320     |      22.48       |      22.56      
   27321     |      18.45       |      18.53      
   27322     |      23.05       |      23.11      
   27323     |      35.19       |      35.30      
   27324     |      15.28       |      15.69      
   27325     |      34.93       |      35.25      
   27326     |      43.39       |      43.62      
   27327     |      27.33       |      27.61      
   27328     |      17.92       |      18.40      
   27329     |      25.38       |      25.51      
   27330     |      28.82       |      28.93      
   27331     |      23.86       |      24.08      
   27332     |      32.41       |      32.57      
   27333     |      26.82       |      27.10      
   27334     |      29.91       |      30.18      
   27335     |      26.70       |      27.05      
   27336     |      28.57       |      28.90      
   27337     |      27.07       |      27.45      
   27338     |      32.87       |      33.20      
   27339     |      30.60       |      30.98      
   27340     |      37.08       |      37.41      
   27341     |      35.26       |      35.62      
   27342     |      32.49       |      32.88      
   27343     |      34.71       |      35.04      
   27344     |      26.20       |      26.62      
   27345     |      31.19       |      31.51      
   27346     |      29.88       |      30.22      
   27347     |      31.81       |      32.12      
   27348     |      24.05       |      24.42      
   27349     |      30.08       |      30.37      
   27350     |      24.01       |      24.34      
   27351     |      27.57       |      27.86      
   27352     |      31.09       |      31.38      
   27353     |      29.33       |      29.64      
   27354     |      26.94       |      27.27      
   27355     |      26.03       |      26.37      
   27356     |      29.26       |      29.61      
   27357     |      29.54       |      29.88      
   27358     |      23.98       |      24.36      
   27359     |      26.60       |      26.95      
   27360     |      33.07       |      33.41      
   27361     |      31.79       |      32.14      
   27362     |      36.69       |      37.05      
   27363     |      33.48       |      33.87      
   27364     |      37.93       |      38.32      
   27365     |      36.47       |      36.87      
   27366     |      39.32       |      39.72      
   27367     |      38.15       |      38.56      
   27368     |      38.85       |      39.28      
   27369     |      39.11       |      39.54      
   27370     |      42.79       |      43.23      
   27371     |      42.12       |      42.56      
   27372     |      41.80       |      42.25      
   27373     |      42.18       |      42.63      
   27374     |      42.24       |      42.71      
   27375     |      42.00       |      42.47      
   27376     |      42.81       |      43.29      
   27377     |      42.59       |      43.07      
   27378     |      43.24       |      43.73      
   27379     |      43.54       |      44.03      
   27380     |      44.03       |      44.53      
   27381     |      45.20       |      45.70      
   27382     |      45.37       |      45.88      
   27383     |      46.45       |      46.96      
   27384     |      45.64       |      46.16      
   27385     |      46.10       |      46.63      
   27386     |      46.81       |      47.35      
   27387     |      46.30       |      46.84      
   27388     |      48.30       |      48.85      
   27389     |      47.63       |      48.19      
   27390     |      49.55       |      50.11      
   27391     |      49.49       |      50.05      
   27392     |      51.79       |      52.62      
   27393     |      44.55       |      45.39      
   27394     |      41.65       |      42.48      
   27395     |      42.96       |      43.79      
   27396     |      34.80       |      35.61      
   27397     |      38.68       |      39.48      
   27398     |      39.47       |      40.25      
   27399     |      47.96       |      48.70      
   27400     |      41.03       |      41.75      
   27401     |      45.60       |      46.29      
   27402     |      55.45       |      56.14      
   27403     |      32.37       |      33.11      
   27404     |      50.12       |      50.86      
   27405     |      41.94       |      42.65      
   27407     |      54.21       |      54.79      
   27408     |      38.61       |      38.58      
   27409     |      26.09       |      26.72      
   27410     |      29.44       |      30.07      
   27411     |      34.43       |      35.09      
   27412     |      21.82       |      22.44      
   27413     |      31.25       |      31.85      
   27414     |      27.00       |      27.59      
   27415     |      19.31       |      19.92      
   27416     |      23.65       |      24.25      
   27417     |      23.00       |      23.59      
   27418     |      25.11       |      25.68      
   27419     |      26.71       |      27.28      
   27420     |      27.02       |      27.57      
   27421     |      24.29       |      24.83      
   27422     |      48.54       |      49.05      
   27423     |      39.37       |      39.90      
   27424     |      34.28       |      34.77      
   27425     |      46.23       |      46.41      
   27426     |      46.47       |      46.62      
   27427     |      32.59       |      32.97      
   27428     |      31.49       |      31.76      
   27429     |      26.66       |      27.06      
   27430     |      34.43       |      34.89      
   27431     |      35.16       |      35.58      
   27432     |      39.21       |      39.65      
   27433     |      49.49       |      49.82      
   27434     |      52.54       |      52.71      
   27435     |      39.53       |      39.81      
   27436     |      45.85       |      45.95      
   27437     |      26.93       |      27.19      
   27438     |      38.45       |      38.52      
   27439     |      23.10       |      23.27      
   27440     |      18.04       |      18.36      
   27441     |      24.67       |      24.93      
   27442     |      35.79       |      36.11      
   27443     |      33.94       |      34.38      
   27444     |      32.68       |      33.12      
   27445     |      33.16       |      33.62      
   27446     |      50.04       |      50.23      
   27447     |      14.83       |      15.30      
   27448     |      39.27       |      39.34      
   27449     |      23.18       |      23.22      
   27450     |      23.91       |      23.97      
   27451     |      22.63       |      22.69      
   27452     |      17.27       |      17.40      
   27453     |      16.41       |      16.56      
   27454     |      36.54       |      36.56      
   27455     |      48.16       |      48.23      
   27456     |      31.90       |      32.06      
   27457     |      28.60       |      28.82      
   27458     |      28.80       |      29.03      
   27459     |      24.37       |      24.72      
   27460     |      31.50       |      31.78      
   27461     |      31.88       |      32.14      
   27462     |      26.53       |      26.86      
   27463     |      25.01       |      25.38      
   27464     |      26.84       |      27.20      
   27465     |      27.11       |      27.44      
   27466     |      26.30       |      26.65      
   27467     |      25.65       |      26.01      
   27468     |      30.78       |      31.11      
   27469     |      35.81       |      36.04      
   27470     |      27.29       |      27.59      
   27471     |      34.79       |      34.99      
   27472     |      22.28       |      22.56      
   27473     |      23.79       |      24.04      
   27474     |      23.55       |      23.82      
   27475     |      24.75       |      25.00      
   27476     |      28.92       |      29.16      
   27477     |      23.81       |      24.12      
   27478     |      28.92       |      29.22      
   27479     |      30.31       |      30.60      
   27480     |      29.88       |      30.18      
   27481     |      37.75       |      38.00      
   27482     |      23.44       |      23.73      
   27483     |      26.30       |      26.57      
   27484     |      26.21       |      26.50      
   27485     |      20.53       |      20.88      
   27486     |      27.25       |      27.59      
   27487     |      24.23       |      24.60      
   27488     |      33.53       |      33.89      
   27489     |      32.47       |      32.84      
   27490     |      34.48       |      34.86      
   27491     |      33.80       |      34.18      
   27492     |      37.11       |      37.50      
   27493     |      37.67       |      38.06      
   27494     |      38.06       |      38.46      
   27495     |      37.89       |      38.30      
   27496     |      39.20       |      39.62      
   27497     |      38.68       |      39.10      
   27498     |      42.17       |      42.59      
   27499     |      42.14       |      42.57      
   27500     |      42.35       |      42.79      
   27501     |      41.79       |      42.24      
   27502     |      42.30       |      42.76      
   27503     |      42.54       |      43.00      
   27504     |      42.75       |      43.22      
   27505     |      43.54       |      44.01      
   27506     |      43.51       |      43.99      
   27507     |      44.66       |      45.14      
   27508     |      45.19       |      45.68      
   27509     |      45.94       |      46.43      
   27510     |      46.54       |      47.04      
   27511     |      45.92       |      46.42      
   27512     |      46.50       |      47.02      
   27513     |      46.88       |      47.40      
   27514     |      46.44       |      46.97      
   27515     |      47.21       |      47.74      
   27516     |      47.37       |      47.92      
   27517     |      47.63       |      48.17      
   27518     |      49.16       |      49.71      
   27519     |      48.91       |      49.47      
   27521     |      54.62       |      55.45      
   27522     |      41.36       |      42.17      
   27523     |      43.61       |      44.42      
   27524     |      27.84       |      28.59      
   27525     |      34.54       |      35.34      
   27526     |      43.73       |      44.50      
   27527     |      40.72       |      41.50      
   27528     |      51.51       |      52.27      
   27529     |      44.75       |      45.50      
   27530     |      40.76       |      41.50      
   27531     |      56.36       |      57.07      
   27532     |      54.32       |      55.02      
   27533     |      48.61       |      49.32      
   27534     |      37.68       |      38.38      
   27535     |      57.36       |      57.98      
   27536     |      19.81       |      20.33      
   27537     |      22.66       |      22.39      
   27538     |      19.65       |      20.01      
   27539     |      23.18       |      23.83      
   27540     |      23.44       |      24.07      
   27541     |      20.76       |      21.37      
   27542     |      24.40       |      25.00      
   27543     |      27.98       |      28.58      
   27544     |      26.28       |      26.86      
   27545     |      23.24       |      23.82      
   27546     |      22.41       |      22.96      
   27547     |      23.58       |      24.13      
   27548     |      36.73       |      37.25      
   27549     |      30.17       |      30.70      
   27550     |      32.57       |      33.08      
   27551     |      46.25       |      46.71      
   27552     |      36.39       |      36.84      
   27553     |      25.69       |      26.18      
   27554     |      21.38       |      21.25      
   27555     |      28.61       |      28.48      
   27556     |      20.89       |      21.17      
   27557     |      24.26       |      24.48      
   27558     |      34.72       |      35.15      
   27559     |      34.45       |      34.89      
   27560     |      34.13       |      34.54      
   27561     |      34.10       |      34.52      
   27562     |      35.21       |      35.16      
   27563     |      35.10       |      35.07      
   27564     |      38.17       |      38.11      
   27565     |      35.10       |      35.06      
   27566     |      31.75       |      31.75      
   27567     |      38.34       |      38.35      
   27568     |      20.27       |      20.58      
   27569     |      20.54       |      20.88      
   27570     |      26.26       |      26.61      
   27571     |      29.24       |      29.53      
   27572     |      18.36       |      18.58      
   27573     |      17.77       |      18.02      
   27574     |      27.14       |      27.25      
   27575     |      51.99       |      52.08      
   27576     |      27.38       |      27.74      
   27577     |      35.45       |      35.78      
   27578     |      56.98       |      57.12      
   27579     |      20.10       |      20.38      
   27580     |      25.87       |      26.06      
   27581     |      15.52       |      15.78      
   27582     |      23.37       |      23.53      
   27583     |      31.77       |      31.94      
   27584     |      29.22       |      29.41      
   27585     |      24.79       |      25.10      
   27586     |      24.56       |      24.88      
   27587     |      24.78       |      25.08      
   27588     |      32.23       |      32.47      
   27589     |      28.06       |      28.40      
   27590     |      29.47       |      29.80      
   27591     |      30.95       |      31.24      
   27592     |      29.56       |      29.87      
   27593     |      28.98       |      29.29      
   27594     |      27.29       |      27.63      
   27595     |      33.50       |      33.70      
   27596     |      33.95       |      34.16      
   27597     |      30.05       |      30.32      
   27598     |      43.32       |      43.54      
   27599     |      43.40       |      43.61      
   27600     |      35.22       |      35.47      
   27601     |      35.60       |      35.85      
   27602     |      29.34       |      29.62      
   27603     |      30.76       |      31.02      
   27604     |      25.68       |      25.98      
   27605     |      30.64       |      30.89      
   27606     |      30.29       |      30.56      
   27607     |      27.05       |      27.35      
   27608     |      41.42       |      41.70      
   27609     |      36.41       |      36.71      
   27610     |      32.74       |      33.07      
   27611     |      34.52       |      34.83      
   27612     |      24.33       |      24.68      
   27613     |      22.81       |      23.16      
   27614     |      27.77       |      28.14      
   27615     |      27.89       |      28.25      
   27616     |      34.73       |      35.09      
   27617     |      38.98       |      39.33      
   27618     |      33.54       |      33.91      
   27619     |      33.24       |      33.61      
   27620     |      37.81       |      38.19      
   27621     |      36.77       |      37.16      
   27622     |      38.41       |      38.80      
   27623     |      38.61       |      39.00      
   27624     |      38.87       |      39.28      
   27625     |      39.36       |      39.77      
   27626     |      42.12       |      42.54      
   27627     |      41.04       |      41.46      
   27628     |      42.02       |      42.45      
   27629     |      41.62       |      42.06      
   27630     |      42.97       |      43.42      
   27631     |      44.09       |      44.54      
   27632     |      43.87       |      44.33      
   27633     |      45.18       |      45.64      
   27634     |      44.86       |      45.33      
   27635     |      45.44       |      45.91      
   27636     |      46.18       |      46.67      
   27637     |      46.18       |      46.67      
   27638     |      45.98       |      46.48      
   27639     |      46.18       |      46.68      
   27640     |      46.99       |      47.50      
   27641     |      46.94       |      47.46      
   27642     |      47.54       |      48.07      
   27643     |      47.97       |      48.50      
   27644     |      47.91       |      48.44      
   27645     |      48.33       |      48.87      
   27646     |      49.00       |      49.55      
   27647     |      49.15       |      49.71      
   27648     |      56.42       |      57.22      
   27650     |      43.02       |      43.78      
   27651     |      35.87       |      36.66      
   27652     |      51.03       |      51.80      
   27653     |      29.44       |      30.15      
   27654     |      40.73       |      41.47      
   27655     |      45.23       |      46.00      
   27656     |      52.13       |      52.89      
   27657     |      56.02       |      56.77      
   27658     |      40.63       |      41.36      
   27662     |      49.74       |      50.34      
   27663     |      44.65       |      45.24      
   27664     |      27.82       |      27.84      
   27665     |      23.46       |      24.10      
   27666     |      12.71       |      13.18      
   27667     |      12.99       |      13.39      
   27668     |      19.23       |      19.79      
   27669     |      23.33       |      23.94      
   27670     |      19.14       |      19.72      
   27671     |      21.87       |      22.45      
   27672     |      26.69       |      27.25      
   27673     |      25.77       |      26.33      
   27674     |      36.15       |      36.68      
   27675     |      26.09       |      26.60      
   27676     |      38.56       |      39.08      
   27677     |      39.29       |      39.80      
   27678     |      19.74       |      20.17      
   27679     |      27.95       |      28.43      
   27680     |      19.91       |      20.37      
   27681     |      34.22       |      34.60      
   27682     |      18.85       |      19.16      
   27683     |      23.06       |      22.97      
   27684     |      19.05       |      19.30      
   27685     |      19.50       |      19.75      
   27686     |      34.91       |      35.32      
   27687     |      33.88       |      34.29      
   27688     |      24.40       |      24.46      
   27689     |      19.52       |      19.84      
   27690     |      10.39       |      10.08      
   27691     |      30.63       |      30.46      
   27692     |      22.76       |      22.68      
   27693     |      38.06       |      37.98      
   27694     |      28.99       |      29.04      
   27695     |      35.74       |      35.78      
   27696     |      29.80       |      29.97      
   27697     |      21.05       |      21.33      
   27698     |      21.07       |      21.34      
   27699     |      19.07       |      19.39      
   27700     |      17.90       |      18.10      
   27701     |      18.53       |      18.74      
   27702     |      17.84       |      18.07      
   27703     |      25.83       |      26.03      
   27704     |      34.27       |      34.38      
   27705     |      25.70       |      25.86      
   27706     |      40.54       |      40.60      
   27707     |      59.40       |      59.47      
   27708     |      32.85       |      33.09      
   27709     |      25.40       |      25.70      
   27710     |      26.23       |      26.51      
   27711     |      21.84       |      22.18      
   27712     |      26.36       |      26.64      
   27713     |      24.70       |      25.02      
   27714     |      29.28       |      29.56      
   27715     |      29.43       |      29.69      
   27716     |      25.36       |      25.68      
   27717     |      25.58       |      25.87      
   27718     |      30.18       |      30.44      
   27719     |      29.36       |      29.62      
   27720     |      28.28       |      28.57      
   27721     |      30.21       |      30.45      
   27722     |      38.79       |      38.99      
   27723     |      40.01       |      40.19      
   27724     |      29.24       |      29.49      
   27725     |      29.91       |      30.13      
   27726     |      41.11       |      41.30      
   27727     |      35.22       |      35.46      
   27728     |      38.86       |      39.12      
   27729     |      36.87       |      37.14      
   27730     |      36.64       |      36.92      
   27731     |      39.65       |      39.91      
   27732     |      36.34       |      36.62      
   27733     |      33.54       |      33.83      
   27734     |      34.15       |      34.45      
   27735     |      36.57       |      36.86      
   27736     |      39.22       |      39.52      
   27737     |      34.23       |      34.55      
   27738     |      41.82       |      42.14      
   27739     |      40.59       |      40.91      
   27740     |      32.04       |      32.37      
   27741     |      36.58       |      36.92      
   27742     |      31.69       |      32.04      
   27743     |      34.53       |      34.87      
   27744     |      42.45       |      42.80      
   27745     |      40.80       |      41.16      
   27746     |      37.82       |      38.19      
   27747     |      42.92       |      43.28      
   27748     |      38.02       |      38.40      
   27749     |      38.20       |      38.58      
   27750     |      39.85       |      40.24      
   27751     |      40.32       |      40.71      
   27752     |      40.59       |      40.99      
   27753     |      40.28       |      40.69      
   27754     |      41.92       |      42.33      
   27755     |      42.04       |      42.45      
   27756     |      42.27       |      42.70      
   27757     |      40.48       |      40.90      
   27758     |      45.97       |      46.41      
   27759     |      43.42       |      43.87      
   27760     |      48.20       |      48.66      
   27761     |      53.54       |      54.00      
   27762     |      46.68       |      47.15      
   27763     |      49.94       |      50.41      
   27764     |      46.38       |      46.86      
   27765     |      46.80       |      47.28      
   27766     |      46.32       |      46.81      
   27767     |      46.99       |      47.48      
   27768     |      46.87       |      47.38      
   27769     |      45.83       |      46.33      
   27770     |      48.31       |      48.83      
   27771     |      49.18       |      49.70      
   27772     |      48.54       |      49.07      
   27773     |      49.87       |      50.40      
   27774     |      49.03       |      49.58      
   27775     |      49.66       |      50.21      
   27777     |      56.69       |      57.50      
   27778     |      56.24       |      57.04      
   27779     |      45.27       |      46.07      
   27780     |      47.90       |      48.69      
   27781     |      52.21       |      52.99      
   27782     |      41.59       |      42.36      
   27783     |      37.64       |      38.40      
   27784     |      52.62       |      53.37      
   27785     |      54.54       |      55.28      
   27787     |      46.01       |      46.71      
   27788     |      56.06       |      56.75      
   27789     |      58.15       |      58.84      
   27790     |      29.93       |      30.60      
   27791     |      31.80       |      32.46      
   27792     |       4.18       |       3.77      
   27793     |       7.95       |       7.33      
   27794     |      18.00       |      18.64      
   27795     |      11.98       |      12.44      
   27796     |      16.91       |      17.46      
   27797     |      17.15       |      17.71      
   27798     |      24.46       |      25.03      
   27799     |      22.19       |      22.73      
   27800     |      28.45       |      28.99      
   27801     |      29.36       |      29.91      
   27802     |      32.12       |      32.65      
   27803     |      36.68       |      37.20      
   27804     |      31.76       |      32.27      
   27805     |      34.37       |      34.87      
   27806     |      24.07       |      24.56      
   27807     |      17.50       |      17.92      
   27808     |      21.50       |      21.93      
   27809     |      23.02       |      23.47      
   27810     |      40.84       |      41.27      
   27811     |      33.67       |      34.08      
   27812     |      22.57       |      22.62      
   27813     |      16.64       |      16.86      
   27814     |      16.78       |      17.00      
   27815     |      24.41       |      24.75      
   27816     |       4.31       |       3.98      
   27817     |      14.12       |      13.91      
   27818     |       6.80       |       6.85      
   27819     |      13.82       |      13.78      
   27820     |      14.27       |      14.23      
   27821     |      24.45       |      24.39      
   27822     |      18.61       |      18.69      
   27823     |      28.73       |      28.76      
   27824     |      25.69       |      25.79      
   27825     |      24.67       |      24.79      
   27826     |      26.70       |      26.96      
   27827     |      26.86       |      27.13      
   27828     |      26.66       |      26.88      
   27829     |      24.31       |      24.59      
   27830     |      24.33       |      24.58      
   27831     |      23.19       |      23.48      
   27832     |      37.77       |      37.87      
   27833     |      33.68       |      33.81      
   27834     |      32.58       |      32.72      
   27835     |      37.34       |      37.50      
   27836     |      43.94       |      44.06      
   27837     |      33.80       |      33.95      
   27838     |      28.70       |      28.90      
   27839     |      26.28       |      26.51      
   27840     |      22.16       |      22.45      
   27841     |      22.94       |      23.19      
   27842     |      25.81       |      26.04      
   27843     |      24.36       |      24.61      
   27844     |      24.61       |      24.88      
   27845     |      26.08       |      26.30      
   27846     |      24.22       |      24.46      
   27847     |      25.38       |      25.59      
   27848     |      26.93       |      27.13      
   27849     |      29.56       |      29.72      
   27850     |      35.85       |      36.00      
   27851     |      30.55       |      30.75      
   27852     |      32.10       |      32.30      
   27853     |      29.71       |      29.94      
   27854     |      34.91       |      35.14      
   27855     |      34.05       |      34.28      
   27856     |      36.19       |      36.43      
   27857     |      34.85       |      35.09      
   27858     |      41.99       |      42.24      
   27859     |      38.22       |      38.47      
   27860     |      37.26       |      37.53      
   27861     |      41.11       |      41.37      
   27862     |      38.61       |      38.89      
   27863     |      40.09       |      40.37      
   27864     |      31.34       |      31.64      
   27865     |      31.37       |      31.66      
   27866     |      36.83       |      37.14      
   27867     |      35.92       |      36.22      
   27868     |      37.94       |      38.26      
   27869     |      36.65       |      36.96      
   27870     |      38.40       |      38.72      
   27871     |      41.05       |      41.37      
   27872     |      42.10       |      42.44      
   27873     |      44.83       |      45.17      
   27874     |      45.18       |      45.53      
   27875     |      39.08       |      39.43      
   27876     |      44.52       |      44.88      
   27877     |      47.11       |      47.47      
   27878     |      45.07       |      45.45      
   27879     |      48.88       |      49.26      
   27880     |      42.90       |      43.29      
   27881     |      42.63       |      43.01      
   27882     |      44.80       |      45.20      
   27883     |      47.22       |      47.62      
   27884     |      41.24       |      41.65      
   27885     |      46.88       |      47.30      
   27886     |      40.85       |      41.28      
   27887     |      44.49       |      44.92      
   27888     |      51.80       |      52.24      
   27889     |      45.06       |      45.50      
   27890     |      51.33       |      51.78      
   27891     |      49.93       |      50.39      
   27892     |      48.80       |      49.27      
   27893     |      55.21       |      55.69      
   27894     |      47.16       |      47.65      
   27895     |      47.45       |      47.94      
   27896     |      45.62       |      46.12      
   27897     |      46.33       |      46.83      
   27898     |      49.03       |      49.55      
   27899     |      48.20       |      48.71      
   27900     |      50.30       |      50.82      
   27901     |      50.33       |      50.85      
   27902     |      50.12       |      50.66      
   27903     |      50.11       |      50.65      
   27907     |      56.17       |      56.96      
   27908     |      40.50       |      41.29      
   27909     |      45.72       |      46.48      
   27910     |      48.11       |      48.86      
   27911     |      40.79       |      41.55      
   27912     |      39.47       |      40.21      
   27913     |      51.08       |      51.79      
   27914     |      43.13       |      43.82      
   27915     |      46.17       |      46.85      
   27916     |      52.19       |      52.86      
   27917     |      58.37       |      59.02      
   27918     |      28.65       |      29.22      
   27919     |      32.30       |      32.85      
   27920     |      21.18       |      21.62      
   27921     |       2.11       |       1.71      
   27922     |      24.75       |      25.37      
   27923     |      18.83       |      19.45      
   27924     |      22.72       |      23.32      
   27925     |      17.61       |      18.13      
   27926     |      27.54       |      28.10      
   27927     |      26.14       |      26.67      
   27928     |      27.64       |      28.16      
   27929     |      28.17       |      28.69      
   27930     |      35.73       |      36.25      
   27931     |      33.42       |      33.93      
   27932     |      34.06       |      34.55      
   27933     |      34.37       |      34.85      
   27934     |      15.87       |      16.18      
   27935     |      23.70       |      24.17      
   27936     |      20.80       |      21.25      
   27937     |      17.51       |      17.95      
   27938     |      17.01       |      17.42      
   27939     |      35.59       |      35.95      
   27940     |      22.21       |      22.51      
   27941     |      15.14       |      15.05      
   27942     |      13.35       |      13.39      
   27943     |       9.90       |      10.08      
   27944     |       9.84       |       9.97      
   27945     |      11.52       |      11.61      
   27946     |      13.23       |      13.50      
   27947     |      17.08       |      17.21      
   27948     |      19.29       |      19.28      
   27949     |      18.32       |      18.33      
   27950     |      16.52       |      16.65      
   27951     |      21.20       |      21.28      
   27952     |      24.77       |      24.75      
   27953     |      19.38       |      19.41      
   27954     |      17.23       |      17.34      
   27955     |      12.04       |      12.28      
   27956     |       7.96       |       8.07      
   27957     |      23.50       |      23.53      
   27958     |      15.40       |      15.55      
   27959     |      19.67       |      19.81      
   27960     |      25.72       |      25.79      
   27961     |      38.11       |      38.19      
   27962     |      31.90       |      32.02      
   27963     |      32.49       |      32.63      
   27964     |      36.57       |      36.68      
   27965     |      43.46       |      43.58      
   27966     |      25.83       |      26.09      
   27967     |      29.89       |      30.16      
   27968     |      36.28       |      36.50      
   27969     |      39.48       |      39.65      
   27970     |      32.76       |      32.98      
   27971     |      43.63       |      43.75      
   27972     |      29.55       |      29.74      
   27973     |      33.75       |      33.89      
   27974     |      26.74       |      26.92      
   27975     |      24.27       |      24.48      
   27976     |      38.02       |      38.18      
   27977     |      36.86       |      37.02      
   27978     |      34.63       |      34.80      
   27979     |      31.46       |      31.65      
   27980     |      32.85       |      33.06      
   27981     |      34.11       |      34.31      
   27982     |      33.76       |      33.97      
   27983     |      32.63       |      32.84      
   27984     |      35.35       |      35.58      
   27985     |      34.93       |      35.16      
   27986     |      35.85       |      36.09      
   27987     |      36.06       |      36.29      
   27988     |      41.93       |      42.17      
   27989     |      40.76       |      41.01      
   27990     |      42.57       |      42.83      
   27991     |      37.76       |      38.00      
   27992     |      39.95       |      40.21      
   27993     |      51.65       |      51.92      
   27994     |      34.07       |      34.35      
   27995     |      32.72       |      33.00      
   27996     |      35.00       |      35.30      
   27997     |      37.82       |      38.12      
   27998     |      39.58       |      39.90      
   27999     |      34.35       |      34.64      
   28000     |      48.33       |      48.65      
   28001     |      38.68       |      38.91      
   28002     |      50.43       |      50.73      
   28003     |      53.02       |      53.34      
   28004     |      55.79       |      56.12      
   28006     |      56.24       |      56.60      
   28008     |      48.08       |      48.44      
   28009     |      51.01       |      51.38      
   28010     |      51.72       |      52.10      
   28011     |      54.42       |      54.81      
   28012     |      51.26       |      51.66      
   28013     |      56.81       |      57.22      
   28014     |      47.82       |      48.24      
   28015     |      49.11       |      49.53      
   28016     |      45.77       |      46.20      
   28017     |      47.85       |      48.29      
   28018     |      49.36       |      49.81      
   28019     |      51.99       |      52.45      
   28020     |      55.78       |      56.25      
   28021     |      51.39       |      51.86      
   28022     |      49.56       |      50.04      
   28023     |      53.00       |      53.48      
   28024     |      47.48       |      47.97      
   28025     |      50.54       |      51.03      
   28026     |      48.23       |      48.74      
   28027     |      47.48       |      47.98      
   28028     |      50.56       |      51.08      
   28029     |      50.06       |      50.58      
   28030     |      50.45       |      50.99      
   28031     |      52.88       |      53.42      
   28034     |      52.60       |      53.39      
   28036     |      47.42       |      48.17      
   28037     |      40.18       |      40.95      
   28038     |      41.92       |      42.67      
   28039     |      48.02       |      48.74      
   28040     |      39.58       |      40.29      
   28041     |      39.33       |      40.03      
   28042     |      43.40       |      44.09      
   28043     |      43.24       |      43.92      
   28044     |      52.16       |      52.84      
   28045     |      45.29       |      45.93      
   28046     |      40.35       |      40.97      
   28047     |      26.98       |      27.63      
   28048     |      28.69       |      29.33      
   28049     |      18.02       |      18.66      
   28050     |      23.91       |      24.53      
   28051     |      25.14       |      25.76      
   28052     |      28.33       |      28.93      
   28053     |      23.38       |      23.96      
   28054     |      29.21       |      29.77      
   28055     |      26.58       |      27.13      
   28056     |      27.74       |      28.27      
   28057     |      26.38       |      26.89      
   28058     |      33.79       |      34.30      
   28059     |      34.81       |      35.32      
   28060     |      27.92       |      28.41      
   28061     |      31.09       |      31.57      
   28062     |       9.40       |       9.79      
   28063     |       9.58       |       9.98      
   28064     |      20.93       |      21.36      
   28065     |      21.58       |      22.02      
   28066     |      12.50       |      12.90      
   28067     |      14.66       |      15.07      
   28068     |      20.23       |      20.62      
   28069     |      23.20       |      23.58      
   28070     |      15.77       |      16.13      
   28071     |      14.98       |      15.01      
   28072     |      17.43       |      17.32      
   28073     |       7.67       |       7.75      
   28074     |      13.04       |      13.34      
   28075     |      12.49       |      12.73      
   28076     |      18.13       |      18.41      
   28077     |      27.75       |      27.78      
   28078     |      26.95       |      27.05      
   28079     |      26.28       |      26.40      
   28080     |      30.86       |      30.81      
   28081     |      26.81       |      26.80      
   28082     |      23.72       |      23.78      
   28083     |      21.43       |      21.53      
   28084     |      23.24       |      23.27      
   28085     |      13.81       |      13.93      
   28086     |      16.56       |      16.57      
   28087     |      15.02       |      15.06      
   28088     |      23.91       |      23.89      
   28089     |      27.41       |      27.41      
   28090     |      33.11       |      33.10      
   28091     |      35.63       |      35.64      
   28092     |      20.42       |      20.50      
   28093     |      37.27       |      37.35      
   28094     |      27.86       |      27.99      
   28095     |      23.24       |      23.41      
   28096     |      29.59       |      29.72      
   28097     |      34.52       |      34.61      
   28098     |      38.80       |      38.89      
   28099     |      31.97       |      32.09      
   28100     |      36.52       |      36.64      
   28101     |      31.75       |      31.89      
   28102     |      25.73       |      25.91      
   28103     |      28.98       |      29.11      
   28104     |      32.78       |      32.91      
   28105     |      32.44       |      32.57      
   28106     |      25.66       |      25.82      
   28107     |      25.10       |      25.26      
   28108     |      31.06       |      31.23      
   28109     |      29.08       |      29.26      
   28110     |      29.31       |      29.50      
   28111     |      28.84       |      29.03      
   28112     |      32.36       |      32.56      
   28113     |      33.77       |      33.97      
   28114     |      32.56       |      32.77      
   28115     |      29.36       |      29.56      
   28116     |      40.04       |      40.27      
   28117     |      35.18       |      35.35      
   28118     |      40.45       |      40.66      
   28119     |      47.36       |      47.60      
   28120     |      54.97       |      55.23      
   28121     |      55.64       |      55.89      
   28122     |      34.82       |      35.07      
   28123     |      39.48       |      39.74      
   28124     |      38.30       |      38.58      
   28125     |      32.32       |      32.55      
   28126     |      36.66       |      36.93      
   28127     |      35.10       |      35.33      
   28128     |      31.15       |      31.37      
   28129     |      42.35       |      42.67      
   28130     |      39.37       |      39.71      
   28131     |      35.12       |      35.44      
   28132     |      52.66       |      53.01      
   28133     |      40.36       |      40.62      
   28136     |      49.46       |      49.83      
   28138     |      49.97       |      50.37      
   28139     |      48.73       |      49.12      
   28140     |      55.09       |      55.50      
   28141     |      48.43       |      48.83      
   28142     |      50.15       |      50.56      
   28143     |      48.27       |      48.67      
   28144     |      50.52       |      50.94      
   28145     |      53.59       |      54.02      
   28146     |      54.29       |      54.73      
   28147     |      54.74       |      55.18      
   28148     |      52.05       |      52.50      
   28149     |      48.67       |      49.10      
   28150     |      56.06       |      56.51      
   28152     |      52.13       |      52.61      
   28153     |      56.25       |      56.74      
   28154     |      47.58       |      48.08      
   28155     |      46.65       |      47.15      
   28156     |      50.27       |      50.79      
   28157     |      48.76       |      49.27      
   28158     |      54.01       |      54.54      
   28159     |      51.89       |      52.41      
   28160     |      47.56       |      48.37      
   28162     |      48.74       |      49.52      
   28163     |      52.46       |      53.23      
   28164     |      54.65       |      55.41      
   28165     |      47.43       |      48.19      
   28166     |      42.65       |      43.40      
   28167     |      41.93       |      42.67      
   28168     |      39.69       |      40.42      
   28169     |      39.21       |      39.93      
   28170     |      46.19       |      46.90      
   28171     |      43.15       |      43.85      
   28172     |      39.36       |      40.05      
   28173     |      44.37       |      45.05      
   28174     |      39.93       |      40.60      
   28175     |      39.04       |      39.69      
   28176     |      35.07       |      35.72      
   28177     |      28.90       |      29.54      
   28178     |      41.54       |      42.17      
   28179     |      27.31       |      27.86      
   28180     |      26.11       |      26.64      
   28181     |      29.95       |      30.52      
   28182     |      28.46       |      29.01      
   28183     |      29.48       |      30.03      
   28184     |      28.89       |      29.42      
   28185     |      27.55       |      28.07      
   28186     |      31.48       |      31.99      
   28187     |      32.83       |      33.34      
   28188     |      16.32       |      16.77      
   28189     |      25.65       |      26.13      
   28190     |      11.10       |      11.57      
   28191     |       7.53       |       7.97      
   28192     |      17.62       |      18.06      
   28193     |      18.98       |      19.42      
   28194     |      22.84       |      23.25      
   28195     |      15.71       |      16.05      
   28196     |      18.86       |      19.20      
   28197     |      21.68       |      22.05      
   28198     |      20.54       |      20.90      
   28199     |      19.27       |      19.61      
   28200     |      11.06       |      10.86      
   28201     |      14.56       |      14.36      
   28202     |      16.74       |      17.02      
   28203     |      16.18       |      16.43      
   28204     |      17.94       |      18.18      
   28205     |      18.21       |      18.46      
   28206     |      56.75       |      57.00      
   28207     |      55.63       |      55.73      
   28208     |      55.14       |      55.18      
   28209     |      51.88       |      51.86      
   28211     |      18.13       |      18.14      
   28212     |      17.43       |      17.48      
   28213     |      24.78       |      24.80      
   28214     |      31.76       |      31.71      
   28215     |      16.82       |      16.82      
   28216     |      14.87       |      14.90      
   28217     |      22.08       |      22.10      
   28218     |      19.75       |      19.80      
   28219     |      29.76       |      29.80      
   28220     |      26.75       |      26.82      
   28221     |      20.43       |      20.54      
   28222     |      29.16       |      29.22      
   28223     |      28.38       |      28.47      
   28224     |      36.12       |      36.19      
   28225     |      36.27       |      36.33      
   28226     |      29.31       |      29.40      
   28227     |      28.69       |      28.78      
   28228     |      26.07       |      26.18      
   28229     |      27.95       |      28.03      
   28230     |      26.17       |      26.28      
   28231     |      24.39       |      24.49      
   28232     |      32.38       |      32.49      
   28233     |      32.18       |      32.29      
   28234     |      24.64       |      24.78      
   28235     |      24.01       |      24.14      
   28236     |      27.43       |      27.58      
   28237     |      27.36       |      27.51      
   28238     |      26.41       |      26.57      
   28239     |      26.13       |      26.29      
   28240     |      33.35       |      33.53      
   28241     |      29.15       |      29.30      
   28242     |      31.23       |      31.40      
   28243     |      33.21       |      33.39      
   28244     |      24.24       |      24.40      
   28245     |      29.55       |      29.76      
   28246     |      40.71       |      40.94      
   28247     |      40.94       |      41.17      
   28248     |      50.98       |      51.22      
   28249     |      42.65       |      42.89      
   28250     |      40.26       |      40.51      
   28251     |      38.74       |      38.99      
   28252     |      28.63       |      28.85      
   28253     |      29.03       |      29.26      
   28254     |      28.65       |      28.89      
   28255     |      35.84       |      36.14      
   28256     |      41.23       |      41.55      
   28257     |      33.74       |      34.02      
   28258     |      35.91       |      36.21      
   28259     |      47.89       |      48.23      
   28260     |      22.83       |      23.16      
   28261     |      41.62       |      41.97      
   28263     |      48.24       |      48.61      
   28265     |      46.74       |      47.09      
   28266     |      51.61       |      51.98      
   28267     |      48.21       |      48.57      
   28268     |      50.63       |      51.00      
   28269     |      40.01       |      40.20      
   28270     |      58.98       |      59.30      
   28271     |      54.84       |      55.10      
   28276     |      49.32       |      49.74      
   28277     |      58.24       |      58.70      
   28279     |      59.15       |      59.62      
   28280     |      57.54       |      58.01      
   28281     |      50.24       |      50.68      
   28282     |      50.30       |      50.75      
   28283     |      56.66       |      57.15      
   28284     |      49.85       |      50.33      
   28285     |      53.44       |      53.94      
   28286     |      51.39       |      51.90      
   28287     |      53.89       |      54.42      
   28288     |      53.33       |      54.14      
   28289     |      47.20       |      48.00      
   28290     |      45.62       |      46.41      
   28291     |      48.91       |      49.70      
   28292     |      52.50       |      53.27      
   28293     |      54.76       |      55.53      
   28294     |      35.08       |      35.83      
   28295     |      43.09       |      43.82      
   28296     |      46.00       |      46.72      
   28297     |      39.83       |      40.55      
   28298     |      40.93       |      41.63      
   28299     |      46.56       |      47.25      
   28300     |      47.90       |      48.58      
   28301     |      39.38       |      40.06      
   28302     |      39.16       |      39.83      
   28303     |      39.93       |      40.59      
   28304     |      42.81       |      43.46      
   28305     |      35.34       |      35.97      
   28306     |      42.43       |      43.05      
   28307     |      41.69       |      42.31      
   28308     |      23.28       |      23.88      
   28309     |      22.23       |      22.81      
   28310     |      27.71       |      28.28      
   28311     |      26.86       |      27.41      
   28312     |      29.82       |      30.36      
   28313     |      28.01       |      28.54      
   28314     |      30.70       |      31.21      
   28315     |      30.41       |      30.92      
   28316     |      12.58       |      13.04      
   28317     |      14.60       |      15.07      
   28318     |      13.13       |      13.58      
   28319     |      11.84       |      12.27      
   28320     |      17.87       |      18.30      
   28321     |      17.95       |      18.37      
   28322     |      19.88       |      20.28      
   28323     |      22.67       |      23.08      
   28324     |      15.27       |      15.65      
   28325     |      14.41       |      14.79      
   28326     |      19.45       |      19.80      
   28327     |      18.82       |      19.17      
   28328     |       3.09       |       2.97      
   28329     |      11.08       |      10.86      
   28330     |      22.94       |      23.22      
   28331     |      19.49       |      19.72      
   28332     |      13.68       |      13.76      
   28333     |      14.33       |      14.57      
   28334     |      35.56       |      35.80      
   28335     |      51.30       |      51.52      
   28336     |      26.20       |      26.37      
   28337     |      37.37       |      37.25      
   28338     |      52.57       |      52.41      
   28339     |      55.81       |      55.64      
   28340     |      23.96       |      23.89      
   28341     |      12.19       |      12.19      
   28342     |      14.95       |      14.89      
   28343     |      30.87       |      30.81      
   28344     |      23.90       |      23.89      
   28345     |      17.79       |      17.81      
   28346     |      22.59       |      22.57      
   28347     |      20.12       |      20.12      
   28348     |      24.99       |      24.98      
   28349     |      28.52       |      28.53      
   28350     |      31.01       |      31.02      
   28351     |      30.84       |      30.87      
   28352     |      32.06       |      32.09      
   28353     |      24.21       |      24.27      
   28354     |      30.29       |      30.35      
   28355     |      28.83       |      28.88      
   28356     |      32.14       |      32.20      
   28357     |      32.74       |      32.80      
   28358     |      24.78       |      24.87      
   28359     |      26.11       |      26.18      
   28360     |      31.73       |      31.82      
   28361     |      27.50       |      27.59      
   28362     |      25.01       |      25.12      
   28363     |      25.35       |      25.45      
   28364     |      27.77       |      27.89      
   28365     |      27.55       |      27.66      
   28366     |      26.39       |      26.53      
   28367     |      26.23       |      26.29      
   28368     |      31.04       |      31.16      
   28369     |      40.75       |      40.92      
   28370     |      28.52       |      28.70      
   28371     |      26.39       |      26.54      
   28372     |      32.75       |      32.93      
   28373     |      33.02       |      33.20      
   28374     |      43.33       |      43.54      
   28375     |      38.96       |      39.16      
   28376     |      43.99       |      44.21      
   28377     |      48.14       |      48.38      
   28378     |      36.97       |      37.21      
   28379     |      35.56       |      35.79      
   28380     |      28.50       |      28.71      
   28381     |      34.49       |      34.75      
   28382     |      36.17       |      36.45      
   28383     |      37.65       |      37.94      
   28384     |      28.52       |      28.81      
   28385     |      33.13       |      33.44      
   28386     |      47.22       |      47.55      
   28387     |      39.05       |      39.36      
   28388     |      49.85       |      50.19      
   28389     |      47.89       |      48.22      
   28390     |      51.54       |      51.88      
   28391     |      50.79       |      51.13      
   28392     |      45.60       |      45.95      
   28393     |      46.15       |      46.50      
   28394     |      45.21       |      45.57      
   28395     |      39.69       |      40.01      
   28396     |      27.49       |      27.76      
   28397     |      41.30       |      41.71      
   28398     |      32.61       |      33.03      
   28399     |      48.52       |      48.97      
   28403     |      54.58       |      55.02      
   28404     |      57.58       |      58.04      
   28405     |      52.50       |      52.94      
   28406     |      59.30       |      59.76      
   28407     |      55.73       |      56.17      
   28408     |      49.01       |      49.45      
   28409     |      51.63       |      52.09      
   28410     |      56.73       |      57.21      
   28411     |      52.23       |      52.68      
   28412     |      55.94       |      56.41      
   28413     |      57.94       |      58.43      
   28414     |      56.24       |      56.74      
   28416     |      44.00       |      44.80      
   28417     |      53.22       |      54.02      
   28418     |      47.36       |      48.14      
   28419     |      45.22       |      46.00      
   28420     |      45.53       |      46.30      
   28421     |      52.98       |      53.73      
   28422     |      43.99       |      44.73      
   28423     |      35.19       |      35.94      
   28424     |      43.18       |      43.91      
   28425     |      45.80       |      46.52      
   28426     |      41.52       |      42.22      
   28427     |      41.06       |      41.76      
   28428     |      38.69       |      39.38      
   28429     |      48.50       |      49.16      
   28430     |      53.47       |      54.13      
   28431     |      39.18       |      39.85      
   28432     |      41.13       |      41.78      
   28433     |      42.82       |      43.46      
   28434     |      41.21       |      41.84      
   28435     |      42.20       |      42.82      
   28436     |      32.57       |      33.17      
   28437     |      23.12       |      23.71      
   28438     |      32.91       |      33.48      
   28439     |      28.06       |      28.61      
   28440     |      39.65       |      40.19      
   28441     |      31.79       |      32.28      
   28442     |      18.18       |      18.57      
   28443     |      30.10       |      30.61      
   28444     |      15.56       |      16.06      
   28445     |      12.09       |      12.55      
   28446     |      15.99       |      16.44      
   28447     |      13.77       |      14.19      
   28448     |      20.32       |      20.74      
   28449     |      19.04       |      19.43      
   28450     |      21.55       |      21.93      
   28451     |      21.20       |      21.57      
   28452     |      26.99       |      27.35      
   28453     |      22.54       |      22.82      
   28454     |      20.41       |      20.65      
   28455     |      22.81       |      23.12      
   28456     |      19.63       |      19.90      
   28457     |      20.25       |      20.25      
   28458     |      20.49       |      20.50      
   28459     |      22.40       |      22.67      
   28460     |       8.35       |       8.49      
   28461     |       8.89       |       8.96      
   28462     |      15.57       |      15.76      
   28463     |      31.61       |      31.85      
   28464     |      10.48       |      10.67      
   28465     |      26.75       |      26.93      
   28466     |      53.77       |      53.59      
   28467     |      21.40       |      21.25      
   28468     |      22.72       |      22.58      
   28469     |      19.01       |      18.89      
   28470     |      12.16       |      12.14      
   28471     |      19.17       |      19.12      
   28472     |      17.52       |      17.50      
   28473     |      26.31       |      26.28      
   28474     |      29.74       |      29.69      
   28475     |      25.84       |      25.81      
   28476     |      28.74       |      28.70      
   28477     |      23.86       |      23.85      
   28478     |      16.31       |      16.32      
   28479     |      28.54       |      28.56      
   28480     |      27.42       |      27.45      
   28481     |      25.91       |      25.93      
   28482     |      33.14       |      33.17      
   28483     |      38.35       |      38.37      
   28484     |      32.35       |      32.39      
   28485     |      26.01       |      26.04      
   28486     |      30.71       |      30.76      
   28487     |      30.03       |      30.08      
   28488     |      31.22       |      31.29      
   28489     |      30.51       |      30.56      
   28490     |      30.49       |      30.56      
   28491     |      33.68       |      33.76      
   28492     |      29.55       |      29.64      
   28493     |      29.18       |      29.26      
   28494     |      20.42       |      20.45      
   28495     |      20.69       |      20.81      
   28496     |      38.88       |      39.04      
   28497     |      29.70       |      29.82      
   28498     |      28.03       |      28.16      
   28499     |      33.18       |      33.34      
   28500     |      31.18       |      31.36      
   28501     |      29.60       |      29.77      
   28502     |      35.50       |      35.70      
   28503     |      34.10       |      34.28      
   28504     |      47.80       |      48.02      
   28505     |      46.04       |      46.26      
   28506     |      35.19       |      35.39      
   28507     |      41.72       |      41.97      
   28508     |      34.54       |      34.79      
   28509     |      32.94       |      33.18      
   28510     |      38.98       |      39.25      
   28511     |      38.53       |      38.80      
   28512     |      37.25       |      37.53      
   28513     |      35.53       |      35.79      
   28514     |      40.55       |      40.84      
   28515     |      39.42       |      39.70      
   28516     |      49.01       |      49.32      
   28517     |      49.65       |      49.97      
   28518     |      51.29       |      51.62      
   28519     |      53.36       |      53.71      
   28520     |      46.02       |      46.37      
   28521     |      48.03       |      48.38      
   28522     |      35.64       |      35.98      
   28523     |      41.38       |      41.77      
   28524     |      42.26       |      42.66      
   28525     |      42.82       |      43.22      
   28526     |      52.31       |      52.73      
   28527     |      49.99       |      50.41      
   28530     |      54.22       |      54.66      
   28531     |      48.02       |      48.44      
   28532     |      52.52       |      52.96      
   28533     |      55.45       |      55.90      
   28534     |      53.68       |      54.14      
   28535     |      49.00       |      49.43      
   28536     |      51.98       |      52.42      
   28537     |      45.52       |      45.91      
   28538     |      53.71       |      54.14      
   28540     |      56.80       |      57.29      
   28541     |      54.67       |      55.15      
   28543     |      56.00       |      56.42      
   28544     |      48.23       |      49.04      
   28545     |      43.88       |      44.68      
   28546     |      47.65       |      48.44      
   28547     |      47.13       |      47.92      
   28548     |      45.13       |      45.90      
   28549     |      45.40       |      46.16      
   28550     |      43.15       |      43.90      
   28551     |      43.28       |      44.02      
   28552     |      42.78       |      43.51      
   28553     |      43.04       |      43.76      
   28554     |      40.33       |      41.04      
   28555     |      41.22       |      41.92      
   28556     |      37.94       |      38.63      
   28557     |      38.45       |      39.13      
   28558     |      47.23       |      47.90      
   28559     |      52.81       |      53.47      
   28560     |      59.10       |      59.75      
   28561     |      42.11       |      42.72      
   28562     |      40.11       |      40.70      
   28563     |      42.15       |      42.75      
   28564     |      26.10       |      26.67      
   28565     |      32.49       |      33.08      
   28566     |      44.21       |      44.78      
   28567     |      34.25       |      34.79      
   28568     |      47.17       |      47.70      
   28569     |      41.26       |      41.75      
   28570     |      16.09       |      16.40      
   28571     |      17.38       |      17.77      
   28572     |      22.29       |      22.70      
   28573     |      19.94       |      20.27      
   28574     |      12.08       |      12.16      
   28575     |      16.27       |      16.69      
   28576     |      23.54       |      23.96      
   28577     |      21.18       |      21.56      
   28578     |      26.97       |      27.35      
   28579     |      24.03       |      24.35      
   28580     |      27.91       |      28.23      
   28581     |      28.53       |      28.86      
   28582     |      24.15       |      24.44      
   28583     |      21.72       |      21.92      
   28584     |      43.04       |      43.32      
   28585     |      36.63       |      36.76      
   28586     |      29.16       |      29.12      
   28587     |      28.41       |      28.39      
   28588     |      32.01       |      31.79      
   28589     |       9.99       |      10.09      
   28590     |      10.32       |      10.41      
   28591     |      12.61       |      12.82      
   28592     |      14.88       |      15.08      
   28593     |      13.02       |      13.18      
   28594     |      16.54       |      16.70      
   28595     |      30.88       |      30.75      
   28596     |      31.62       |      31.50      
   28597     |      34.47       |      34.31      
   28598     |      19.68       |      19.61      
   28599     |      16.75       |      16.71      
   28600     |      17.01       |      16.98      
   28601     |      19.54       |      19.50      
   28602     |      20.07       |      20.05      
   28603     |      37.50       |      37.45      
   28604     |      40.45       |      40.39      
   28605     |      34.92       |      34.88      
   28606     |      34.93       |      34.89      
   28607     |      17.82       |      17.80      
   28608     |      19.30       |      19.29      
   28609     |      21.53       |      21.51      
   28610     |      37.47       |      37.47      
   28611     |      27.36       |      27.34      
   28612     |      29.31       |      29.31      
   28613     |      31.38       |      31.39      
   28614     |      29.09       |      29.11      
   28615     |      32.35       |      32.38      
   28616     |      25.53       |      25.57      
   28617     |      31.09       |      31.15      
   28618     |      28.96       |      29.03      
   28619     |      26.71       |      26.78      
   28620     |      24.70       |      24.77      
   28621     |      24.66       |      24.73      
   28622     |      23.05       |      23.14      
   28623     |      23.43       |      23.51      
   28624     |      25.36       |      25.47      
   28625     |      28.43       |      28.57      
   28626     |      31.53       |      31.69      
   28627     |      26.40       |      26.52      
   28628     |      29.52       |      29.67      
   28629     |      28.11       |      28.24      
   28630     |      34.20       |      34.37      
   28631     |      37.33       |      37.52      
   28632     |      44.05       |      44.27      
   28633     |      39.29       |      39.47      
   28634     |      44.47       |      44.69      
   28635     |      44.07       |      44.28      
   28636     |      35.64       |      35.84      
   28637     |      34.48       |      34.66      
   28638     |      41.63       |      41.85      
   28639     |      42.11       |      42.34      
   28640     |      37.90       |      38.13      
   28641     |      39.69       |      39.94      
   28642     |      39.72       |      39.99      
   28643     |      39.00       |      39.26      
   28644     |      50.58       |      50.88      
   28645     |      51.96       |      52.27      
   28646     |      54.42       |      54.75      
   28647     |      53.08       |      53.40      
   28648     |      50.51       |      50.83      
   28649     |      51.97       |      52.30      
   28650     |      45.55       |      45.88      
   28651     |      47.16       |      47.51      
   28652     |      46.45       |      46.81      
   28653     |      46.50       |      46.86      
   28654     |      52.64       |      53.03      
   28655     |      51.98       |      52.36      
   28658     |      49.61       |      49.99      
   28659     |      52.87       |      53.28      
   28660     |      56.68       |      57.10      
   28662     |      47.62       |      48.06      
   28663     |      51.54       |      52.01      
   28664     |      39.94       |      40.40      
   28665     |      45.88       |      46.38      
   28667     |      47.13       |      47.58      
   28668     |      54.45       |      54.92      
   28669     |      50.84       |      51.29      
   28670     |      52.69       |      53.16      
   28671     |      57.81       |      58.31      
   28672     |      48.18       |      48.99      
   28673     |      49.65       |      50.45      
   28674     |      47.65       |      48.44      
   28675     |      47.25       |      48.03      
   28676     |      45.13       |      45.90      
   28677     |      44.60       |      45.37      
   28678     |      43.15       |      43.90      
   28679     |      43.03       |      43.78      
   28680     |      42.78       |      43.51      
   28681     |      42.40       |      43.13      
   28682     |      40.32       |      41.03      
   28683     |      39.81       |      40.51      
   28684     |      37.93       |      38.61      
   28685     |      36.60       |      37.28      
   28686     |      47.26       |      47.93      
   28687     |      40.27       |      40.94      
   28688     |      59.07       |      59.73      
   28689     |      58.60       |      59.25      
   28690     |      39.02       |      39.66      
   28691     |      38.81       |      39.44      
   28692     |      25.50       |      26.11      
   28693     |      40.65       |      41.23      
   28694     |      44.43       |      45.00      
   28695     |      26.46       |      27.04      
   28696     |      46.38       |      46.95      
   28697     |      36.98       |      37.53      
   28698     |      15.40       |      15.87      
   28699     |      32.61       |      33.14      
   28700     |      19.92       |      20.42      
   28701     |      31.46       |      31.92      
   28702     |       9.31       |       9.42      
   28703     |      21.86       |      22.10      
   28704     |      27.42       |      27.72      
   28705     |      27.93       |      28.26      
   28706     |      41.38       |      41.75      
   28707     |      35.58       |      35.83      
   28708     |      27.38       |      27.49      
   28709     |      29.38       |      29.66      
   28710     |      22.98       |      23.18      
   28711     |      24.53       |      24.80      
   28712     |      29.88       |      30.15      
   28713     |      37.06       |      37.38      
   28714     |       6.53       |       6.54      
   28715     |       9.18       |       9.05      
   28716     |      24.46       |      24.17      
   28717     |      24.68       |      24.62      
   28718     |      24.64       |      24.53      
   28719     |      20.54       |      20.56      
   28720     |      20.28       |      20.26      
   28721     |      19.89       |      20.00      
   28722     |      18.49       |      18.56      
   28723     |      19.12       |      19.23      
   28724     |      33.95       |      33.77      
   28725     |      29.88       |      29.70      
   28726     |      18.70       |      18.59      
   28727     |      27.61       |      27.59      
   28728     |      26.48       |      26.43      
   28729     |      22.17       |      22.05      
   28730     |      19.66       |      19.57      
   28731     |      16.82       |      16.77      
   28732     |      32.60       |      32.53      
   28733     |      30.53       |      30.45      
   28734     |      29.64       |      29.58      
   28735     |      29.28       |      29.22      
   28736     |      25.09       |      25.04      
   28737     |      24.92       |      24.86      
   28738     |      21.72       |      21.67      
   28739     |      24.08       |      24.05      
   28740     |      25.72       |      25.71      
   28741     |      23.43       |      23.40      
   28742     |      30.86       |      30.87      
   28743     |      28.86       |      28.85      
   28744     |      33.53       |      33.56      
   28745     |      32.78       |      32.80      
   28746     |      29.36       |      29.38      
   28747     |      32.38       |      32.43      
   28748     |      25.59       |      25.63      
   28749     |      26.90       |      26.96      
   28750     |      23.93       |      23.99      
   28751     |      22.25       |      22.21      
   28752     |      32.96       |      33.05      
   28753     |      29.46       |      29.46      
   28754     |      33.01       |      33.07      
   28755     |      38.40       |      38.53      
   28756     |      29.48       |      29.58      
   28757     |      31.43       |      31.55      
   28758     |      38.06       |      38.23      
   28759     |      34.11       |      34.23      
   28760     |      39.54       |      39.70      
   28761     |      39.16       |      39.32      
   28762     |      43.96       |      44.16      
   28763     |      40.04       |      40.20      
   28764     |      36.26       |      36.41      
   28765     |      34.92       |      35.04      
   28766     |      44.25       |      44.45      
   28767     |      46.75       |      46.97      
   28768     |      41.75       |      41.96      
   28769     |      44.01       |      44.24      
   28770     |      39.56       |      39.79      
   28771     |      48.12       |      48.42      
   28772     |      49.59       |      49.91      
   28773     |      50.68       |      51.01      
   28774     |      49.82       |      50.16      
   28775     |      45.73       |      46.04      
   28776     |      50.45       |      50.79      
   28777     |      39.02       |      39.22      
   28778     |      51.24       |      51.53      
   28779     |      56.52       |      56.86      
   28780     |      48.50       |      48.83      
   28781     |      59.33       |      59.73      
   28782     |      50.05       |      50.45      
   28783     |      48.12       |      48.50      
   28784     |      59.57       |      59.99      
   28785     |      49.37       |      49.71      
   28786     |      54.90       |      55.27      
   28789     |      55.87       |      56.27      
   28790     |      54.49       |      54.90      
   28791     |      52.91       |      53.31      
   28792     |      50.80       |      51.20      
   28793     |      51.65       |      52.06      
   28794     |      48.43       |      48.85      
   28795     |      48.89       |      49.31      
   28796     |      50.55       |      50.99      
   28797     |      55.44       |      55.92      
   28798     |      57.75       |      58.25      
   28800     |      49.56       |      50.28      
   28801     |      32.09       |      32.89      
   28802     |      47.26       |      48.04      
   28803     |      45.26       |      46.05      
   28804     |      44.61       |      45.38      
   28805     |      43.17       |      43.93      
   28806     |      43.03       |      43.79      
   28807     |      42.13       |      42.88      
   28808     |      42.45       |      43.19      
   28809     |      43.59       |      44.31      
   28810     |      39.81       |      40.52      
   28811     |      38.56       |      39.27      
   28812     |      36.61       |      37.30      
   28813     |      40.13       |      40.80      
   28814     |      53.55       |      54.21      
   28815     |      42.11       |      42.71      
   28816     |      58.75       |      59.36      
   28817     |      42.81       |      43.45      
   28819     |      43.28       |      43.75      
   28820     |      44.71       |      45.18      
   28821     |      31.54       |      32.01      
   28822     |      28.61       |      29.05      
   28823     |      19.30       |      19.75      
   28824     |      35.90       |      36.41      
   28825     |      21.98       |      22.53      
   28826     |      32.61       |      33.14      
   28827     |      34.68       |      35.20      
   28828     |      30.77       |      31.27      
   28829     |      30.88       |      31.37      
   28830     |      15.94       |      16.40      
   28831     |      40.96       |      41.34      
   28832     |      35.35       |      35.69      
   28833     |      32.17       |      32.38      
   28834     |      33.08       |      33.27      
   28835     |      40.33       |      40.70      
   28836     |      22.82       |      23.07      
   28837     |      21.60       |      21.72      
   28838     |      18.32       |      18.27      
   28839     |      18.19       |      18.43      
   28840     |      24.45       |      24.72      
   28841     |      26.91       |      27.20      
   28842     |      21.07       |      21.32      
   28843     |      19.10       |      19.04      
   28844     |      18.90       |      18.81      
   28845     |      15.64       |      15.38      
   28846     |      13.28       |      13.08      
   28847     |      12.43       |      12.27      
   28848     |      12.92       |      12.91      
   28849     |       8.72       |       8.57      
   28850     |       8.80       |       8.72      
   28851     |      11.75       |      11.91      
   28852     |      24.29       |      24.11      
   28853     |      16.41       |      16.26      
   28854     |      16.24       |      16.11      
   28855     |      13.73       |      13.73      
   28856     |      15.31       |      15.15      
   28857     |      15.64       |      15.49      
   28858     |      15.93       |      15.79      
   28859     |      14.33       |      14.21      
   28860     |      27.36       |      27.27      
   28861     |      24.71       |      24.59      
   28862     |      27.40       |      27.31      
   28863     |      26.58       |      26.48      
   28864     |      23.03       |      22.94      
   28865     |      24.39       |      24.27      
   28866     |      29.73       |      29.65      
   28867     |      31.79       |      31.73      
   28868     |      24.63       |      24.56      
   28869     |      24.97       |      24.90      
   28870     |      28.01       |      27.98      
   28871     |      27.87       |      27.84      
   28872     |      31.74       |      31.74      
   28873     |      30.12       |      30.09      
   28874     |      33.90       |      33.91      
   28875     |      32.30       |      32.29      
   28876     |      30.57       |      30.58      
   28877     |      32.06       |      32.08      
   28878     |      28.56       |      28.57      
   28879     |      16.32       |      16.27      
   28880     |      19.11       |      19.13      
   28881     |      21.39       |      21.47      
   28882     |      33.59       |      33.74      
   28883     |      26.07       |      26.13      
   28884     |      29.97       |      30.08      
   28885     |      26.72       |      26.76      
   28886     |      32.58       |      32.69      
   28887     |      30.01       |      30.06      
   28888     |      39.12       |      39.26      
   28889     |      33.66       |      33.53      
   28890     |      46.38       |      46.46      
   28891     |      49.87       |      50.00      
   28892     |      38.43       |      38.49      
   28893     |      45.41       |      45.59      
   28894     |      46.83       |      47.03      
   28895     |      51.25       |      51.49      
   28896     |      43.40       |      43.62      
   28897     |      48.45       |      48.72      
   28898     |      48.69       |      48.97      
   28899     |      41.96       |      42.18      
   28900     |      53.74       |      54.02      
   28901     |      50.98       |      51.24      
   28902     |      48.96       |      49.22      
   28903     |      49.17       |      49.43      
   28904     |      37.15       |      37.35      
   28905     |      47.07       |      47.41      
   28906     |      53.46       |      53.82      
   28907     |      49.09       |      49.42      
   28909     |      54.93       |      55.26      
   28910     |      50.26       |      50.59      
   28912     |      45.35       |      45.73      
   28913     |      49.30       |      49.72      
   28915     |      55.87       |      56.29      
   28916     |      54.08       |      54.51      
   28917     |      51.49       |      51.89      
   28918     |      51.29       |      51.71      
   28919     |      53.14       |      53.57      
   28920     |      49.71       |      50.14      
   28921     |      52.40       |      52.86      
   28922     |      46.48       |      46.94      
   28923     |      45.05       |      45.49      
   28924     |      54.76       |      55.25      
   28925     |      54.54       |      55.02      
   28928     |      35.67       |      36.50      
   28929     |      48.74       |      49.55      
   28930     |      45.41       |      46.21      
   28931     |      45.95       |      46.74      
   28932     |      43.16       |      43.94      
   28933     |      43.83       |      44.60      
   28934     |      42.11       |      42.86      
   28935     |      42.50       |      43.24      
   28936     |      43.57       |      44.30      
   28937     |      43.43       |      44.15      
   28938     |      38.52       |      39.22      
   28939     |      40.51       |      41.20      
   28940     |      49.81       |      50.49      
   28941     |      41.20       |      41.82      
   28942     |      42.01       |      42.61      
   28943     |      53.47       |      54.13      
   28944     |      56.72       |      57.37      
   28945     |      43.77       |      44.34      
   28947     |      39.99       |      40.64      
   28948     |      30.32       |      30.95      
   28949     |      35.30       |      35.92      
   28950     |      18.53       |      19.14      
   28951     |      47.24       |      47.74      
   28953     |      40.75       |      40.82      
   28954     |      48.75       |      48.94      
   28955     |      11.53       |      11.11      
   28956     |      32.39       |      32.81      
   28957     |      32.46       |      32.87      
   28958     |      39.52       |      39.94      
   28959     |      32.77       |      33.20      
   28960     |      33.25       |      33.67      
   28961     |      31.96       |      32.35      
   28962     |      22.42       |      22.74      
   28963     |      24.20       |      24.56      
   28964     |      30.87       |      31.23      
   28965     |      24.49       |      24.69      
   28966     |      20.16       |      20.25      
   28967     |      21.86       |      21.78      
   28968     |      25.00       |      25.03      
   28969     |      27.35       |      27.55      
   28970     |      15.47       |      15.41      
   28971     |      20.00       |      20.26      
   28972     |      11.31       |      10.99      
   28973     |      14.53       |      14.47      
   28974     |      13.73       |      13.55      
   28975     |      16.46       |      16.25      
   28976     |      16.07       |      15.90      
   28977     |      17.41       |      17.26      
   28978     |      17.49       |      17.36      
   28979     |      14.07       |      13.84      
   28980     |      13.27       |      13.09      
   28981     |      14.46       |      14.30      
   28982     |      14.47       |      14.32      
   28983     |      18.82       |      18.70      
   28984     |      18.48       |      18.30      
   28985     |      17.41       |      17.21      
   28986     |      16.41       |      16.22      
   28987     |      13.89       |      13.72      
   28988     |      21.68       |      21.55      
   28989     |      21.24       |      21.11      
   28990     |      23.06       |      22.95      
   28991     |      28.40       |      28.25      
   28992     |      28.99       |      28.84      
   28993     |      28.70       |      28.60      
   28994     |      29.70       |      29.63      
   28995     |      30.65       |      30.58      
   28996     |      22.86       |      22.77      
   28997     |      24.97       |      24.92      
   28998     |      23.99       |      23.95      
   28999     |      24.66       |      24.63      
   29000     |      25.42       |      25.42      
   29001     |      24.83       |      24.82      
   29002     |      27.12       |      27.14      
   29003     |      28.19       |      28.21      
   29004     |      27.78       |      27.83      
   29005     |      29.08       |      29.14      
   29006     |      23.15       |      23.20      
   29007     |      20.90       |      20.90      
   29008     |      22.36       |      22.40      
   29009     |      23.15       |      23.20      
   29010     |      23.01       |      23.08      
   29011     |      24.33       |      24.42      
   29012     |      20.80       |      20.88      
   29013     |      23.42       |      23.55      
   29014     |      21.41       |      21.55      
   29015     |      21.20       |      21.33      
   29016     |      13.35       |      13.36      
   29017     |       8.78       |       8.71      
   29018     |      38.19       |      38.45      
   29019     |      23.83       |      23.89      
   29020     |      42.70       |      42.91      
   29021     |      38.21       |      38.37      
   29022     |      50.76       |      51.00      
   29023     |      46.53       |      46.73      
   29024     |      50.92       |      51.15      
   29025     |      47.43       |      47.62      
   29026     |      43.65       |      43.83      
   29027     |      56.94       |      57.25      
   29028     |      46.55       |      46.85      
   29029     |      47.20       |      47.51      
   29030     |      44.58       |      44.90      
   29031     |      44.89       |      45.21      
   29032     |      46.21       |      46.54      
   29033     |      48.58       |      48.94      
   29034     |      46.27       |      46.63      
   29035     |      41.89       |      42.21      
   29036     |      52.37       |      52.74      
   29037     |      54.02       |      54.40      
   29039     |      55.09       |      55.47      
   29040     |      51.24       |      51.61      
   29041     |      50.38       |      50.75      
   29042     |      56.48       |      56.88      
   29043     |      53.05       |      53.42      
   29044     |      52.40       |      52.78      
   29045     |      42.71       |      42.93      
   29046     |      57.86       |      58.19      
   29048     |      54.70       |      55.10      
   29049     |      57.17       |      57.59      
   29050     |      46.43       |      46.83      
   29051     |      46.74       |      47.15      
   29052     |      54.51       |      54.95      
   29053     |      52.34       |      52.76      
   29055     |      51.88       |      52.19      
   29056     |      48.60       |      49.41      
   29057     |      47.56       |      48.37      
   29058     |      45.98       |      46.77      
   29059     |      45.87       |      46.66      
   29060     |      43.92       |      44.70      
   29061     |      45.36       |      46.12      
   29062     |      42.50       |      43.24      
   29063     |      44.85       |      45.58      
   29064     |      43.43       |      44.15      
   29065     |      50.89       |      51.57      
   29066     |      41.26       |      41.91      
   29067     |      34.22       |      34.89      
   29068     |      47.34       |      48.01      
   29069     |      49.78       |      50.45      
   29070     |      44.14       |      44.80      
   29071     |      41.15       |      41.78      
   29072     |      56.82       |      57.46      
   29073     |      42.19       |      42.86      
   29074     |      39.18       |      39.83      
   29075     |      44.89       |      45.52      
   29076     |      34.64       |      35.26      
   29077     |      41.46       |      42.04      
   29078     |      46.22       |      46.79      
   29079     |      40.59       |      41.17      
   29082     |       6.27       |       5.71      
   29083     |      33.86       |      34.04      
   29084     |      38.58       |      38.83      
   29085     |       6.90       |       6.88      
   29086     |      44.81       |      45.26      
   29087     |      34.75       |      35.09      
   29088     |      22.02       |      22.21      
   29089     |      32.27       |      32.70      
   29090     |      26.07       |      26.48      
   29091     |      21.69       |      22.02      
   29092     |      33.35       |      33.70      
   29093     |      31.45       |      31.77      
   29094     |      15.37       |      15.56      
   29095     |      15.04       |      15.20      
   29096     |      33.73       |      34.01      
   29097     |      25.75       |      25.75      
   29098     |      22.62       |      22.47      
   29099     |      22.20       |      22.09      
   29100     |      22.42       |      22.11      
   29101     |      13.47       |      13.38      
   29102     |      12.75       |      12.57      
   29103     |      13.95       |      13.75      
   29104     |      13.99       |      13.81      
   29105     |      11.65       |      11.38      
   29106     |      12.22       |      11.95      
   29107     |      18.71       |      18.58      
   29108     |      17.82       |      17.62      
   29109     |      22.15       |      21.99      
   29110     |      22.05       |      21.89      
   29111     |      20.85       |      20.66      
   29112     |      22.86       |      22.63      
   29113     |      26.03       |      25.82      
   29114     |      26.95       |      26.74      
   29115     |      25.92       |      25.70      
   29116     |      27.45       |      27.26      
   29117     |      27.78       |      27.56      
   29118     |      26.55       |      26.36      
   29119     |      27.36       |      27.18      
   29120     |      35.87       |      35.72      
   29121     |      41.69       |      41.63      
   29122     |      30.69       |      30.60      
   29123     |      29.45       |      29.34      
   29124     |      28.42       |      28.32      
   29125     |      30.93       |      30.88      
   29126     |      25.50       |      25.44      
   29127     |      23.32       |      23.19      
   29128     |      27.44       |      27.37      
   29129     |      29.26       |      29.21      
   29130     |      29.90       |      29.88      
   29131     |      32.38       |      32.39      
   29132     |      30.26       |      30.28      
   29133     |      25.72       |      25.65      
   29134     |      24.10       |      24.03      
   29135     |      27.58       |      27.59      
   29136     |      24.51       |      24.52      
   29137     |      25.15       |      25.17      
   29138     |      25.83       |      25.87      
   29139     |      25.72       |      25.76      
   29140     |      25.98       |      26.04      
   29141     |      27.52       |      27.61      
   29142     |      22.99       |      23.06      
   29143     |      24.43       |      24.53      
   29144     |      17.21       |      17.22      
   29145     |      13.54       |      13.52      
   29146     |      15.36       |      15.40      
   29147     |      22.17       |      22.26      
   29148     |      36.09       |      36.30      
   29149     |      36.65       |      36.87      
   29150     |      44.10       |      44.36      
   29151     |      47.67       |      47.95      
   29152     |      39.87       |      40.15      
   29153     |      43.50       |      43.81      
   29154     |      54.30       |      54.65      
   29155     |      42.84       |      43.09      
   29156     |      47.73       |      48.02      
   29157     |      41.96       |      42.17      
   29158     |      47.46       |      47.72      
   29159     |      47.55       |      47.80      
   29160     |      51.71       |      52.00      
   29161     |      36.73       |      36.61      
   29162     |      53.02       |      53.13      
   29163     |      54.14       |      54.27      
   29166     |      57.18       |      57.50      
   29168     |      49.89       |      50.25      
   29169     |      56.50       |      56.92      
   29170     |      49.67       |      50.09      
   29171     |      48.53       |      48.94      
   29172     |      34.62       |      34.99      
   29173     |      47.35       |      47.86      
   29175     |      51.91       |      52.37      
   29176     |      54.47       |      54.95      
   29177     |      46.27       |      46.67      
   29178     |      49.73       |      50.16      
   29179     |      46.57       |      47.03      
   29180     |      57.87       |      58.36      
   29181     |      52.53       |      53.06      
   29183     |      52.11       |      52.73      
   29184     |      47.47       |      48.28      
   29185     |      46.47       |      47.28      
   29186     |      45.87       |      46.66      
   29187     |      46.42       |      47.20      
   29188     |      45.45       |      46.22      
   29189     |      46.11       |      46.88      
   29190     |      45.02       |      45.77      
   29191     |      46.02       |      46.75      
   29192     |      50.33       |      51.05      
   29193     |      47.16       |      47.89      
   29194     |      33.96       |      34.67      
   29195     |      41.92       |      42.57      
   29196     |      45.82       |      46.47      
   29197     |      47.39       |      48.05      
   29198     |      44.34       |      44.98      
   29199     |      42.49       |      43.12      
   29200     |      41.59       |      42.21      
   29201     |      45.66       |      46.26      
   29202     |      44.92       |      45.50      
   29203     |      41.11       |      41.70      
   29204     |      57.67       |      58.26      
   29205     |      43.04       |      43.49      
   29206     |      42.06       |      42.50      
   29207     |      35.42       |      35.87      
   29208     |      49.84       |      50.32      
   29210     |      24.17       |      24.71      
   29211     |      22.89       |      23.43      
   29212     |       3.21       |       3.60      
   29213     |      24.16       |      24.45      
   29214     |      33.75       |      34.11      
   29215     |      44.55       |      45.02      
   29216     |      21.70       |      22.11      
   29217     |      17.94       |      18.24      
   29218     |      26.34       |      26.68      
   29219     |      27.16       |      27.50      
   29220     |      31.97       |      32.31      
   29221     |      33.20       |      33.54      
   29222     |      25.07       |      25.37      
   29223     |      19.05       |      19.11      
   29224     |      35.80       |      36.01      
   29225     |      36.41       |      36.62      
   29226     |      14.79       |      14.41      
   29227     |       7.57       |       7.47      
   29228     |       9.68       |       9.29      
   29229     |      13.29       |      12.92      
   29230     |       9.04       |       8.76      
   29231     |       7.77       |       7.58      
   29232     |       8.68       |       8.36      
   29233     |       9.34       |       9.05      
   29234     |      11.04       |      10.96      
   29235     |      22.33       |      22.30      
   29236     |      16.63       |      16.47      
   29237     |      16.69       |      16.51      
   29238     |      16.21       |      16.01      
   29239     |      36.61       |      36.52      
   29240     |      30.07       |      29.83      
   29241     |      54.00       |      53.86      
   29242     |      54.22       |      53.96      
   29243     |      52.91       |      52.66      
   29244     |      45.69       |      45.44      
   29245     |      44.40       |      44.16      
   29246     |      37.44       |      37.21      
   29247     |      38.17       |      38.09      
   29248     |      39.06       |      39.01      
   29249     |      36.78       |      36.70      
   29250     |      25.81       |      25.71      
   29251     |      25.02       |      24.89      
   29252     |      30.92       |      30.85      
   29253     |      28.81       |      28.68      
   29254     |      23.34       |      23.18      
   29255     |      23.27       |      23.08      
   29256     |      30.68       |      30.59      
   29257     |      30.30       |      30.20      
   29258     |      34.58       |      34.53      
   29259     |      38.44       |      38.43      
   29260     |      24.63       |      24.54      
   29261     |      26.18       |      26.13      
   29262     |      27.72       |      27.71      
   29263     |      29.00       |      29.01      
   29264     |      25.11       |      25.10      
   29265     |      23.50       |      23.44      
   29266     |      26.61       |      26.61      
   29267     |      25.82       |      25.79      
   29268     |      29.48       |      29.51      
   29269     |      26.97       |      26.92      
   29270     |      28.87       |      28.87      
   29271     |      26.64       |      26.51      
   29272     |      28.46       |      28.38      
   29273     |      21.82       |      21.71      
   29274     |      26.95       |      26.95      
   29275     |      17.66       |      17.62      
   29276     |      24.27       |      24.36      
   29277     |      39.39       |      39.51      
   29278     |      49.88       |      50.07      
   29279     |      46.34       |      46.49      
   29280     |      50.83       |      51.01      
   29281     |      55.21       |      55.44      
   29282     |      44.97       |      45.17      
   29283     |      44.32       |      44.52      
   29284     |      42.07       |      42.27      
   29285     |      45.96       |      46.21      
   29286     |      46.20       |      46.47      
   29287     |      44.00       |      44.23      
   29288     |      37.30       |      37.50      
   29289     |      17.95       |      18.16      
   29290     |      41.45       |      41.84      
   29291     |      51.33       |      51.78      
   29293     |      49.62       |      49.91      
   29296     |      59.30       |      59.66      
   29297     |      58.90       |      59.25      
   29298     |      51.44       |      51.77      
   29299     |      56.68       |      57.07      
   29300     |      51.47       |      51.86      
   29302     |      51.34       |      51.80      
   29303     |      50.90       |      51.37      
   29304     |      44.15       |      44.63      
   29305     |      46.29       |      46.75      
   29306     |      44.39       |      44.87      
   29307     |      49.72       |      50.16      
   29308     |      57.80       |      58.27      
   29309     |      57.06       |      57.53      
   29312     |      46.35       |      47.16      
   29313     |      48.75       |      49.54      
   29314     |      46.17       |      46.94      
   29315     |      46.98       |      47.74      
   29316     |      45.89       |      46.64      
   29317     |      47.50       |      48.23      
   29318     |      46.00       |      46.72      
   29319     |      43.13       |      43.85      
   29320     |      47.02       |      47.74      
   29321     |      45.24       |      45.95      
   29322     |      41.53       |      42.23      
   29323     |      44.15       |      44.83      
   29324     |      45.61       |      46.27      
   29325     |      42.38       |      43.05      
   29326     |      42.37       |      43.03      
   29327     |      44.31       |      44.95      
   29328     |      45.60       |      46.23      
   29329     |      47.05       |      47.67      
   29330     |      41.13       |      41.72      
   29331     |      49.32       |      49.86      
   29332     |      56.05       |      56.60      
   29333     |      57.86       |      58.41      
   29334     |      34.86       |      35.35      
   29335     |      34.03       |      34.51      
   29336     |      49.59       |      50.10      
   29337     |      38.93       |      39.48      
   29338     |      22.93       |      23.45      
   29339     |      26.19       |      26.68      
   29340     |      21.55       |      22.00      
   29341     |      28.10       |      28.50      
   29342     |      32.36       |      32.77      
   29343     |      28.90       |      29.32      
   29344     |      38.29       |      38.71      
   29345     |      28.01       |      28.18      
   29347     |      49.07       |      49.00      
   29348     |      41.93       |      41.71      
   29349     |      42.33       |      42.42      
   29350     |      37.74       |      37.76      
   29351     |      37.74       |      37.77      
   29352     |      26.58       |      26.33      
   29353     |      32.77       |      33.04      
   29354     |       9.84       |       9.41      
   29355     |      18.46       |      18.17      
   29356     |       4.24       |       4.62      
   29357     |       9.19       |       8.79      
   29358     |       6.04       |       5.82      
   29359     |       7.65       |       7.34      
   29360     |       7.72       |       7.40      
   29361     |      13.57       |      13.41      
   29362     |      16.79       |      16.73      
   29363     |      18.64       |      18.67      
   29364     |      10.96       |      10.82      
   29365     |      15.34       |      15.22      
   29366     |      38.95       |      39.01      
   29367     |      32.48       |      32.41      
   29368     |      50.62       |      50.61      
   29369     |      47.92       |      47.79      
   29370     |      47.58       |      47.31      
   29371     |      51.52       |      51.22      
   29372     |      55.51       |      55.23      
   29374     |      47.18       |      46.98      
   29376     |      36.98       |      36.89      
   29377     |      31.90       |      31.73      
   29378     |      28.46       |      28.28      
   29379     |      28.64       |      28.46      
   29380     |      29.37       |      29.21      
   29381     |      28.63       |      28.43      
   29382     |      24.41       |      24.18      
   29383     |      24.44       |      24.24      
   29384     |      29.44       |      29.32      
   29385     |      28.25       |      28.07      
   29386     |      40.00       |      39.95      
   29387     |      34.26       |      34.04      
   29388     |      35.19       |      35.01      
   29389     |      36.10       |      35.93      
   29390     |      36.96       |      36.82      
   29391     |      35.00       |      34.78      
   29392     |      35.52       |      35.33      
   29393     |      35.18       |      34.95      
   29394     |      38.00       |      37.83      
   29395     |      39.08       |      38.95      
   29396     |      35.87       |      35.71      
   29397     |      40.91       |      40.91      
   29398     |      25.48       |      25.27      
   29399     |      28.38       |      28.21      
   29400     |      33.46       |      33.38      
   29401     |      28.08       |      27.99      
   29402     |      34.84       |      34.85      
   29403     |      26.21       |      26.21      
   29404     |      35.40       |      35.51      
   29405     |      23.31       |      23.43      
   29406     |      42.64       |      42.89      
   29407     |      43.33       |      43.59      
   29408     |      51.08       |      51.38      
   29409     |      43.91       |      44.13      
   29410     |      41.58       |      41.81      
   29411     |      35.65       |      35.75      
   29412     |      47.35       |      47.56      
   29413     |      36.21       |      36.05      
   29414     |      52.61       |      52.68      
   29416     |      37.24       |      37.43      
   29417     |      52.44       |      52.84      
   29418     |      52.25       |      52.66      
   29419     |      53.65       |      54.08      
   29420     |      45.58       |      45.99      
   29421     |      56.82       |      57.32      
   29423     |      45.86       |      46.25      
   29424     |      55.26       |      55.69      
   29425     |      53.15       |      53.57      
   29426     |      54.81       |      55.24      
   29427     |      50.33       |      50.71      
   29429     |      55.24       |      55.61      
   29430     |      51.18       |      51.55      
   29431     |      52.10       |      52.49      
   29432     |      44.33       |      44.71      
   29433     |      49.65       |      50.11      
   29434     |      43.53       |      44.00      
   29435     |      44.36       |      44.83      
   29436     |      57.18       |      57.68      
   29440     |      49.11       |      49.94      
   29441     |      49.08       |      49.90      
   29442     |      47.42       |      48.22      
   29443     |      47.96       |      48.75      
   29444     |      47.60       |      48.38      
   29445     |      46.72       |      47.50      
   29446     |      43.27       |      44.03      
   29447     |      48.75       |      49.46      
   29448     |      45.17       |      45.87      
   29449     |      45.17       |      45.86      
   29450     |      44.15       |      44.82      
   29451     |      42.45       |      43.13      
   29452     |      42.47       |      43.13      
   29453     |      45.39       |      46.03      
   29454     |      48.30       |      48.93      
   29455     |      44.87       |      45.46      
   29456     |      47.23       |      47.81      
   29457     |      45.33       |      45.91      
   29458     |      49.09       |      49.66      
   29459     |      45.66       |      46.25      
   29460     |      49.37       |      49.94      
   29461     |      55.54       |      56.16      
   29462     |      33.46       |      34.04      
   29463     |      47.12       |      47.62      
   29464     |      39.32       |      39.78      
   29465     |      36.68       |      37.14      
   29466     |      26.75       |      27.14      
   29467     |      29.72       |      30.09      
   29468     |      29.03       |      29.38      
   29469     |      27.35       |      27.69      
   29470     |      29.43       |      29.78      
   29471     |      29.84       |      30.19      
   29472     |      41.69       |      42.06      
   29473     |      40.01       |      40.35      
   29474     |      44.42       |      44.76      
   29475     |      59.16       |      59.63      
   29476     |      52.04       |      52.49      
   29477     |      31.28       |      31.07      
   29478     |      31.06       |      30.82      
   29479     |      31.34       |      31.44      
   29480     |      18.54       |      18.28      
   29481     |      22.72       |      22.45      
   29482     |      18.76       |      18.52      
   29483     |       8.31       |       7.84      
   29484     |      16.35       |      16.47      
   29485     |      14.70       |      14.49      
   29486     |      18.97       |      18.90      
   29487     |      20.79       |      20.50      
   29488     |      21.61       |      21.36      
   29489     |      30.36       |      30.19      
   29490     |      28.48       |      28.26      
   29491     |      16.31       |      15.91      
   29492     |      22.10       |      22.03      
   29493     |      20.56       |      20.35      
   29494     |      33.51       |      33.45      
   29495     |      39.06       |      39.09      
   29496     |      16.58       |      16.46      
   29497     |      46.08       |      46.28      
   29498     |      24.71       |      25.06      
   29499     |      21.77       |      22.07      
   29500     |      54.09       |      54.20      
   29501     |      24.26       |      24.25      
   29502     |      58.70       |      58.71      
   29503     |      36.30       |      36.09      
   29504     |      33.16       |      32.95      
   29505     |      38.28       |      38.16      
   29506     |      25.94       |      25.76      
   29507     |      25.15       |      24.94      
   29508     |      24.87       |      24.68      
   29509     |      25.50       |      25.33      
   29510     |      21.18       |      20.97      
   29511     |      20.99       |      20.75      
   29512     |      23.79       |      23.61      
   29513     |      27.64       |      27.60      
   29514     |      19.39       |      19.28      
   29515     |      18.32       |      18.11      
   29516     |      27.38       |      27.34      
   29517     |      22.89       |      22.61      
   29518     |      26.89       |      26.71      
   29519     |      25.98       |      25.74      
   29520     |      26.25       |      26.03      
   29521     |      39.87       |      39.97      
   29522     |      26.31       |      26.35      
   29523     |      32.35       |      32.49      
   29524     |      35.41       |      35.57      
   29525     |      25.39       |      25.37      
   29526     |      29.34       |      29.38      
   29527     |      14.37       |      14.42      
   29528     |      27.22       |      27.40      
   29529     |      24.96       |      25.16      
   29530     |      29.02       |      29.25      
   29531     |      35.98       |      36.28      
   29532     |      27.80       |      28.11      
   29533     |      32.17       |      32.46      
   29534     |      21.28       |      21.55      
   29535     |      44.02       |      44.23      
   29536     |      43.19       |      43.41      
   29537     |      44.39       |      44.63      
   29538     |      31.29       |      31.46      
   29539     |      43.22       |      43.58      
   29540     |      16.70       |      16.94      
   29541     |      40.16       |      40.66      
   29543     |      42.61       |      43.00      
   29544     |      51.55       |      51.98      
   29545     |      49.46       |      49.87      
   29546     |      53.27       |      53.70      
   29547     |      33.74       |      33.84      
   29550     |      47.48       |      47.79      
   29551     |      55.42       |      55.83      
   29552     |      52.90       |      53.32      
   29553     |      53.08       |      53.50      
   29554     |      48.92       |      49.34      
   29555     |      44.61       |      44.98      
   29556     |      55.07       |      55.47      
   29557     |      49.92       |      50.26      
   29558     |      52.24       |      52.60      
   29559     |      58.49       |      58.93      
   29560     |      49.65       |      50.09      
   29561     |      50.58       |      51.04      
   29562     |      53.71       |      54.18      
   29563     |      44.13       |      44.71      
   29568     |      49.12       |      49.94      
   29569     |      50.20       |      51.01      
   29570     |      47.94       |      48.74      
   29571     |      49.52       |      50.30      
   29572     |      46.60       |      47.37      
   29573     |      47.50       |      48.25      
   29574     |      48.76       |      49.50      
   29575     |      47.53       |      48.27      
   29576     |      45.23       |      45.95      
   29577     |      48.82       |      49.50      
   29578     |      42.44       |      43.10      
   29579     |      43.93       |      44.57      
   29580     |      45.41       |      46.04      
   29581     |      47.38       |      47.98      
   29582     |      48.95       |      49.54      
   29583     |      48.66       |      49.24      
   29584     |      45.44       |      46.01      
   29585     |      42.58       |      43.15      
   29586     |      45.80       |      46.37      
   29587     |      41.24       |      41.83      
   29588     |      50.82       |      51.41      
   29589     |      49.36       |      49.93      
   29590     |      52.65       |      53.21      
   29591     |      47.06       |      47.56      
   29592     |      58.61       |      59.12      
   29593     |      41.39       |      41.59      
   29594     |      45.61       |      45.83      
   29595     |      40.58       |      40.57      
   29596     |      39.29       |      39.24      
   29597     |      17.99       |      17.72      
   29598     |      31.40       |      31.54      
   29599     |      32.75       |      32.94      
   29600     |      33.60       |      33.78      
   29601     |      41.52       |      41.89      
   29602     |      34.42       |      34.75      
   29603     |      42.05       |      42.48      
   29604     |      35.96       |      36.37      
   29605     |      51.61       |      52.11      
   29606     |      20.59       |      21.14      
   29607     |       8.82       |       9.36      
   29608     |      22.86       |      22.60      
   29609     |      10.65       |      10.14      
   29610     |      10.83       |      10.35      
   29611     |      16.22       |      15.90      
   29612     |      28.38       |      28.40      
   29613     |      26.63       |      26.47      
   29614     |      30.34       |      30.23      
   29615     |      30.29       |      30.07      
   29616     |      28.64       |      28.35      
   29617     |      28.32       |      28.14      
   29618     |      24.58       |      24.15      
   29619     |      37.07       |      36.77      
   29620     |      46.90       |      46.77      
   29621     |      47.37       |      47.07      
   29622     |      50.11       |      49.87      
   29623     |      34.97       |      34.69      
   29624     |      18.43       |      18.24      
   29625     |       3.62       |       3.21      
   29626     |       4.61       |       4.27      
   29627     |       3.43       |       3.58      
   29628     |      24.26       |      24.26      
   29629     |      13.14       |      12.88      
   29630     |      30.60       |      30.50      
   29631     |      33.91       |      33.87      
   29632     |      33.48       |      33.45      
   29633     |      28.20       |      28.10      
   29634     |      19.55       |      19.41      
   29635     |      21.15       |      21.05      
   29636     |      20.16       |      20.08      
   29637     |      17.86       |      17.70      
   29638     |      14.70       |      14.51      
   29639     |      15.23       |      15.07      
   29640     |      26.10       |      26.08      
   29641     |      22.42       |      22.30      
   29642     |      16.68       |      16.47      
   29643     |      17.25       |      17.08      
   29644     |      13.95       |      13.71      
   29645     |      13.99       |      13.69      
   29646     |      18.27       |      18.14      
   29647     |      23.57       |      23.63      
   29648     |      38.27       |      38.41      
   29649     |      32.03       |      32.10      
   29650     |      32.80       |      32.89      
   29651     |      25.36       |      25.28      
   29652     |      25.72       |      25.67      
   29653     |      32.20       |      32.30      
   29654     |      27.85       |      27.95      
   29655     |      29.09       |      29.21      
   29656     |      27.72       |      27.85      
   29657     |      36.98       |      37.24      
   29658     |      36.06       |      36.33      
   29659     |      31.83       |      32.06      
   29660     |      28.21       |      28.44      
   29661     |      31.70       |      31.99      
   29662     |       5.97       |       5.80      
   29663     |      24.10       |      24.15      
   29664     |      44.46       |      44.69      
   29665     |      47.77       |      48.04      
   29666     |      44.82       |      45.09      
   29667     |      50.10       |      50.43      
   29668     |      42.47       |      42.80      
   29669     |      37.04       |      37.30      
   29670     |      44.36       |      44.67      
   29671     |      44.80       |      45.12      
   29672     |      50.75       |      51.10      
   29673     |      47.55       |      47.86      
   29674     |      29.13       |      29.35      
   29675     |      41.35       |      41.79      
   29677     |      51.41       |      51.78      
   29678     |      55.56       |      55.95      
   29679     |      49.27       |      49.59      
   29680     |      54.91       |      55.26      
   29681     |      49.98       |      50.27      
   29682     |      44.95       |      45.23      
   29683     |      47.26       |      47.59      
   29684     |      49.76       |      50.11      
   29685     |      58.91       |      59.38      
   29686     |      58.54       |      59.02      
   29687     |      58.80       |      59.29      
   29688     |      50.69       |      51.19      
   29689     |      51.45       |      51.96      
   29690     |      53.84       |      54.36      
   29691     |      54.32       |      54.85      
   29693     |      58.48       |      58.97      
   29696     |      50.22       |      51.04      
   29697     |      52.43       |      53.23      
   29698     |      49.52       |      50.30      
   29699     |      48.69       |      49.47      
   29700     |      47.53       |      48.30      
   29701     |      46.21       |      46.98      
   29702     |      52.03       |      52.78      
   29703     |      47.50       |      48.21      
   29704     |      48.83       |      49.53      
   29705     |      47.82       |      48.52      
   29706     |      43.93       |      44.61      
   29707     |      44.05       |      44.72      
   29708     |      47.34       |      48.00      
   29709     |      42.98       |      43.67      
   29710     |      49.14       |      49.82      
   29711     |      48.28       |      48.96      
   29712     |      42.45       |      43.11      
   29713     |      54.94       |      55.50      
   29714     |      49.03       |      49.56      
   29715     |      42.68       |      43.11      
   29716     |      48.83       |      49.27      
   29717     |      51.58       |      52.05      
   29718     |      55.07       |      55.54      
   29719     |      53.44       |      53.89      
   29720     |      46.76       |      47.17      
   29721     |      58.37       |      58.90      
   29722     |      41.07       |      41.56      
   29723     |      40.62       |      41.10      
   29724     |       8.04       |       8.19      
   29725     |      29.26       |      29.40      
   29726     |      33.54       |      33.72      
   29727     |      31.75       |      31.86      
   29728     |      29.60       |      29.65      
   29729     |      32.27       |      32.47      
   29730     |      26.36       |      26.47      
   29731     |      33.66       |      34.01      
   29732     |      23.69       |      23.98      
   29733     |      35.49       |      35.95      
   29734     |      12.51       |      13.01      
   29735     |      18.43       |      18.95      
   29736     |       7.72       |       7.87      
   29737     |      15.08       |      15.22      
   29738     |       7.35       |       7.13      
   29739     |      25.29       |      25.22      
   29740     |      19.48       |      19.22      
   29741     |      24.19       |      24.36      
   29742     |      21.70       |      21.82      
   29743     |      21.56       |      21.67      
   29744     |      21.33       |      21.42      
   29745     |      15.74       |      15.55      
   29746     |      29.54       |      29.54      
   29747     |      24.43       |      24.19      
   29748     |      19.97       |      19.52      
   29749     |      33.98       |      34.17      
   29750     |      30.59       |      30.50      
   29751     |      14.27       |      13.86      
   29752     |      10.45       |      10.01      
   29753     |      10.81       |      10.36      
   29754     |      11.18       |      10.74      
   29755     |      19.88       |      19.86      
   29756     |      10.44       |      10.46      
   29757     |      16.54       |      16.65      
   29758     |      33.33       |      33.40      
   29759     |      19.82       |      19.72      
   29760     |      26.41       |      26.36      
   29761     |      23.98       |      23.89      
   29762     |      20.68       |      20.59      
   29763     |      20.75       |      20.66      
   29764     |      15.88       |      15.76      
   29765     |      16.87       |      16.80      
   29766     |      13.20       |      13.09      
   29767     |      14.53       |      14.49      
   29768     |      17.91       |      17.92      
   29769     |      12.97       |      12.67      
   29770     |      16.52       |      16.35      
   29771     |      17.19       |      17.06      
   29772     |      11.35       |      11.05      
   29773     |      12.62       |      12.52      
   29774     |      22.98       |      23.05      
   29775     |      19.62       |      19.57      
   29776     |      31.67       |      31.75      
   29777     |      23.70       |      23.55      
   29778     |      25.39       |      25.29      
   29779     |      27.01       |      26.96      
   29780     |      33.26       |      33.29      
   29781     |      34.14       |      34.19      
   29782     |      30.29       |      30.33      
   29783     |      36.79       |      36.95      
   29784     |      37.58       |      37.76      
   29785     |      42.41       |      42.65      
   29786     |      31.79       |      32.02      
   29787     |      34.06       |      34.32      
   29788     |      31.74       |      32.00      
   29789     |      26.61       |      26.79      
   29790     |      31.05       |      31.28      
   29791     |       6.51       |       7.11      
   29792     |      45.19       |      45.66      
   29793     |      37.68       |      38.12      
   29794     |      48.21       |      48.65      
   29795     |      35.20       |      35.56      
   29796     |      34.79       |      35.16      
   29797     |      33.75       |      34.12      
   29798     |      43.05       |      43.44      
   29799     |      32.17       |      32.44      
   29800     |      46.43       |      46.77      
   29801     |      33.91       |      34.05      
   29802     |      45.52       |      45.77      
   29803     |      51.62       |      51.95      
   29804     |      51.80       |      52.15      
   29805     |      44.11       |      44.35      
   29806     |      50.02       |      50.30      
   29807     |      49.40       |      49.67      
   29808     |      49.89       |      50.18      
   29809     |      47.34       |      47.59      
   29810     |      47.60       |      47.87      
   29811     |      53.30       |      53.66      
   29812     |      58.82       |      59.21      
   29814     |      58.68       |      59.13      
   29815     |      53.10       |      53.47      
   29816     |      51.51       |      51.90      
   29818     |      54.23       |      54.74      
   29819     |      46.43       |      46.84      
   29820     |      58.55       |      59.00      
   29821     |      54.47       |      54.87      
   29823     |      59.44       |      59.84      
   29824     |      52.50       |      53.31      
   29825     |      49.95       |      50.79      
   29826     |      48.84       |      49.66      
   29827     |      49.17       |      49.97      
   29828     |      46.30       |      47.09      
   29829     |      49.02       |      49.78      
   29830     |      56.90       |      57.66      
   29831     |      51.95       |      52.65      
   29832     |      47.81       |      48.49      
   29833     |      45.63       |      46.32      
   29834     |      44.04       |      44.72      
   29835     |      43.37       |      44.04      
   29836     |      42.80       |      43.46      
   29837     |      45.10       |      45.73      
   29838     |      52.44       |      53.07      
   29839     |      48.17       |      48.74      
   29841     |      54.97       |      55.48      
   29842     |      56.12       |      56.62      
   29843     |      50.52       |      50.92      
   29844     |      49.50       |      49.88      
   29845     |      49.55       |      49.93      
   29846     |      53.51       |      53.89      
   29847     |      55.69       |      56.10      
   29848     |      50.12       |      50.49      
   29849     |      47.93       |      48.26      
   29851     |      50.34       |      50.34      
   29853     |      54.38       |      54.04      
   29854     |      50.09       |      49.63      
   29855     |      49.73       |      49.56      
   29856     |      40.74       |      40.31      
   29857     |      37.51       |      37.42      
   29858     |      37.10       |      36.99      
   29859     |      12.05       |      11.41      
   29860     |      21.18       |      21.41      
   29861     |      23.30       |      23.60      
   29862     |      18.91       |      19.16      
   29863     |      15.76       |      15.80      
   29864     |      16.46       |      16.50      
   29865     |      21.72       |      21.75      
   29866     |      22.13       |      22.15      
   29867     |       5.60       |       5.68      
   29868     |      20.89       |      21.14      
   29869     |      13.43       |      13.27      
   29870     |      20.62       |      20.61      
   29871     |      22.40       |      22.45      
   29872     |      15.23       |      15.16      
   29873     |      20.80       |      20.93      
   29874     |      16.52       |      16.61      
   29875     |      26.70       |      26.94      
   29876     |       3.49       |       3.92      
   29877     |       3.19       |       3.52      
   29878     |      10.02       |       9.96      
   29879     |       8.99       |       8.92      
   29880     |       0.76       |       1.11      
   29881     |       1.37       |       1.68      
   29882     |      19.88       |      19.84      
   29883     |      15.47       |      15.35      
   29884     |      16.24       |      16.14      
   29885     |      21.61       |      21.63      
   29886     |      18.78       |      18.82      
   29887     |      15.20       |      15.18      
   29888     |      22.04       |      22.05      
   29889     |      17.63       |      17.56      
   29890     |      19.57       |      19.52      
   29891     |      18.08       |      18.00      
   29892     |      16.49       |      16.41      
   29893     |      12.65       |      12.28      
   29894     |      17.65       |      17.45      
   29895     |      16.63       |      16.34      
   29896     |      14.39       |      14.05      
   29897     |      16.59       |      16.47      
   29898     |      16.03       |      15.92      
   29899     |      14.02       |      13.60      
   29900     |      17.23       |      16.97      
   29901     |      17.66       |      17.44      
   29902     |      20.99       |      20.86      
   29903     |      21.20       |      21.09      
   29904     |      21.02       |      20.93      
   29905     |      26.29       |      26.38      
   29906     |      24.56       |      24.66      
   29907     |      28.60       |      28.79      
   29908     |      32.32       |      32.53      
   29909     |      29.00       |      29.17      
   29910     |      36.27       |      36.48      
   29911     |      33.13       |      33.31      
   29912     |      42.46       |      42.68      
   29913     |      35.25       |      35.38      
   29914     |      35.09       |      35.23      
   29915     |      33.36       |      33.47      
   29916     |      27.79       |      27.87      
   29917     |      40.89       |      41.19      
   29918     |      30.40       |      30.69      
   29919     |      29.67       |      29.96      
   29920     |      39.14       |      39.47      
   29921     |      35.02       |      35.29      
   29922     |      35.97       |      36.26      
   29923     |      30.73       |      30.92      
   29924     |      35.48       |      35.73      
   29925     |      39.92       |      40.23      
   29926     |      31.46       |      31.76      
   29927     |      28.52       |      28.76      
   29928     |      30.35       |      30.62      
   29929     |      37.55       |      37.94      
   29930     |      49.32       |      49.74      
   29931     |      43.24       |      43.61      
   29932     |      40.69       |      41.06      
   29933     |      38.20       |      38.53      
   29934     |      49.21       |      49.58      
   29935     |      42.87       |      43.15      
   29936     |      46.89       |      47.21      
   29937     |      51.76       |      52.15      
   29938     |      53.26       |      53.67      
   29939     |      53.18       |      53.59      
   29941     |      50.54       |      50.82      
   29942     |      53.49       |      53.79      
   29945     |      55.50       |      55.94      
   29946     |      46.34       |      46.76      
   29947     |      55.84       |      56.39      
   29948     |      54.49       |      55.05      
   29949     |      52.50       |      53.05      
   29951     |      53.62       |      54.12      
   29952     |      50.06       |      50.91      
   29953     |      53.33       |      54.14      
   29954     |      48.95       |      49.75      
   29955     |      50.45       |      51.22      
   29956     |      56.75       |      57.51      
   29957     |      49.12       |      49.78      
   29959     |      57.23       |      57.84      
   29960     |      44.53       |      45.09      
   29961     |      46.00       |      46.57      
   29962     |      41.37       |      41.92      
   29963     |      43.58       |      44.16      
   29964     |      51.37       |      51.95      
   29965     |      45.99       |      46.48      
   29966     |      56.81       |      57.32      
   29967     |      53.60       |      54.05      
   29968     |      52.24       |      52.67      
   29970     |      44.73       |      45.22      
   29971     |      56.45       |      57.07      
   29972     |      54.21       |      54.81      
   29973     |      47.80       |      48.34      
   29974     |      56.15       |      56.69      
   29975     |      52.21       |      52.70      
   29977     |      53.46       |      53.66      
   29980     |      37.86       |      37.77      
   29981     |      54.47       |      54.93      
   29982     |      13.26       |      13.24      
   29983     |       3.47       |       2.98      
   29984     |       1.74       |       2.26      
   29985     |       7.13       |       7.20      
   29986     |      11.69       |      11.53      
   29987     |      26.84       |      26.83      
   29988     |      26.67       |      26.65      
   29989     |       8.41       |       8.24      
   29990     |      18.78       |      18.96      
   29991     |      19.32       |      19.52      
   29992     |      16.55       |      16.69      
   29993     |      18.39       |      18.62      
   29994     |       6.71       |       6.64      
   29995     |      15.29       |      15.22      
   29996     |      18.31       |      18.29      
   29997     |      21.61       |      21.73      
   29998     |      10.32       |      10.22      
   29999     |      18.21       |      18.46      
   30000     |       8.04       |       8.29      
   30001     |      13.08       |      13.40      
   30002     |      13.73       |      14.04      
   30003     |      16.52       |      16.84      
   30004     |      10.58       |      10.97      
   30005     |       3.10       |       3.39      
   30006     |       9.00       |       8.92      
   30007     |       5.30       |       5.05      
   30008     |       1.87       |       1.39      
   30009     |       4.44       |       4.46      
   30010     |      15.29       |      15.25      
   30011     |       7.73       |       7.24      
   30012     |      22.93       |      22.76      
   30013     |      23.18       |      23.02      
   30014     |      16.71       |      16.52      
   30015     |      20.10       |      20.02      
   30016     |      17.37       |      17.30      
   30017     |      16.46       |      16.37      
   30018     |      17.61       |      17.54      
   30019     |      15.16       |      15.00      
   30020     |       9.12       |       8.82      
   30021     |       8.78       |       8.38      
   30022     |      13.02       |      12.81      
   30023     |      13.76       |      13.61      
   30024     |      15.61       |      15.51      
   30025     |      12.90       |      12.43      
   30026     |      13.06       |      12.62      
   30027     |      13.50       |      13.24      
   30028     |      15.87       |      15.69      
   30029     |      19.41       |      19.43      
   30030     |      18.26       |      18.29      
   30031     |      17.48       |      17.48      
   30032     |      26.12       |      26.21      
   30033     |      24.01       |      24.05      
   30034     |      29.47       |      29.57      
   30035     |      29.12       |      29.22      
   30036     |      29.24       |      29.36      
   30037     |      32.79       |      32.98      
   30038     |      32.91       |      33.11      
   30039     |      29.45       |      29.60      
   30040     |      34.47       |      34.66      
   30041     |      29.46       |      29.56      
   30042     |      32.74       |      32.89      
   30043     |      30.77       |      30.88      
   30044     |      41.87       |      42.06      
   30045     |      42.20       |      42.40      
   30046     |      30.92       |      31.07      
   30047     |      36.40       |      36.66      
   30048     |      34.92       |      35.19      
   30049     |      31.42       |      31.62      
   30050     |      30.14       |      30.35      
   30051     |      32.72       |      33.00      
   30052     |      39.72       |      40.04      
   30053     |      27.71       |      27.72      
   30054     |      31.28       |      31.37      
   30055     |      37.46       |      37.70      
   30056     |      39.44       |      39.70      
   30057     |      47.63       |      48.02      
   30058     |      42.71       |      43.09      
   30059     |      35.81       |      36.09      
   30060     |      38.20       |      38.51      
   30061     |      36.42       |      36.69      
   30062     |      42.74       |      43.06      
   30063     |      39.38       |      39.64      
   30064     |      51.81       |      52.13      
   30065     |      50.06       |      50.36      
   30066     |      53.34       |      53.66      
   30067     |      51.50       |      51.80      
   30068     |      50.27       |      50.58      
   30071     |      56.29       |      56.72      
   30072     |      55.50       |      55.94      
   30073     |      54.15       |      54.57      
   30074     |      55.63       |      56.08      
   30076     |      52.34       |      52.85      
   30077     |      55.93       |      56.49      
   30078     |      54.07       |      54.64      
   30079     |      57.20       |      57.81      
   30080     |      56.61       |      57.38      
   30081     |      52.98       |      53.70      
   30082     |      49.60       |      50.31      
   30083     |      50.23       |      50.94      
   30085     |      57.19       |      57.70      
   30086     |      41.20       |      41.61      
   30089     |      46.27       |      46.66      
   30090     |      36.24       |      36.52      
   30091     |      41.90       |      42.38      
   30092     |      55.91       |      56.43      
   30093     |      52.48       |      52.92      
   30094     |      51.89       |      52.32      
   30095     |      56.70       |      57.21      
   30096     |      47.86       |      48.33      
   30097     |      51.78       |      52.31      
   30098     |      54.85       |      55.37      
   30099     |      45.51       |      45.86      
   30100     |      47.75       |      48.09      
   30101     |      53.82       |      54.26      
   30102     |      49.11       |      49.53      
   30103     |      56.22       |      56.73      
   30106     |      52.60       |      53.11      
   30108     |      26.23       |      26.88      
   30109     |      17.52       |      18.30      
   30110     |      13.75       |      14.22      
   30111     |      14.52       |      15.16      
   30112     |       5.29       |       5.09      
   30113     |      20.64       |      20.68      
   30114     |      23.53       |      23.64      
   30115     |      12.01       |      12.16      
   30116     |       7.36       |       7.24      
   30117     |      12.73       |      12.65      
   30118     |      21.53       |      21.68      
   30119     |      20.27       |      20.33      
   30120     |      18.40       |      18.40      
   30121     |      16.73       |      16.72      
   30122     |      15.06       |      14.99      
   30123     |       4.52       |       4.42      
   30124     |       8.83       |       8.91      
   30125     |      16.24       |      16.58      
   30126     |       8.73       |       9.11      
   30127     |      10.49       |      10.78      
   30128     |       8.06       |       8.35      
   30129     |       6.17       |       6.57      
   30130     |      14.45       |      14.73      
   30131     |      13.55       |      13.81      
   30132     |       4.93       |       5.29      
   30133     |      10.52       |      10.91      
   30134     |       6.99       |       7.28      
   30135     |       9.76       |      10.04      
   30136     |       7.24       |       7.65      
   30137     |       8.20       |       8.62      
   30138     |       7.28       |       7.75      
   30139     |       8.81       |       9.27      
   30140     |      22.85       |      23.01      
   30141     |       6.09       |       5.77      
   30142     |      20.12       |      20.03      
   30143     |      17.82       |      17.66      
   30144     |      16.97       |      16.82      
   30145     |      15.30       |      15.07      
   30146     |      15.51       |      15.31      
   30147     |      15.53       |      15.33      
   30148     |       8.38       |       7.96      
   30149     |       8.35       |       7.91      
   30150     |      14.12       |      13.93      
   30151     |      12.69       |      12.36      
   30152     |       9.83       |       9.35      
   30153     |      13.28       |      12.65      
   30154     |      17.00       |      16.61      
   30155     |      17.57       |      17.28      
   30156     |      22.55       |      22.39      
   30157     |      25.52       |      25.49      
   30158     |      18.68       |      18.57      
   30159     |      18.08       |      17.94      
   30160     |      24.62       |      24.60      
   30161     |      28.32       |      28.42      
   30162     |      28.70       |      28.82      
   30163     |      26.95       |      27.03      
   30164     |      33.27       |      33.40      
   30165     |      28.41       |      28.41      
   30166     |      30.31       |      30.35      
   30167     |      28.15       |      28.12      
   30168     |      30.30       |      30.32      
   30169     |      39.10       |      39.30      
   30170     |      29.96       |      30.13      
   30171     |      39.43       |      39.74      
   30172     |      41.11       |      41.43      
   30173     |      33.09       |      33.31      
   30174     |      36.30       |      36.56      
   30175     |      24.53       |      24.46      
   30176     |      33.65       |      33.74      
   30177     |      34.56       |      34.67      
   30178     |      35.19       |      35.33      
   30179     |      31.76       |      31.78      
   30180     |      28.17       |      28.15      
   30181     |      32.87       |      33.05      
   30182     |      37.49       |      37.71      
   30183     |      38.68       |      38.93      
   30184     |      48.75       |      49.07      
   30185     |      44.35       |      44.60      
   30186     |      35.89       |      36.12      
   30187     |      34.65       |      34.86      
   30188     |      36.51       |      36.75      
   30189     |      38.44       |      38.73      
   30190     |      39.17       |      39.49      
   30191     |      44.58       |      44.99      
   30192     |      49.99       |      50.42      
   30193     |      42.57       |      42.89      
   30194     |      51.25       |      51.61      
   30195     |      48.81       |      49.14      
   30198     |      56.51       |      56.85      
   30199     |      53.10       |      53.38      
   30200     |      54.54       |      54.84      
   30204     |      55.44       |      55.88      
   30206     |      56.52       |      57.03      
   30207     |      57.75       |      58.29      
   30208     |      56.49       |      57.17      
   30209     |      49.03       |      49.79      
   30210     |      49.69       |      50.44      
   30211     |      52.22       |      52.94      
   30212     |      56.93       |      57.64      
   30214     |      40.90       |      41.75      
   30215     |      55.15       |      55.81      
   30216     |      48.64       |      49.29      
   30218     |      34.15       |      35.01      
   30219     |      55.79       |      56.39      
   30220     |      53.08       |      53.66      
   30221     |      55.25       |      55.85      
   30222     |      54.11       |      54.70      
   30223     |      50.88       |      51.41      
   30224     |      44.25       |      44.74      
   30225     |      47.69       |      48.23      
   30226     |      49.55       |      50.09      
   30227     |      55.01       |      55.61      
   30229     |      49.37       |      49.54      
   30230     |      44.51       |      44.63      
   30231     |      49.91       |      50.20      
   30232     |      46.16       |      46.40      
   30234     |      38.63       |      39.22      
   30235     |      52.31       |      53.01      
   30236     |      11.84       |      12.67      
   30237     |      13.58       |      14.34      
   30238     |      15.27       |      16.00      
   30239     |      26.59       |      27.06      
   30240     |      16.20       |      16.60      
   30241     |      14.67       |      15.09      
   30242     |      10.50       |      10.88      
   30243     |      12.38       |      12.70      
   30244     |      17.28       |      17.61      
   30245     |      12.54       |      12.46      
   30246     |      21.15       |      21.26      
   30247     |      21.48       |      21.61      
   30248     |      12.83       |      12.77      
   30249     |      15.29       |      15.42      
   30250     |       5.77       |       5.49      
   30251     |      28.26       |      28.12      
   30252     |      18.70       |      18.26      
   30253     |      10.70       |      10.03      
   30254     |      14.94       |      14.66      
   30255     |       4.81       |       4.22      
   30256     |       7.83       |       7.64      
   30257     |       1.22       |       0.56      
   30258     |      14.35       |      14.49      
   30259     |      14.51       |      14.65      
   30260     |       1.11       |       0.52      
   30261     |       4.94       |       5.31      
   30262     |       7.87       |       7.89      
   30263     |      15.90       |      16.02      
   30264     |       7.56       |       7.96      
   30265     |      15.05       |      14.87      
   30266     |       8.64       |       8.12      
   30267     |      14.87       |      14.80      
   30268     |       5.01       |       4.93      
   30269     |       3.87       |       3.63      
   30270     |      16.97       |      16.92      
   30271     |      10.44       |       9.91      
   30272     |      16.68       |      16.37      
   30273     |      19.84       |      19.68      
   30274     |      15.23       |      15.03      
   30275     |      15.92       |      15.76      
   30276     |       7.14       |       6.73      
   30277     |       8.91       |       8.78      
   30278     |       8.98       |       8.87      
   30279     |      15.25       |      14.63      
   30280     |      13.53       |      12.87      
   30281     |      14.58       |      14.58      
   30282     |      12.62       |      12.62      
   30283     |      15.12       |      15.24      
   30284     |      23.15       |      23.30      
   30285     |      16.19       |      16.11      
   30286     |      16.35       |      16.30      
   30287     |      16.11       |      16.04      
   30288     |      28.37       |      28.44      
   30289     |      25.55       |      25.55      
   30290     |      27.27       |      27.30      
   30291     |      26.71       |      26.73      
   30292     |      27.40       |      27.45      
   30293     |      25.23       |      25.20      
   30294     |      27.08       |      27.09      
   30295     |      26.80       |      26.80      
   30296     |      39.55       |      39.68      
   30297     |      30.59       |      30.46      
   30298     |      42.22       |      42.25      
   30299     |      45.26       |      45.35      
   30300     |      35.30       |      35.33      
   30301     |      31.72       |      31.62      
   30302     |      22.68       |      22.37      
   30303     |      28.25       |      28.01      
   30304     |      38.56       |      38.52      
   30305     |      50.44       |      50.69      
   30306     |      28.92       |      29.03      
   30307     |      34.41       |      34.68      
   30308     |      30.79       |      31.06      
   30309     |      36.93       |      37.32      
   30310     |      35.95       |      36.36      
   30311     |      29.61       |      29.89      
   30312     |      44.44       |      44.77      
   30313     |      37.85       |      38.06      
   30314     |      34.57       |      34.79      
   30315     |      28.35       |      28.34      
   30316     |      39.26       |      39.38      
   30317     |      48.80       |      49.14      
   30318     |      44.51       |      44.85      
   30319     |      41.14       |      41.43      
   30320     |      42.58       |      42.88      
   30321     |      36.01       |      36.14      
   30322     |      49.17       |      49.41      
   30323     |      38.65       |      38.54      
   30326     |      52.99       |      53.27      
   30331     |      55.48       |      55.91      
   30334     |      57.51       |      57.97      
   30337     |      49.26       |      49.84      
   30338     |      52.47       |      53.05      
   30339     |      43.90       |      44.57      
   30340     |      58.99       |      59.68      
   30341     |      56.94       |      57.59      
   30342     |      57.24       |      57.88      
   30343     |      55.30       |      55.90      
   30344     |      49.81       |      50.38      
   30345     |      48.98       |      49.53      
   30346     |      52.47       |      53.01      
   30347     |      55.79       |      56.38      
   30348     |      57.45       |      58.03      
   30349     |      53.46       |      53.97      
   30350     |      50.60       |      51.08      
   30351     |      54.30       |      54.84      
   30352     |      44.62       |      45.13      
   30353     |      44.22       |      44.71      
   30354     |      53.09       |      53.60      
   30355     |      49.71       |      50.14      
   30356     |      49.03       |      49.44      
   30359     |      41.61       |      41.91      
   30360     |      32.40       |      32.61      
   30361     |      43.89       |      44.41      
   30362     |      36.45       |      36.95      
   30363     |      38.80       |      39.32      
   30364     |      12.77       |      13.14      
   30365     |      17.87       |      18.13      
   30366     |      27.23       |      27.58      
   30367     |      15.27       |      15.83      
   30368     |      14.43       |      14.98      
   30369     |      16.43       |      16.91      
   30370     |      11.92       |      12.38      
   30371     |      18.02       |      18.31      
   30372     |      16.70       |      16.97      
   30373     |      17.46       |      17.75      
   30374     |      18.42       |      18.70      
   30375     |      19.74       |      20.05      
   30376     |      10.72       |      10.96      
   30377     |       9.95       |      10.21      
   30378     |      16.59       |      16.85      
   30379     |      23.21       |      23.60      
   30380     |       2.95       |       3.49      
   30381     |       7.34       |       7.41      
   30382     |       2.44       |       1.94      
   30383     |       2.47       |       1.96      
   30384     |       2.34       |       1.64      
   30385     |       4.15       |       3.67      
   30386     |       5.09       |       4.75      
   30387     |      14.28       |      14.59      
   30388     |      15.99       |      16.27      
   30389     |       6.07       |       5.41      
   30390     |      16.29       |      15.94      
   30391     |      12.72       |      12.13      
   30392     |      16.25       |      15.96      
   30393     |       7.26       |       7.50      
   30394     |      14.94       |      15.02      
   30395     |       6.96       |       6.71      
   30396     |       4.19       |       3.84      
   30397     |       7.35       |       7.37      
   30398     |       5.09       |       5.15      
   30399     |       3.43       |       2.74      
   30400     |      18.89       |      18.80      
   30401     |      20.96       |      20.93      
   30402     |      14.64       |      14.60      
   30403     |      13.62       |      13.56      
   30404     |       8.68       |       8.57      
   30405     |      22.54       |      21.97      
   30406     |      19.00       |      18.33      
   30407     |      20.48       |      20.59      
   30408     |      13.97       |      14.10      
   30409     |       8.75       |       8.57      
   30410     |      15.90       |      15.88      
   30411     |      23.94       |      24.15      
   30412     |      14.14       |      14.39      
   30413     |      16.00       |      16.30      
   30414     |      14.04       |      14.37      
   30415     |      13.32       |      13.65      
   30416     |      23.53       |      23.82      
   30417     |      12.94       |      12.90      
   30418     |      25.44       |      25.56      
   30419     |      22.17       |      22.19      
   30420     |      23.81       |      23.87      
   30421     |      27.57       |      27.74      
   30422     |      24.61       |      24.78      
   30423     |      23.93       |      24.09      
   30424     |      24.94       |      25.13      
   30425     |      19.57       |      19.52      
   30426     |      43.77       |      43.97      
   30427     |      31.09       |      30.94      
   30428     |      31.60       |      31.49      
   30429     |      38.79       |      38.90      
   30430     |      33.78       |      33.86      
   30431     |      16.09       |      16.28      
   30432     |      48.47       |      48.82      
   30433     |      38.01       |      38.19      
   30434     |      35.83       |      36.01      
   30435     |      28.48       |      27.70      
   30436     |      50.55       |      50.40      
   30437     |      54.34       |      54.32      
   30438     |      35.00       |      34.78      
   30439     |      52.67       |      53.01      
   30440     |      37.51       |      37.84      
   30441     |      38.57       |      38.92      
   30442     |      30.54       |      30.89      
   30443     |      26.88       |      27.32      
   30444     |      49.20       |      49.66      
   30445     |      41.42       |      41.77      
   30446     |      41.01       |      41.37      
   30447     |      32.00       |      32.12      
   30448     |      35.52       |      35.70      
   30449     |      38.90       |      39.19      
   30450     |      45.95       |      46.28      
   30451     |      34.26       |      34.77      
   30453     |      53.72       |      53.88      
   30455     |      58.95       |      59.09      
   30458     |      55.45       |      55.84      
   30459     |      52.55       |      52.89      
   30463     |      51.30       |      51.61      
   30466     |      45.25       |      46.15      
   30467     |      54.21       |      54.98      
   30469     |      58.99       |      59.72      
   30470     |      57.98       |      58.70      
   30471     |      57.16       |      57.86      
   30472     |      46.93       |      47.61      
   30473     |      49.55       |      50.26      
   30474     |      54.16       |      54.85      
   30475     |      52.16       |      52.82      
   30476     |      58.36       |      59.02      
   30477     |      57.16       |      57.80      
   30478     |      48.50       |      49.10      
   30479     |      49.77       |      50.38      
   30481     |      45.99       |      46.27      
   30482     |      45.23       |      45.49      
   30483     |      53.16       |      53.62      
   30484     |      48.18       |      48.61      
   30485     |      48.88       |      49.31      
   30486     |      49.36       |      49.77      
   30488     |      30.94       |      31.65      
   30489     |      41.09       |      41.61      
   30490     |      43.66       |      44.16      
   30491     |      37.03       |      37.38      
   30492     |      19.26       |      19.38      
   30493     |      19.25       |      19.36      
   30494     |      18.04       |      18.10      
   30495     |      10.12       |      10.20      
   30496     |      17.61       |      17.87      
   30497     |       6.92       |       7.54      
   30498     |      17.23       |      17.76      
   30499     |      13.75       |      14.39      
   30500     |      24.10       |      24.64      
   30501     |      16.33       |      16.74      
   30502     |      16.64       |      17.03      
   30503     |      18.22       |      18.63      
   30504     |      18.03       |      18.43      
   30505     |      10.61       |      10.68      
   30506     |      12.92       |      13.02      
   30507     |      16.58       |      16.84      
   30508     |       7.07       |       7.26      
   30509     |       5.24       |       5.55      
   30510     |       0.90       |       1.35      
   30511     |       2.89       |       2.92      
   30512     |       6.35       |       6.48      
   30513     |       4.11       |       3.61      
   30514     |       5.05       |       4.70      
   30515     |       2.95       |       2.86      
   30516     |       1.00       |       1.06      
   30517     |      17.93       |      18.42      
   30518     |      12.59       |      13.03      
   30519     |       4.35       |       5.09      
   30520     |       7.84       |       8.18      
   30521     |       9.74       |       9.48      
   30522     |       8.42       |       7.95      
   30523     |      18.44       |      18.48      
   30524     |       7.56       |       7.77      
   30525     |      21.29       |      20.88      
   30526     |      13.36       |      12.63      
   30527     |      24.63       |      24.73      
   30528     |      20.31       |      20.45      
   30529     |       9.34       |       8.59      
   30530     |      17.10       |      16.74      
   30531     |      21.84       |      21.73      
   30532     |       6.08       |       5.49      
   30533     |      16.76       |      16.85      
   30534     |      20.36       |      20.58      
   30535     |      11.89       |      11.86      
   30536     |       7.96       |       7.90      
   30537     |      10.89       |      11.03      
   30538     |      24.11       |      24.26      
   30539     |      18.58       |      18.58      
   30540     |      16.92       |      16.93      
   30541     |      19.58       |      19.69      
   30542     |      13.75       |      13.85      
   30543     |      11.74       |      11.73      
   30544     |      12.42       |      12.44      
   30545     |       9.60       |       9.29      
   30546     |      21.82       |      21.85      
   30547     |      28.42       |      28.64      
   30548     |      27.10       |      27.33      
   30549     |      19.07       |      19.04      
   30550     |      24.64       |      24.71      
   30551     |      24.47       |      24.53      
   30552     |      18.72       |      18.71      
   30553     |      29.07       |      29.42      
   30554     |      24.14       |      24.49      
   30555     |      22.83       |      23.15      
   30556     |      37.37       |      37.75      
   30557     |      27.51       |      27.70      
   30558     |      32.29       |      32.53      
   30559     |      22.86       |      22.78      
   30560     |      38.36       |      38.51      
   30561     |      33.69       |      33.68      
   30562     |      32.31       |      32.30      
   30563     |       8.37       |       8.94      
   30564     |      52.85       |      53.39      
   30565     |      52.61       |      53.16      
   30566     |      53.90       |      54.46      
   30567     |      43.52       |      43.96      
   30568     |      39.00       |      39.46      
   30569     |      38.00       |      38.46      
   30570     |      28.24       |      28.73      
   30571     |      30.64       |      31.08      
   30572     |      41.83       |      42.29      
   30573     |      40.36       |      40.81      
   30574     |      34.87       |      35.33      
   30575     |      31.56       |      32.10      
   30576     |      37.36       |      37.92      
   30577     |      39.10       |      39.63      
   30578     |      46.33       |      46.87      
   30579     |      47.42       |      47.99      
   30580     |      54.00       |      54.58      
   30581     |      31.49       |      31.53      
   30582     |      58.36       |      58.61      
   30586     |      52.60       |      52.91      
   30587     |      58.46       |      58.89      
   30590     |      51.18       |      51.67      
   30592     |      54.30       |      55.01      
   30594     |      52.05       |      52.87      
   30595     |      54.54       |      55.38      
   30596     |      55.18       |      56.01      
   30599     |      58.14       |      58.92      
   30600     |      51.55       |      52.31      
   30601     |      46.92       |      47.61      
   30602     |      58.35       |      59.03      
   30603     |      54.25       |      54.86      
   30605     |      59.19       |      59.63      
   30606     |      46.80       |      47.17      
   30607     |      49.46       |      49.90      
   30608     |      46.11       |      46.51      
   30610     |      50.36       |      51.04      
   30611     |      43.05       |      43.61      
   30612     |      48.56       |      49.11      
   30613     |      47.78       |      48.31      
   30614     |      42.75       |      43.25      
   30615     |      49.24       |      49.85      
   30616     |      55.05       |      55.65      
   30617     |      41.86       |      42.18      
   30618     |      32.99       |      33.23      
   30619     |      43.67       |      44.19      
   30620     |      17.68       |      18.12      
   30621     |      28.03       |      28.24      
   30622     |      12.90       |      12.70      
   30623     |      16.58       |      16.38      
   30624     |      14.20       |      13.84      
   30625     |       5.68       |       4.85      
   30626     |      13.54       |      13.74      
   30627     |      21.86       |      21.95      
   30628     |      31.46       |      31.64      
   30629     |      26.68       |      26.67      
   30630     |      20.80       |      20.65      
   30631     |      14.91       |      14.72      
   30632     |      26.27       |      26.32      
   30633     |      22.46       |      22.28      
   30634     |      29.03       |      28.96      
   30635     |      24.62       |      24.10      
   30636     |      21.91       |      21.23      
   30637     |      18.86       |      18.38      
   30638     |       6.81       |       6.21      
   30639     |      22.22       |      21.88      
   30640     |      35.52       |      35.41      
   30641     |      30.35       |      29.65      
   30642     |      29.34       |      28.56      
   30643     |      35.79       |      35.45      
   30644     |      10.19       |       9.41      
   30645     |      18.38       |      18.24      
   30646     |       0.30       |       0.64      
   30647     |       2.03       |       2.39      
   30648     |       8.75       |       8.95      
   30649     |       6.09       |       6.58      
   30650     |      18.49       |      18.56      
   30651     |       7.27       |       6.57      
   30652     |       8.35       |       7.74      
   30653     |      18.83       |      19.17      
   30654     |      25.19       |      25.43      
   30655     |      12.77       |      12.82      
   30656     |       1.38       |       1.67      
   30657     |       6.54       |       7.10      
   30658     |      20.88       |      21.09      
   30659     |       7.42       |       6.81      
   30660     |       7.09       |       6.42      
   30661     |       8.08       |       8.35      
   30662     |      11.43       |      11.66      
   30663     |      10.22       |      10.41      
   30664     |      10.80       |      11.00      
   30665     |       6.90       |       6.88      
   30666     |      18.03       |      18.11      
   30667     |      15.85       |      15.85      
   30668     |      19.88       |      19.92      
   30669     |      15.15       |      14.94      
   30670     |      13.50       |      13.27      
   30671     |      12.70       |      12.36      
   30672     |      10.88       |      10.46      
   30673     |      22.85       |      23.13      
   30674     |      28.14       |      28.42      
   30675     |      24.22       |      24.44      
   30676     |       2.39       |       1.53      
   30677     |      21.38       |      21.17      
   30678     |      26.19       |      26.11      
   30679     |      24.28       |      24.07      
   30680     |      32.87       |      32.84      
   30681     |      39.66       |      39.84      
   30682     |      24.59       |      24.66      
   30683     |      20.95       |      20.78      
   30684     |      29.33       |      29.36      
   30685     |      26.74       |      26.62      
   30686     |      26.26       |      26.14      
   30687     |      23.08       |      22.97      
   30688     |      32.02       |      32.08      
   30689     |      24.55       |      23.92      
   30690     |      36.49       |      36.18      
   30692     |      51.30       |      51.68      
   30693     |      43.45       |      43.70      
   30694     |      43.35       |      43.61      
   30695     |      44.46       |      44.75      
   30696     |      37.60       |      37.90      
   30697     |      39.56       |      39.90      
   30698     |      28.39       |      28.72      
   30699     |      27.99       |      28.34      
   30700     |      40.30       |      40.71      
   30701     |      45.56       |      46.07      
   30702     |      40.53       |      41.05      
   30703     |      35.99       |      36.61      
   30704     |      43.02       |      43.64      
   30705     |      39.13       |      39.84      
   30706     |      39.90       |      40.63      
   30707     |      47.56       |      48.14      
   30708     |      52.05       |      52.64      
   30709     |      36.68       |      37.59      
   30710     |      46.83       |      47.72      
   30714     |      59.05       |      59.61      
   30720     |      55.21       |      56.12      
   30721     |      52.52       |      53.47      
   30723     |      52.23       |      53.07      
   30725     |      54.71       |      55.42      
   30729     |      53.74       |      54.11      
   30730     |      41.58       |      41.86      
   30731     |      58.36       |      59.03      
   30732     |      54.98       |      55.63      
   30735     |      45.40       |      46.04      
   30736     |      44.93       |      45.56      
   30737     |      45.28       |      45.90      
   30738     |      51.91       |      52.51      
   30739     |      50.14       |      50.71      
   30740     |      58.26       |      58.82      
   30741     |      49.22       |      49.60      
   30742     |      34.27       |      34.55      
   30743     |      42.71       |      43.23      
   30744     |      48.81       |      49.31      
   30745     |      55.05       |      55.64      
   30746     |      31.92       |      32.51      
   30747     |      29.51       |      30.16      
   30748     |      37.54       |      38.15      
   30749     |      27.17       |      27.55      
   30750     |      13.33       |      13.54      
   30751     |      25.56       |      25.56      
   30752     |      10.79       |       9.86      
   30753     |      20.44       |      19.82      
   30754     |      29.22       |      28.98      
   30755     |      28.55       |      28.25      
   30756     |      27.56       |      27.20      
   30757     |      33.45       |      33.46      
   30758     |      23.47       |      23.28      
   30759     |      21.10       |      20.62      
   30760     |      18.53       |      17.87      
   30761     |      25.91       |      25.97      
   30762     |      12.90       |      12.68      
   30763     |      25.64       |      25.97      
   30764     |      17.97       |      17.85      
   30765     |       7.96       |       7.26      
   30766     |       9.86       |       9.58      
   30767     |      16.54       |      16.73      
   30768     |      11.03       |      11.20      
   30769     |      33.12       |      33.57      
   30770     |      36.11       |      36.21      
   30771     |      19.07       |      19.01      
   30772     |      18.54       |      18.50      
   30773     |      10.95       |      10.67      
   30774     |       3.05       |       2.32      
   30775     |       3.42       |       2.91      
   30776     |       5.44       |       5.28      
   30777     |       1.19       |       2.00      
   30778     |       3.36       |       3.67      
   30779     |      13.75       |      13.35      
   30780     |       9.88       |       9.19      
   30781     |      31.84       |      31.26      
   30782     |      28.97       |      28.22      
   30783     |      48.19       |      48.16      
   30784     |       5.67       |       5.54      
   30785     |       7.54       |       7.59      
   30786     |       3.74       |       3.86      
   30787     |       3.01       |       2.24      
   30788     |       8.86       |       8.68      
   30789     |       7.04       |       6.57      
   30790     |      11.67       |      11.44      
   30791     |      10.19       |       9.78      
   30792     |       9.30       |       8.86      
   30793     |      13.85       |      13.84      
   30794     |      15.65       |      15.67      
   30795     |      14.14       |      14.10      
   30796     |      13.49       |      13.46      
   30797     |      20.41       |      20.63      
   30798     |       9.11       |       9.40      
   30799     |      15.25       |      15.69      
   30800     |      22.79       |      23.16      
   30801     |      16.23       |      16.51      
   30802     |      23.98       |      24.25      
   30803     |      15.23       |      15.27      
   30804     |       3.26       |       2.38      
   30805     |       9.44       |       9.88      
   30806     |      18.95       |      19.32      
   30807     |      19.47       |      19.86      
   30808     |      38.45       |      38.80      
   30809     |      20.86       |      20.78      
   30810     |      19.42       |      19.33      
   30811     |      20.09       |      20.05      
   30812     |      24.05       |      24.09      
   30813     |      25.39       |      25.49      
   30814     |      23.17       |      23.26      
   30815     |      18.73       |      18.55      
   30816     |      33.51       |      33.56      
   30817     |      15.02       |      15.61      
   30819     |      49.73       |      50.05      
   30820     |      43.44       |      43.75      
   30821     |      47.15       |      47.54      
   30822     |      44.61       |      45.01      
   30823     |      31.56       |      31.62      
   30824     |      40.04       |      40.20      
   30825     |      29.63       |      29.05      
   30826     |      36.04       |      35.67      
   30827     |      45.27       |      45.37      
   30828     |      46.00       |      46.13      
   30830     |      35.38       |      35.87      
   30831     |      40.30       |      40.71      
   30832     |      41.44       |      41.87      
   30833     |      53.71       |      54.33      
   30834     |      50.15       |      50.78      
   30835     |      41.23       |      42.03      
   30836     |      48.71       |      49.50      
   30837     |      53.70       |      54.42      
   30838     |      55.48       |      56.21      
   30839     |      45.98       |      46.86      
   30848     |      57.50       |      58.34      
   30849     |      50.31       |      51.03      
   30852     |      51.68       |      52.37      
   30859     |      38.83       |      39.46      
   30861     |      55.26       |      55.79      
   30863     |      59.12       |      59.57      
   30864     |      44.07       |      44.44      
   30865     |      45.96       |      46.38      
   30866     |      34.15       |      34.49      
   30867     |      52.33       |      53.05      
   30868     |      51.01       |      51.72      
   30870     |      48.39       |      49.20      
   30871     |      33.13       |      33.72      
   30872     |      37.00       |      37.57      
   30873     |      50.34       |      51.07      
   30874     |      30.86       |      31.65      
   30875     |      33.09       |      33.80      
   30876     |      39.70       |      40.37      
   30877     |      37.88       |      38.53      
   30878     |      27.38       |      28.07      
   30879     |      27.04       |      27.75      
   30880     |      14.16       |      15.01      
   30881     |      27.08       |      27.37      
   30882     |      23.78       |      24.05      
   30883     |      22.71       |      22.94      
   30884     |      22.22       |      22.42      
   30885     |      19.86       |      19.94      
   30886     |      20.21       |      20.28      
   30887     |       8.11       |       8.47      
   30888     |       6.51       |       6.86      
   30889     |      11.55       |      11.67      
   30890     |      15.38       |      15.53      
   30891     |      11.77       |      11.66      
   30892     |       7.80       |       7.09      
   30893     |      10.48       |       9.69      
   30894     |      10.76       |       9.85      
   30895     |       8.24       |       8.18      
   30896     |       6.19       |       6.04      
   30897     |      11.01       |      11.24      
   30898     |      18.99       |      18.89      
   30899     |      11.10       |      10.65      
   30900     |      11.36       |      10.94      
   30901     |      11.39       |      10.98      
   30902     |       4.89       |       4.11      
   30903     |       5.97       |       5.52      
   30904     |       2.72       |       1.84      
   30905     |       3.03       |       2.15      
   30906     |      29.91       |      29.90      
   30907     |      18.91       |      18.23      
   30908     |      27.93       |      27.50      
   30909     |      27.59       |      27.12      
   30910     |      50.38       |      50.10      
   30911     |      48.59       |      48.25      
   30912     |      21.10       |      20.34      
   30913     |      36.19       |      36.20      
   30914     |       1.52       |       1.56      
   30915     |      11.57       |      11.13      
   30916     |       8.09       |       7.50      
   30917     |      10.80       |      10.63      
   30918     |       8.49       |       8.27      
   30919     |      14.38       |      14.53      
   30920     |      13.47       |      13.63      
   30921     |      14.02       |      14.22      
   30922     |      13.40       |      13.62      
   30923     |       6.84       |       6.59      
   30924     |      21.05       |      21.09      
   30925     |      17.10       |      16.97      
   30926     |      16.61       |      16.49      
   30927     |      19.57       |      19.61      
   30928     |      17.41       |      17.44      
   30929     |      14.68       |      14.55      
   30930     |      15.99       |      15.91      
   30931     |      13.55       |      13.27      
   30932     |      12.58       |      12.28      
   30933     |      12.41       |      12.08      
   30934     |      21.82       |      21.77      
   30935     |      19.95       |      19.79      
   30936     |      21.07       |      20.96      
   30937     |      28.48       |      28.65      
   30938     |      18.60       |      18.72      
   30939     |      18.55       |      18.67      
   30940     |      24.50       |      24.70      
   30941     |      27.91       |      28.21      
   30942     |      21.32       |      21.63      
   30943     |      17.46       |      17.94      
   30944     |      34.14       |      34.57      
   30945     |      39.19       |      39.69      
   30946     |      50.70       |      51.19      
   30947     |      44.92       |      45.34      
   30948     |      47.44       |      47.88      
   30949     |      34.17       |      34.34      
   30950     |      31.00       |      31.16      
   30951     |      28.71       |      28.78      
   30952     |      52.15       |      52.40      
   30953     |      23.86       |      24.77      
   30954     |      47.66       |      48.44      
   30955     |      49.96       |      50.76      
   30957     |      49.32       |      49.92      
   30958     |      34.12       |      34.75      
   30959     |      35.93       |      36.53      
   30960     |      53.63       |      54.23      
   30961     |      41.69       |      42.12      
   30962     |      48.82       |      49.29      
   30964     |      51.51       |      52.15      
   30965     |      47.11       |      47.83      
   30966     |      55.38       |      56.10      
   30977     |      58.11       |      59.00      
   30978     |      57.14       |      58.02      
   30981     |      51.75       |      52.51      
   30986     |      53.74       |      54.49      
   30988     |      56.01       |      56.84      
   30990     |      51.52       |      52.42      
   30993     |      43.17       |      44.05      
   30994     |      48.82       |      49.66      
   30995     |      32.65       |      33.24      
   30996     |      39.34       |      39.92      
   30997     |      51.40       |      52.15      
   30998     |      40.07       |      40.84      
   30999     |      49.05       |      49.89      
   31000     |      40.32       |      41.19      
   31001     |      42.93       |      43.73      
   31002     |      34.34       |      35.16      
   31003     |      35.83       |      36.60      
   31004     |      40.46       |      41.18      
   31005     |      39.23       |      39.98      
   31006     |      28.98       |      29.79      
   31007     |      32.86       |      33.53      
   31008     |      29.47       |      30.15      
   31009     |      30.59       |      31.22      
   31010     |      25.80       |      26.45      
   31011     |      28.20       |      28.76      
   31012     |      26.29       |      26.84      
   31013     |      21.68       |      22.16      
   31014     |       8.30       |       8.89      
   31015     |      19.83       |      19.98      
   31016     |      15.44       |      15.52      
   31017     |      12.90       |      12.77      
   31018     |      14.91       |      14.82      
   31019     |      16.07       |      16.06      
   31020     |       5.61       |       4.92      
   31021     |       4.53       |       4.15      
   31022     |       5.22       |       4.87      
   31023     |       5.52       |       4.74      
   31024     |       7.61       |       7.15      
   31025     |       4.31       |       4.36      
   31026     |      10.21       |      10.16      
   31027     |       4.90       |       3.94      
   31028     |      11.54       |      11.08      
   31029     |      12.83       |      12.47      
   31030     |       6.37       |       5.80      
   31031     |      11.64       |      11.56      
   31032     |       0.36       |       0.68      
   31033     |       5.89       |       6.33      
   31034     |      18.64       |      18.86      
   31035     |      30.88       |      31.24      
   31036     |      26.39       |      26.79      
   31037     |      24.76       |      25.14      
   31038     |      46.69       |      46.90      
   31039     |      22.49       |      22.14      
   31040     |      37.98       |      37.82      
   31041     |      29.58       |      29.01      
   31042     |      19.98       |      19.11      
   31043     |      13.99       |      13.68      
   31044     |      11.93       |      11.57      
   31045     |      18.91       |      18.98      
   31046     |      14.47       |      14.57      
   31047     |      10.59       |      10.48      
   31048     |      14.47       |      14.43      
   31049     |      11.45       |      11.20      
   31050     |       7.73       |       7.30      
   31051     |      10.45       |      10.39      
   31052     |      16.06       |      16.09      
   31053     |      13.52       |      13.41      
   31054     |      19.67       |      19.68      
   31055     |      14.05       |      13.62      
   31056     |      16.54       |      16.24      
   31057     |      21.87       |      21.90      
   31058     |      11.71       |      11.59      
   31059     |      18.29       |      18.54      
   31060     |       9.24       |       9.52      
   31061     |       9.02       |       9.30      
   31062     |      16.86       |      17.14      
   31063     |      14.77       |      14.99      
   31064     |      27.89       |      28.15      
   31065     |      25.67       |      25.88      
   31066     |      18.10       |      18.29      
   31067     |      32.58       |      33.08      
   31068     |      29.36       |      29.89      
   31069     |      25.14       |      25.63      
   31070     |      25.30       |      25.81      
   31071     |      22.93       |      23.55      
   31072     |      39.50       |      40.02      
   31073     |      38.48       |      39.00      
   31074     |      45.78       |      46.29      
   31075     |      33.95       |      34.31      
   31076     |      34.25       |      34.63      
   31077     |      30.93       |      31.23      
   31078     |      34.70       |      35.03      
   31079     |      28.59       |      29.08      
   31080     |      52.74       |      53.25      
   31081     |      56.16       |      56.71      
   31082     |      46.72       |      47.29      
   31083     |      36.24       |      36.64      
   31084     |      48.29       |      48.72      
   31085     |      47.63       |      48.06      
   31086     |      48.43       |      48.88      
   31087     |      35.10       |      35.84      
   31088     |      41.76       |      42.49      
   31089     |      43.86       |      44.55      
   31091     |      50.75       |      51.32      
   31092     |      51.02       |      51.60      
   31095     |      45.85       |      46.38      
   31096     |      57.57       |      58.12      
   31107     |      57.55       |      58.47      
   31110     |      56.44       |      57.05      
   31112     |      40.58       |      41.23      
   31114     |      57.45       |      58.42      
   31115     |      55.43       |      56.38      
   31117     |      56.56       |      57.45      
   31118     |      49.84       |      50.74      
   31119     |      51.68       |      52.58      
   31120     |      57.32       |      58.19      
   31121     |      58.60       |      59.48      
   31122     |      52.28       |      53.17      
   31123     |      48.92       |      49.77      
   31124     |      46.18       |      47.02      
   31125     |      39.76       |      40.53      
   31126     |      37.47       |      38.22      
   31127     |      40.23       |      41.01      
   31128     |      42.20       |      42.95      
   31129     |      40.17       |      40.97      
   31130     |      36.50       |      37.31      
   31131     |      41.44       |      42.11      
   31132     |      37.50       |      38.17      
   31133     |      39.11       |      39.73      
   31134     |      32.17       |      32.81      
   31135     |      33.57       |      34.16      
   31136     |      29.89       |      30.49      
   31137     |      29.71       |      30.31      
   31138     |      28.25       |      28.83      
   31139     |      29.54       |      30.08      
   31140     |      36.99       |      37.48      
   31141     |      24.90       |      25.13      
   31142     |      19.69       |      19.88      
   31143     |      18.65       |      18.86      
   31144     |      24.64       |      24.87      
   31145     |      17.18       |      16.99      
   31146     |      15.61       |      15.34      
   31147     |      15.94       |      15.71      
   31148     |       8.65       |       7.66      
   31149     |       8.65       |       7.65      
   31150     |       8.19       |       7.32      
   31151     |       6.00       |       5.18      
   31152     |       6.12       |       5.33      
   31153     |       8.60       |       7.70      
   31154     |       8.26       |       7.27      
   31155     |       9.10       |       8.60      
   31156     |      12.83       |      12.46      
   31157     |       9.64       |       8.66      
   31158     |      14.34       |      13.65      
   31159     |      14.38       |      13.70      
   31160     |      10.14       |       9.25      
   31161     |      15.44       |      15.21      
   31162     |       9.09       |       8.91      
   31163     |      18.79       |      19.08      
   31164     |      14.71       |      15.05      
   31165     |      26.68       |      27.12      
   31166     |      23.37       |      23.85      
   31167     |      13.02       |      12.49      
   31168     |      23.15       |      22.86      
   31169     |      18.58       |      17.72      
   31170     |      21.86       |      21.18      
   31171     |      29.60       |      29.45      
   31172     |      21.12       |      20.90      
   31174     |      14.17       |      13.62      
   31176     |      11.83       |      11.49      
   31178     |      12.20       |      11.80      
   31180     |      13.06       |      13.05      
   31183     |      16.09       |      15.52      
   31184     |      25.26       |      25.00      
   31198     |      24.65       |      24.74      
   31200     |      36.61       |      36.87      
   31202     |      33.54       |      33.77      
   31203     |      36.86       |      37.18      
   31204     |      33.82       |      34.14      
   31205     |      31.24       |      31.64      
   31206     |      31.41       |      31.82      
   31207     |      34.71       |      35.05      
   31208     |      55.36       |      55.76      
   31209     |      58.35       |      58.81      
   31210     |      36.41       |      36.86      
   31211     |      38.19       |      38.69      
   31212     |      48.06       |      48.58      
   31213     |      51.62       |      52.20      
   31214     |      49.27       |      49.86      
   31215     |      47.71       |      48.29      
   31216     |      45.40       |      45.99      
   31217     |      41.06       |      41.75      
   31218     |      52.17       |      52.86      
   31219     |      49.87       |      50.55      
   31222     |      54.84       |      55.54      
   31223     |      49.16       |      49.98      
   31225     |      51.81       |      52.44      
   31231     |      56.21       |      56.75      
   31238     |      53.03       |      53.90      
   31239     |      58.09       |      59.00      
   31240     |      53.36       |      54.28      
   31241     |      40.59       |      41.32      
   31242     |      52.24       |      52.95      
   31243     |      55.30       |      56.05      
   31244     |      49.50       |      50.24      
   31246     |      46.04       |      46.92      
   31247     |      50.01       |      50.91      
   31248     |      50.12       |      51.01      
   31249     |      58.40       |      59.34      
   31250     |      52.29       |      53.25      
   31251     |      53.41       |      54.36      
   31252     |      55.95       |      56.89      
   31253     |      46.31       |      47.17      
   31254     |      38.46       |      39.32      
   31255     |      36.28       |      37.20      
   31256     |      41.49       |      42.36      
   31258     |      44.48       |      45.31      
   31260     |      42.49       |      43.30      
   31338     |      38.50       |      38.58      
   31340     |      51.12       |      51.62      
   31342     |      47.75       |      48.33      
   31343     |      55.19       |      55.87      
   31344     |      44.00       |      44.72      
   31345     |      46.16       |      46.83      
   31346     |      50.02       |      50.70      
   31350     |      55.49       |      56.29      
   31351     |      56.08       |      56.88      
   31352     |      47.62       |      48.45      
   31353     |      52.69       |      53.40      
   31357     |      58.28       |      58.83      
   31358     |      56.43       |      56.99      
   31478     |      51.21       |      51.67      
   31480     |      44.78       |      45.36      
   31487     |      56.66       |      57.35      
   31614     |      56.07       |      56.68      
   42205     |      47.35       |      47.40      
   42207     |      37.23       |      37.79      
   42209     |      51.30       |      52.08      
   42212     |      56.40       |      57.16      
   42225     |      56.77       |      57.59      
   42229     |      52.13       |      52.80      
   42231     |      53.86       |      54.50      
   42233     |      57.08       |      57.68      
   42239     |      55.62       |      56.29      
   42336     |      58.98       |      59.70      
   42352     |      57.24       |      57.90      
   42353     |      58.44       |      59.12      
   42356     |      52.08       |      52.77      
   42357     |      49.18       |      49.81      
   42358     |      53.94       |      54.56      
   42359     |      57.52       |      58.20      
   42360     |      56.77       |      57.44      
   42366     |      55.75       |      56.38      
   42464     |      59.10       |      59.79      
   42480     |      58.04       |      58.87      
   42481     |      52.56       |      53.31      
   42484     |      48.98       |      49.67      
   42486     |      57.46       |      58.30      
   42487     |      53.47       |      54.26      
   42489     |      54.67       |      55.38      
   42493     |      59.20       |      59.78      
   42608     |      54.06       |      54.55      
   42613     |      58.77       |      59.49      
   42614     |      53.60       |      54.30      
   42615     |      57.54       |      58.29      
   42616     |      54.60       |      55.34      
   42617     |      55.73       |      56.49      
   42619     |      58.30       |      59.00      
   42620     |      58.82       |      59.51      
   42621     |      57.71       |      58.38      
   42704     |      53.44       |      54.25      
   42739     |      59.03       |      59.72      
   42740     |      58.91       |      59.59      
   42742     |      57.66       |      58.35      
   42744     |      55.80       |      56.52      
   42745     |      58.25       |      58.99      
   42746     |      58.25       |      58.98      
   42747     |      57.77       |      58.49      
   42748     |      57.63       |      58.34      
   42749     |      56.52       |      57.22      
   42833     |      53.26       |      53.69      
   42866     |      58.72       |      59.52      
   42869     |      56.53       |      57.32      
   42872     |      58.24       |      59.00      
   42873     |      57.86       |      58.61      
   42874     |      57.75       |      58.49      
   42875     |      56.84       |      57.57      
   42876     |      56.49       |      57.21      
   42877     |      58.53       |      59.26      
   42995     |      48.78       |      49.40      
   42996     |      57.17       |      57.79      
   43000     |      57.86       |      58.67      
   43001     |      55.23       |      56.01      
   43002     |      56.83       |      57.59      
   43003     |      56.35       |      57.10      
   43004     |      58.53       |      59.27      
   43005     |      55.62       |      56.33      
   43122     |      50.61       |      51.04      
   43128     |      55.65       |      56.28      
   43130     |      56.49       |      57.16      
   43131     |      55.32       |      55.98      
   43132     |      55.81       |      56.45      
   43255     |      54.02       |      54.55      
   43258     |      55.84       |      56.41      
   43382     |      52.93       |      53.61      
   43389     |      54.72       |      55.34      
   43391     |      53.86       |      54.20      
   43513     |      54.55       |      55.22      
   43515     |      57.57       |      58.15      
   43516     |      55.14       |      55.71      
   43517     |      59.21       |      59.82      
   43518     |      51.19       |      51.78      
   43519     |      44.51       |      45.00      
   43640     |      54.49       |      55.31      
   43642     |      38.37       |      39.26      
   43643     |      56.94       |      57.67      
   43644     |      58.80       |      59.52      
   43645     |      42.99       |      43.54      
   43646     |      44.20       |      44.73      
   43647     |      44.48       |      45.01      
   43752     |      51.43       |      52.22      
   43767     |      49.25       |      49.81      
   43770     |      38.86       |      39.23      
   43771     |      56.90       |      57.56      
   43772     |      42.40       |      43.04      
   43773     |      37.63       |      38.21      
   43774     |      44.23       |      44.80      
   43775     |      48.97       |      49.59      
   43881     |      52.35       |      53.20      
   43891     |      52.52       |      53.01      
   43894     |      50.17       |      50.66      
   43895     |      47.99       |      48.44      
   43898     |      58.55       |      59.05      
   43899     |      51.97       |      52.36      
   43900     |      41.13       |      41.45      
   43901     |      49.21       |      49.69      
   43902     |      50.45       |      50.92      
   43903     |      53.43       |      53.95      
   44013     |      52.97       |      53.51      
   44018     |      56.79       |      57.05      
   44022     |      50.01       |      50.36      
   44026     |      49.53       |      50.10      
   44027     |      40.13       |      40.55      
   44028     |      49.98       |      50.42      
   44029     |      48.51       |      48.92      
   44030     |      54.97       |      55.39      
   44031     |      53.04       |      53.43      
   44140     |      52.41       |      53.04      
   44151     |      55.85       |      56.39      
   44153     |      55.77       |      56.10      
   44154     |      43.90       |      44.14      
   44155     |      54.57       |      55.03      
   44156     |      48.28       |      48.71      
   44157     |      54.79       |      55.31      
   44158     |      51.25       |      51.75      
   44159     |      53.23       |      53.75      
   44275     |      56.06       |      56.70      
   44277     |      56.99       |      57.55      
   44278     |      55.84       |      56.39      
   44280     |      51.45       |      52.01      
   44281     |      54.98       |      55.58      
   44282     |      52.79       |      53.37      
   44283     |      58.19       |      58.82      
   44284     |      53.72       |      54.33      
   44285     |      49.95       |      50.53      
   44286     |      52.53       |      53.10      
   44287     |      51.52       |      52.07      
   44388     |      43.65       |      44.47      
   44391     |      56.58       |      57.23      
   44402     |      58.69       |      59.03      
   44404     |      57.81       |      58.32      
   44405     |      58.34       |      58.86      
   44407     |      57.49       |      57.95      
   44408     |      57.40       |      57.86      
   44410     |      59.13       |      59.68      
   44412     |      49.92       |      50.50      
   44413     |      51.15       |      51.74      
   44414     |      51.19       |      51.77      
   44514     |      46.31       |      47.06      
   44517     |      41.74       |      42.41      
   44519     |      56.37       |      57.07      
   44526     |      58.26       |      58.88      
   44532     |      58.70       |      59.18      
   44533     |      57.10       |      57.57      
   44534     |      57.74       |      58.20      
   44537     |      57.33       |      57.67      
   44540     |      58.83       |      59.12      
   44643     |      46.08       |      46.77      
   44659     |      57.37       |      57.87      
   44660     |      56.82       |      57.31      
   44663     |      58.49       |      58.99      
   44664     |      53.27       |      53.74      
   44665     |      58.61       |      59.13      
   44783     |      57.46       |      58.06      
   44786     |      56.66       |      57.24      
   44787     |      58.53       |      59.12      
   44789     |      58.85       |      59.41      
   44790     |      57.73       |      58.28      
   44791     |      57.23       |      57.78      
   44792     |      58.50       |      59.04      
   44897     |      58.67       |      59.38      
   44910     |      57.32       |      57.95      
   44911     |      58.80       |      59.43      
   44913     |      58.72       |      59.33      
   44914     |      58.49       |      59.09      
   44915     |      57.63       |      58.22      
   44916     |      58.63       |      59.21      
   44917     |      58.36       |      58.94      
   44918     |      56.99       |      57.56      
   44919     |      57.44       |      58.01      
   44921     |      54.94       |      55.47      
   45032     |      56.50       |      57.19      
   45036     |      55.20       |      55.87      
   45038     |      58.75       |      59.39      
   45039     |      59.15       |      59.80      
   45040     |      58.61       |      59.24      
   45041     |      56.91       |      57.54      
   45042     |      57.38       |      58.00      
   45043     |      58.05       |      58.66      
   45044     |      58.04       |      58.64      
   45046     |      57.05       |      57.66      
   45047     |      52.78       |      53.37      
   45048     |      54.32       |      54.89      
   45049     |      56.79       |      57.37      
   45161     |      56.36       |      57.04      
   45162     |      59.13       |      59.80      
   45165     |      55.06       |      55.70      
   45166     |      59.10       |      59.74      
   45167     |      59.11       |      59.74      
   45168     |      55.70       |      56.32      
   45169     |      57.08       |      57.70      
   45171     |      57.99       |      58.60      
   45174     |      49.78       |      50.39      
   45175     |      52.61       |      53.21      
   45176     |      54.59       |      55.18      
   45177     |      56.80       |      57.39      
   45291     |      59.12       |      59.79      
   45292     |      58.57       |      59.23      
   45294     |      58.95       |      59.60      
   45295     |      59.09       |      59.73      
   45296     |      59.32       |      59.95      
   45297     |      55.68       |      56.32      
   45298     |      54.95       |      55.58      
   45300     |      57.93       |      58.52      
   45302     |      58.24       |      58.80      
   45303     |      50.63       |      51.20      
   45304     |      55.90       |      56.46      
   45305     |      55.22       |      55.78      
   45307     |      59.26       |      59.81      
   45309     |      55.74       |      56.20      
   45311     |      58.89       |      59.33      
   45420     |      58.99       |      59.65      
   45421     |      58.57       |      59.23      
   45422     |      57.93       |      58.58      
   45423     |      58.95       |      59.60      
   45424     |      57.76       |      58.39      
   45425     |      59.33       |      59.96      
   45426     |      56.37       |      56.99      
   45427     |      54.95       |      55.57      
   45428     |      55.42       |      56.03      
   45429     |      57.81       |      58.41      
   45430     |      58.39       |      58.98      
   45431     |      57.14       |      57.73      
   45432     |      56.03       |      56.61      
   45433     |      55.48       |      56.06      
   45434     |      53.31       |      53.88      
   45435     |      59.11       |      59.67      
   45436     |      54.57       |      55.11      
   45437     |      53.09       |      53.63      
   45438     |      55.69       |      56.22      
   45439     |      58.41       |      58.95      
   45548     |      58.80       |      59.47      
   45549     |      58.99       |      59.65      
   45550     |      57.90       |      58.55      
   45551     |      57.93       |      58.58      
   45552     |      57.16       |      57.80      
   45553     |      57.75       |      58.39      
   45554     |      56.02       |      56.64      
   45555     |      56.35       |      56.98      
   45556     |      54.20       |      54.81      
   45557     |      55.43       |      56.04      
   45558     |      54.39       |      54.99      
   45559     |      58.54       |      59.13      
   45560     |      54.76       |      55.34      
   45561     |      56.38       |      56.95      
   45562     |      55.86       |      56.42      
   45563     |      53.61       |      54.17      
   45564     |      55.20       |      55.75      
   45565     |      54.30       |      54.85      
   45566     |      58.52       |      59.06      
   45567     |      58.68       |      59.22      
   45676     |      59.03       |      59.70      
   45677     |      58.80       |      59.46      
   45678     |      57.59       |      58.25      
   45679     |      57.89       |      58.55      
   45680     |      56.71       |      57.36      
   45681     |      57.16       |      57.80      
   45682     |      54.86       |      55.50      
   45683     |      56.03       |      56.65      
   45684     |      55.55       |      56.17      
   45685     |      54.19       |      54.80      
   45686     |      55.30       |      55.90      
   45687     |      54.37       |      54.97      
   45688     |      55.36       |      55.95      
   45689     |      54.17       |      54.76      
   45690     |      53.95       |      54.53      
   45691     |      55.21       |      55.78      
   45692     |      52.21       |      52.78      
   45693     |      54.90       |      55.45      
   45694     |      50.27       |      50.82      
   45695     |      59.18       |      59.71      
   45805     |      59.03       |      59.70      
   45807     |      57.58       |      58.23      
   45808     |      54.28       |      54.93      
   45809     |      56.71       |      57.36      
   45810     |      55.85       |      56.49      
   45811     |      54.86       |      55.49      
   45812     |      54.33       |      54.96      
   45813     |      55.54       |      56.16      
   45814     |      56.36       |      56.97      
   45815     |      55.26       |      55.86      
   45816     |      52.54       |      53.14      
   45817     |      55.39       |      55.98      
   45818     |      52.97       |      53.55      
   45819     |      54.22       |      54.79      
   45820     |      51.86       |      52.43      
   45821     |      52.42       |      52.99      
   45822     |      51.29       |      51.84      
   45823     |      50.24       |      50.79      
   45932     |      59.10       |      59.78      
   45934     |      59.22       |      59.89      
   45936     |      56.78       |      57.43      
   45937     |      54.28       |      54.93      
   45938     |      54.53       |      55.17      
   45939     |      55.86       |      56.49      
   45940     |      54.69       |      55.32      
   45941     |      54.37       |      54.99      
   45942     |      54.28       |      54.89      
   45943     |      56.42       |      57.03      
   45944     |      53.62       |      54.22      
   45945     |      52.62       |      53.22      
   45946     |      52.89       |      53.47      
   45947     |      52.98       |      53.56      
   45948     |      51.30       |      51.87      
   45949     |      51.84       |      52.41      
   45950     |      50.24       |      50.79      
   45951     |      51.30       |      51.86      
   46060     |      59.23       |      59.91      
   46061     |      59.14       |      59.81      
   46062     |      58.83       |      59.49      
   46063     |      59.21       |      59.87      
   46064     |      56.97       |      57.62      
   46065     |      56.76       |      57.41      
   46066     |      55.77       |      56.41      
   46067     |      54.51       |      55.15      
   46068     |      53.78       |      54.40      
   46069     |      54.66       |      55.28      
   46070     |      53.42       |      54.03      
   46071     |      54.26       |      54.87      
   46072     |      52.56       |      53.17      
   46073     |      53.55       |      54.15      
   46074     |      51.66       |      52.25      
   46075     |      52.88       |      53.47      
   46076     |      51.70       |      52.28      
   46077     |      51.28       |      51.85      
   46078     |      50.59       |      51.15      
   46079     |      50.12       |      50.68      
   46189     |      59.19       |      59.87      
   46190     |      58.44       |      59.11      
   46191     |      58.77       |      59.43      
   46192     |      56.90       |      57.56      
   46193     |      57.00       |      57.65      
   46194     |      55.94       |      56.59      
   46195     |      55.80       |      56.44      
   46196     |      53.68       |      54.32      
   46197     |      53.82       |      54.45      
   46198     |      53.27       |      53.90      
   46199     |      53.46       |      54.07      
   46200     |      52.83       |      53.44      
   46201     |      52.60       |      53.20      
   46202     |      50.98       |      51.58      
   46203     |      51.70       |      52.29      
   46204     |      51.84       |      52.42      
   46205     |      51.70       |      52.27      
   46206     |      50.05       |      50.62      
   46207     |      50.62       |      51.18      
   46318     |      58.54       |      59.22      
   46319     |      58.44       |      59.11      
   46320     |      57.08       |      57.74      
   46321     |      56.93       |      57.59      
   46322     |      55.06       |      55.71      
   46323     |      55.93       |      56.58      
   46324     |      53.76       |      54.40      
   46325     |      53.67       |      54.31      
   46326     |      52.61       |      53.23      
   46327     |      53.27       |      53.89      
   46328     |      51.68       |      52.29      
   46329     |      52.86       |      53.47      
   46330     |      52.00       |      52.60      
   46331     |      50.99       |      51.58      
   46332     |      51.08       |      51.67      
   46333     |      51.85       |      52.43      
   46334     |      50.20       |      50.77      
   46335     |      50.06       |      50.63      
   46446     |      58.10       |      58.78      
   46447     |      58.54       |      59.21      
   46448     |      56.77       |      57.43      
   46449     |      57.06       |      57.72      
   46450     |      54.71       |      55.37      
   46451     |      55.04       |      55.69      
   46452     |      54.13       |      54.77      
   46453     |      53.76       |      54.39      
   46454     |      52.42       |      53.05      
   46455     |      52.61       |      53.23      
   46456     |      51.11       |      51.73      
   46457     |      51.67       |      52.29      
   46458     |      50.95       |      51.55      
   46459     |      51.99       |      52.59      
   46460     |      50.69       |      51.28      
   46461     |      51.12       |      51.71      
   46462     |      49.44       |      50.02      
   46463     |      50.25       |      50.82      
   46574     |      57.98       |      58.66      
   46575     |      58.10       |      58.77      
   46576     |      56.44       |      57.11      
   46577     |      56.77       |      57.43      
   46578     |      54.61       |      55.27      
   46579     |      54.72       |      55.37      
   46580     |      53.27       |      53.92      
   46581     |      54.12       |      54.76      
   46582     |      52.55       |      53.18      
   46583     |      52.43       |      53.06      
   46584     |      51.62       |      52.24      
   46585     |      51.11       |      51.73      
   46586     |      50.95       |      51.55      
   46587     |      50.92       |      51.52      
   46588     |      49.92       |      50.51      
   46589     |      50.65       |      51.24      
   46590     |      49.07       |      49.65      
   46591     |      49.39       |      49.97      
   46702     |      58.37       |      59.05      
   46703     |      57.98       |      58.66      
   46704     |      56.59       |      57.27      
   46705     |      56.43       |      57.09      
   46706     |      54.90       |      55.56      
   46707     |      54.62       |      55.27      
   46708     |      53.04       |      53.68      
   46709     |      53.27       |      53.91      
   46710     |      52.13       |      52.77      
   46711     |      52.55       |      53.19      
   46712     |      51.72       |      52.35      
   46713     |      51.61       |      52.23      
   46714     |      49.91       |      50.52      
   46715     |      51.00       |      51.60      
   46716     |      50.12       |      50.72      
   46717     |      49.96       |      50.56      
   46718     |      47.68       |      48.27      
   46719     |      49.15       |      49.74      
   46830     |      58.85       |      59.53      
   46831     |      58.39       |      59.07      
   46832     |      57.28       |      57.95      
   46833     |      56.63       |      57.29      
   46834     |      54.41       |      55.07      
   46835     |      54.92       |      55.58      
   46836     |      52.77       |      53.42      
   46837     |      53.04       |      53.69      
   46838     |      51.79       |      52.43      
   46839     |      52.13       |      52.77      
   46840     |      50.97       |      51.60      
   46841     |      51.72       |      52.35      
   46842     |      50.27       |      50.89      
   46843     |      49.90       |      50.51      
   46844     |      49.53       |      50.13      
   46845     |      50.10       |      50.69      
   46846     |      48.20       |      48.79      
   46847     |      47.64       |      48.22      
   46956     |      59.30       |      59.99      
   46958     |      59.15       |      59.84      
   46959     |      58.89       |      59.56      
   46960     |      57.55       |      58.23      
   46961     |      57.32       |      57.98      
   46962     |      55.62       |      56.28      
   46963     |      54.45       |      55.11      
   46964     |      53.31       |      53.96      
   46965     |      52.85       |      53.49      
   46966     |      51.45       |      52.08      
   46967     |      51.86       |      52.48      
   46968     |      50.65       |      51.27      
   46969     |      51.00       |      51.61      
   46970     |      49.75       |      50.37      
   46971     |      50.29       |      50.90      
   46972     |      48.09       |      48.69      
   46973     |      49.49       |      50.09      
   46974     |      47.85       |      48.44      
   46975     |      48.15       |      48.73      
   47076     |      57.88       |      58.57      
   47080     |      58.63       |      59.32      
   47084     |      59.11       |      59.81      
   47087     |      59.27       |      59.94      
   47088     |      52.96       |      53.63      
   47089     |      57.50       |      58.18      
   47090     |      57.42       |      58.08      
   47091     |      55.62       |      56.28      
   47092     |      54.57       |      55.22      
   47093     |      53.32       |      53.96      
   47094     |      52.90       |      53.53      
   47095     |      51.49       |      52.11      
   47096     |      50.31       |      50.93      
   47097     |      50.67       |      51.29      
   47098     |      49.02       |      49.62      
   47099     |      49.77       |      50.37      
   47100     |      47.27       |      47.87      
   47101     |      48.10       |      48.70      
   47102     |      46.95       |      47.54      
   47103     |      47.82       |      48.40      
   47194     |      56.46       |      56.80      
   47202     |      52.74       |      53.18      
   47204     |      56.86       |      57.45      
   47210     |      58.60       |      59.20      
   47212     |      56.28       |      56.88      
   47214     |      55.99       |      56.61      
   47216     |      57.10       |      57.74      
   47217     |      53.39       |      54.02      
   47218     |      53.98       |      54.60      
   47219     |      57.79       |      58.41      
   47220     |      51.10       |      51.73      
   47221     |      54.68       |      55.31      
   47222     |      52.58       |      53.22      
   47223     |      52.94       |      53.56      
   47224     |      50.92       |      51.55      
   47225     |      50.32       |      50.94      
   47226     |      46.39       |      47.01      
   47227     |      48.98       |      49.60      
   47228     |      46.52       |      47.13      
   47229     |      47.24       |      47.85      
   47230     |      49.74       |      50.34      
   47231     |      46.97       |      47.55      
   47322     |      59.09       |      59.68      
   47323     |      51.12       |      51.63      
   47330     |      55.14       |      55.67      
   47331     |      51.38       |      51.87      
   47332     |      57.91       |      58.40      
   47333     |      58.69       |      59.19      
   47340     |      44.03       |      44.30      
   47341     |      59.47       |      59.93      
   47342     |      39.98       |      40.40      
   47343     |      56.87       |      57.46      
   47344     |      45.19       |      45.77      
   47345     |      57.15       |      57.79      
   47346     |      47.33       |      47.97      
   47347     |      53.51       |      54.18      
   47348     |      53.92       |      54.58      
   47349     |      50.99       |      51.63      
   47350     |      55.99       |      56.62      
   47351     |      52.66       |      53.27      
   47352     |      47.63       |      48.24      
   47353     |      50.97       |      51.58      
   47354     |      45.38       |      46.00      
   47355     |      46.38       |      47.00      
   47356     |      38.30       |      38.93      
   47357     |      46.53       |      47.17      
   47358     |      45.25       |      45.88      
   47359     |      49.83       |      50.46      
   47459     |      58.73       |      59.08      
   47462     |      44.40       |      44.66      
   47466     |      54.03       |      54.69      
   47467     |      58.97       |      59.65      
   47468     |      51.76       |      52.44      
   47469     |      36.83       |      37.38      
   47470     |      40.93       |      41.47      
   47471     |      38.07       |      38.57      
   47472     |      55.41       |      55.92      
   47473     |      48.04       |      48.47      
   47475     |      53.58       |      53.89      
   47476     |      37.48       |      37.71      
   47477     |      55.79       |      56.25      
   47478     |      36.78       |      37.23      
   47479     |      56.24       |      56.83      
   47480     |      50.31       |      50.90      
   47481     |      48.02       |      48.59      
   47482     |      44.11       |      44.67      
   47483     |      45.78       |      46.34      
   47484     |      42.38       |      42.95      
   47485     |      38.73       |      39.26      
   47486     |      44.73       |      45.24      
   47487     |      45.83       |      46.34      
   47578     |      59.23       |      59.63      
   47580     |      55.69       |      56.09      
   47586     |      52.52       |      52.76      
   47588     |      55.38       |      55.86      
   47591     |      43.59       |      43.88      
   47592     |      52.09       |      52.41      
   47594     |      46.79       |      47.21      
   47595     |      56.05       |      56.59      
   47596     |      57.48       |      58.01      
   47597     |      54.63       |      55.12      
   47598     |      50.35       |      50.83      
   47599     |      44.07       |      44.46      
   47600     |      37.07       |      37.43      
   47601     |      54.40       |      54.95      
   47602     |      47.65       |      48.20      
   47604     |      44.85       |      45.51      
   47605     |      32.26       |      32.83      
   47606     |      42.45       |      43.00      
   47607     |      36.25       |      36.73      
   47608     |      55.47       |      55.95      
   47609     |      52.36       |      52.80      
   47610     |      35.31       |      35.73      
   47611     |      44.70       |      45.21      
   47612     |      47.17       |      47.66      
   47613     |      43.54       |      44.01      
   47614     |      32.55       |      33.00      
   47615     |      44.48       |      45.03      
   47710     |      59.00       |      59.08      
   47714     |      48.68       |      49.11      
   47716     |      58.17       |      58.50      
   47717     |      46.34       |      46.72      
   47718     |      52.37       |      52.77      
   47720     |      50.94       |      51.41      
   47721     |      49.01       |      49.45      
   47722     |      57.17       |      57.62      
   47723     |      49.07       |      49.39      
   47726     |      42.68       |      42.89      
   47727     |      52.01       |      52.40      
   47728     |      37.41       |      37.73      
   47729     |      36.29       |      36.61      
   47730     |      42.78       |      43.12      
   47731     |      49.29       |      49.72      
   47732     |      43.87       |      44.28      
   47733     |      46.83       |      47.27      
   47734     |      42.11       |      42.53      
   47735     |      43.61       |      44.05      
   47736     |      42.78       |      43.21      
   47737     |      54.46       |      54.99      
   47738     |      36.69       |      37.24      
   47739     |      34.07       |      34.58      
   47740     |      48.16       |      48.66      
   47741     |      47.35       |      47.83      
   47742     |      34.01       |      34.49      
   47743     |      32.45       |      32.91      
   47838     |      58.62       |      58.70      
   47841     |      31.35       |      31.62      
   47843     |      47.70       |      48.19      
   47844     |      44.85       |      45.33      
   47845     |      48.61       |      49.06      
   47846     |      51.29       |      51.74      
   47847     |      49.14       |      49.60      
   47848     |      51.24       |      51.69      
   47849     |      46.64       |      47.12      
   47850     |      56.41       |      56.90      
   47851     |      56.33       |      56.81      
   47852     |      50.88       |      51.35      
   47854     |      51.32       |      51.89      
   47855     |      38.98       |      39.37      
   47856     |      35.66       |      36.03      
   47857     |      37.41       |      37.76      
   47858     |      41.85       |      42.21      
   47859     |      42.34       |      42.70      
   47860     |      36.80       |      37.13      
   47861     |      43.46       |      43.90      
   47862     |      40.56       |      40.98      
   47863     |      41.90       |      42.34      
   47864     |      33.90       |      34.32      
   47865     |      41.86       |      42.37      
   47866     |      35.83       |      36.34      
   47867     |      36.96       |      37.47      
   47868     |      31.79       |      32.29      
   47869     |      46.91       |      47.53      
   47870     |      35.04       |      35.68      
   47871     |      33.24       |      33.87      
   47966     |      58.92       |      59.73      
   47967     |      45.77       |      46.42      
   47968     |      27.74       |      28.36      
   47969     |      56.08       |      56.45      
   47970     |      50.41       |      50.75      
   47971     |      56.36       |      56.67      
   47972     |      52.00       |      52.28      
   47973     |      53.25       |      53.52      
   47974     |      53.01       |      53.27      
   47975     |      57.17       |      57.40      
   47976     |      52.25       |      52.45      
   47977     |      48.24       |      48.45      
   47978     |      57.52       |      57.77      
   47981     |      59.68       |      59.75      
   47983     |      25.41       |      25.57      
   47984     |      38.66       |      38.94      
   47985     |      30.41       |      30.73      
   47986     |      39.90       |      40.25      
   47987     |      41.50       |      41.88      
   47988     |      36.43       |      36.78      
   47989     |      29.17       |      29.58      
   47990     |      34.03       |      34.44      
   47991     |      39.51       |      40.00      
   47992     |      32.34       |      32.82      
   47993     |      33.19       |      33.67      
   47994     |      33.42       |      33.90      
   47995     |      35.84       |      36.34      
   47996     |      28.36       |      28.86      
   47997     |      31.53       |      32.06      
   47998     |      32.36       |      32.88      
   47999     |      35.27       |      35.81      
   48097     |      53.22       |      53.75      
   48099     |      54.83       |      55.20      
   48100     |      51.38       |      51.74      
   48102     |      56.40       |      56.67      
   48104     |      51.29       |      51.39      
   48105     |      34.68       |      34.81      
   48106     |      56.87       |      57.16      
   48107     |      39.67       |      40.04      
   48108     |      57.00       |      57.43      
   48110     |      21.49       |      22.06      
   48111     |      45.39       |      45.71      
   48112     |      31.67       |      31.89      
   48113     |      38.37       |      38.55      
   48114     |      42.52       |      42.72      
   48115     |      33.41       |      33.66      
   48116     |      31.66       |      31.88      
   48117     |      34.11       |      34.31      
   48118     |      37.20       |      37.41      
   48119     |      28.16       |      28.43      
   48120     |      34.35       |      34.64      
   48121     |      26.57       |      26.94      
   48122     |      33.23       |      33.60      
   48123     |      34.25       |      34.64      
   48124     |      29.47       |      29.83      
   48125     |      29.10       |      29.46      
   48126     |      23.85       |      24.18      
   48127     |      32.54       |      33.03      
   48229     |      53.31       |      54.11      
   48231     |      58.78       |      59.54      
   48232     |      27.79       |      28.59      
   48234     |      40.83       |      41.13      
   48237     |      52.56       |      52.78      
   48238     |      48.15       |      48.32      
   48239     |      44.80       |      44.97      
   48240     |      39.99       |      40.10      
   48241     |      36.96       |      37.05      
   48242     |      36.52       |      36.60      
   48243     |      27.02       |      27.10      
   48244     |      34.43       |      34.61      
   48245     |      35.83       |      35.99      
   48246     |      30.87       |      30.96      
   48247     |      22.67       |      22.77      
   48248     |      28.76       |      28.94      
   48249     |      17.93       |      18.19      
   48250     |      33.17       |      33.54      
   48251     |      32.45       |      32.82      
   48252     |      29.27       |      29.61      
   48253     |      28.41       |      28.75      
   48254     |      23.98       |      24.29      
   48255     |      26.36       |      26.63      
   48363     |      55.46       |      56.13      
   48364     |      57.61       |      58.27      
   48365     |      47.76       |      48.28      
   48366     |      40.06       |      40.55      
   48367     |      39.64       |      40.12      
   48368     |      29.92       |      30.34      
   48369     |      20.51       |      21.00      
   48370     |      22.46       |      22.96      
   48371     |      28.24       |      28.66      
   48372     |      32.36       |      32.79      
   48373     |      20.85       |      21.44      
   48374     |      19.04       |      19.63      
   48375     |      33.47       |      33.83      
   48376     |      18.42       |      18.61      
   48377     |      21.47       |      21.63      
   48378     |      33.42       |      33.71      
   48379     |      39.90       |      40.13      
   48380     |      30.92       |      31.06      
   48381     |      31.75       |      31.88      
   48382     |      28.06       |      28.14      
   48383     |      15.65       |      15.79      
   48493     |      57.27       |      58.23      
   48495     |      37.82       |      38.69      
   48496     |      18.52       |      19.50      
   48498     |      27.27       |      27.77      
   48499     |      37.32       |      37.73      
   48500     |      22.87       |      23.15      
   48501     |      43.06       |      43.24      
   48502     |      37.08       |      37.19      
   48503     |      31.11       |      31.22      
   48504     |      23.65       |      23.63      
   48505     |      31.30       |      31.26      
   48506     |      41.95       |      42.05      
   48507     |      23.55       |      23.74      
   48508     |      30.43       |      30.68      
   48509     |      24.26       |      24.56      
   48510     |      15.35       |      15.54      
   48511     |      23.49       |      23.60      
