=== Visibility Analysis Summary ===
Total patches: 49152
Geometric visible: 2876 (5.9%)
Light illuminated: 2846 (99.0% of geometric)
Reflection conditions met: 2876 (100.0% of geometric)
Light unoccluded: 2846 (99.0% of geometric)
Final visible: 2846 (5.8% of total)
Visible area: 438.43 (5.5% of total area)

=== Detailed Visibility Information ===
Patch Index  | Incidence Angle  |  Viewing Angle  
-------------+------------------+-----------------
    2986     |      40.46       |      33.31      
    3067     |      45.34       |      39.29      
    3132     |      34.48       |      45.63      
    3133     |      30.90       |      46.35      
    3134     |      36.44       |      41.51      
    3135     |      42.60       |      43.24      
    3136     |      53.53       |      54.62      
    3137     |      61.41       |      49.43      
    3207     |      40.32       |      47.52      
    3208     |      42.69       |      45.80      
    3209     |      38.68       |      49.82      
    3210     |      55.72       |      37.29      
    3290     |      40.95       |      44.38      
    3291     |      40.55       |      44.72      
    3292     |      43.51       |      31.01      
    3293     |      56.31       |      36.73      
    3294     |      55.63       |      37.17      
    3369     |      40.27       |      43.93      
    3370     |      43.61       |      32.05      
    3371     |      55.56       |      32.75      
    3372     |      53.58       |      34.46      
    3373     |      52.73       |      33.73      
    3374     |      52.97       |      32.60      
    3375     |      49.14       |      33.30      
    3423     |      38.45       |      30.76      
    3424     |      40.37       |      32.16      
    3425     |      33.19       |      41.82      
    3426     |      42.51       |      40.18      
    3427     |      48.34       |      38.40      
    3428     |      47.93       |      36.76      
    3429     |      51.86       |      36.24      
    3486     |      38.32       |      42.56      
    3487     |      37.76       |      43.38      
    3488     |      32.87       |      40.17      
    3489     |      53.91       |      37.56      
    3490     |      46.99       |      41.84      
    3491     |      57.68       |      45.00      
    3550     |      50.57       |      32.60      
    3551     |      48.43       |      33.89      
    3552     |      46.50       |      35.06      
    3627     |      36.74       |      48.93      
    3628     |      43.89       |      44.58      
    3629     |      37.18       |      42.10      
    3630     |      50.01       |      29.62      
    3631     |      50.09       |      27.15      
    3632     |      60.29       |      34.00      
    3633     |      53.18       |      36.67      
    3688     |      44.18       |      28.18      
    3689     |      46.35       |      26.65      
    3690     |      46.71       |      31.28      
    3691     |      48.26       |      31.67      
    3692     |      46.76       |      33.41      
    3693     |      53.94       |      34.37      
    3694     |      54.33       |      33.50      
    3695     |      53.45       |      37.71      
    3764     |      34.83       |      32.36      
    3765     |      44.13       |      29.22      
    3766     |      46.42       |      28.48      
    3767     |      48.64       |      38.42      
    3768     |      54.33       |      38.70      
    3817     |      33.49       |      32.57      
    3818     |      42.18       |      36.33      
    3819     |      48.53       |      35.74      
    3820     |      44.84       |      28.16      
    3821     |      50.83       |      26.27      
    3900     |      27.15       |      36.26      
    3901     |      33.71       |      33.47      
    3902     |      41.00       |      27.67      
    3903     |      40.60       |      31.77      
    3904     |      51.60       |      33.64      
    3905     |      59.75       |      29.94      
    3963     |      32.86       |      37.48      
    3964     |      38.12       |      29.34      
    3965     |      40.48       |      31.84      
    3966     |      43.05       |      32.29      
    3967     |      40.36       |      31.62      
    3968     |      58.01       |      25.66      
    4033     |      24.63       |      41.32      
    4034     |      37.52       |      34.00      
    4035     |      30.11       |      35.81      
    4036     |      49.52       |      23.44      
    4037     |      50.98       |      25.09      
    4038     |      48.99       |      26.42      
    4039     |      50.89       |      26.16      
    4040     |      39.91       |      32.85      
    4041     |      46.96       |      29.84      
    4042     |      58.86       |      35.27      
    4105     |      37.94       |      32.73      
    4106     |      40.61       |      28.50      
    4107     |      40.40       |      28.56      
    4108     |      41.39       |      29.27      
    4109     |      47.86       |      37.80      
    4110     |      51.36       |      31.73      
    4176     |      32.43       |      41.37      
    4177     |      37.64       |      34.08      
    4178     |      39.37       |      29.64      
    4179     |      34.87       |      30.59      
    4180     |      39.75       |      25.07      
    4181     |      40.07       |      25.04      
    4182     |      43.24       |      22.02      
    4183     |      45.59       |      21.62      
    4184     |      47.32       |      18.94      
    4185     |      53.00       |      23.43      
    4186     |      45.49       |      30.38      
    4187     |      38.06       |      30.19      
    4256     |      40.18       |      26.24      
    4257     |      39.46       |      24.59      
    4258     |      32.59       |      30.95      
    4259     |      44.31       |      25.26      
    4260     |      48.19       |      15.59      
    4261     |      40.25       |      28.20      
    4262     |      50.23       |      35.93      
    4319     |      37.10       |      31.39      
    4320     |      39.69       |      29.92      
    4321     |      47.03       |      21.09      
    4322     |      48.40       |      15.68      
    4323     |      42.20       |      24.37      
    4324     |      41.86       |      20.96      
    4386     |      37.15       |      31.68      
    4387     |      37.94       |      30.00      
    4388     |      47.59       |      14.47      
    4389     |      48.51       |      17.88      
    4390     |      39.88       |      25.26      
    4391     |      44.57       |      22.38      
    4392     |      49.44       |      12.87      
    4449     |      47.71       |      17.11      
    4450     |      50.97       |      13.07      
    4451     |      50.27       |      13.52      
    4452     |      48.63       |      17.70      
    4519     |      25.41       |      36.69      
    4520     |      42.84       |      19.48      
    4521     |      41.16       |      23.54      
    4522     |      49.09       |      16.39      
    4523     |      35.71       |      30.76      
    4524     |      42.33       |      22.73      
    4525     |      40.00       |      24.15      
    4526     |      38.21       |      22.57      
    4527     |      37.29       |      25.16      
    4528     |      44.97       |      21.74      
    4529     |      51.30       |      15.56      
    4593     |      37.16       |      24.14      
    4594     |      38.89       |      33.19      
    4595     |      34.55       |      35.40      
    4596     |      38.88       |      28.79      
    4597     |      54.53       |      20.85      
    4598     |      37.33       |      27.56      
    4599     |      45.93       |      24.66      
    4600     |      48.54       |      28.52      
    4601     |      37.01       |      26.43      
    4602     |      51.18       |      15.72      
    4666     |      44.89       |      16.85      
    4667     |      41.87       |      19.48      
    4668     |      26.37       |      36.32      
    4669     |      37.23       |      29.21      
    4670     |      30.65       |      37.07      
    4671     |      55.55       |      25.98      
    4672     |      42.19       |      19.45      
    4673     |      46.16       |      15.23      
    4674     |      54.13       |      21.71      
    4675     |      60.86       |      19.73      
    4676     |      43.01       |      23.41      
    4677     |      43.77       |      22.61      
    4678     |      46.86       |      34.04      
    4679     |      35.34       |      28.61      
    4680     |      46.09       |      25.42      
    4681     |      58.19       |      19.93      
    4741     |      33.99       |      29.51      
    4742     |      26.04       |      35.24      
    4743     |      38.46       |      23.87      
    4744     |      53.95       |      13.83      
    4745     |      28.85       |      34.35      
    4746     |      37.62       |      32.11      
    4747     |      29.00       |      40.86      
    4748     |      34.93       |      27.75      
    4749     |      51.25       |      15.94      
    4802     |      42.01       |      22.08      
    4803     |      29.87       |      31.10      
    4804     |      55.83       |      10.83      
    4805     |      56.51       |      11.13      
    4806     |      44.57       |      18.49      
    4807     |      39.80       |      25.15      
    4808     |      58.17       |      14.33      
    4809     |      48.31       |      19.58      
    4880     |      48.72       |      32.82      
    4881     |      33.62       |      27.64      
    4882     |      39.65       |      21.48      
    4883     |      31.46       |      29.25      
    4884     |      57.66       |       4.01      
    4885     |      47.16       |      19.51      
    4886     |      38.61       |      22.62      
    4887     |      47.30       |      14.67      
    4888     |      56.98       |      12.42      
    4889     |      48.66       |      20.57      
    4957     |      52.87       |      33.97      
    4958     |      48.49       |      22.88      
    4959     |      47.33       |      23.42      
    4960     |      39.40       |      30.87      
    4961     |      48.56       |      16.59      
    4962     |      46.81       |      17.67      
    5021     |      37.06       |      45.70      
    5022     |      29.66       |      46.39      
    5023     |      31.64       |      36.98      
    5024     |      44.58       |      33.35      
    5025     |      41.64       |      28.67      
    5026     |      39.01       |      29.07      
    5027     |      46.75       |      22.96      
    5028     |      43.11       |      23.84      
    5029     |      41.64       |      24.72      
    5030     |      46.76       |      24.25      
    5031     |      51.32       |      19.56      
    5097     |      40.78       |      22.24      
    5098     |      52.82       |      33.31      
    5099     |      31.91       |      39.27      
    5100     |      38.26       |      39.02      
    5101     |      47.51       |      34.92      
    5102     |      48.03       |      19.78      
    5103     |      43.25       |      22.82      
    5104     |      49.17       |      16.99      
    5105     |      40.44       |      22.79      
    5106     |      47.63       |      14.61      
    5107     |      55.68       |      12.37      
    5108     |      62.38       |       8.53      
    5109     |      50.25       |      12.51      
    5165     |      37.07       |      29.93      
    5166     |      37.34       |      29.56      
    5167     |      37.43       |      27.11      
    5168     |      38.45       |      28.02      
    5169     |      36.26       |      29.97      
    5170     |      44.18       |      35.19      
    5171     |      44.58       |      34.93      
    5172     |      54.54       |      28.34      
    5173     |      45.72       |      19.12      
    5174     |      39.26       |      24.89      
    5242     |      41.81       |      19.98      
    5243     |      45.17       |      15.96      
    5244     |      36.52       |      24.40      
    5245     |      37.43       |      25.43      
    5246     |      54.95       |      17.51      
    5247     |      48.44       |      16.13      
    5248     |      58.62       |      12.94      
    5249     |      58.27       |      12.12      
    5250     |      64.11       |       7.95      
    5251     |      50.99       |      10.03      
    5252     |      48.08       |      19.70      
    5253     |      61.68       |      11.22      
    5254     |      51.73       |      13.66      
    5316     |      44.15       |      20.93      
    5317     |      29.04       |      32.17      
    5318     |      50.44       |      11.50      
    5319     |      38.44       |      23.66      
    5320     |      39.42       |      22.07      
    5321     |      36.11       |      24.56      
    5322     |      47.07       |      21.54      
    5323     |      60.13       |      16.37      
    5324     |      52.78       |       9.71      
    5325     |      54.01       |       6.49      
    5383     |      41.14       |      20.50      
    5384     |      50.16       |      14.35      
    5385     |      43.39       |      17.75      
    5386     |      62.06       |       9.56      
    5387     |      65.08       |      12.04      
    5388     |      47.70       |      13.56      
    5389     |      47.65       |      21.92      
    5390     |      46.87       |      18.06      
    5391     |      51.55       |      16.09      
    5392     |      50.83       |      15.81      
    5455     |      47.73       |      15.04      
    5456     |      54.59       |       6.34      
    5457     |      51.81       |       9.20      
    5458     |      51.89       |       9.44      
    5459     |      43.69       |      18.23      
    5460     |      49.68       |      11.07      
    5461     |      60.46       |       4.11      
    5462     |      54.73       |      17.61      
    5463     |      51.53       |      17.87      
    5464     |      31.15       |      29.72      
    5465     |      30.77       |      30.39      
    5466     |      47.70       |      18.76      
    5517     |      54.86       |      11.80      
    5518     |      52.92       |      16.11      
    5519     |      36.85       |      24.65      
    5520     |      37.13       |      24.61      
    5521     |      42.86       |      17.91      
    5522     |      45.06       |      15.70      
    5523     |      57.45       |       8.89      
    5524     |      52.88       |      12.65      
    5525     |      55.37       |       7.98      
    5526     |      60.54       |      15.46      
    5527     |      51.71       |      20.11      
    5528     |      50.64       |      17.12      
    5586     |      54.26       |      10.87      
    5587     |      45.52       |      15.37      
    5588     |      35.50       |      25.76      
    5589     |      44.22       |      19.82      
    5590     |      49.46       |      18.27      
    5591     |      43.88       |      23.05      
    5592     |      47.09       |      22.78      
    5593     |      39.34       |      26.58      
    5594     |      48.59       |      12.21      
    5595     |      55.37       |       9.35      
    5596     |      50.14       |      14.12      
    5597     |      56.63       |      13.99      
    5598     |      51.41       |      10.78      
    5656     |      53.15       |       7.91      
    5657     |      49.55       |      12.59      
    5658     |      43.97       |      18.39      
    5659     |      45.04       |      15.83      
    5660     |      45.58       |      15.23      
    5661     |      29.90       |      31.38      
    5662     |      42.56       |      21.48      
    5663     |      49.25       |      17.42      
    5664     |      47.98       |      18.53      
    5665     |      44.49       |      19.52      
    5666     |      44.44       |      19.42      
    5667     |      57.29       |      10.98      
    5668     |      54.54       |       6.17      
    5669     |      56.09       |       7.23      
    5670     |      58.85       |       4.95      
    5730     |      37.57       |      28.23      
    5731     |      49.88       |      11.40      
    5732     |      57.35       |       6.71      
    5733     |      62.03       |       9.04      
    5734     |      51.25       |      12.29      
    5735     |      36.44       |      24.40      
    5736     |      58.94       |       7.29      
    5737     |      61.54       |      11.82      
    5738     |      60.24       |      12.35      
    5739     |      56.77       |       4.35      
    5804     |      45.43       |      20.45      
    5805     |      42.08       |      22.94      
    5806     |      40.12       |      20.92      
    5807     |      30.68       |      30.46      
    5808     |      31.78       |      32.43      
    5809     |      24.29       |      36.55      
    5810     |      40.91       |      20.26      
    5811     |      50.75       |      15.33      
    5812     |      52.94       |       8.45      
    5813     |      60.85       |       0.59      
    5864     |      50.84       |      14.56      
    5865     |      43.70       |      29.94      
    5866     |      37.56       |      33.80      
    5867     |      59.24       |       2.74      
    5868     |      41.74       |      19.39      
    5869     |      30.23       |      34.82      
    5870     |      29.40       |      34.71      
    5871     |      42.89       |      18.06      
    5872     |      50.97       |       9.64      
    5873     |      64.89       |       7.22      
    5874     |      53.96       |       6.56      
    5875     |      51.76       |       9.69      
    5934     |      54.16       |       6.84      
    5935     |      49.31       |      12.91      
    5936     |      43.28       |      32.74      
    5937     |      46.16       |      15.70      
    5938     |      27.39       |      33.48      
    5939     |      35.56       |      26.17      
    5940     |      40.04       |      27.06      
    5941     |      41.86       |      21.00      
    5942     |      37.47       |      23.98      
    5943     |      47.79       |      14.24      
    5944     |      49.68       |      13.48      
    5945     |      53.82       |       8.76      
    6003     |      35.18       |      25.76      
    6004     |      30.59       |      30.56      
    6005     |      36.69       |      24.09      
    6006     |      47.04       |      13.48      
    6007     |      52.82       |      10.04      
    6008     |      50.33       |      12.18      
    6058     |      59.74       |       1.86      
    6059     |      27.14       |      33.75      
    6060     |      27.60       |      33.25      
    6061     |      37.85       |      23.33      
    6062     |      41.42       |      19.35      
    6063     |      43.25       |      17.45      
    6064     |      44.32       |      16.82      
    6065     |      50.86       |      11.73      
    6066     |      50.35       |      10.37      
    6067     |      51.57       |       9.18      
    6068     |      52.47       |       8.60      
    6069     |      54.13       |       6.95      
    6070     |      51.68       |       8.93      
    6071     |      52.62       |      10.58      
    6072     |      47.05       |      13.44      
    6073     |      62.27       |       7.23      
    6074     |      65.15       |      12.05      
    6140     |      40.05       |      21.41      
    6141     |      34.87       |      26.12      
    6142     |      42.03       |      19.65      
    6143     |      40.65       |      20.98      
    6144     |      43.72       |      17.98      
    6145     |      58.02       |       3.79      
    6146     |      51.59       |      10.08      
    6147     |      48.83       |      14.48      
    6148     |      56.09       |       4.83      
    6149     |      62.01       |      14.01      
    6150     |      62.49       |      13.62      
    6151     |      57.17       |      12.99      
    6152     |      57.03       |      12.75      
    6197     |      61.39       |       5.59      
    6198     |      63.61       |      17.07      
    6199     |      42.04       |      20.73      
    6200     |      24.54       |      36.49      
    6201     |      28.54       |      33.09      
    6202     |      43.58       |      19.17      
    6203     |      43.18       |      19.58      
    6204     |      53.78       |       8.34      
    6205     |      53.50       |       8.83      
    6206     |      53.85       |      14.55      
    6207     |      51.06       |      12.73      
    6208     |      49.81       |      12.29      
    6209     |      53.02       |      10.18      
    6210     |      53.89       |      10.30      
    6273     |      64.61       |      29.90      
    6274     |      62.08       |       6.70      
    6275     |      24.94       |      36.25      
    6276     |      34.07       |      35.75      
    6277     |      26.82       |      40.12      
    6278     |      37.60       |      23.26      
    6279     |      42.88       |      19.47      
    6280     |      44.62       |      16.70      
    6281     |      50.29       |      14.86      
    6282     |      56.86       |       8.85      
    6338     |      44.44       |      26.82      
    6339     |      24.81       |      36.33      
    6340     |      32.68       |      28.46      
    6341     |      38.11       |      22.81      
    6342     |      46.19       |      14.99      
    6343     |      44.09       |      20.55      
    6344     |      37.12       |      24.28      
    6345     |      52.12       |      10.41      
    6346     |      53.13       |      10.59      
    6347     |      47.18       |      13.74      
    6348     |      50.30       |      12.06      
    6349     |      55.86       |      15.07      
    6401     |      46.36       |      37.62      
    6402     |      26.11       |      42.22      
    6403     |      26.45       |      40.77      
    6404     |      45.58       |      16.40      
    6405     |      45.70       |      16.21      
    6406     |      46.44       |      14.39      
    6407     |      46.17       |      14.64      
    6408     |      40.24       |      24.30      
    6409     |      54.62       |       9.89      
    6410     |      49.57       |      11.07      
    6411     |      47.41       |      13.87      
    6412     |      50.16       |      15.01      
    6413     |      52.80       |      15.50      
    6414     |      57.12       |      13.83      
    6415     |      56.25       |      12.48      
    6416     |      56.21       |      10.09      
    6417     |      56.67       |      10.91      
    6467     |      33.49       |      35.66      
    6468     |      35.16       |      36.71      
    6469     |      27.91       |      42.94      
    6470     |      49.72       |      11.03      
    6471     |      46.86       |      15.94      
    6472     |      46.05       |      22.36      
    6473     |      50.19       |      16.64      
    6474     |      52.08       |       8.50      
    6475     |      42.03       |      18.87      
    6476     |      44.80       |      15.72      
    6477     |      42.77       |      17.77      
    6478     |      49.39       |      12.34      
    6479     |      54.19       |      23.34      
    6480     |      59.02       |       6.43      
    6539     |      34.88       |      28.37      
    6540     |      35.49       |      26.05      
    6541     |      23.76       |      39.58      
    6542     |      19.70       |      44.19      
    6543     |      21.89       |      40.02      
    6544     |      24.23       |      44.03      
    6545     |      36.73       |      29.52      
    6546     |      34.59       |      35.42      
    6547     |      46.24       |      18.81      
    6548     |      47.07       |      15.19      
    6549     |      49.70       |      11.03      
    6550     |      43.54       |      21.36      
    6551     |      44.22       |      19.45      
    6552     |      56.44       |      15.21      
    6553     |      60.43       |       4.26      
    6554     |      51.94       |      10.29      
    6555     |      43.96       |      20.14      
    6556     |      39.67       |      20.87      
    6557     |      58.02       |       3.88      
    6558     |      48.41       |      14.06      
    6559     |      49.73       |      11.81      
    6560     |      41.39       |      19.56      
    6561     |      69.11       |      23.44      
    6617     |      46.93       |      15.05      
    6618     |      49.64       |      14.46      
    6619     |      51.74       |      10.19      
    6620     |      55.96       |       7.14      
    6621     |      54.66       |       9.85      
    6622     |      44.28       |      19.61      
    6623     |      44.19       |      20.01      
    6624     |      46.37       |      15.82      
    6625     |      46.64       |      15.46      
    6626     |      74.66       |      15.50      
    6661     |      30.50       |      38.46      
    6662     |      36.32       |      28.22      
    6663     |      28.09       |      39.25      
    6664     |      24.47       |      37.95      
    6665     |      35.13       |      36.02      
    6666     |      43.14       |      17.60      
    6667     |      50.84       |      10.12      
    6668     |      53.47       |      11.03      
    6669     |      55.47       |       9.07      
    6670     |      51.73       |      16.37      
    6671     |      65.21       |      14.93      
    6672     |      74.22       |      14.85      
    6673     |      48.14       |      12.34      
    6717     |      27.86       |      33.74      
    6718     |      28.76       |      32.69      
    6719     |      30.25       |      37.51      
    6720     |      33.26       |      32.63      
    6721     |      48.70       |      23.43      
    6722     |      46.75       |      33.14      
    6723     |      43.41       |      37.59      
    6724     |      43.48       |      35.05      
    6725     |      44.57       |      33.97      
    6726     |      40.47       |      22.40      
    6727     |      46.21       |      16.26      
    6728     |      39.59       |      22.19      
    6729     |      51.33       |       9.54      
    6730     |      51.05       |       9.82      
    6731     |      40.01       |      20.64      
    6732     |      39.19       |      21.45      
    6733     |      52.28       |       9.12      
    6785     |      28.48       |      42.09      
    6786     |      28.59       |      35.98      
    6787     |      42.46       |      22.77      
    6788     |      45.37       |      17.54      
    6789     |      45.24       |      19.43      
    6790     |      34.46       |      31.99      
    6791     |      39.29       |      37.33      
    6792     |      40.73       |      31.18      
    6793     |      42.50       |      33.42      
    6794     |      47.98       |      18.10      
    6795     |      48.40       |      20.85      
    6796     |      51.34       |      16.25      
    6797     |      35.09       |      25.59      
    6798     |      41.06       |      20.29      
    6799     |      43.30       |      17.34      
    6800     |      44.33       |      16.45      
    6801     |      49.30       |      12.03      
    6802     |      55.44       |      11.88      
    6803     |      49.35       |      12.41      
    6804     |      40.02       |      22.77      
    6805     |      46.99       |      15.20      
    6806     |      42.68       |      18.62      
    6807     |      48.87       |      11.69      
    6808     |      46.56       |      15.84      
    6809     |      54.38       |       7.81      
    6810     |      61.14       |       7.74      
    6811     |      63.46       |       3.91      
    6812     |      46.33       |      14.30      
    6855     |      39.80       |      30.12      
    6856     |      35.75       |      42.03      
    6857     |      43.88       |      22.18      
    6858     |      39.41       |      38.17      
    6859     |      37.06       |      28.17      
    6860     |      32.35       |      40.47      
    6861     |      36.41       |      32.32      
    6862     |      37.30       |      30.33      
    6863     |      55.53       |      11.85      
    6864     |      50.13       |      10.42      
    6865     |      55.09       |       6.73      
    6866     |      48.09       |      14.66      
    6867     |      36.77       |      26.07      
    6868     |      42.34       |      18.28      
    6869     |      60.91       |      10.41      
    6870     |      60.61       |       7.99      
    6871     |      60.20       |       7.59      
    6917     |      41.58       |      28.97      
    6918     |      40.69       |      31.60      
    6919     |      43.04       |      35.63      
    6920     |      42.72       |      37.23      
    6921     |      53.44       |      33.54      
    6922     |      54.11       |      27.67      
    6923     |      34.47       |      28.52      
    6924     |      38.22       |      29.94      
    6925     |      43.23       |      17.80      
    6926     |      38.30       |      25.49      
    6927     |      38.04       |      25.98      
    6928     |      47.03       |      19.34      
    6929     |      48.87       |      11.79      
    6930     |      43.30       |      17.92      
    6931     |      58.58       |       4.10      
    6932     |      54.54       |       8.04      
    6933     |      55.09       |       6.40      
    6934     |      44.05       |      16.24      
    6935     |      43.51       |      16.86      
    6978     |      44.03       |      28.66      
    6979     |      56.06       |      19.66      
    6980     |      55.56       |      36.60      
    6981     |      40.05       |      39.62      
    6982     |      40.23       |      30.56      
    6983     |      39.30       |      28.45      
    6984     |      40.17       |      27.11      
    6985     |      43.16       |      31.73      
    6986     |      46.15       |      15.11      
    6987     |      39.35       |      25.97      
    6988     |      48.50       |      14.34      
    6989     |      58.57       |       4.58      
    6990     |      38.48       |      22.61      
    6991     |      54.06       |       6.34      
    6992     |      55.55       |       4.95      
    6993     |      58.55       |       1.98      
    6994     |      55.19       |       5.67      
    6995     |      44.93       |      15.56      
    7054     |      34.16       |      36.59      
    7055     |      34.56       |      32.04      
    7056     |      32.24       |      39.18      
    7057     |      35.32       |      32.92      
    7058     |      36.97       |      38.26      
    7059     |      46.85       |      24.87      
    7060     |      46.52       |      26.12      
    7061     |      47.90       |      31.45      
    7062     |      53.07       |      20.59      
    7063     |      48.31       |      23.27      
    7064     |      50.21       |      19.97      
    7065     |      46.44       |      14.52      
    7066     |      41.90       |      19.36      
    7067     |      45.52       |      14.80      
    7068     |      33.63       |      28.45      
    7112     |      36.62       |      28.81      
    7113     |      42.62       |      21.56      
    7114     |      36.85       |      38.97      
    7115     |      40.01       |      24.16      
    7116     |      40.86       |      34.20      
    7117     |      43.53       |      20.02      
    7118     |      31.31       |      33.18      
    7119     |      39.73       |      30.54      
    7120     |      47.02       |      23.06      
    7121     |      48.43       |      20.02      
    7122     |      50.86       |       9.81      
    7123     |      50.88       |       9.68      
    7124     |      47.54       |      13.24      
    7125     |      62.04       |       8.06      
    7126     |      60.68       |       9.26      
    7166     |      44.25       |      28.62      
    7167     |      40.15       |      33.17      
    7168     |      43.49       |      21.29      
    7169     |      42.63       |      39.57      
    7170     |      33.50       |      32.41      
    7171     |      40.93       |      29.47      
    7172     |      45.03       |      19.44      
    7173     |      49.06       |      23.96      
    7174     |      48.92       |      19.50      
    7175     |      55.05       |       9.23      
    7176     |      59.32       |       6.58      
    7177     |      61.02       |      11.28      
    7178     |      53.51       |      11.44      
    7179     |      50.69       |      10.15      
    7180     |      49.95       |      11.05      
    7181     |      32.07       |      28.39      
    7182     |      32.97       |      27.31      
    7226     |      45.71       |      29.30      
    7227     |      43.67       |      25.41      
    7228     |      35.98       |      29.60      
    7229     |      35.66       |      30.53      
    7230     |      50.13       |      31.31      
    7231     |      51.28       |      24.56      
    7232     |      36.70       |      35.89      
    7233     |      35.20       |      39.17      
    7234     |      35.03       |      30.39      
    7235     |      37.63       |      33.72      
    7236     |      39.59       |      28.89      
    7237     |      39.06       |      26.78      
    7238     |      42.30       |      23.42      
    7239     |      63.40       |      15.49      
    7240     |      58.60       |      15.52      
    7241     |      62.51       |       9.73      
    7279     |      45.27       |      35.37      
    7280     |      38.47       |      30.83      
    7281     |      37.31       |      29.81      
    7282     |      37.63       |      28.81      
    7283     |      40.80       |      39.66      
    7284     |      43.27       |      29.09      
    7285     |      41.35       |      30.26      
    7286     |      42.43       |      27.43      
    7287     |      44.22       |      28.23      
    7288     |      51.25       |      18.90      
    7289     |      50.98       |      18.23      
    7290     |      36.66       |      37.87      
    7291     |      38.39       |      27.16      
    7292     |      41.79       |      23.92      
    7293     |      45.00       |      19.08      
    7294     |      57.31       |      16.99      
    7295     |      65.30       |      14.37      
    7296     |      54.40       |      15.00      
    7297     |      62.45       |       8.94      
    7298     |      53.83       |      10.75      
    7330     |      35.45       |      34.58      
    7331     |      36.18       |      31.48      
    7332     |      36.27       |      31.55      
    7333     |      45.30       |      18.44      
    7334     |      45.28       |      28.43      
    7335     |      40.78       |      34.23      
    7336     |      30.79       |      37.06      
    7337     |      36.04       |      32.75      
    7338     |      41.41       |      23.70      
    7339     |      44.17       |      35.77      
    7340     |      47.73       |      37.76      
    7341     |      52.65       |      29.69      
    7342     |      58.09       |      14.78      
    7343     |      47.23       |      30.55      
    7344     |      55.71       |      26.80      
    7345     |      54.00       |      14.73      
    7346     |      54.87       |       6.96      
    7347     |      51.53       |      10.80      
    7348     |      42.34       |      18.09      
    7349     |      34.15       |      27.00      
    7407     |      41.11       |      35.08      
    7408     |      53.79       |      39.24      
    7409     |      54.24       |      40.12      
    7410     |      51.24       |      24.62      
    7411     |      53.10       |      19.89      
    7412     |      35.44       |      35.02      
    7413     |      35.46       |      34.63      
    7414     |      41.53       |      31.44      
    7415     |      41.64       |      34.34      
    7416     |      28.59       |      34.76      
    7417     |      29.12       |      36.89      
    7418     |      42.79       |      23.62      
    7419     |      39.25       |      31.95      
    7420     |      38.44       |      29.99      
    7421     |      59.38       |      20.32      
    7422     |      56.65       |      27.86      
    7423     |      56.35       |      23.05      
    7424     |      47.71       |      33.52      
    7425     |      51.80       |      29.97      
    7426     |      57.53       |      14.26      
    7427     |      45.08       |      19.95      
    7428     |      45.12       |      21.97      
    7429     |      57.03       |      13.97      
    7430     |      55.62       |      11.03      
    7431     |      46.29       |      16.44      
    7432     |      45.47       |      17.02      
    7433     |      53.50       |       6.87      
    7434     |      45.87       |      14.98      
    7435     |      41.26       |      21.18      
    7436     |      33.31       |      27.72      
    7437     |      24.89       |      36.76      
    7470     |      59.50       |      25.08      
    7471     |      55.49       |      40.45      
    7472     |      45.29       |      42.65      
    7473     |      48.73       |      47.77      
    7474     |      49.23       |      50.29      
    7475     |      46.92       |      45.08      
    7476     |      55.59       |      31.32      
    7477     |      33.26       |      39.31      
    7478     |      31.32       |      34.08      
    7479     |      41.93       |      24.70      
    7480     |      42.63       |      23.56      
    7481     |      58.30       |       7.95      
    7482     |      58.29       |       7.95      
    7483     |      57.07       |      16.96      
    7484     |      39.92       |      33.70      
    7485     |      38.13       |      26.58      
    7486     |      34.51       |      33.30      
    7487     |      33.52       |      29.03      
    7488     |      35.40       |      25.11      
    7489     |      47.45       |      14.24      
    7490     |      45.32       |      16.54      
    7491     |      39.26       |      21.73      
    7492     |      41.68       |      18.79      
    7493     |      47.18       |      16.36      
    7494     |      32.34       |      29.23      
    7495     |      32.06       |      28.62      
    7543     |      37.67       |      41.29      
    7544     |      51.47       |      49.30      
    7545     |      39.04       |      30.12      
    7546     |      38.57       |      30.62      
    7547     |      38.24       |      34.17      
    7548     |      39.45       |      31.37      
    7549     |      40.54       |      30.52      
    7550     |      38.84       |      39.83      
    7551     |      64.43       |      19.32      
    7552     |      59.36       |      42.51      
    7553     |      32.15       |      35.49      
    7554     |      33.74       |      29.16      
    7555     |      47.46       |      13.02      
    7556     |      47.01       |      13.54      
    7557     |      40.10       |      21.50      
    7558     |      51.57       |       8.92      
    7559     |      48.34       |      12.80      
    7560     |      50.06       |      10.42      
    7561     |      48.29       |      12.03      
    7562     |      36.96       |      26.78      
    7563     |      38.48       |      25.04      
    7605     |      30.87       |      44.09      
    7606     |      29.41       |      38.21      
    7607     |      39.58       |      31.76      
    7608     |      37.11       |      41.12      
    7609     |      44.80       |      27.40      
    7610     |      45.44       |      25.01      
    7611     |      59.65       |       7.40      
    7612     |      60.03       |       5.61      
    7613     |      45.11       |      27.85      
    7614     |      52.89       |      45.55      
    7615     |      63.36       |      30.03      
    7616     |      48.56       |      35.41      
    7617     |      55.64       |       7.03      
    7618     |      32.93       |      35.62      
    7619     |      32.91       |      35.63      
    7620     |      42.22       |      27.04      
    7621     |      42.53       |      27.15      
    7622     |      57.26       |       5.38      
    7623     |      56.55       |      10.22      
    7624     |      58.07       |       9.53      
    7625     |      45.66       |      23.76      
    7626     |      47.13       |      13.40      
    7627     |      40.37       |      23.37      
    7672     |      33.11       |      32.33      
    7673     |      36.01       |      25.97      
    7674     |      42.45       |      29.96      
    7675     |      43.64       |      31.72      
    7676     |      38.64       |      35.98      
    7677     |      45.88       |      42.26      
    7678     |      52.09       |      29.08      
    7679     |      62.14       |      26.69      
    7680     |      63.10       |      14.76      
    7681     |      28.18       |      37.60      
    7682     |      32.60       |      32.19      
    7683     |      31.83       |      32.17      
    7684     |      39.80       |      30.49      
    7685     |      50.60       |      25.53      
    7686     |      56.11       |       7.20      
    7687     |      49.85       |      17.65      
    7688     |      51.80       |      15.79      
    7689     |      36.42       |      23.90      
    7736     |      46.94       |      32.68      
    7737     |      56.71       |      20.65      
    7738     |      47.45       |      38.08      
    7739     |      33.72       |      46.17      
    7740     |      39.85       |      23.95      
    7741     |      51.90       |      13.69      
    7742     |      56.89       |      41.41      
    7743     |      72.66       |      41.94      
    7744     |      48.72       |      18.50      
    7745     |      28.97       |      39.53      
    7746     |      37.23       |      30.00      
    7747     |      36.81       |      30.85      
    7748     |      51.22       |      26.18      
    7749     |      54.73       |      22.67      
    7750     |      58.25       |       8.79      
    7751     |      47.84       |      19.83      
    7752     |      48.57       |      12.73      
    7753     |      42.84       |      22.40      
    7754     |      56.76       |      12.85      
    7755     |      60.47       |      16.57      
    7756     |      41.11       |      22.37      
    7757     |      40.57       |      22.27      
    7758     |      37.85       |      24.70      
    7759     |      27.51       |      33.44      
    7760     |      36.46       |      23.86      
    7761     |      33.44       |      27.54      
    7762     |      42.06       |      18.09      
    7807     |      56.72       |      19.83      
    7808     |      63.18       |      48.05      
    7809     |      69.04       |      22.31      
    7810     |      51.39       |      27.59      
    7811     |      51.40       |      27.51      
    7812     |      53.88       |      30.59      
    7813     |      49.76       |      33.51      
    7814     |      33.47       |      38.19      
    7815     |      33.68       |      40.25      
    7816     |      39.97       |      33.12      
    7817     |      39.98       |      32.08      
    7818     |      52.88       |      15.47      
    7819     |      49.60       |      26.82      
    7820     |      47.95       |      19.32      
    7821     |      47.63       |      19.71      
    7822     |      31.16       |      35.19      
    7823     |      40.74       |      19.55      
    7867     |      46.07       |      38.55      
    7868     |      53.28       |      22.37      
    7869     |      58.32       |      27.79      
    7870     |      38.87       |      26.62      
    7871     |      34.91       |      38.36      
    7872     |      33.46       |      43.16      
    7873     |      30.25       |      36.55      
    7874     |      32.06       |      33.93      
    7875     |      44.63       |      32.24      
    7876     |      63.76       |      18.03      
    7877     |      44.65       |      24.08      
    7878     |      61.18       |      14.14      
    7879     |      59.93       |      15.00      
    7880     |      44.40       |      24.56      
    7881     |      44.88       |      27.07      
    7882     |      42.94       |      32.12      
    7883     |      51.24       |      10.03      
    7884     |      45.28       |      18.57      
    7927     |      57.82       |      21.27      
    7928     |      34.49       |      35.81      
    7929     |      31.64       |      31.95      
    7930     |      43.36       |      19.05      
    7931     |      65.83       |      24.18      
    7932     |      44.27       |      36.59      
    7933     |      51.87       |      19.30      
    7934     |      51.87       |      18.43      
    7935     |      61.58       |      11.57      
    7936     |      46.33       |      21.64      
    7937     |      52.12       |      23.41      
    7938     |      52.71       |      21.85      
    7939     |      46.57       |      17.41      
    7985     |      49.25       |      20.08      
    7986     |      36.29       |      31.32      
    7987     |      36.63       |      41.99      
    7988     |      40.42       |      35.05      
    7989     |      40.44       |      34.44      
    7990     |      45.04       |      42.46      
    7991     |      45.39       |      42.26      
    7992     |      45.04       |      29.42      
    7993     |      67.11       |      23.10      
    7994     |      66.07       |      29.11      
    7995     |      60.45       |      20.37      
    7996     |      39.40       |      34.73      
    7997     |      44.79       |      19.99      
    7998     |      49.72       |      10.81      
    7999     |      52.36       |      29.21      
    8039     |      40.51       |      35.19      
    8040     |      43.79       |      31.84      
    8041     |      42.30       |      39.46      
    8042     |      56.93       |      28.37      
    8043     |      67.15       |      48.94      
    8044     |      81.86       |      39.57      
    8045     |      75.87       |      20.45      
    8046     |      71.31       |      32.15      
    8047     |      29.69       |      35.72      
    8048     |      32.81       |      36.86      
    8049     |      46.52       |      16.87      
    8050     |      47.26       |      21.69      
    8051     |      51.24       |       9.28      
    8052     |      44.00       |      19.55      
    8053     |      50.71       |      21.12      
    8054     |      48.85       |      23.41      
    8055     |      50.46       |      27.58      
    8056     |      41.66       |      32.12      
    8057     |      40.79       |      26.07      
    8058     |      45.36       |      20.29      
    8108     |      42.57       |      29.91      
    8109     |      62.56       |      22.17      
    8110     |      60.77       |      25.24      
    8111     |      66.90       |      34.66      
    8112     |      61.21       |      47.72      
    8113     |      54.77       |      18.74      
    8114     |      33.04       |      40.58      
    8115     |      31.70       |      35.42      
    8116     |      33.67       |      32.28      
    8117     |      33.89       |      34.56      
    8118     |      44.91       |      26.85      
    8119     |      44.01       |      28.94      
    8120     |      47.84       |      16.20      
    8121     |      39.02       |      25.52      
    8122     |      34.88       |      31.04      
    8162     |      50.34       |      25.97      
    8163     |      42.01       |      37.03      
    8164     |      55.20       |      21.17      
    8165     |      53.37       |      31.88      
    8166     |      44.34       |      29.25      
    8167     |      59.05       |      11.88      
    8168     |      49.89       |      15.64      
    8169     |      45.94       |      26.41      
    8170     |      49.36       |      23.34      
    8171     |      39.04       |      28.70      
    8213     |      63.57       |      11.48      
    8214     |      60.54       |      19.79      
    8215     |      46.55       |      25.18      
    8216     |      44.65       |      35.71      
    8217     |      45.55       |      44.35      
    8218     |      59.15       |      25.47      
    8219     |      47.81       |      32.66      
    8220     |      51.46       |      28.32      
    8221     |      55.60       |      20.66      
    8222     |      30.23       |      35.44      
    8223     |      32.79       |      27.38      
    8224     |      46.46       |      13.84      
    8282     |      46.93       |      29.19      
    8283     |      42.55       |      32.29      
    8284     |      60.40       |      25.76      
    8285     |      54.43       |      31.95      
    8286     |      54.62       |      21.45      
    8287     |      55.53       |      11.20      
    8288     |      49.65       |      16.25      
    8289     |      44.19       |      30.89      
    8290     |      57.75       |       8.23      
    8291     |      43.58       |      21.69      
    8292     |      41.71       |      28.56      
    8343     |      41.95       |      28.43      
    8344     |      38.79       |      32.14      
    8345     |      55.91       |      25.91      
    8346     |      48.42       |      33.53      
    8347     |      54.68       |      31.19      
    8348     |      54.72       |      29.88      
    8349     |      50.78       |      20.66      
    8350     |      44.19       |      33.46      
    8351     |      43.17       |      32.98      
    8352     |      44.85       |      18.20      
    8353     |      55.98       |      12.88      
    8354     |      56.12       |      16.38      
    8355     |      40.71       |      29.21      
    8356     |      60.11       |      17.79      
   11961     |      50.94       |      38.63      
   11962     |      62.18       |      41.38      
   12024     |      42.76       |      36.68      
   12025     |      52.95       |      48.43      
   12026     |      62.13       |      41.93      
   12027     |      57.49       |      40.84      
   12107     |      42.84       |      41.50      
   12108     |      70.57       |      51.31      
   12178     |      53.53       |      31.74      
   12179     |      55.79       |      43.09      
   12180     |      42.84       |      43.13      
   12252     |      41.24       |      39.12      
   12253     |      67.74       |      37.68      
   12254     |      68.17       |      38.20      
   12255     |      54.17       |      38.41      
   12256     |      54.60       |      37.16      
   12257     |      35.98       |      28.25      
   12258     |      41.08       |      33.75      
   12259     |      58.01       |      26.42      
   12260     |      56.80       |      25.30      
   12319     |      56.73       |      17.51      
   12320     |      59.71       |      17.97      
   12321     |      53.86       |      33.61      
   12322     |      55.28       |      28.37      
   12323     |      57.84       |      25.57      
   12395     |      46.39       |      28.65      
   12396     |      43.88       |      25.36      
   12397     |      62.77       |      25.92      
   12398     |      50.14       |      32.53      
   12399     |      56.96       |      22.91      
   12400     |      50.61       |      15.08      
   12401     |      53.10       |      28.51      
   12402     |      65.12       |      35.61      
   12469     |      46.01       |      29.60      
   12470     |      57.18       |      34.83      
   12471     |      56.46       |      33.42      
   12472     |      49.22       |      30.32      
   12473     |      54.63       |      24.77      
   12474     |      58.43       |      28.20      
   12475     |      59.58       |      22.78      
   12476     |      51.47       |      18.17      
   12477     |      66.08       |      40.71      
   12478     |      45.91       |      27.83      
   12479     |      48.18       |      23.03      
   12480     |      43.10       |      30.23      
   12552     |      45.85       |      27.31      
   12553     |      45.56       |      24.19      
   12554     |      52.06       |      23.16      
   12555     |      44.40       |      28.37      
   12556     |      58.92       |      37.76      
   12557     |      59.21       |      37.45      
   12558     |      68.52       |      34.42      
   12559     |      53.98       |      32.78      
   12560     |      67.17       |      15.59      
   12561     |      70.31       |      34.66      
   12617     |      59.59       |      35.06      
   12618     |      47.50       |      29.81      
   12619     |      57.25       |      23.20      
   12620     |      58.63       |      25.45      
   12621     |      54.38       |      23.90      
   12622     |      61.75       |      29.26      
   12623     |      64.14       |      28.38      
   12624     |      63.42       |      28.05      
   12625     |      73.47       |      26.30      
   12626     |      49.32       |      15.84      
   12679     |      52.16       |      21.33      
   12680     |      57.94       |      34.10      
   12681     |      56.99       |      33.91      
   12682     |      52.97       |      28.68      
   12683     |      58.43       |      28.17      
   12684     |      58.34       |      28.20      
   12685     |      62.07       |      29.74      
   12686     |      45.06       |      25.78      
   12687     |      54.21       |      22.37      
   12688     |      45.94       |      18.06      
   12689     |      48.21       |      15.62      
   12690     |      62.91       |      11.06      
   12691     |      69.84       |      23.91      
   12692     |      55.08       |      26.71      
   12693     |      51.30       |      25.99      
   12747     |      61.10       |      28.78      
   12748     |      49.54       |      27.66      
   12749     |      52.41       |      31.10      
   12750     |      52.28       |      31.22      
   12751     |      56.11       |      31.32      
   12752     |      52.06       |      30.25      
   12753     |      48.96       |      31.31      
   12754     |      49.79       |      29.53      
   12755     |      55.46       |      30.87      
   12756     |      64.41       |      37.69      
   12757     |      63.27       |      37.71      
   12758     |      74.11       |      28.41      
   12759     |      62.20       |      27.13      
   12760     |      60.74       |      12.51      
   12761     |      53.40       |      28.65      
   12762     |      47.89       |      40.28      
   12763     |      58.65       |      42.49      
   12764     |      40.20       |      34.65      
   12810     |      61.56       |      29.84      
   12811     |      58.67       |      18.83      
   12812     |      57.58       |      22.15      
   12813     |      58.05       |      22.71      
   12814     |      53.34       |      26.92      
   12815     |      56.62       |      31.38      
   12816     |      77.99       |      30.62      
   12817     |      74.94       |      29.07      
   12818     |      62.58       |      17.83      
   12819     |      58.72       |      21.72      
   12820     |      58.47       |      21.42      
   12821     |      47.36       |      25.79      
   12822     |      39.60       |      35.23      
   12823     |      73.22       |      37.15      
   12824     |      64.15       |      31.72      
   12825     |      59.22       |      32.64      
   12826     |      48.59       |      31.63      
   12827     |      43.78       |      34.83      
   12828     |      54.93       |      26.36      
   12830     |      40.66       |      33.72      
   12888     |      55.70       |      10.68      
   12889     |      60.53       |      19.16      
   12890     |      46.40       |      22.74      
   12891     |      52.66       |      24.54      
   12892     |      49.96       |      19.23      
   12893     |      61.42       |      17.46      
   12894     |      55.81       |      14.52      
   12895     |      55.18       |      15.35      
   12896     |      52.96       |      15.21      
   12897     |      48.81       |      27.46      
   12898     |      53.34       |      23.35      
   12899     |      52.43       |      21.76      
   12900     |      47.29       |      25.88      
   12901     |      46.82       |      25.74      
   12902     |      67.25       |      14.47      
   12903     |      67.29       |      14.59      
   12904     |      65.20       |      23.96      
   12905     |      65.52       |      24.20      
   12906     |      57.22       |      30.88      
   12907     |      61.97       |      35.91      
   12908     |      47.00       |      26.88      
   12909     |      40.23       |      28.86      
   12910     |      66.38       |      21.93      
   12911     |      54.77       |      26.92      
   12912     |      38.78       |      43.53      
   12913     |      39.61       |      42.95      
   12964     |      59.99       |       0.61      
   12965     |      58.53       |       7.48      
   12966     |      52.40       |      30.44      
   12967     |      47.72       |      20.10      
   12968     |      44.43       |      25.10      
   12969     |      57.41       |      23.26      
   12970     |      68.58       |      36.16      
   12971     |      71.26       |      35.97      
   12972     |      71.59       |      36.37      
   12973     |      69.32       |      35.68      
   12974     |      67.25       |      32.63      
   12975     |      59.95       |      36.50      
   12976     |      46.76       |      20.70      
   12977     |      55.86       |      16.18      
   12978     |      60.98       |      27.78      
   12979     |      47.16       |      31.22      
   12980     |      59.28       |      36.09      
   12981     |      46.28       |      39.97      
   12982     |      46.24       |      44.35      
   12983     |      61.41       |      31.84      
   12984     |      46.12       |      32.18      
   12985     |      40.68       |      33.77      
   12986     |      30.97       |      41.87      
   13048     |      49.79       |      10.72      
   13049     |      49.40       |      11.13      
   13050     |      57.89       |       4.71      
   13051     |      60.15       |       8.74      
   13052     |      46.30       |      17.35      
   13053     |      40.46       |      26.03      
   13054     |      58.50       |      27.17      
   13055     |      69.50       |      37.85      
   13056     |      54.12       |      30.65      
   13057     |      59.30       |      36.69      
   13058     |      56.48       |      40.36      
   13059     |      61.86       |      42.34      
   13060     |      59.16       |      24.94      
   13061     |      47.88       |      22.50      
   13062     |      40.74       |      28.68      
   13063     |      41.62       |      29.49      
   13064     |      57.53       |      21.98      
   13065     |      43.60       |      27.12      
   13066     |      55.78       |      23.31      
   13067     |      76.04       |      30.00      
   13068     |      75.85       |      37.12      
   13069     |      64.11       |      33.54      
   13112     |      67.50       |      18.27      
   13113     |      60.42       |       8.29      
   13114     |      57.27       |       7.64      
   13115     |      52.90       |      12.40      
   13116     |      39.05       |      29.73      
   13117     |      43.65       |      30.27      
   13118     |      43.56       |      30.36      
   13119     |      61.39       |      24.47      
   13120     |      76.71       |      29.97      
   13121     |      72.86       |      24.78      
   13122     |      61.67       |      21.37      
   13123     |      61.34       |      39.11      
   13124     |      55.10       |      35.70      
   13125     |      52.58       |      36.32      
   13126     |      65.88       |      39.45      
   13127     |      54.59       |      17.10      
   13128     |      49.90       |      18.88      
   13129     |      51.78       |      16.78      
   13130     |      44.78       |      19.42      
   13131     |      42.82       |      17.73      
   13132     |      47.81       |      12.48      
   13133     |      58.99       |      13.55      
   13134     |      45.16       |      26.13      
   13135     |      32.93       |      33.49      
   13136     |      31.98       |      32.97      
   13137     |      41.16       |      25.96      
   13138     |      51.44       |      23.83      
   13139     |      60.30       |      29.15      
   13140     |      78.27       |      31.81      
   13141     |      81.81       |      34.07      
   13142     |      63.77       |      20.47      
   13143     |      78.85       |      26.95      
   13192     |      61.04       |      20.81      
   13193     |      52.36       |      16.28      
   13194     |      52.63       |      11.95      
   13195     |      61.03       |       9.67      
   13196     |      46.05       |      20.90      
   13197     |      57.85       |      19.51      
   13198     |      56.41       |      20.20      
   13199     |      51.11       |      26.62      
   13200     |      58.99       |      27.58      
   13201     |      58.31       |      26.43      
   13202     |      66.79       |      28.32      
   13203     |      69.01       |      26.35      
   13204     |      49.34       |      13.59      
   13205     |      41.09       |      25.90      
   13206     |      34.37       |      27.99      
   13207     |      45.40       |      19.12      
   13208     |      46.89       |      18.45      
   13209     |      66.54       |      25.75      
   13210     |      74.59       |      31.39      
   13211     |      67.56       |      29.77      
   13212     |      79.09       |      26.98      
   13262     |      55.24       |      13.67      
   13263     |      47.36       |      18.30      
   13264     |      75.63       |      31.65      
   13265     |      61.71       |      31.21      
   13266     |      54.81       |      32.07      
   13267     |      58.50       |      28.08      
   13268     |      53.10       |      24.37      
   13269     |      47.28       |      21.94      
   13270     |      39.44       |      33.79      
   13271     |      48.75       |      21.92      
   13272     |      49.13       |      14.60      
   13273     |      57.98       |      12.26      
   13274     |      65.64       |      31.91      
   13275     |      78.68       |      35.88      
   13276     |      89.72       |      38.62      
   13277     |      81.22       |      30.97      
   13326     |      61.31       |      16.02      
   13327     |      58.27       |      19.83      
   13328     |      56.77       |      19.33      
   13329     |      59.88       |      10.63      
   13330     |      52.90       |      12.33      
   13331     |      49.08       |      15.90      
   13332     |      37.74       |      23.24      
   13333     |      43.14       |      17.54      
   13334     |      55.82       |      10.88      
   13335     |      57.55       |       7.50      
   13336     |      59.03       |       8.04      
   13337     |      60.05       |      33.20      
   13338     |      54.68       |      25.28      
   13339     |      54.49       |      25.50      
   13340     |      69.02       |      27.23      
   13341     |      61.89       |      32.57      
   13342     |      58.73       |      20.02      
   13343     |      47.32       |      22.01      
   13344     |      41.79       |      31.37      
   13345     |      37.65       |      33.10      
   13346     |      43.64       |      31.96      
   13347     |      52.16       |      18.36      
   13348     |      52.76       |      18.08      
   13349     |      51.70       |      18.11      
   13350     |      84.30       |      33.25      
   13352     |      87.45       |      36.08      
   13394     |      58.28       |      19.84      
   13395     |      63.69       |      15.67      
   13396     |      62.05       |      14.51      
   13397     |      47.98       |      19.54      
   13398     |      39.22       |      23.33      
   13399     |      48.42       |      18.16      
   13400     |      43.02       |      25.03      
   13401     |      50.22       |      22.78      
   13402     |      58.66       |       8.22      
   13403     |      60.36       |      11.20      
   13404     |      57.72       |      15.29      
   13405     |      56.76       |      15.15      
   13406     |      63.71       |      20.97      
   13407     |      47.68       |      21.41      
   13408     |      36.38       |      28.88      
   13409     |      37.83       |      31.87      
   13410     |      48.47       |      32.95      
   13411     |      43.81       |      27.87      
   13412     |      53.10       |      18.33      
   13413     |      48.42       |      24.72      
   13414     |      58.23       |      22.88      
   13415     |      74.51       |      21.52      
   13416     |      88.21       |      32.74      
   13417     |      84.43       |      33.80      
   13457     |      60.40       |      16.16      
   13458     |      58.50       |      14.67      
   13459     |      56.64       |      18.65      
   13460     |      59.50       |      18.75      
   13461     |      48.31       |      23.24      
   13462     |      64.18       |      22.51      
   13463     |      64.22       |      22.45      
   13464     |      62.14       |      27.47      
   13465     |      67.10       |      27.64      
   13466     |      60.72       |      32.07      
   13467     |      42.00       |      27.05      
   13468     |      48.22       |      24.66      
   13469     |      81.97       |      30.55      
   13470     |      80.56       |      29.53      
   13519     |      57.78       |      24.50      
   13520     |      63.92       |      13.39      
   13521     |      58.55       |      15.54      
   13522     |      61.08       |      16.71      
   13523     |      50.68       |      22.68      
   13524     |      43.80       |      23.58      
   13525     |      39.54       |      25.03      
   13526     |      41.63       |      24.40      
   13527     |      64.52       |       7.07      
   13528     |      51.42       |      10.85      
   13529     |      55.70       |      13.04      
   13530     |      68.66       |      11.14      
   13531     |      56.23       |       9.14      
   13532     |      45.71       |      15.58      
   13533     |      63.45       |      15.79      
   13534     |      56.47       |      20.18      
   13535     |      61.38       |      37.12      
   13536     |      67.80       |      29.45      
   13537     |      37.85       |      26.27      
   13538     |      35.37       |      27.33      
   13539     |      58.18       |       8.73      
   13540     |      50.42       |      10.14      
   13541     |      51.02       |      22.53      
   13542     |      40.57       |      26.62      
   13576     |      67.83       |      16.20      
   13577     |      49.46       |      27.57      
   13578     |      39.53       |      24.99      
   13579     |      55.29       |       9.43      
   13580     |      67.20       |      15.46      
   13581     |      69.31       |      12.30      
   13582     |      53.73       |       7.66      
   13583     |      44.71       |      17.15      
   13584     |      49.11       |      12.22      
   13585     |      55.41       |      26.30      
   13586     |      42.87       |      35.86      
   13587     |      59.21       |      31.84      
   13588     |      40.91       |      30.71      
   13589     |      61.90       |      13.40      
   13590     |      48.45       |      21.01      
   13591     |      41.08       |      20.08      
   13592     |      39.18       |      21.59      
   13593     |      43.26       |      23.29      
   13594     |      52.23       |      19.12      
   13595     |      75.02       |      27.32      
   13596     |      81.73       |      35.70      
   13597     |      85.32       |      36.83      
   13642     |      50.76       |      11.78      
   13643     |      54.39       |      22.93      
   13644     |      55.81       |      23.72      
   13645     |      46.62       |      25.33      
   13646     |      40.56       |      19.66      
   13647     |      42.32       |      17.78      
   13648     |      52.50       |       8.12      
   13649     |      58.24       |      25.45      
   13650     |      58.26       |      25.44      
   13651     |      51.10       |      17.70      
   13652     |      67.33       |      16.30      
   13653     |      69.23       |      21.39      
   13654     |      52.76       |      11.39      
   13655     |      51.32       |      13.51      
   13656     |      58.58       |      21.58      
   13657     |      50.75       |      24.30      
   13658     |      47.59       |      18.51      
   13659     |      46.27       |      19.52      
   13660     |      38.42       |      23.35      
   13661     |      51.13       |      11.56      
   13662     |      47.62       |      21.82      
   13663     |      48.41       |      21.24      
   13664     |      35.94       |      27.59      
   13665     |      39.52       |      24.33      
   13666     |      54.43       |      19.34      
   13667     |      66.96       |      23.70      
   13668     |      86.29       |      36.98      
   13669     |      80.15       |      34.25      
   13670     |      80.92       |      38.93      
   13724     |      59.02       |       8.11      
   13725     |      66.93       |      13.91      
   13726     |      49.40       |      18.75      
   13727     |      47.05       |      25.50      
   13728     |      52.04       |      17.84      
   13729     |      52.78       |      14.35      
   13730     |      47.07       |      17.50      
   13731     |      48.28       |      13.62      
   13732     |      51.45       |      23.37      
   13733     |      48.87       |      25.06      
   13734     |      46.29       |      23.84      
   13735     |      55.63       |      15.28      
   13736     |      53.79       |      15.53      
   13737     |      55.44       |      14.35      
   13738     |      47.71       |      15.98      
   13739     |      50.50       |      13.25      
   13740     |      48.88       |      18.62      
   13741     |      39.42       |      28.01      
   13742     |      50.76       |      24.53      
   13743     |      49.61       |      19.46      
   13744     |      44.04       |      24.19      
   13745     |      79.91       |      34.55      
   13746     |      81.58       |      32.97      
   13779     |      50.30       |      16.32      
   13780     |      49.83       |      25.24      
   13781     |      56.64       |      20.27      
   13782     |      46.74       |      22.44      
   13783     |      41.44       |      23.01      
   13784     |      38.94       |      25.15      
   13785     |      46.18       |      24.34      
   13786     |      67.40       |      28.13      
   13787     |      57.24       |      27.37      
   13788     |      53.18       |      22.41      
   13789     |      51.58       |      25.08      
   13790     |      60.23       |      21.45      
   13791     |      45.74       |      22.64      
   13792     |      59.32       |      19.53      
   13793     |      61.09       |      17.84      
   13794     |      41.70       |      18.93      
   13795     |      50.52       |      13.64      
   13796     |      67.91       |      22.79      
   13797     |      85.01       |      36.26      
   13852     |      61.67       |      11.78      
   13853     |      42.25       |      24.35      
   13854     |      56.15       |      21.07      
   13855     |      49.54       |      21.09      
   13856     |      58.27       |      25.25      
   13857     |      66.97       |      27.46      
   13858     |      58.50       |      21.62      
   13859     |      50.78       |      23.46      
   13860     |      49.01       |      22.21      
   13861     |      50.55       |      20.98      
   13862     |      64.10       |      18.15      
   13863     |      51.86       |      18.48      
   13864     |      56.08       |      20.15      
   13865     |      45.63       |      22.39      
   13866     |      62.37       |       9.00      
   13867     |      48.77       |      11.58      
   13868     |      59.65       |       0.43      
   13869     |      41.12       |      18.98      
   13870     |      41.79       |      17.61      
   13871     |      61.17       |       9.73      
   13872     |      55.99       |      11.31      
   13873     |      50.16       |      12.00      
   13874     |      52.80       |      11.22      
   13875     |      67.39       |      21.72      
   13922     |      55.63       |      22.03      
   13923     |      51.40       |      23.40      
   13924     |      50.87       |      23.11      
   13925     |      43.49       |      25.70      
   13926     |      49.14       |      25.70      
   13927     |      52.01       |      25.11      
   13928     |      69.02       |      20.46      
   13929     |      55.90       |      17.10      
   13930     |      52.27       |      12.46      
   13931     |      64.90       |      12.85      
   13932     |      62.84       |      10.09      
   13933     |      43.35       |      17.94      
   13934     |      55.12       |       9.36      
   13935     |      42.19       |      19.05      
   13936     |      42.20       |      19.04      
   13937     |      40.54       |      19.17      
   13938     |      58.46       |      21.07      
   13939     |      82.78       |      31.52      
   13940     |      86.31       |      35.70      
   13981     |      53.83       |      21.82      
   13982     |      51.55       |      22.57      
   13983     |      47.17       |      23.63      
   13984     |      55.26       |      22.67      
   13985     |      64.77       |      15.12      
   13986     |      57.92       |      26.12      
   13987     |      66.19       |      27.17      
   13988     |      54.46       |      13.85      
   13989     |      52.88       |      14.63      
   13990     |      44.71       |      17.09      
   13991     |      55.78       |       8.59      
   13992     |      54.65       |      12.94      
   13993     |      52.77       |      12.89      
   13994     |      55.11       |       9.60      
   13995     |      64.38       |      18.94      
   13996     |      41.81       |      20.08      
   13997     |      47.87       |      11.57      
   13998     |      48.20       |      11.32      
   13999     |      40.55       |      18.78      
   14000     |      41.49       |      17.78      
   14001     |      45.47       |      16.02      
   14002     |      43.19       |      17.64      
   14003     |      46.97       |      14.01      
   14004     |      78.79       |      20.78      
   14005     |      86.24       |      39.73      
   14050     |      51.09       |      15.21      
   14051     |      50.18       |      14.94      
   14052     |      51.30       |      14.49      
   14053     |      49.45       |      16.53      
   14054     |      49.96       |      25.08      
   14055     |      38.68       |      28.19      
   14056     |      42.32       |      22.75      
   14057     |      42.79       |      22.41      
   14058     |      65.99       |      11.02      
   14059     |      61.91       |      14.69      
   14060     |      46.09       |      25.15      
   14061     |      50.72       |      23.50      
   14062     |      66.17       |      16.92      
   14063     |      54.07       |      12.22      
   14064     |      64.07       |      13.19      
   14065     |      56.58       |       6.18      
   14066     |      64.80       |      13.67      
   14067     |      55.21       |      16.48      
   14068     |      46.48       |      17.31      
   14069     |      48.80       |      19.82      
   14070     |      42.86       |      16.75      
   14071     |      34.36       |      25.44      
   14072     |      40.09       |      20.35      
   14073     |      42.98       |      20.03      
   14074     |      50.42       |      15.68      
   14075     |      45.61       |      16.70      
   14076     |      65.16       |      11.30      
   14077     |      61.33       |       6.95      
   14078     |      77.78       |      20.27      
   14079     |      79.34       |      21.91      
   14080     |      79.84       |      22.56      
   14113     |      58.02       |       2.34      
   14114     |      43.56       |      17.00      
   14115     |      61.61       |       6.86      
   14116     |      47.38       |      13.75      
   14117     |      53.22       |      10.22      
   14118     |      52.57       |      10.69      
   14119     |      44.45       |      16.84      
   14120     |      43.55       |      17.93      
   14121     |      47.40       |      16.68      
   14122     |      58.91       |       1.72      
   14123     |      63.89       |      27.88      
   14124     |      65.10       |      14.58      
   14125     |      65.20       |      14.59      
   14126     |      47.53       |      12.15      
   14127     |      47.93       |      14.81      
   14128     |      54.56       |      12.81      
   14129     |      59.36       |       8.75      
   14130     |      64.01       |      13.85      
   14131     |      52.32       |      14.66      
   14132     |      51.12       |      10.20      
   14133     |      57.89       |       6.88      
   14134     |      57.89       |       6.91      
   14135     |      48.04       |      12.37      
   14136     |      67.62       |      11.29      
   14137     |      76.64       |      19.48      
   14138     |      79.26       |      22.53      
   14181     |      39.59       |      25.57      
   14182     |      54.99       |      14.76      
   14183     |      49.78       |      17.14      
   14184     |      43.55       |      18.18      
   14185     |      44.26       |      20.01      
   14186     |      40.85       |      21.68      
   14187     |      55.99       |       7.23      
   14188     |      56.04       |       7.23      
   14189     |      63.74       |       4.41      
   14190     |      52.99       |       7.97      
   14191     |      49.39       |      25.93      
   14192     |      67.92       |      23.07      
   14193     |      73.46       |      21.74      
   14194     |      59.73       |      14.67      
   14195     |      51.56       |      16.79      
   14196     |      59.09       |       5.52      
   14197     |      59.39       |       5.59      
   14198     |      66.82       |       7.38      
   14199     |      59.44       |       1.23      
   14200     |      47.13       |      13.32      
   14201     |      35.25       |      24.08      
   14202     |      41.34       |      17.90      
   14203     |      38.97       |      20.29      
   14204     |      43.38       |      16.47      
   14205     |      49.92       |       9.98      
   14206     |      54.02       |       7.10      
   14207     |      61.45       |       5.09      
   14208     |      76.85       |      22.88      
   14252     |      45.68       |      15.57      
   14253     |      58.18       |       6.10      
   14254     |      48.30       |      16.44      
   14255     |      38.52       |      24.44      
   14256     |      44.93       |      20.15      
   14257     |      47.17       |      16.28      
   14258     |      34.33       |      27.14      
   14259     |      73.91       |      21.23      
   14260     |      85.10       |      28.72      
   14261     |      64.33       |       5.10      
   14262     |      47.46       |      12.33      
   14263     |      53.65       |       6.75      
   14264     |      53.17       |       8.61      
   14265     |      58.01       |       1.99      
   14266     |      65.00       |      10.70      
   14267     |      52.52       |       8.01      
   14268     |      53.35       |       7.66      
   14269     |      46.49       |      15.37      
   14270     |      56.55       |      16.18      
   14271     |      55.99       |      16.17      
   14272     |      57.64       |      17.13      
   14273     |      52.03       |      16.50      
   14274     |      42.81       |      16.95      
   14275     |      43.50       |      16.10      
   14276     |      67.93       |      11.12      
   14277     |      65.64       |      10.02      
   14278     |      71.67       |      16.78      
   14314     |      56.17       |       4.40      
   14315     |      50.29       |      13.11      
   14316     |      42.41       |      18.90      
   14317     |      51.44       |       9.77      
   14318     |      55.95       |       7.66      
   14319     |      46.45       |      17.22      
   14320     |      60.79       |      14.20      
   14321     |      54.69       |      16.88      
   14322     |      47.56       |      17.43      
   14323     |      72.77       |      18.27      
   14324     |      73.92       |      19.84      
   14325     |      87.19       |      28.46      
   14326     |      76.30       |      16.83      
   14327     |      45.07       |      14.68      
   14328     |      43.42       |      16.33      
   14329     |      54.07       |      19.59      
   14330     |      72.24       |      12.99      
   14331     |      50.52       |       9.09      
   14332     |      54.67       |      12.72      
   14333     |      45.17       |      20.73      
   14334     |      43.75       |      20.91      
   14335     |      62.89       |       6.59      
   14336     |      41.72       |      17.45      
   14337     |      55.92       |       4.98      
   14338     |      70.64       |      16.10      
   14339     |      61.36       |       3.89      
   14340     |      68.35       |       9.37      
   14378     |      37.75       |      22.57      
   14379     |      45.38       |      15.92      
   14380     |      40.72       |      19.52      
   14381     |      50.10       |      10.10      
   14382     |      38.21       |      24.39      
   14383     |      35.45       |      25.74      
   14384     |      44.16       |      18.32      
   14385     |      39.99       |      20.00      
   14386     |      68.17       |      21.50      
   14387     |      54.43       |      12.69      
   14388     |      49.38       |      17.98      
   14389     |      47.27       |      18.43      
   14390     |      53.50       |      13.11      
   14441     |      44.77       |      24.54      
   14442     |      40.53       |      20.19      
   14443     |      48.76       |      11.32      
   14444     |      59.71       |       2.00      
   14445     |      53.19       |       8.32      
   14446     |      58.62       |       2.02      
   14447     |      70.87       |      11.54      
   14448     |      58.92       |      12.68      
   14449     |      88.54       |      35.86      
   14450     |      62.64       |      18.94      
   14451     |      48.26       |      18.71      
   14452     |      52.52       |      15.58      
   14453     |      44.12       |      19.34      
   14454     |      40.00       |      20.20      
   14455     |      63.84       |       7.13      
   14456     |      62.08       |      24.72      
   14457     |      58.80       |      25.31      
   14458     |      55.68       |       4.16      
   14459     |      49.63       |      10.43      
   14460     |      44.43       |      15.63      
   14461     |      50.09       |      14.49      
   14462     |      55.71       |      10.78      
   14463     |      44.32       |      16.69      
   14464     |      65.08       |       5.97      
   14465     |      55.74       |       4.90      
   14466     |      72.16       |      15.97      
   14467     |      65.59       |      12.31      
   14468     |      57.38       |      11.85      
   14469     |      52.63       |      11.89      
   14516     |      37.76       |      22.65      
   14517     |      36.27       |      24.16      
   14518     |      55.43       |       8.32      
   14519     |      58.29       |       6.24      
   14520     |      49.95       |      10.25      
   14521     |      39.79       |      20.75      
   14522     |      50.41       |      13.43      
   14523     |      46.00       |      14.47      
   14524     |      35.56       |      24.53      
   14525     |      40.91       |      18.98      
   14526     |      31.60       |      28.44      
   14527     |      85.36       |      35.91      
   14528     |      72.38       |      29.53      
   14529     |      52.42       |      23.88      
   14530     |      75.25       |      20.01      
   14531     |      73.08       |      18.54      
   14532     |      41.92       |      21.57      
   14533     |      44.15       |      21.85      
   14534     |      54.92       |      20.59      
   14535     |      56.72       |       5.17      
   14536     |      56.72       |       3.77      
   14537     |      64.56       |       5.61      
   14538     |      68.14       |       9.59      
   14539     |      69.21       |      10.61      
   14540     |      72.41       |      14.95      
   14582     |      46.28       |      14.88      
   14583     |      51.73       |      11.58      
   14584     |      58.23       |       2.59      
   14585     |      56.29       |       6.30      
   14586     |      33.67       |      27.13      
   14587     |      39.51       |      21.19      
   14588     |      52.86       |      12.03      
   14589     |      65.68       |       7.89      
   14590     |      47.04       |      15.37      
   14591     |      58.33       |       2.98      
   14592     |      50.83       |       8.97      
   14593     |      58.94       |      13.36      
   14594     |      73.76       |      20.18      
   14595     |      81.71       |      25.02      
   14596     |      52.85       |      15.89      
   14597     |      45.86       |      15.71      
   14598     |      52.33       |       9.28      
   14599     |      49.11       |      10.82      
   14600     |      49.97       |       9.82      
   14601     |      61.89       |       5.17      
   14602     |      60.51       |      23.44      
   14603     |      47.31       |      24.13      
   14604     |      42.06       |      22.33      
   14605     |      40.77       |      25.31      
   14606     |      54.59       |      24.52      
   14607     |      62.25       |      18.38      
   14608     |      69.54       |      19.91      
   14609     |      64.22       |       5.06      
   14610     |      57.61       |       2.30      
   14611     |      72.14       |      13.05      
   14612     |      50.37       |       9.39      
   14659     |      44.09       |      16.87      
   14660     |      39.86       |      20.51      
   14661     |      43.96       |      16.36      
   14662     |      56.62       |       4.03      
   14663     |      45.66       |      17.18      
   14664     |      34.81       |      25.80      
   14665     |      44.39       |      18.98      
   14666     |      56.73       |       3.97      
   14667     |      64.31       |      12.25      
   14668     |      45.79       |      15.33      
   14669     |      54.44       |      15.69      
   14670     |      65.15       |      20.82      
   14671     |      76.29       |      21.12      
   14672     |      82.06       |      26.14      
   14673     |      68.56       |       9.06      
   14674     |      61.10       |       3.37      
   14675     |      51.12       |       8.60      
   14676     |      40.98       |      18.63      
   14677     |      57.48       |       4.21      
   14678     |      78.69       |      20.34      
   14679     |      68.76       |      12.16      
   14680     |      66.68       |      11.76      
   14681     |      56.80       |       3.58      
   14682     |      60.93       |       2.50      
   14683     |      61.73       |       3.52      
   14684     |      73.27       |      14.34      
   14685     |      70.76       |      11.94      
   14686     |      53.93       |       6.11      
   14739     |      35.85       |      24.21      
   14740     |      72.97       |      13.70      
   14741     |      60.64       |       5.66      
   14742     |      57.55       |       7.77      
   14743     |      41.33       |      21.80      
   14744     |      47.98       |      17.94      
   14745     |      60.34       |       6.57      
   14746     |      48.68       |      13.44      
   14747     |      58.17       |       5.73      
   14748     |      45.43       |      14.43      
   14749     |      56.27       |       4.84      
   14750     |      64.11       |       9.05      
   14751     |      50.66       |      10.46      
   14752     |      44.63       |      16.41      
   14753     |      58.87       |      13.18      
   14754     |      59.06       |      13.23      
   14755     |      57.04       |      15.71      
   14756     |      62.58       |      14.18      
   14757     |      40.33       |      19.09      
   14758     |      59.03       |       2.57      
   14759     |      66.73       |      15.23      
   14760     |      70.59       |      12.75      
   14761     |      66.32       |       9.35      
   14762     |      73.48       |      16.62      
   14763     |      53.65       |       7.21      
   14807     |      42.26       |      22.00      
   14808     |      50.00       |      10.38      
   14809     |      48.92       |      11.36      
   14810     |      45.82       |      14.85      
   14811     |      48.07       |      12.72      
   14812     |      44.32       |      15.83      
   14813     |      47.68       |      12.43      
   14814     |      47.23       |      15.70      
   14815     |      56.66       |       5.20      
   14816     |      53.90       |       6.81      
   14817     |      67.89       |       8.30      
   14818     |      61.95       |       5.35      
   14819     |      53.40       |       8.80      
   14820     |      34.43       |      25.11      
   14821     |      46.38       |      13.13      
   14822     |      62.95       |      13.64      
   14823     |      39.95       |      19.51      
   14824     |      58.04       |       3.82      
   14825     |      50.25       |      10.95      
   14826     |      55.33       |       6.88      
   14827     |      58.19       |       9.75      
   14828     |      74.79       |      17.69      
   14829     |      69.08       |      13.35      
   14830     |      54.93       |       7.59      
   14884     |      52.02       |      14.19      
   14885     |      42.08       |      19.00      
   14886     |      42.89       |      18.14      
   14887     |      59.59       |       9.30      
   14888     |      60.39       |       8.65      
   14889     |      51.50       |      10.22      
   14890     |      62.48       |       2.73      
   14891     |      58.32       |       5.86      
   14892     |      66.62       |       8.36      
   14893     |      59.05       |       0.68      
   14894     |      49.01       |      14.60      
   14895     |      57.88       |      11.41      
   14896     |      58.59       |      11.13      
   14897     |      47.98       |      15.68      
   14898     |      42.59       |      21.25      
   14899     |      45.60       |      13.96      
   14900     |      53.82       |       6.80      
   14901     |      54.20       |       6.36      
   14902     |      61.01       |       8.45      
   14903     |      51.68       |       7.73      
   14904     |      53.39       |      16.14      
   14905     |      70.16       |      20.61      
   14906     |      66.95       |      15.10      
   14946     |      52.03       |      16.44      
   14947     |      49.32       |      15.64      
   14948     |      48.03       |      12.09      
   14949     |      46.24       |      13.95      
   14950     |      47.20       |      13.14      
   14951     |      54.23       |       5.76      
   14952     |      53.02       |       6.94      
   14953     |      48.44       |      11.67      
   14954     |      40.12       |      19.81      
   14955     |      43.96       |      15.72      
   14956     |      58.37       |      11.33      
   14957     |      52.35       |      14.10      
   14958     |      56.99       |       8.71      
   14959     |      44.51       |      16.39      
   14960     |      47.11       |      13.30      
   14961     |      53.64       |       5.85      
   14962     |      62.24       |       7.22      
   14963     |      67.87       |       8.80      
   14964     |      64.63       |       5.90      
   14965     |      62.88       |       4.40      
   15012     |      54.22       |       7.98      
   15013     |      48.34       |      15.11      
   15014     |      45.64       |      17.34      
   15015     |      40.81       |      23.42      
   15016     |      42.43       |      20.20      
   15017     |      43.47       |      18.45      
   15018     |      51.13       |      13.99      
   15019     |      55.85       |       7.34      
   15020     |      49.79       |      10.48      
   15021     |      51.35       |      11.13      
   15022     |      60.16       |       3.60      
   15023     |      63.03       |      13.32      
   15024     |      58.97       |       1.55      
   15025     |      65.77       |       7.01      
   15026     |      56.30       |       4.72      
   15027     |      52.59       |       8.16      
   15028     |      56.32       |       4.65      
   15029     |      50.00       |       9.49      
   15030     |      43.26       |      17.05      
   15031     |      44.26       |      16.03      
   15032     |      50.39       |       8.93      
   15033     |      68.14       |       8.99      
   15034     |      69.90       |      10.74      
   15035     |      69.70       |      10.58      
   15036     |      77.99       |      19.39      
   15037     |      80.43       |      21.61      
   15038     |      69.87       |      11.24      
   15078     |      51.02       |      23.60      
   15079     |      61.39       |      11.21      
   15080     |      42.47       |      18.17      
   15081     |      55.18       |       5.08      
   15082     |      42.22       |      17.63      
   15083     |      46.66       |      15.72      
   15084     |      75.44       |      16.36      
   15085     |      50.37       |       9.72      
   15086     |      54.36       |       6.41      
   15087     |      52.53       |       8.18      
   15088     |      58.89       |       3.45      
   15089     |      48.91       |      11.86      
   15090     |      56.64       |       2.90      
   15091     |      61.94       |       5.44      
   15092     |      47.92       |      15.22      
   15093     |      53.20       |      15.29      
   15094     |      72.39       |      15.05      
   15095     |      77.31       |      19.67      
   15096     |      70.05       |      15.76      
   15097     |      82.93       |      23.83      
   15098     |      73.50       |      14.43      
   15099     |      67.82       |      12.90      
   15147     |      48.20       |      12.27      
   15148     |      38.83       |      33.85      
   15149     |      41.95       |      18.89      
   15150     |      41.74       |      19.09      
   15151     |      55.40       |      11.07      
   15152     |      61.47       |       5.22      
   15153     |      49.90       |      10.83      
   15154     |      55.25       |       4.71      
   15155     |      55.99       |       3.95      
   15156     |      46.17       |      14.64      
   15157     |      54.25       |       5.61      
   15158     |      48.40       |      17.87      
   15159     |      57.10       |      14.32      
   15160     |      51.86       |      10.83      
   15161     |      46.37       |      21.08      
   15162     |      55.14       |      16.10      
   15163     |      81.50       |      22.33      
   15164     |      68.90       |      14.75      
   15165     |      72.60       |      13.65      
   15166     |      75.25       |      17.38      
   15167     |      70.32       |      12.49      
   15214     |      30.14       |      33.21      
   15215     |      31.45       |      32.57      
   15216     |      66.24       |       8.88      
   15217     |      43.76       |      17.71      
   15218     |      61.74       |       7.15      
   15219     |      45.08       |      15.45      
   15220     |      48.45       |      17.05      
   15221     |      75.42       |      19.84      
   15222     |      67.65       |       8.08      
   15223     |      48.56       |      15.31      
   15224     |      61.11       |      13.55      
   15225     |      57.39       |      18.57      
   15226     |      48.83       |      18.39      
   15227     |      56.22       |       4.31      
   15228     |      59.01       |       3.21      
   15229     |      52.40       |       7.41      
   15230     |      44.46       |      15.02      
   15231     |      59.10       |       5.51      
   15232     |      29.13       |      30.27      
   15233     |      45.03       |      20.00      
   15234     |      41.37       |      23.27      
   15235     |      55.34       |      18.48      
   15236     |      74.20       |      16.75      
   15237     |      85.10       |      26.80      
   15238     |      78.79       |      22.64      
   15280     |      61.90       |      10.05      
   15281     |      49.75       |      11.49      
   15282     |      47.54       |      13.13      
   15283     |      65.38       |      12.21      
   15284     |      54.89       |      11.89      
   15285     |      49.69       |      11.49      
   15286     |      44.95       |      15.12      
   15287     |      45.10       |      15.17      
   15288     |      54.87       |       5.44      
   15289     |      51.52       |       8.79      
   15290     |      67.51       |      15.46      
   15291     |      48.58       |      13.24      
   15292     |      51.44       |      10.49      
   15293     |      63.61       |       5.47      
   15294     |      58.31       |       1.50      
   15295     |      55.66       |       6.85      
   15296     |      45.49       |      14.33      
   15297     |      60.54       |       4.40      
   15298     |      29.75       |      30.69      
   15299     |      89.82       |      30.76      
   15301     |      74.69       |      19.18      
   15302     |      69.95       |      18.02      
   15303     |      68.92       |      17.24      
   15353     |      29.94       |      32.14      
   15354     |      42.66       |      23.10      
   15355     |      62.43       |       9.01      
   15356     |      47.96       |      12.03      
   15357     |      53.63       |       6.44      
   15358     |      53.13       |      14.76      
   15359     |      52.48       |       7.28      
   15360     |      53.44       |       6.56      
   15361     |      57.47       |       2.53      
   15362     |      68.59       |       9.03      
   15363     |      61.39       |       7.68      
   15364     |      58.05       |       6.13      
   15365     |      68.23       |      10.50      
   15366     |      36.09       |      23.24      
   15367     |      42.71       |      16.59      
   15368     |      54.24       |       6.84      
   15369     |      77.49       |      18.37      
   15370     |      72.60       |      14.15      
   15371     |      63.33       |       7.04      
   15372     |      65.63       |       6.57      
   15373     |      71.43       |      12.50      
   15399     |      49.17       |      11.60      
   15400     |      43.58       |      17.95      
   15401     |      54.44       |       9.18      
   15402     |      56.91       |      11.04      
   15403     |      56.67       |       4.67      
   15404     |      52.22       |       9.15      
   15405     |      60.27       |       5.27      
   15406     |      53.17       |       7.11      
   15407     |      59.47       |       2.45      
   15408     |      59.00       |       4.90      
   15409     |      53.33       |      17.00      
   15410     |      75.51       |      16.36      
   15412     |      80.40       |      21.84      
   15414     |      85.65       |      28.27      
   15415     |      76.93       |      19.16      
   15416     |      68.56       |      16.28      
   15417     |      64.46       |      10.91      
   15418     |      70.99       |      12.02      
   15463     |      35.57       |      24.62      
   15464     |      47.94       |      14.98      
   15465     |      40.82       |      19.29      
   15466     |      57.65       |       6.25      
   15467     |      73.13       |      14.89      
   15468     |      71.85       |      14.41      
   15469     |      51.57       |      11.51      
   15470     |      61.24       |       2.04      
   15471     |      44.33       |      16.10      
   15472     |      48.06       |      15.14      
   15473     |      55.26       |      10.10      
   15474     |      59.55       |       6.80      
   15475     |      57.25       |       7.14      
   15476     |      62.92       |       3.92      
   15477     |      57.56       |       1.98      
   15478     |      46.11       |      20.16      
   15479     |      44.35       |      20.92      
   15480     |      53.80       |      12.19      
   15481     |      50.82       |      13.37      
   15482     |      47.43       |      17.73      
   15483     |      43.56       |      20.79      
   15484     |      37.11       |      23.41      
   15485     |      56.29       |       6.94      
   15486     |      55.96       |       7.27      
   15487     |      77.15       |      18.04      
   15488     |      70.38       |      21.99      
   15489     |      75.63       |      17.66      
   15536     |      38.76       |      24.41      
   15537     |      49.96       |      12.17      
   15538     |      49.71       |      12.37      
   15539     |      54.93       |       5.18      
   15540     |      56.63       |       3.48      
   15541     |      71.45       |      11.74      
   15542     |      36.21       |      23.89      
   15543     |      47.05       |      14.19      
   15544     |      59.24       |       6.78      
   15545     |      60.74       |      16.54      
   15546     |      54.88       |      10.79      
   15547     |      44.00       |      22.52      
   15548     |      47.50       |      20.80      
   15549     |      69.06       |      12.15      
   15550     |      81.60       |      23.87      
   15551     |      82.02       |      24.22      
   15552     |      85.48       |      28.42      
   15553     |      76.69       |      24.61      
   15554     |      67.45       |      18.04      
   15555     |      78.42       |      21.28      
   15556     |      75.57       |      22.12      
   15594     |      42.88       |      17.79      
   15595     |      46.27       |      14.34      
   15596     |      72.50       |      12.69      
   15597     |      60.26       |       0.32      
   15598     |      44.75       |      16.50      
   15599     |      43.57       |      27.54      
   15600     |      56.41       |      23.84      
   15601     |      54.97       |      24.54      
   15602     |      66.94       |      25.30      
   15603     |      62.44       |       4.35      
   15604     |      50.17       |      16.98      
   15605     |      54.64       |      14.40      
   15606     |      49.50       |      20.51      
   15607     |      44.13       |      22.12      
   15608     |      45.66       |      22.32      
   15609     |      45.24       |      22.53      
   15610     |      59.36       |       7.21      
   15611     |      69.47       |      11.81      
   15612     |      75.74       |      19.36      
   15613     |      77.87       |      20.91      
   15614     |      69.04       |      12.49      
   15615     |      73.06       |      15.21      
   15616     |      69.16       |      12.78      
   15654     |      38.29       |      22.00      
   15655     |      49.52       |      14.97      
   15656     |      59.65       |       3.91      
   15657     |      54.24       |      11.79      
   15658     |      42.57       |      24.31      
   15659     |      43.23       |      21.34      
   15660     |      44.59       |      15.39      
   15661     |      57.95       |       3.25      
   15662     |      34.19       |      25.92      
   15663     |      84.34       |      25.12      
   15664     |      84.83       |      25.60      
   15665     |      64.22       |       7.12      
   15666     |      55.44       |       6.43      
   15667     |      48.82       |      14.09      
   15668     |      56.91       |      14.50      
   15669     |      45.78       |      23.48      
   15670     |      61.97       |       2.71      
   15671     |      82.64       |      24.01      
   15672     |      73.52       |      16.94      
   15673     |      68.40       |      13.78      
   15714     |      35.05       |      27.75      
   15715     |      44.37       |      17.25      
   15716     |      59.01       |       3.96      
   15717     |      70.54       |      15.25      
   15718     |      60.74       |      13.39      
   15719     |      56.82       |       3.74      
   15720     |      43.75       |      16.11      
   15721     |      59.51       |       0.31      
   15722     |      54.65       |       5.51      
   15723     |      34.52       |      25.73      
   15724     |      44.47       |      17.56      
   15725     |      45.53       |      16.04      
   15726     |      48.16       |      13.88      
   15727     |      47.81       |      17.01      
   15728     |      46.57       |      18.07      
   15729     |      60.60       |       6.57      
   15730     |      75.34       |      16.68      
   15731     |      69.88       |      19.97      
   15732     |      78.53       |      22.99      
   15733     |      75.25       |      24.31      
   15734     |      74.65       |      23.91      
   15735     |      79.10       |      23.72      
   15774     |      46.86       |      16.08      
   15775     |      44.33       |      17.22      
   15776     |      50.73       |       9.84      
   15777     |      60.69       |       7.25      
   15778     |      57.94       |       4.88      
   15779     |      57.35       |       7.25      
   15780     |      58.42       |      15.10      
   15781     |      41.48       |      19.95      
   15782     |      54.85       |       5.08      
   15783     |      41.68       |      18.82      
   15784     |      54.41       |       5.94      
   15785     |      50.26       |      12.23      
   15786     |      50.47       |      16.27      
   15787     |      73.63       |      18.19      
   15788     |      60.70       |       4.35      
   15789     |      85.01       |      25.43      
   15790     |      59.68       |      20.76      
   15791     |      48.35       |      13.55      
   15792     |      44.94       |      16.89      
   15793     |      46.32       |      19.23      
   15794     |      49.04       |      18.80      
   15795     |      64.56       |       5.30      
   15796     |      66.96       |       7.67      
   15797     |      66.11       |      10.76      
   15798     |      65.82       |      10.31      
   15799     |      69.52       |      12.20      
   15800     |      61.34       |       5.47      
   15801     |      68.72       |      12.78      
   15802     |      61.05       |      14.54      
   15803     |      72.92       |      24.78      
   15836     |      46.39       |      18.24      
   15837     |      41.13       |      21.47      
   15838     |      53.92       |      13.67      
   15839     |      44.70       |      21.69      
   15840     |      47.59       |      13.81      
   15841     |      53.78       |       9.72      
   15842     |      49.73       |      10.08      
   15843     |      41.36       |      23.17      
   15844     |      55.16       |       5.89      
   15845     |      58.76       |      15.08      
   15846     |      55.81       |       4.39      
   15847     |      38.06       |      21.64      
   15848     |      61.57       |       4.08      
   15849     |      62.17       |       4.51      
   15850     |      54.84       |       5.00      
   15851     |      68.31       |      10.41      
   15852     |      66.56       |      14.44      
   15853     |      60.77       |      10.56      
   15854     |      68.66       |      11.38      
   15855     |      77.34       |      19.30      
   15893     |      40.46       |      25.48      
   15894     |      35.16       |      25.01      
   15895     |      61.28       |       2.85      
   15896     |      49.40       |      12.16      
   15897     |      52.27       |      12.14      
   15898     |      57.89       |       6.86      
   15899     |      46.66       |      16.91      
   15900     |      52.22       |      12.40      
   15901     |      53.76       |      20.70      
   15902     |      57.72       |       5.52      
   15903     |      56.00       |       3.77      
   15904     |      60.55       |       1.56      
   15905     |      51.77       |      11.56      
   15906     |      59.60       |      14.17      
   15907     |      56.45       |      10.46      
   15908     |      81.19       |      22.19      
   15909     |      72.76       |      14.00      
   15910     |      58.45       |       7.98      
   15911     |      58.89       |       7.08      
   15912     |      59.90       |       7.31      
   15913     |      59.45       |       6.74      
   15914     |      62.91       |       8.73      
   15915     |      78.36       |      19.39      
   15916     |      56.42       |      10.62      
   15917     |      61.33       |      15.11      
   15970     |      38.72       |      22.34      
   15971     |      34.97       |      25.25      
   15972     |      51.09       |      10.12      
   15973     |      57.88       |       7.93      
   15974     |      40.60       |      21.68      
   15975     |      39.11       |      20.78      
   15976     |      48.67       |      11.24      
   15977     |      61.42       |       2.23      
   15978     |      60.09       |       3.04      
   15979     |      61.97       |       4.37      
   15980     |      42.11       |      20.24      
   15981     |      44.61       |      18.20      
   15982     |      46.72       |      13.02      
   15983     |      58.13       |       7.77      
   15984     |      62.49       |       3.23      
   15985     |      55.62       |       6.89      
   15986     |      41.64       |      19.47      
   15987     |      52.31       |       9.28      
   15988     |      52.72       |       8.49      
   15989     |      80.81       |      23.70      
   16026     |      38.48       |      25.17      
   16027     |      43.48       |      22.42      
   16028     |      63.02       |       6.25      
   16029     |      39.78       |      22.17      
   16030     |      54.52       |       5.41      
   16031     |      49.32       |      10.82      
   16032     |      30.08       |      29.87      
   16033     |      51.81       |       9.08      
   16034     |      44.99       |      19.16      
   16035     |      64.34       |      10.34      
   16036     |      61.62       |       5.02      
   16037     |      42.65       |      17.91      
   16038     |      52.81       |       7.93      
   16039     |      53.67       |       6.45      
   16040     |      50.24       |      10.25      
   16041     |      61.23       |       7.91      
   16042     |      58.14       |       8.07      
   16043     |      48.60       |      12.64      
   16044     |      41.42       |      19.96      
   16045     |      34.69       |      25.41      
   16046     |      48.61       |      12.24      
   16047     |      52.06       |       8.23      
   16048     |      56.34       |       6.25      
   16049     |      58.84       |      17.47      
   16050     |      82.13       |      26.42      
   16051     |      80.34       |      24.49      
   16052     |      66.43       |       8.77      
   16053     |      59.14       |       8.18      
   16054     |      62.81       |       6.34      
   16055     |      59.22       |       5.52      
   16056     |      61.16       |       7.95      
   16099     |      57.01       |       3.17      
   16100     |      57.18       |       2.99      
   16101     |      74.55       |      14.75      
   16102     |      48.80       |      11.30      
   16103     |      52.34       |       7.38      
   16104     |      63.50       |       4.14      
   16105     |      71.28       |      13.65      
   16106     |      66.95       |      10.40      
   16107     |      56.14       |       5.91      
   16108     |      56.16       |       5.85      
   16109     |      62.43       |       6.54      
   16151     |      55.52       |      11.78      
   16152     |      39.07       |      21.11      
   16153     |      49.17       |      12.09      
   16154     |      46.49       |      15.25      
   16155     |      30.00       |      29.89      
   16156     |      41.82       |      19.66      
   16157     |      74.00       |      16.51      
   16158     |      68.95       |      10.11      
   16159     |      47.31       |      14.84      
   16160     |      51.87       |       7.87      
   16161     |      54.57       |       5.31      
   16162     |      63.05       |      11.58      
   16163     |      55.45       |       7.25      
   16164     |      44.80       |      15.34      
   16165     |      57.79       |       2.51      
   16166     |      54.10       |      25.68      
   16167     |      52.47       |      26.39      
   16168     |      45.87       |      26.61      
   16169     |      64.52       |      17.62      
   16170     |      59.28       |      16.58      
   16171     |      70.29       |      18.75      
   16172     |      61.62       |      20.83      
   16173     |      59.60       |       1.85      
   16174     |      56.58       |       2.54      
   16175     |      61.80       |       2.85      
   16176     |      61.98       |       3.09      
   16177     |      73.96       |      14.97      
   16212     |      38.04       |      24.67      
   16213     |      43.47       |      17.99      
   16214     |      56.94       |       4.53      
   16215     |      45.66       |      14.52      
   16216     |      57.95       |      11.70      
   16217     |      55.54       |      11.79      
   16218     |      37.91       |      23.24      
   16219     |      57.57       |      12.31      
   16220     |      50.89       |      19.95      
   16221     |      65.18       |      12.73      
   16222     |      61.21       |       9.77      
   16223     |      65.57       |      16.54      
   16224     |      52.61       |      13.90      
   16225     |      64.63       |      17.70      
   16226     |      55.62       |      19.58      
   16227     |      67.28       |      15.85      
   16228     |      71.83       |      17.86      
   16229     |      55.35       |       5.63      
   16230     |      53.60       |       7.73      
   16231     |      64.44       |       7.65      
   16232     |      62.07       |      10.98      
   16233     |      85.02       |      27.56      
   16273     |      47.76       |      14.27      
   16274     |      45.24       |      14.81      
   16275     |      58.27       |       5.06      
   16276     |      40.89       |      20.35      
   16277     |      49.30       |      10.71      
   16278     |      52.55       |       7.35      
   16279     |      54.20       |      14.66      
   16280     |      65.31       |      15.14      
   16281     |      62.20       |      13.02      
   16282     |      42.46       |      17.51      
   16283     |      55.74       |      15.05      
   16284     |      56.18       |       7.48      
   16285     |      59.25       |      13.16      
   16286     |      51.66       |      16.58      
   16287     |      48.86       |      12.49      
   16288     |      62.74       |       4.90      
   16289     |      56.14       |       5.56      
   16290     |      72.23       |      13.52      
   16291     |      54.28       |       5.34      
   16292     |      44.19       |      15.39      
   16293     |      39.28       |      20.07      
   16294     |      74.19       |      15.14      
   16295     |      58.37       |      10.00      
   16296     |      66.82       |      17.88      
   16297     |      78.69       |      24.74      
   16335     |      46.12       |      17.94      
   16336     |      45.12       |      18.78      
   16337     |      59.66       |       2.86      
   16338     |      61.89       |      12.40      
   16339     |      44.71       |      15.74      
   16340     |      43.25       |      18.02      
   16341     |      45.88       |      18.45      
   16342     |      67.44       |      11.67      
   16343     |      62.79       |       4.33      
   16344     |      60.24       |       3.07      
   16345     |      65.99       |      10.04      
   16346     |      61.06       |      19.88      
   16347     |      49.28       |      17.23      
   16348     |      54.93       |      10.21      
   16349     |      57.93       |       7.94      
   16350     |      61.61       |       7.87      
   16351     |      51.09       |       8.80      
   16352     |      69.23       |      13.52      
   16353     |      69.45       |      13.82      
   16354     |      80.54       |      23.06      
   16385     |      59.94       |       3.74      
   16386     |      42.03       |      18.39      
   16387     |      46.32       |      14.34      
   16388     |      52.13       |       9.78      
   16389     |      55.12       |      12.22      
   16390     |      61.69       |       5.83      
   16391     |      45.46       |      19.40      
   16392     |      57.42       |      15.12      
   16393     |      56.74       |      15.99      
   16394     |      44.41       |      17.98      
   16395     |      55.01       |      24.14      
   16396     |      66.53       |      14.34      
   16397     |      58.32       |      12.35      
   16398     |      53.84       |      19.10      
   16399     |      52.15       |      19.22      
   16400     |      68.22       |       8.96      
   16401     |      61.15       |       2.87      
   16402     |      44.22       |      16.22      
   16403     |      52.48       |       7.74      
   16404     |      73.90       |      14.79      
   16405     |      77.02       |      18.00      
   16406     |      87.04       |      28.22      
   16407     |      86.51       |      31.54      
   16434     |      37.56       |      24.48      
   16435     |      43.07       |      18.61      
   16436     |      47.71       |      16.02      
   16437     |      58.15       |       8.17      
   16438     |      45.96       |      15.25      
   16439     |      56.87       |      11.99      
   16440     |      50.37       |      10.36      
   16441     |      62.41       |       5.64      
   16442     |      63.99       |      18.43      
   16443     |      50.10       |      23.26      
   16444     |      58.98       |       6.37      
   16445     |      59.76       |       5.96      
   16446     |      64.07       |      12.32      
   16447     |      54.25       |      20.79      
   16448     |      42.17       |      23.33      
   16449     |      58.20       |      13.41      
   16450     |      41.65       |      19.45      
   16451     |      61.61       |       8.09      
   16452     |      57.67       |       4.71      
   16453     |      64.25       |      11.50      
   16454     |      43.35       |      20.76      
   16455     |      45.08       |      21.62      
   16456     |      50.74       |      17.70      
   16458     |      72.27       |      24.15      
   16459     |      75.35       |      27.16      
   16504     |      56.16       |       7.25      
   16505     |      57.82       |      18.30      
   16506     |      58.07       |      18.21      
   16507     |      59.38       |       4.83      
   16508     |      49.07       |      13.10      
   16509     |      55.54       |       8.69      
   16510     |      59.26       |      12.55      
   16511     |      63.42       |       6.50      
   16512     |      65.29       |      21.13      
   16513     |      71.52       |      26.04      
   16514     |      58.96       |      23.11      
   16515     |      47.73       |      31.14      
   16516     |      68.92       |      31.58      
   16517     |      81.01       |      34.33      
   16518     |      85.64       |      37.48      
   16519     |      72.73       |      18.39      
   16520     |      72.79       |      18.48      
   16559     |      52.07       |      17.11      
   16560     |      43.23       |      22.57      
   16561     |      47.19       |      21.86      
   16562     |      62.33       |      16.56      
   16563     |      55.59       |      13.29      
   16564     |      54.54       |      13.84      
   16565     |      55.92       |       8.22      
   16566     |      69.57       |      26.81      
   16567     |      55.81       |      18.80      
   16568     |      50.75       |      20.16      
   16569     |      53.13       |      20.74      
   16570     |      64.48       |      18.25      
   16571     |      54.15       |      16.48      
   16572     |      67.35       |      11.39      
   16573     |      40.02       |      22.61      
   16574     |      61.89       |      18.98      
   16575     |      43.84       |      23.78      
   16576     |      57.99       |      23.61      
   16577     |      56.11       |      20.39      
   16578     |      60.86       |      21.31      
   16579     |      62.67       |      37.15      
   16580     |      65.71       |       9.01      
   16581     |      82.03       |      25.24      
   16582     |      74.44       |      21.83      
   16623     |      40.28       |      26.69      
   16624     |      49.54       |      24.44      
   16625     |      52.96       |      21.81      
   16626     |      62.94       |      24.36      
   16627     |      48.56       |      32.73      
   16628     |      54.58       |      32.54      
   16629     |      48.96       |      13.14      
   16630     |      59.88       |      13.95      
   16631     |      69.24       |      14.79      
   16632     |      68.28       |      13.42      
   16633     |      47.51       |      13.80      
   16634     |      64.77       |      17.98      
   16635     |      50.28       |      12.90      
   16636     |      67.45       |      13.36      
   16637     |      59.15       |       1.05      
   16638     |      58.34       |       1.33      
   16639     |      58.91       |      10.70      
   16640     |      62.27       |      24.30      
   16641     |      68.13       |      28.14      
   16642     |      60.28       |      29.95      
   16643     |      49.92       |      22.61      
   16644     |      58.17       |      22.29      
   16645     |      55.46       |      16.28      
   16646     |      83.68       |      29.44      
   16647     |      72.38       |      17.25      
   16648     |      78.68       |      22.77      
   16649     |      86.71       |      31.88      
   16683     |      58.65       |      14.14      
   16684     |      48.64       |      23.04      
   16685     |      47.65       |      18.71      
   16686     |      52.18       |      14.18      
   16687     |      42.39       |      21.66      
   16688     |      59.99       |      18.44      
   16689     |      69.02       |       9.38      
   16690     |      58.35       |       6.36      
   16691     |      51.74       |      10.30      
   16692     |      59.87       |       1.06      
   16693     |      69.15       |      15.59      
   16694     |      60.82       |      15.52      
   16695     |      56.57       |      15.99      
   16696     |      55.60       |      15.45      
   16697     |      68.68       |      16.10      
   16698     |      61.90       |      10.27      
   16699     |      70.43       |      20.53      
   16700     |      50.11       |      22.87      
   16701     |      68.03       |      10.33      
   16702     |      79.27       |      20.64      
   16704     |      86.39       |      30.06      
   16728     |      49.37       |      23.25      
   16729     |      57.74       |      19.21      
   16730     |      39.76       |      23.23      
   16731     |      54.84       |       9.89      
   16732     |      57.11       |      10.21      
   16733     |      42.83       |      19.69      
   16734     |      58.45       |       4.34      
   16735     |      67.60       |      15.67      
   16736     |      50.70       |      17.90      
   16737     |      50.54       |      23.10      
   16738     |      55.32       |      21.06      
   16739     |      53.09       |       7.99      
   16740     |      59.98       |       9.93      
   16741     |      56.79       |       9.44      
   16742     |      53.67       |      10.40      
   16743     |      43.06       |      19.16      
   16744     |      79.70       |      26.49      
   16745     |      67.98       |      21.59      
   16746     |      55.97       |      11.26      
   16747     |      56.20       |      11.18      
   16748     |      64.65       |      22.09      
   16749     |      72.72       |      26.82      
   16750     |      73.25       |      26.53      
   16751     |      68.61       |      24.80      
   16752     |      62.34       |      19.76      
   16753     |      39.81       |      23.83      
   16754     |      58.22       |      12.84      
   16755     |      48.57       |      10.54      
   16756     |      63.19       |       9.73      
   16797     |      53.28       |      23.52      
   16798     |      39.67       |      28.80      
   16799     |      48.58       |      26.16      
   16800     |      57.65       |      14.51      
   16801     |      43.12       |      20.53      
   16802     |      41.75       |      21.92      
   16803     |      61.04       |      22.39      
   16804     |      48.69       |      31.06      
   16805     |      49.21       |      17.60      
   16806     |      49.94       |      17.14      
   16807     |      43.17       |      17.47      
   16808     |      62.20       |       8.07      
   16809     |      69.89       |      20.11      
   16810     |      66.62       |      19.31      
   16811     |      72.77       |      26.41      
   16812     |      38.88       |      21.79      
   16813     |      30.65       |      28.74      
   16814     |      67.47       |      23.34      
   16815     |      76.54       |      34.40      
   16816     |      86.02       |      41.70      
   33578     |      52.22       |      13.49      
   33579     |      50.47       |      14.34      
   33580     |      48.12       |      31.03      
   33581     |      52.11       |      24.53      
   33582     |      57.52       |      18.38      
   33583     |      52.94       |       6.68      
   33584     |      64.03       |       9.84      
   33585     |      52.44       |      12.19      
   33586     |      69.92       |      21.41      
   33587     |      81.29       |      26.66      
   33588     |      77.94       |      28.22      
   33589     |      55.31       |      22.38      
   33592     |      84.93       |      38.68      
   33627     |      51.10       |      19.47      
   33628     |      42.59       |      25.33      
   33629     |      62.30       |      23.96      
   33630     |      65.28       |      23.14      
   33631     |      69.43       |      25.44      
   33632     |      60.68       |      29.94      
   33633     |      47.25       |      31.46      
   33634     |      48.07       |      30.80      
   33635     |      32.38       |      35.15      
   33636     |      47.93       |      20.19      
   33637     |      64.29       |      27.86      
   33638     |      53.80       |      37.27      
   33639     |      43.91       |      33.13      
   33640     |      51.00       |       8.85      
   33641     |      48.47       |      22.66      
   33642     |      65.66       |      16.48      
   33643     |      68.17       |      19.33      
   33644     |      54.75       |      25.86      
   33645     |      61.92       |      26.06      
   33646     |      54.73       |      12.37      
   33647     |      78.20       |      28.09      
   33648     |      59.87       |      17.65      
   33649     |      48.10       |      21.87      
   33650     |      61.20       |      12.89      
   33651     |      35.22       |      26.02      
   33652     |      61.61       |      35.54      
   33653     |      80.46       |      43.73      
   33654     |      87.31       |      50.45      
   33655     |      85.67       |      41.68      
   33686     |      47.66       |      24.31      
   33687     |      54.12       |      23.72      
   33688     |      46.90       |      22.32      
   33689     |      37.72       |      27.39      
   33690     |      41.69       |      23.13      
   33691     |      59.20       |      13.33      
   33692     |      68.30       |      12.89      
   33693     |      36.83       |      39.36      
   33694     |      63.02       |      35.97      
   33695     |      44.65       |      32.57      
   33696     |      67.79       |      26.99      
   33697     |      59.43       |      19.67      
   33698     |      55.40       |      29.99      
   33699     |      72.93       |      27.89      
   33700     |      70.56       |      24.60      
   33701     |      76.92       |      26.19      
   33702     |      61.50       |      14.81      
   33703     |      59.61       |      28.80      
   33704     |      48.19       |      32.23      
   33705     |      66.99       |      35.03      
   33706     |      81.55       |      39.06      
   33707     |      73.57       |      28.13      
   33708     |      71.58       |      27.45      
   33742     |      58.76       |      17.15      
   33743     |      46.57       |      27.04      
   33744     |      49.72       |      23.34      
   33745     |      56.75       |      18.55      
   33746     |      36.94       |      33.62      
   33747     |      80.86       |      26.49      
   33748     |      69.95       |      19.50      
   33749     |      53.10       |      20.85      
   33750     |      48.93       |      22.57      
   33751     |      70.95       |      35.76      
   33752     |      59.60       |      37.25      
   33753     |      62.99       |      42.91      
   33754     |      57.69       |      38.12      
   33755     |      70.56       |      25.37      
   33756     |      72.14       |      28.53      
   33757     |      60.52       |      30.42      
   33758     |      81.97       |      37.65      
   33793     |      58.61       |      16.59      
   33794     |      47.61       |      19.85      
   33795     |      49.93       |      21.09      
   33796     |      57.09       |      18.89      
   33797     |      40.39       |      26.00      
   33798     |      38.53       |      33.40      
   33799     |      65.56       |      31.54      
   33800     |      52.29       |      14.58      
   33801     |      52.74       |      14.49      
   33802     |      51.42       |      25.83      
   33803     |      47.19       |      18.41      
   33804     |      45.66       |      33.28      
   33805     |      53.17       |      33.45      
   33806     |      72.15       |      45.19      
   33807     |      68.62       |      47.07      
   33808     |      62.50       |      40.42      
   33809     |      63.09       |      50.52      
   33810     |      49.74       |      46.31      
   33811     |      67.77       |      39.66      
   33812     |      73.32       |      35.98      
   33813     |      60.28       |      28.79      
   33814     |      64.74       |      23.08      
   33815     |      68.00       |      24.89      
   33816     |      76.14       |      25.22      
   33817     |      79.31       |      28.48      
   33818     |      75.29       |      26.24      
   33819     |      77.79       |      29.96      
   33848     |      46.47       |      22.74      
   33849     |      55.77       |      37.33      
   33850     |      65.93       |      30.50      
   33851     |      53.55       |      23.88      
   33852     |      72.57       |      22.62      
   33853     |      55.12       |      13.66      
   33854     |      43.75       |      24.26      
   33855     |      62.27       |      18.91      
   33856     |      70.80       |      34.28      
   33857     |      62.90       |      40.38      
   33858     |      71.29       |      46.09      
   33859     |      64.14       |      49.28      
   33860     |      62.85       |      34.61      
   33861     |      69.44       |      33.47      
   33862     |      80.59       |      32.25      
   33889     |      54.24       |      23.53      
   33890     |      58.60       |      27.96      
   33891     |      51.91       |      30.13      
   33892     |      42.50       |      29.03      
   33893     |      50.48       |      23.72      
   33894     |      52.62       |      24.40      
   33895     |      42.24       |      26.34      
   33896     |      44.11       |      25.66      
   33897     |      57.80       |      16.60      
   33898     |      69.33       |      18.99      
   33899     |      43.00       |      19.39      
   33900     |      67.94       |      32.49      
   33901     |      68.34       |      39.66      
   33902     |      69.15       |      39.12      
   33903     |      58.64       |      35.28      
   33904     |      66.59       |      33.26      
   33905     |      61.95       |      38.59      
   33906     |      62.24       |      28.64      
   33907     |      60.28       |      28.72      
   33908     |      47.61       |      28.47      
   33909     |      75.03       |      25.22      
   33910     |      84.18       |      37.64      
   33911     |      79.98       |      36.80      
   33912     |      75.09       |      32.68      
   33913     |      85.01       |      41.49      
   33951     |      44.76       |      28.18      
   33952     |      48.38       |      18.37      
   33953     |      52.12       |      18.34      
   33954     |      53.16       |      30.65      
   33955     |      56.65       |      27.78      
   33956     |      50.44       |      29.11      
   33957     |      49.58       |      29.13      
   33958     |      61.35       |       6.32      
   33959     |      52.06       |       8.59      
   33960     |      64.04       |      22.39      
   33961     |      62.99       |      22.48      
   33962     |      77.45       |      31.19      
   33963     |      77.24       |      30.62      
   33964     |      70.45       |      40.25      
   33965     |      61.23       |      29.54      
   33966     |      51.15       |      35.45      
   33967     |      53.06       |      34.78      
   33968     |      50.96       |      26.85      
   33969     |      65.01       |      26.64      
   33970     |      60.85       |      35.67      
   33971     |      81.30       |      39.81      
   33973     |      87.85       |      38.71      
   33998     |      54.41       |      26.37      
   33999     |      49.94       |      29.00      
   34000     |      40.26       |      24.71      
   34001     |      49.63       |      18.23      
   34002     |      62.16       |      29.95      
   34003     |      57.23       |      31.59      
   34004     |      64.27       |      20.62      
   34005     |      79.53       |      24.57      
   34006     |      79.25       |      32.13      
   34007     |      72.88       |      34.19      
   34008     |      64.12       |      34.38      
   34009     |      60.79       |      36.73      
   34010     |      47.90       |      33.08      
   34011     |      49.85       |      30.96      
   34012     |      63.39       |      29.86      
   34013     |      55.46       |      21.79      
   34014     |      56.94       |      22.24      
   34052     |      55.76       |      12.71      
   34053     |      41.77       |      22.38      
   34054     |      60.89       |      17.15      
   34055     |      40.81       |      26.56      
   34056     |      39.60       |      27.26      
   34057     |      55.31       |      21.33      
   34058     |      60.26       |      21.95      
   34059     |      44.77       |      19.73      
   34060     |      40.83       |      23.28      
   34061     |      69.04       |      21.44      
   34062     |      51.24       |      16.56      
   34063     |      62.33       |      27.59      
   34064     |      56.87       |      25.86      
   34065     |      88.19       |      41.73      
   34066     |      65.67       |      28.93      
   34067     |      80.83       |      28.17      
   34068     |      62.12       |      16.36      
   34069     |      78.35       |      30.02      
   34070     |      67.65       |      29.14      
   34071     |      54.28       |      22.78      
   34107     |      47.14       |      21.09      
   34108     |      46.53       |      18.94      
   34109     |      43.63       |      30.78      
   34110     |      48.03       |      30.54      
   34111     |      58.01       |      16.94      
   34112     |      50.40       |      20.34      
   34113     |      39.99       |      27.06      
   34114     |      51.73       |      28.01      
   34115     |      62.60       |      27.52      
   34116     |      75.14       |      42.54      
   34163     |      55.13       |      14.19      
   34164     |      52.75       |      24.68      
   34165     |      51.80       |      17.28      
   34166     |      45.83       |      34.90      
   34167     |      48.01       |      34.70      
   34168     |      51.36       |      30.66      
   34169     |      55.72       |      34.28      
   34170     |      46.05       |      35.91      
   34171     |      62.33       |      19.62      
   34172     |      62.35       |      19.65      
   34173     |      56.72       |      21.65      
   34174     |      62.83       |      23.62      
   34175     |      75.71       |      39.45      
   34212     |      55.19       |      25.47      
   34213     |      46.17       |      22.35      
   34214     |      49.93       |      35.87      
   34215     |      57.24       |      20.38      
   34216     |      52.44       |      20.96      
   34217     |      56.07       |      24.92      
   34218     |      53.03       |      42.72      
   34219     |      51.78       |      43.15      
   34273     |      47.81       |      32.59      
   34274     |      43.63       |      28.44      
   34275     |      37.21       |      30.04      
   34276     |      48.57       |      21.12      
   34277     |      46.18       |      27.95      
   34278     |      55.48       |      17.95      
   34279     |      58.98       |      20.13      
   34280     |      52.58       |      25.88      
   34281     |      57.69       |      26.45      
   34282     |      46.68       |      35.68      
   34283     |      47.56       |      38.14      
   34284     |      57.55       |      32.54      
   34285     |      57.69       |      32.14      
   34286     |      54.78       |      30.88      
   34287     |      59.12       |      26.93      
   34333     |      47.55       |      24.11      
   34334     |      50.45       |      33.74      
   34335     |      38.83       |      24.13      
   34336     |      55.50       |      11.67      
   34337     |      62.20       |       4.78      
   34389     |      58.85       |      16.26      
   34390     |      76.04       |      27.19      
   34391     |      75.99       |      27.26      
   34392     |      57.66       |      28.30      
   34393     |      55.89       |      26.86      
   34450     |      45.39       |      31.43      
   34451     |      47.79       |      28.48      
   34452     |      39.99       |      31.24      
   34453     |      38.07       |      33.42      
   34454     |      47.15       |      27.90      
   34455     |      53.09       |      21.72      
   34456     |      34.14       |      31.22      
   34457     |      79.38       |      47.29      
   34458     |      63.40       |      35.43      
   34459     |      51.32       |      37.98      
   34460     |      50.61       |      28.78      
   34461     |      48.82       |      30.83      
   34521     |      43.14       |      43.60      
   34522     |      61.49       |      43.99      
   34523     |      71.04       |      50.47      
   34565     |      46.52       |      33.09      
   34566     |      44.88       |      33.40      
   34567     |      39.52       |      37.52      
   34568     |      48.24       |      34.12      
   34632     |      42.82       |      36.74      
   34633     |      49.12       |      30.72      
   34685     |      51.42       |      14.80      
   34686     |      49.33       |      15.60      
   34687     |      54.68       |      10.82      
   34688     |      63.37       |      15.55      
   34743     |      47.86       |      25.55      
   34806     |      35.36       |      34.07      
