=== Visibility Analysis Summary ===
Total patches: 196608
Geometric visible: 11514 (5.9%)
Light illuminated: 11514 (100.0% of geometric)
Reflection conditions met: 11514 (100.0% of geometric)
Light unoccluded: 11514 (100.0% of geometric)
Final visible: 11514 (5.9% of total)
Visible area: 493.51 (6.2% of total area)

=== Detailed Visibility Information ===
Patch Index  | Incidence Angle  |  Viewing Angle  
-------------+------------------+-----------------
   65566     |      34.79       |      45.79      
   65567     |      31.71       |      42.62      
   65568     |      26.97       |      37.91      
   65569     |      18.88       |      29.26      
   65570     |      23.56       |      34.09      
   65571     |      20.99       |      30.65      
   65572     |      21.81       |      31.54      
   65573     |      21.35       |      30.63      
   65574     |      24.21       |      33.82      
   65575     |      23.83       |      32.99      
   65576     |      18.20       |      26.27      
   65577     |      18.82       |      28.67      
   65578     |       9.20       |      14.28      
   65579     |       6.93       |      17.47      
   65580     |       4.77       |      15.11      
   65581     |       4.72       |      14.26      
   65582     |      16.36       |      26.88      
   65583     |      15.60       |      25.86      
   65584     |      21.76       |      31.92      
   65585     |      19.85       |      29.60      
   65586     |      18.42       |      28.05      
   65587     |      17.41       |      25.86      
   65588     |      21.64       |      30.80      
   65589     |      21.63       |      30.78      
   65590     |      29.79       |      39.62      
   65591     |      29.51       |      39.24      
   65592     |      35.08       |      45.04      
   65593     |      34.29       |      44.00      
   65594     |      32.86       |      42.48      
   65595     |      31.74       |      40.52      
   65596     |      33.07       |      41.97      
   65597     |      32.92       |      41.64      
   65598     |      41.42       |      50.77      
   65599     |      41.00       |      50.16      
   65600     |      44.70       |      53.96      
   65601     |      46.63       |      56.26      
   65602     |      42.33       |      51.76      
   65603     |      43.69       |      53.44      
   65604     |      43.41       |      53.13      
   65605     |      43.99       |      53.83      
   65606     |      45.81       |      55.70      
   65607     |      45.52       |      55.36      
   65609     |      49.04       |      58.49      
   65610     |      48.83       |      58.26      
   65611     |      49.04       |      58.53      
   65612     |      41.66       |      50.76      
   65613     |      45.07       |      55.05      
   65614     |      45.69       |      55.68      
   65615     |      45.53       |      55.48      
   65616     |      48.79       |      58.76      
   65617     |      45.94       |      55.63      
   65618     |      33.88       |      43.00      
   65619     |      36.77       |      46.54      
   65620     |      29.52       |      38.96      
   65621     |      37.39       |      47.79      
   65622     |      48.57       |      58.99      
   65623     |      49.40       |      59.84      
   65625     |      46.98       |      57.33      
   65626     |      45.34       |      55.67      
   65627     |      42.98       |      53.19      
   65628     |      34.82       |      44.89      
   65629     |      33.70       |      43.63      
   65630     |      30.81       |      40.66      
   65631     |      36.83       |      47.16      
   65632     |      32.04       |      42.36      
   65633     |      22.70       |      33.01      
   65634     |      13.72       |      23.96      
   65635     |      12.95       |      23.11      
   65636     |      11.37       |      21.47      
   65637     |       8.90       |      17.34      
   65638     |      10.08       |      18.88      
   65639     |      10.52       |      16.41      
   65640     |      13.67       |      21.75      
   65641     |      15.09       |      19.45      
   65642     |      17.59       |      24.36      
   65643     |      17.51       |      24.77      
   65644     |      17.87       |      25.26      
   65645     |      18.69       |      27.62      
   65646     |      19.84       |      28.90      
   65647     |      19.94       |      29.05      
   65648     |      18.79       |      27.71      
   65649     |      17.78       |      25.15      
   65650     |      17.53       |      24.77      
   65651     |      18.09       |      23.52      
   65652     |      17.89       |      23.10      
   65653     |      17.24       |      23.80      
   65654     |      15.20       |      16.88      
   65655     |      12.20       |      17.03      
   65656     |      13.03       |      13.06      
   65657     |      13.44       |      14.21      
   65658     |      15.20       |      12.96      
   65659     |      15.17       |      12.70      
   65660     |      18.28       |      13.06      
   65661     |      21.43       |      12.45      
   65662     |      19.51       |      10.85      
   65663     |      26.07       |      16.08      
   65664     |      22.18       |      12.22      
   65665     |      35.16       |      25.54      
   65666     |      24.95       |      15.81      
   65667     |      36.23       |      27.49      
   65668     |      30.19       |      22.14      
   65669     |      34.18       |      26.16      
   65670     |      36.01       |      27.78      
   65671     |      39.18       |      31.00      
   65672     |      37.11       |      29.18      
   65673     |      35.25       |      28.25      
   65674     |      31.04       |      25.02      
   65675     |      30.29       |      25.44      
   65676     |      33.19       |      27.39      
   65677     |      33.10       |      27.42      
   65678     |      34.69       |      28.58      
   65679     |      31.25       |      25.34      
   65680     |      30.84       |      25.06      
   65681     |      27.81       |      22.29      
   65682     |      29.50       |      23.42      
   65683     |      25.99       |      20.16      
   65684     |      27.40       |      21.10      
   65685     |      22.18       |      16.25      
   65686     |      23.95       |      17.38      
   65687     |      18.06       |      11.92      
   65688     |      20.91       |      13.65      
   65689     |      18.37       |      11.21      
   65690     |      28.29       |      19.47      
   65691     |      17.91       |       8.42      
   65692     |      25.40       |      15.82      
   65693     |      18.10       |       8.86      
   65694     |      21.78       |      12.40      
   65695     |      19.26       |      10.57      
   65696     |      27.95       |      18.70      
   65697     |      27.38       |      18.22      
   65698     |      35.62       |      26.30      
   65699     |      36.63       |      27.24      
   65700     |      36.15       |      26.79      
   65701     |      37.92       |      28.47      
   65702     |      40.53       |      31.09      
   65703     |      46.31       |      36.79      
   65704     |      53.08       |      43.57      
   65705     |      54.07       |      44.57      
   65706     |      55.93       |      46.44      
   65707     |      51.66       |      42.20      
   65708     |      54.57       |      45.12      
   65709     |      52.41       |      43.00      
   65710     |      51.38       |      41.98      
   65711     |      51.50       |      42.11      
   65712     |      40.52       |      31.20      
   65713     |      49.04       |      39.63      
   65714     |      46.39       |      37.00      
   65715     |      48.63       |      39.28      
   65716     |      47.28       |      37.94      
   65717     |      48.77       |      39.48      
   65718     |      50.83       |      41.54      
   65719     |      51.49       |      42.21      
   65720     |      55.50       |      46.22      
   65721     |      60.92       |      51.74      
   65722     |      58.22       |      49.08      
   65723     |      49.41       |      40.11      
   65724     |      53.48       |      44.19      
   65725     |      48.82       |      39.51      
   65726     |      57.04       |      47.74      
   65727     |      56.25       |      46.95      
   65728     |      53.62       |      44.34      
   65729     |      49.87       |      40.61      
   65730     |      46.56       |      37.32      
   65731     |      46.00       |      36.78      
   65732     |      53.04       |      43.82      
   65733     |      52.28       |      43.06      
   65734     |      50.19       |      40.99      
   65735     |      45.75       |      36.71      
   65736     |      39.99       |      31.03      
   65737     |      40.91       |      31.89      
   65738     |      48.43       |      39.35      
   65739     |      36.92       |      27.77      
   65740     |      56.18       |      47.03      
   65741     |      53.99       |      44.88      
   65742     |      63.64       |      54.54      
   65743     |      57.98       |      48.84      
   65744     |      58.91       |      49.78      
   65745     |      54.62       |      45.53      
   65746     |      52.56       |      43.49      
   65747     |      51.67       |      42.64      
   65748     |      53.29       |      44.27      
   65749     |      52.59       |      43.60      
   65750     |      57.44       |      48.44      
   65751     |      53.85       |      45.06      
   65752     |      54.72       |      45.93      
   65753     |      51.16       |      42.78      
   65754     |      42.06       |      34.06      
   65755     |      43.73       |      35.40      
   65756     |      27.99       |      20.57      
   65757     |      39.17       |      30.15      
   65822     |      40.76       |      51.76      
   65823     |      35.86       |      46.72      
   65824     |      33.98       |      44.83      
   65825     |      29.42       |      39.84      
   65826     |      25.96       |      36.32      
   65827     |      25.04       |      35.17      
   65828     |      21.76       |      31.71      
   65829     |      21.49       |      31.30      
   65830     |      24.32       |      34.28      
   65831     |      23.81       |      33.53      
   65832     |      18.36       |      27.53      
   65833     |      18.21       |      26.26      
   65834     |      12.61       |      16.44      
   65835     |      12.29       |      16.44      
   65836     |      13.65       |      19.83      
   65837     |      13.61       |      19.85      
   65838     |      21.52       |      29.97      
   65839     |      21.72       |      30.57      
   65840     |      23.29       |      32.25      
   65841     |      24.30       |      33.84      
   65842     |      23.05       |      32.51      
   65843     |      22.04       |      30.74      
   65844     |      24.92       |      33.96      
   65845     |      24.44       |      32.93      
   65846     |      32.69       |      41.97      
   65847     |      32.65       |      41.91      
   65848     |      36.85       |      46.35      
   65849     |      37.10       |      46.69      
   65850     |      32.87       |      42.22      
   65851     |      33.26       |      42.80      
   65852     |      32.05       |      41.50      
   65853     |      31.56       |      40.76      
   65854     |      42.61       |      52.28      
   65855     |      41.44       |      50.78      
   65856     |      48.48       |      58.06      
   65857     |      46.23       |      55.23      
   65858     |      50.39       |      59.58      
   65859     |      48.20       |      56.62      
   65860     |      49.45       |      57.95      
   65861     |      49.80       |      58.44      
   65862     |      47.27       |      55.73      
   65863     |      49.50       |      58.79      
   65864     |      46.29       |      55.42      
   65866     |      39.69       |      49.50      
   65867     |      43.21       |      53.50      
   65868     |      31.26       |      41.33      
   65869     |      34.34       |      44.73      
   65870     |      36.92       |      47.31      
   65871     |      41.26       |      51.77      
   65872     |      36.11       |      46.61      
   65873     |      42.91       |      53.37      
   65874     |      27.60       |      37.98      
   65875     |      25.86       |      36.28      
   65876     |      30.92       |      41.34      
   65877     |      24.32       |      34.76      
   65878     |      39.06       |      49.50      
   65879     |      46.98       |      57.38      
   65880     |      48.88       |      59.28      
   65881     |      41.01       |      51.13      
   65882     |      43.40       |      53.54      
   65883     |      41.43       |      51.42      
   65884     |      32.95       |      42.75      
   65885     |      39.74       |      50.04      
   65886     |      27.99       |      38.17      
   65887     |      28.61       |      38.83      
   65888     |      23.06       |      33.17      
   65889     |      18.68       |      27.62      
   65890     |      16.43       |      24.94      
   65891     |      16.28       |      24.56      
   65892     |      12.76       |      19.38      
   65893     |      13.75       |      23.23      
   65894     |       8.90       |      17.33      
   65895     |       5.70       |      14.19      
   65896     |       4.86       |      10.26      
   65897     |       8.64       |      15.45      
   65898     |      13.27       |      22.23      
   65899     |      13.31       |      19.41      
   65900     |      19.57       |      28.20      
   65901     |      19.66       |      28.37      
   65902     |      20.72       |      29.57      
   65903     |      19.93       |      27.14      
   65904     |      19.31       |      26.21      
   65905     |      20.56       |      25.18      
   65906     |      20.71       |      25.52      
   65907     |      19.90       |      26.01      
   65908     |      19.64       |      25.54      
   65909     |      19.29       |      26.19      
   65910     |      16.44       |      20.17      
   65911     |      16.10       |      20.20      
   65912     |      17.73       |      16.06      
   65913     |      18.58       |      18.39      
   65914     |      19.08       |      18.07      
   65915     |      18.66       |      16.72      
   65916     |      16.73       |      18.04      
   65917     |      15.78       |       9.58      
   65918     |       9.81       |      10.69      
   65919     |      17.45       |       7.48      
   65920     |       6.50       |       3.72      
   65921     |      24.11       |      16.18      
   65922     |      22.46       |      14.95      
   65923     |      27.37       |      19.76      
   65924     |      31.20       |      22.95      
   65925     |      29.83       |      21.57      
   65926     |      30.60       |      22.25      
   65927     |      36.02       |      27.79      
   65928     |      30.95       |      23.43      
   65929     |      33.82       |      26.30      
   65930     |      27.68       |      21.54      
   65931     |      26.58       |      20.52      
   65932     |      29.30       |      22.47      
   65933     |      29.71       |      22.89      
   65934     |      32.50       |      25.09      
   65935     |      31.05       |      23.67      
   65936     |      33.04       |      25.33      
   65937     |      26.21       |      18.48      
   65938     |      29.79       |      21.51      
   65939     |      24.85       |      16.42      
   65940     |      27.80       |      19.06      
   65941     |      22.89       |      13.90      
   65942     |      24.71       |      15.60      
   65943     |      20.32       |      10.92      
   65944     |      18.03       |       8.77      
   65945     |      18.92       |       9.76      
   65946     |      33.40       |      23.85      
   65947     |      27.35       |      17.69      
   65948     |      35.15       |      25.50      
   65949     |      26.85       |      17.82      
   65950     |      26.38       |      17.40      
   65951     |      23.83       |      15.72      
   65952     |      27.76       |      19.22      
   65953     |      28.71       |      19.91      
   65954     |      28.29       |      19.54      
   65955     |      35.36       |      25.85      
   65956     |      37.09       |      27.60      
   65957     |      36.05       |      26.60      
   65958     |      41.13       |      31.68      
   65959     |      40.53       |      31.10      
   65960     |      48.82       |      39.39      
   65961     |      53.01       |      43.52      
   65962     |      58.95       |      49.47      
   65963     |      55.71       |      46.27      
   65964     |      51.50       |      42.08      
   65965     |      54.63       |      45.17      
   65966     |      49.59       |      40.15      
   65967     |      51.55       |      42.11      
   65968     |      40.74       |      31.30      
   65969     |      40.51       |      31.09      
   65970     |      41.03       |      31.62      
   65971     |      46.51       |      37.15      
   65972     |      44.17       |      34.82      
   65973     |      47.54       |      38.28      
   65974     |      46.29       |      37.04      
   65975     |      51.63       |      42.53      
   65976     |      56.21       |      47.08      
   65977     |      49.35       |      40.87      
   65978     |      59.83       |      51.09      
   65979     |      58.08       |      49.53      
   65980     |      56.46       |      47.96      
   65981     |      64.97       |      55.86      
   65982     |      58.46       |      49.38      
   65983     |      61.55       |      52.36      
   65984     |      50.63       |      41.49      
   65985     |      50.35       |      41.22      
   65986     |      46.77       |      37.68      
   65987     |      50.24       |      41.02      
   65988     |      53.17       |      43.96      
   65989     |      51.76       |      42.59      
   65990     |      45.37       |      36.24      
   65991     |      40.95       |      32.15      
   65992     |      41.85       |      33.05      
   65993     |      43.89       |      34.91      
   65994     |      48.81       |      39.81      
   65995     |      57.82       |      48.64      
   65996     |      56.38       |      47.22      
   65997     |      59.01       |      49.87      
   65998     |      57.80       |      48.67      
   65999     |      52.90       |      43.75      
   66000     |      54.17       |      45.04      
   66001     |      51.35       |      42.26      
   66002     |      51.41       |      42.33      
   66003     |      50.90       |      41.84      
   66004     |      52.26       |      43.22      
   66005     |      52.67       |      43.62      
   66006     |      52.44       |      43.40      
   66007     |      50.01       |      41.07      
   66008     |      48.65       |      39.72      
   66009     |      46.61       |      37.83      
   66010     |      42.14       |      33.41      
   66011     |      51.18       |      42.14      
   66012     |      39.08       |      30.06      
   66013     |      53.37       |      44.74      
   66078     |      43.84       |      54.84      
   66079     |      40.92       |      51.90      
   66080     |      44.73       |      55.69      
   66081     |      35.87       |      46.32      
   66082     |      33.69       |      44.12      
   66083     |      29.77       |      39.16      
   66084     |      21.24       |      29.96      
   66085     |      22.51       |      32.22      
   66086     |      19.86       |      29.37      
   66087     |      22.48       |      32.96      
   66088     |      22.32       |      32.78      
   66089     |      19.30       |      28.16      
   66090     |      14.98       |      23.01      
   66091     |      18.90       |      21.60      
   66092     |      21.15       |      25.87      
   66093     |      21.48       |      25.84      
   66094     |      25.23       |      31.25      
   66095     |      24.82       |      32.41      
   66096     |      21.58       |      28.54      
   66097     |      22.60       |      31.73      
   66098     |      21.31       |      30.33      
   66099     |      22.34       |      31.97      
   66100     |      26.24       |      36.01      
   66101     |      24.75       |      33.81      
   66102     |      33.52       |      43.11      
   66103     |      32.74       |      42.01      
   66104     |      35.34       |      44.73      
   66105     |      36.06       |      45.71      
   66106     |      32.97       |      42.46      
   66107     |      32.69       |      42.07      
   66108     |      36.61       |      46.14      
   66109     |      34.97       |      43.82      
   66110     |      44.25       |      53.58      
   66111     |      44.37       |      53.73      
   66113     |      50.41       |      59.68      
   66117     |      50.55       |      58.86      
   66118     |      45.91       |      53.82      
   66119     |      46.94       |      55.44      
   66120     |      39.94       |      47.81      
   66121     |      43.77       |      53.32      
   66122     |      33.51       |      42.53      
   66123     |      38.01       |      48.11      
   66124     |      28.47       |      38.37      
   66125     |      30.54       |      40.74      
   66126     |      35.33       |      45.56      
   66127     |      37.12       |      47.48      
   66128     |      30.37       |      40.69      
   66129     |      36.07       |      46.57      
   66130     |      19.43       |      29.92      
   66131     |      27.58       |      37.89      
   66132     |      30.63       |      40.96      
   66133     |      30.79       |      41.11      
   66134     |      35.02       |      45.38      
   66135     |      37.86       |      48.13      
   66136     |      34.28       |      44.50      
   66137     |      41.16       |      51.14      
   66138     |      41.46       |      51.44      
   66139     |      37.56       |      47.01      
   66140     |      41.18       |      50.79      
   66141     |      39.48       |      48.78      
   66142     |      32.42       |      41.17      
   66143     |      33.54       |      42.68      
   66144     |      22.64       |      30.12      
   66145     |      28.18       |      38.18      
   66146     |      17.56       |      26.98      
   66147     |      13.41       |      23.05      
   66148     |      13.47       |      23.10      
   66149     |      13.03       |      22.44      
   66150     |       9.52       |      18.18      
   66151     |       8.44       |      17.13      
   66152     |       6.48       |      10.67      
   66153     |       6.68       |      11.09      
   66154     |       7.01       |      10.14      
   66155     |      13.30       |      19.43      
   66156     |      19.61       |      28.36      
   66157     |      21.13       |      25.09      
   66158     |      23.51       |      29.77      
   66159     |      24.57       |      29.32      
   66160     |      23.99       |      27.95      
   66161     |      21.94       |      29.34      
   66162     |      19.54       |      25.77      
   66163     |      19.43       |      25.92      
   66164     |      19.92       |      26.66      
   66165     |      21.05       |      25.83      
   66166     |      20.35       |      23.67      
   66167     |      21.72       |      23.97      
   66168     |      22.80       |      21.87      
   66169     |      22.35       |      20.85      
   66170     |      21.25       |      21.60      
   66171     |      20.11       |      19.13      
   66172     |      19.05       |      20.15      
   66173     |      13.60       |      21.13      
   66174     |      12.70       |      19.64      
   66175     |       5.49       |       7.41      
   66176     |       4.20       |       9.32      
   66177     |       6.54       |       3.45      
   66178     |      14.00       |       4.08      
   66179     |      20.33       |      10.72      
   66180     |      25.62       |      15.85      
   66181     |      29.08       |      19.47      
   66182     |      26.94       |      17.41      
   66183     |      29.04       |      19.63      
   66184     |      28.04       |      18.68      
   66185     |      27.37       |      18.00      
   66186     |      26.00       |      16.70      
   66187     |      22.07       |      12.56      
   66188     |      28.39       |      18.72      
   66189     |      24.52       |      14.73      
   66190     |      30.72       |      20.92      
   66191     |      28.50       |      18.70      
   66192     |      26.45       |      16.66      
   66193     |      29.28       |      19.53      
   66194     |      23.83       |      14.13      
   66195     |      27.84       |      18.32      
   66196     |      26.51       |      17.04      
   66197     |      26.91       |      17.47      
   66198     |      26.98       |      17.55      
   66199     |      24.32       |      14.76      
   66200     |      24.32       |      14.78      
   66201     |      18.04       |       8.43      
   66202     |      34.71       |      25.06      
   66203     |      33.59       |      23.97      
   66204     |      38.30       |      28.69      
   66205     |      35.60       |      26.10      
   66206     |      30.49       |      21.06      
   66207     |      26.64       |      17.82      
   66208     |      24.63       |      15.98      
   66209     |      26.66       |      17.52      
   66210     |      22.15       |      13.27      
   66211     |      27.14       |      17.62      
   66212     |      37.63       |      28.10      
   66213     |      37.08       |      27.57      
   66214     |      43.85       |      34.35      
   66215     |      41.14       |      31.71      
   66216     |      49.68       |      40.24      
   66217     |      48.84       |      39.43      
   66218     |      58.15       |      48.73      
   66219     |      58.90       |      49.47      
   66220     |      44.84       |      35.46      
   66221     |      51.72       |      42.25      
   66222     |      49.71       |      40.26      
   66223     |      39.68       |      30.59      
   66224     |      42.09       |      32.98      
   66225     |      45.03       |      35.74      
   66226     |      41.71       |      32.46      
   66227     |      47.66       |      38.26      
   66228     |      43.94       |      34.55      
   66229     |      36.61       |      27.52      
   66230     |      46.54       |      37.36      
   66231     |      41.20       |      32.54      
   66232     |      48.26       |      39.44      
   66233     |      50.13       |      41.15      
   66234     |      56.34       |      47.30      
   66235     |      57.48       |      48.39      
   66236     |      64.98       |      55.85      
   66237     |      64.16       |      55.08      
   66238     |      62.19       |      53.12      
   66239     |      55.33       |      46.77      
   66240     |      52.88       |      44.38      
   66241     |      51.68       |      43.34      
   66242     |      53.73       |      45.36      
   66243     |      57.13       |      48.39      
   66244     |      54.02       |      45.33      
   66245     |      59.24       |      50.19      
   66246     |      40.72       |      31.84      
   66247     |      45.42       |      36.27      
   66248     |      43.25       |      34.12      
   66249     |      40.46       |      31.48      
   66250     |      58.96       |      49.91      
   66251     |      56.09       |      47.17      
   66252     |      61.02       |      52.09      
   66253     |      67.14       |      58.02      
   66254     |      53.36       |      44.25      
   66255     |      56.85       |      47.71      
   66256     |      50.95       |      41.82      
   66257     |      51.39       |      42.26      
   66258     |      50.36       |      41.25      
   66259     |      46.01       |      36.96      
   66260     |      52.77       |      43.73      
   66261     |      47.74       |      38.97      
   66262     |      50.78       |      41.99      
   66263     |      55.98       |      46.96      
   66264     |      45.60       |      36.60      
   66265     |      50.88       |      41.84      
   66266     |      51.09       |      42.06      
   66267     |      51.96       |      42.94      
   66268     |      53.54       |      44.53      
   66269     |      55.93       |      46.95      
   66335     |      44.00       |      55.00      
   66336     |      47.55       |      58.53      
   66337     |      44.92       |      55.87      
   66338     |      43.88       |      54.82      
   66339     |      34.64       |      44.85      
   66340     |      26.19       |      36.23      
   66341     |      23.47       |      31.55      
   66342     |      24.04       |      32.19      
   66343     |      24.09       |      32.34      
   66344     |      24.67       |      33.00      
   66345     |      25.95       |      35.42      
   66346     |      16.56       |      25.19      
   66347     |      16.43       |      23.97      
   66348     |      19.98       |      28.20      
   66349     |      21.22       |      25.92      
   66350     |      31.85       |      39.35      
   66351     |      33.07       |      37.78      
   66352     |      30.00       |      33.39      
   66353     |      28.33       |      33.91      
   66354     |      23.40       |      26.67      
   66355     |      21.85       |      30.71      
   66356     |      22.71       |      31.63      
   66357     |      25.12       |      35.15      
   66358     |      31.43       |      41.56      
   66359     |      31.11       |      41.17      
   66360     |      33.87       |      43.98      
   66361     |      32.81       |      42.70      
   66362     |      35.59       |      45.54      
   66363     |      33.54       |      42.91      
   66364     |      42.32       |      52.01      
   66365     |      39.88       |      48.79      
   66366     |      44.22       |      53.34      
   66367     |      44.65       |      53.91      
   66368     |      45.05       |      54.32      
   66369     |      49.05       |      59.07      
   66370     |      44.49       |      54.43      
   66371     |      47.93       |      58.25      
   66372     |      44.51       |      54.79      
   66373     |      43.83       |      54.03      
   66374     |      43.47       |      53.66      
   66375     |      38.67       |      47.92      
   66376     |      37.47       |      46.65      
   66377     |      36.16       |      44.75      
   66378     |      30.58       |      38.58      
   66379     |      32.51       |      41.73      
   66380     |      25.82       |      34.53      
   66381     |      28.75       |      38.58      
   66382     |      26.96       |      36.72      
   66383     |      33.75       |      44.21      
   66384     |      22.87       |      33.29      
   66385     |      28.42       |      38.92      
   66386     |      18.55       |      29.01      
   66387     |      19.11       |      29.55      
   66388     |      21.41       |      31.86      
   66389     |      30.67       |      40.81      
   66390     |      26.14       |      36.11      
   66391     |      35.93       |      45.50      
   66392     |      35.39       |      44.92      
   66393     |      33.65       |      42.78      
   66394     |      37.71       |      47.11      
   66395     |      36.85       |      46.04      
   66396     |      39.39       |      48.73      
   66397     |      38.16       |      47.20      
   66398     |      34.88       |      43.60      
   66399     |      35.51       |      44.47      
   66400     |      32.35       |      40.97      
   66401     |      33.45       |      42.54      
   66402     |      23.11       |      30.54      
   66403     |      26.17       |      35.77      
   66404     |      15.74       |      23.96      
   66405     |      18.00       |      27.76      
   66406     |      10.54       |      19.30      
   66407     |       9.26       |      18.06      
   66408     |       6.69       |      11.30      
   66409     |       6.39       |      10.62      
   66410     |      10.11       |       6.57      
   66411     |      10.85       |      12.84      
   66412     |      10.60       |      13.58      
   66413     |      15.82       |      21.06      
   66414     |      17.19       |      23.80      
   66415     |      19.63       |      23.10      
   66416     |      23.43       |      30.45      
   66417     |      23.95       |      29.73      
   66418     |      23.59       |      29.10      
   66419     |      23.98       |      28.99      
   66420     |      23.41       |      27.75      
   66421     |      24.21       |      27.82      
   66422     |      23.87       |      25.90      
   66423     |      21.42       |      25.39      
   66424     |      22.33       |      21.16      
   66425     |      22.56       |      21.66      
   66426     |      21.92       |      22.26      
   66427     |      19.35       |      21.35      
   66428     |      20.56       |      26.01      
   66429     |      20.41       |      28.91      
   66430     |      14.69       |      20.93      
   66431     |      14.38       |      22.09      
   66432     |      11.83       |      14.37      
   66433     |      11.63       |      13.93      
   66434     |      14.03       |      11.93      
   66435     |      16.10       |       8.38      
   66436     |      24.59       |      15.41      
   66437     |      26.53       |      16.95      
   66438     |      26.71       |      17.14      
   66439     |      27.41       |      17.76      
   66440     |      26.50       |      16.89      
   66441     |      28.01       |      18.26      
   66442     |      26.90       |      17.18      
   66443     |      26.12       |      16.49      
   66444     |      32.04       |      22.34      
   66445     |      29.41       |      19.96      
   66446     |      29.59       |      20.15      
   66447     |      31.42       |      21.81      
   66448     |      20.26       |      10.95      
   66449     |      26.41       |      16.63      
   66450     |      17.19       |       7.45      
   66451     |      24.15       |      14.86      
   66452     |      25.37       |      16.03      
   66453     |      26.75       |      17.50      
   66454     |      35.45       |      25.96      
   66455     |      26.87       |      17.16      
   66456     |      37.85       |      28.16      
   66457     |      26.81       |      18.30      
   66458     |      32.70       |      23.78      
   66459     |      35.62       |      26.28      
   66460     |      28.91       |      19.77      
   66461     |      38.11       |      28.47      
   66462     |      30.59       |      20.97      
   66463     |      30.04       |      20.42      
   66464     |      24.94       |      15.34      
   66465     |      23.33       |      13.76      
   66466     |      27.53       |      17.97      
   66467     |      22.02       |      13.04      
   66468     |      33.63       |      24.31      
   66469     |      37.64       |      28.13      
   66470     |      39.46       |      29.96      
   66471     |      43.98       |      34.45      
   66472     |      51.31       |      41.80      
   66473     |      49.71       |      40.21      
   66474     |      60.54       |      51.05      
   66475     |      58.17       |      48.70      
   66476     |      46.96       |      37.52      
   66477     |      44.82       |      35.43      
   66478     |      38.26       |      28.92      
   66479     |      30.21       |      20.79      
   66480     |      45.08       |      35.66      
   66481     |      44.49       |      35.08      
   66482     |      47.37       |      37.97      
   66483     |      47.73       |      38.34      
   66484     |      35.80       |      26.43      
   66485     |      35.11       |      25.75      
   66486     |      39.23       |      29.89      
   66487     |      35.92       |      26.70      
   66488     |      53.53       |      44.25      
   66489     |      48.79       |      39.45      
   66490     |      56.36       |      47.03      
   66491     |      54.37       |      45.07      
   66492     |      62.94       |      53.65      
   66493     |      50.69       |      41.97      
   66494     |      54.63       |      45.87      
   66495     |      49.64       |      41.49      
   66496     |      52.15       |      43.93      
   66497     |      50.37       |      42.46      
   66498     |      59.32       |      51.13      
   66499     |      59.44       |      51.24      
   66500     |      62.58       |      54.32      
   66501     |      65.62       |      57.03      
   66502     |      48.81       |      40.58      
   66503     |      56.52       |      47.54      
   66504     |      41.09       |      32.29      
   66505     |      48.14       |      38.97      
   66506     |      54.84       |      45.69      
   66507     |      55.20       |      46.04      
   66508     |      66.97       |      57.83      
   66509     |      61.58       |      52.57      
   66510     |      57.97       |      48.98      
   66511     |      59.57       |      50.52      
   66512     |      52.17       |      43.14      
   66513     |      54.48       |      45.39      
   66514     |      45.93       |      36.86      
   66515     |      39.64       |      30.93      
   66516     |      47.82       |      39.06      
   66517     |      45.54       |      37.01      
   66518     |      57.87       |      49.23      
   66519     |      60.32       |      51.51      
   66520     |      52.76       |      44.01      
   66521     |      53.73       |      44.92      
   66522     |      53.65       |      44.85      
   66523     |      52.68       |      43.95      
   66524     |      58.02       |      49.29      
   66525     |      59.12       |      50.34      
   66591     |      38.82       |      49.74      
   66592     |      43.23       |      54.13      
   66593     |      47.60       |      58.58      
   66594     |      46.49       |      57.46      
   66595     |      43.92       |      54.85      
   66596     |      33.95       |      44.90      
   66597     |      25.35       |      35.62      
   66598     |      24.60       |      34.85      
   66599     |      21.56       |      30.43      
   66600     |      17.92       |      26.44      
   66601     |      19.53       |      29.29      
   66602     |      15.49       |      25.03      
   66603     |      15.07       |      24.21      
   66604     |      22.87       |      32.50      
   66605     |      21.14       |      29.03      
   66606     |      33.91       |      42.94      
   66607     |      32.35       |      39.74      
   66608     |      31.15       |      38.37      
   66609     |      32.80       |      35.86      
   66610     |      29.26       |      29.58      
   66611     |      25.66       |      28.63      
   66612     |      25.30       |      27.99      
   66613     |      22.85       |      31.72      
   66614     |      27.66       |      36.86      
   66615     |      31.07       |      41.27      
   66616     |      33.25       |      43.45      
   66617     |      33.32       |      43.53      
   66618     |      36.71       |      46.94      
   66619     |      35.25       |      45.25      
   66620     |      41.84       |      51.93      
   66621     |      40.86       |      50.80      
   66622     |      39.56       |      49.46      
   66623     |      39.71       |      49.64      
   66624     |      37.42       |      47.29      
   66625     |      39.78       |      49.97      
   66626     |      40.18       |      50.37      
   66627     |      41.87       |      52.22      
   66628     |      41.39       |      51.73      
   66629     |      43.20       |      53.65      
   66630     |      46.32       |      56.77      
   66631     |      43.23       |      53.45      
   66632     |      38.25       |      48.42      
   66633     |      34.97       |      44.63      
   66634     |      24.44       |      33.59      
   66635     |      24.87       |      34.21      
   66636     |      24.25       |      33.54      
   66637     |      23.98       |      33.13      
   66638     |      22.71       |      31.76      
   66639     |      25.90       |      35.91      
   66640     |      15.13       |      24.88      
   66641     |      22.06       |      32.56      
   66642     |      16.16       |      26.66      
   66643     |      18.58       |      29.04      
   66644     |      13.71       |      24.11      
   66645     |      21.47       |      31.50      
   66646     |      14.96       |      24.40      
   66647     |      28.00       |      36.97      
   66648     |      28.60       |      37.63      
   66649     |      34.20       |      43.12      
   66650     |      36.95       |      46.12      
   66651     |      36.70       |      45.79      
   66652     |      37.81       |      46.98      
   66653     |      38.93       |      48.37      
   66654     |      34.99       |      44.14      
   66655     |      37.19       |      46.86      
   66656     |      32.51       |      41.89      
   66657     |      30.90       |      39.65      
   66658     |      29.57       |      38.14      
   66659     |      29.93       |      38.71      
   66660     |      23.99       |      31.70      
   66661     |      26.96       |      36.58      
   66662     |      13.82       |      21.11      
   66663     |      15.74       |      25.51      
   66664     |       6.68       |      10.93      
   66665     |       6.92       |      11.44      
   66666     |      13.50       |       6.89      
   66667     |      12.70       |       9.83      
   66668     |      10.68       |      11.23      
   66669     |      12.07       |      14.69      
   66670     |      11.95       |      15.64      
   66671     |      14.29       |      19.00      
   66672     |      17.44       |      24.96      
   66673     |      21.29       |      23.76      
   66674     |      22.69       |      27.99      
   66675     |      24.02       |      27.92      
   66676     |      23.91       |      27.58      
   66677     |      25.62       |      27.99      
   66678     |      25.90       |      29.18      
   66679     |      23.65       |      29.30      
   66680     |      22.70       |      21.55      
   66681     |      18.07       |      19.59      
   66682     |      17.98       |      20.17      
   66683     |      14.33       |      21.28      
   66684     |      20.04       |      28.67      
   66685     |      23.08       |      32.74      
   66686     |      12.20       |      20.81      
   66687     |      11.93       |      19.40      
   66688     |      11.94       |      10.93      
   66689     |      13.49       |      15.72      
   66690     |      17.53       |      13.57      
   66691     |      17.67       |      15.93      
   66692     |      22.45       |      16.91      
   66693     |      25.61       |      16.97      
   66694     |      24.77       |      16.26      
   66695     |      27.19       |      17.89      
   66696     |      24.03       |      14.97      
   66697     |      26.50       |      16.91      
   66698     |      26.27       |      16.70      
   66699     |      27.03       |      17.38      
   66700     |      31.41       |      21.72      
   66701     |      31.95       |      22.23      
   66702     |      27.31       |      17.65      
   66703     |      28.80       |      19.05      
   66704     |      18.44       |       8.83      
   66705     |      19.54       |       9.81      
   66706     |      17.16       |       7.46      
   66707     |      17.35       |       7.65      
   66708     |      28.55       |      18.82      
   66709     |      25.68       |      16.13      
   66710     |      33.95       |      24.33      
   66711     |      35.57       |      25.90      
   66712     |      30.66       |      21.02      
   66713     |      37.78       |      28.15      
   66714     |      24.71       |      15.18      
   66715     |      31.16       |      21.99      
   66716     |      29.03       |      19.95      
   66717     |      28.34       |      19.24      
   66718     |      34.50       |      25.22      
   66719     |      30.82       |      21.39      
   66720     |      33.32       |      23.88      
   66721     |      24.94       |      15.37      
   66722     |      27.53       |      17.97      
   66723     |      28.97       |      19.46      
   66724     |      33.38       |      23.86      
   66725     |      29.42       |      19.88      
   66726     |      39.58       |      30.06      
   66727     |      36.21       |      26.75      
   66728     |      51.68       |      42.22      
   66729     |      52.82       |      43.35      
   66730     |      60.84       |      51.37      
   66731     |      55.93       |      46.60      
   66732     |      48.09       |      38.81      
   66733     |      50.24       |      40.87      
   66734     |      30.79       |      21.55      
   66735     |      43.21       |      33.85      
   66736     |      41.40       |      32.07      
   66737     |      44.94       |      35.53      
   66738     |      47.26       |      37.86      
   66739     |      43.73       |      34.34      
   66740     |      35.05       |      25.67      
   66741     |      38.41       |      29.05      
   66742     |      35.51       |      26.16      
   66743     |      30.18       |      20.86      
   66744     |      53.47       |      44.18      
   66745     |      47.32       |      38.29      
   66746     |      55.46       |      46.39      
   66747     |      48.86       |      40.39      
   66748     |      51.43       |      42.91      
   66749     |      47.39       |      39.53      
   66750     |      50.36       |      42.40      
   66751     |      52.58       |      44.27      
   66752     |      49.45       |      41.23      
   66753     |      49.69       |      41.44      
   66754     |      58.64       |      50.20      
   66755     |      59.42       |      50.90      
   66756     |      65.61       |      57.01      
   66757     |      66.07       |      57.44      
   66758     |      58.30       |      49.77      
   66759     |      62.06       |      53.25      
   66760     |      49.90       |      41.17      
   66761     |      58.13       |      48.99      
   66762     |      55.47       |      46.34      
   66763     |      53.98       |      44.90      
   66764     |      61.29       |      52.23      
   66765     |      55.82       |      47.00      
   66766     |      60.68       |      51.85      
   66767     |      60.03       |      51.25      
   66768     |      55.92       |      47.16      
   66769     |      54.31       |      45.68      
   66770     |      40.40       |      31.95      
   66771     |      40.17       |      31.75      
   66772     |      45.73       |      37.25      
   66773     |      44.80       |      36.45      
   66774     |      61.48       |      52.97      
   66775     |      59.55       |      51.22      
   66776     |      55.95       |      47.66      
   66777     |      58.01       |      49.51      
   66778     |      53.82       |      45.36      
   66779     |      58.13       |      49.35      
   66780     |      59.23       |      50.46      
   66848     |      37.69       |      48.32      
   66849     |      43.07       |      53.99      
   66850     |      46.03       |      56.93      
   66851     |      46.96       |      57.88      
   66852     |      45.24       |      56.15      
   66853     |      36.76       |      47.11      
   66854     |      24.73       |      35.01      
   66855     |      24.60       |      34.85      
   66856     |      14.71       |      24.77      
   66857     |      14.29       |      24.14      
   66858     |      26.38       |      36.51      
   66859     |      22.41       |      29.78      
   66860     |      33.92       |      42.59      
   66861     |      32.72       |      39.99      
   66862     |      25.11       |      30.83      
   66863     |      29.32       |      39.35      
   66864     |      19.13       |      29.01      
   66865     |      19.75       |      29.82      
   66866     |      12.13       |      22.01      
   66867     |      15.83       |      16.79      
   66868     |      17.23       |      20.99      
   66869     |      17.15       |      21.00      
   66870     |      28.87       |      36.56      
   66871     |      29.69       |      38.40      
   66872     |      34.28       |      43.26      
   66873     |      36.06       |      45.69      
   66874     |      37.32       |      46.97      
   66875     |      38.46       |      48.35      
   66876     |      40.80       |      50.73      
   66877     |      41.84       |      51.92      
   66878     |      42.86       |      52.94      
   66879     |      40.57       |      50.27      
   66880     |      41.84       |      51.56      
   66881     |      40.14       |      49.47      
   66882     |      41.48       |      50.85      
   66883     |      42.94       |      52.63      
   66884     |      41.82       |      51.47      
   66885     |      43.63       |      53.59      
   66886     |      41.76       |      51.68      
   66887     |      46.69       |      57.09      
   66888     |      36.28       |      46.63      
   66889     |      36.90       |      47.29      
   66890     |      26.50       |      36.83      
   66891     |      22.71       |      32.31      
   66892     |      29.54       |      39.36      
   66893     |      26.53       |      35.24      
   66894     |      29.97       |      38.94      
   66895     |      28.44       |      36.14      
   66896     |      23.38       |      30.02      
   66897     |      23.49       |      31.04      
   66898     |      17.82       |      23.50      
   66899     |      19.97       |      29.63      
   66900     |       8.59       |      16.91      
   66901     |      14.08       |      24.54      
   66902     |       7.34       |      17.80      
   66903     |      14.06       |      24.16      
   66904     |      16.34       |      26.56      
   66905     |      27.05       |      36.82      
   66906     |      26.57       |      36.30      
   66907     |      35.78       |      45.22      
   66908     |      38.50       |      48.10      
   66909     |      38.22       |      47.77      
   66910     |      37.75       |      47.25      
   66911     |      40.93       |      50.92      
   66912     |      28.87       |      38.26      
   66913     |      31.16       |      41.07      
   66914     |      26.90       |      36.61      
   66915     |      25.82       |      35.22      
   66916     |      27.45       |      36.94      
   66917     |      28.72       |      38.51      
   66918     |      18.02       |      26.91      
   66919     |      19.31       |      28.90      
   66920     |      10.81       |       9.56      
   66921     |      12.66       |      15.09      
   66922     |      20.13       |      13.39      
   66923     |      19.73       |      15.51      
   66924     |      18.54       |      15.47      
   66925     |      20.29       |      20.24      
   66926     |      19.69       |      21.93      
   66927     |      17.40       |      21.66      
   66928     |      17.16       |      20.30      
   66929     |      16.85       |      20.29      
   66930     |      17.60       |      22.82      
   66931     |      20.64       |      22.95      
   66932     |      20.71       |      23.74      
   66933     |      20.99       |      23.80      
   66934     |      23.14       |      28.92      
   66935     |      24.74       |      28.62      
   66936     |      24.17       |      25.21      
   66937     |      18.66       |      25.01      
   66938     |      18.01       |      23.88      
   66939     |      19.50       |      28.77      
   66940     |      23.64       |      33.15      
   66941     |      24.28       |      33.90      
   66942     |      11.17       |      18.97      
   66943     |      11.75       |      17.63      
   66944     |      15.07       |      11.49      
   66945     |      15.35       |      14.47      
   66946     |      18.35       |      14.12      
   66947     |      18.30       |      14.55      
   66948     |      18.05       |      14.54      
   66949     |      19.13       |      12.31      
   66950     |      23.84       |      15.65      
   66951     |      24.57       |      15.98      
   66952     |      23.80       |      15.35      
   66953     |      24.53       |      15.75      
   66954     |      26.57       |      17.61      
   66955     |      27.21       |      18.08      
   66956     |      27.99       |      18.82      
   66957     |      31.52       |      21.87      
   66958     |      21.05       |      11.70      
   66959     |      26.79       |      16.99      
   66960     |      16.67       |       6.89      
   66961     |      18.07       |       8.35      
   66962     |      23.09       |      13.35      
   66963     |      17.58       |       8.24      
   66964     |      29.74       |      20.12      
   66965     |      29.02       |      19.46      
   66966     |      28.13       |      18.61      
   66967     |      33.45       |      23.75      
   66968     |      18.92       |       9.23      
   66969     |      31.10       |      22.08      
   66970     |      20.86       |      12.84      
   66971     |      27.16       |      19.33      
   66972     |      36.52       |      27.81      
   66973     |      29.10       |      20.06      
   66974     |      38.81       |      29.50      
   66975     |      34.14       |      24.67      
   66976     |      38.28       |      28.79      
   66977     |      32.98       |      23.39      
   66978     |      28.98       |      19.41      
   66979     |      23.98       |      14.79      
   66980     |      30.06       |      20.74      
   66981     |      31.14       |      21.73      
   66982     |      36.35       |      26.93      
   66983     |      43.25       |      33.74      
   66984     |      52.54       |      43.03      
   66985     |      46.96       |      37.51      
   66986     |      55.45       |      46.01      
   66987     |      50.23       |      40.97      
   66988     |      50.73       |      41.47      
   66989     |      48.33       |      39.24      
   66990     |      44.88       |      35.85      
   66991     |      50.15       |      40.81      
   66992     |      41.84       |      32.55      
   66993     |      41.88       |      32.60      
   66994     |      44.15       |      34.87      
   66995     |      47.66       |      38.29      
   66996     |      38.53       |      29.17      
   66997     |      38.11       |      28.77      
   66998     |      30.17       |      20.84      
   66999     |      32.10       |      22.75      
   67000     |      46.27       |      36.94      
   67001     |      33.85       |      25.55      
   67002     |      48.18       |      39.50      
   67003     |      42.98       |      35.18      
   67004     |      47.01       |      39.03      
   67005     |      49.24       |      40.87      
   67006     |      52.21       |      43.79      
   67007     |      49.19       |      41.24      
   67008     |      50.59       |      42.61      
   67009     |      49.67       |      41.86      
   67010     |      60.80       |      52.67      
   67011     |      63.94       |      55.46      
   67012     |      66.53       |      58.02      
   67013     |      66.49       |      57.98      
   67014     |      63.36       |      54.90      
   67015     |      62.40       |      54.03      
   67016     |      61.19       |      52.85      
   67017     |      62.41       |      53.96      
   67018     |      56.65       |      48.27      
   67019     |      60.81       |      52.07      
   67020     |      56.28       |      47.57      
   67021     |      58.29       |      49.45      
   67022     |      59.86       |      51.03      
   67023     |      55.53       |      47.05      
   67024     |      54.89       |      46.43      
   67025     |      53.97       |      45.61      
   67026     |      41.07       |      32.95      
   67027     |      48.05       |      39.16      
   67028     |      43.24       |      34.37      
   67029     |      52.21       |      43.14      
   67030     |      56.53       |      47.47      
   67031     |      50.03       |      41.07      
   67032     |      56.24       |      47.31      
   67033     |      53.68       |      44.86      
   67034     |      58.06       |      49.26      
   67035     |      57.84       |      49.05      
   67036     |      58.53       |      49.75      
   67105     |      36.06       |      47.04      
   67106     |      38.96       |      49.93      
   67107     |      45.15       |      56.12      
   67109     |      46.07       |      56.85      
   67110     |      38.97       |      49.77      
   67111     |      28.87       |      37.93      
   67112     |      21.44       |      29.98      
   67113     |      21.05       |      28.90      
   67114     |      30.95       |      39.77      
   67115     |      31.08       |      39.97      
   67116     |      33.30       |      42.30      
   67117     |      33.01       |      41.87      
   67118     |      13.44       |      18.23      
   67119     |      12.84       |      22.10      
   67120     |      10.58       |      19.58      
   67121     |      16.23       |      27.04      
   67122     |      20.20       |      30.96      
   67123     |      14.11       |      23.17      
   67124     |      16.11       |      25.33      
   67125     |      17.69       |      21.34      
   67126     |      28.87       |      36.42      
   67127     |      28.92       |      36.59      
   67128     |      36.27       |      44.68      
   67129     |      36.43       |      44.95      
   67130     |      39.32       |      48.01      
   67131     |      40.16       |      49.22      
   67132     |      41.76       |      50.88      
   67133     |      43.08       |      52.57      
   67134     |      46.24       |      55.80      
   67135     |      45.98       |      55.49      
   67136     |      44.91       |      54.38      
   67137     |      44.16       |      53.44      
   67138     |      43.01       |      52.24      
   67139     |      42.69       |      51.81      
   67140     |      42.98       |      52.10      
   67141     |      43.63       |      52.93      
   67142     |      38.23       |      47.30      
   67143     |      41.81       |      51.71      
   67144     |      35.61       |      45.36      
   67145     |      37.70       |      47.79      
   67146     |      38.52       |      48.61      
   67147     |      33.28       |      42.05      
   67148     |      36.32       |      45.28      
   67149     |      35.50       |      44.06      
   67150     |      34.72       |      43.20      
   67151     |      34.22       |      42.33      
   67152     |      27.90       |      35.04      
   67153     |      28.04       |      33.79      
   67154     |      22.85       |      24.96      
   67155     |      19.91       |      25.18      
   67156     |      17.56       |      19.71      
   67157     |      14.18       |      20.73      
   67158     |      13.72       |      19.98      
   67159     |      13.58       |      21.94      
   67160     |      11.65       |      19.46      
   67161     |      16.92       |      27.28      
   67162     |      10.48       |      20.83      
   67163     |      26.15       |      36.09      
   67164     |      30.89       |      40.99      
   67165     |      37.21       |      47.11      
   67166     |      40.93       |      50.93      
   67167     |      45.03       |      55.31      
   67168     |      30.75       |      40.79      
   67169     |      32.44       |      42.64      
   67170     |      24.06       |      34.04      
   67171     |      24.35       |      34.38      
   67172     |      27.65       |      37.74      
   67173     |      25.14       |      34.81      
   67174     |      20.27       |      29.56      
   67175     |      19.41       |      25.95      
   67176     |      19.04       |      16.39      
   67177     |      20.08       |      19.10      
   67178     |      26.03       |      19.88      
   67179     |      26.02       |      20.96      
   67180     |      22.73       |      20.44      
   67181     |      22.57       |      19.99      
   67182     |      20.48       |      24.18      
   67183     |      18.67       |      24.40      
   67184     |      17.45       |      20.79      
   67185     |      14.73       |      22.08      
   67186     |      12.30       |      16.18      
   67187     |      13.77       |      16.15      
   67188     |      13.83       |      18.05      
   67189     |      16.73       |      18.25      
   67190     |      17.65       |      22.93      
   67191     |      20.36       |      22.85      
   67192     |      22.34       |      27.81      
   67193     |      21.84       |      29.17      
   67194     |      24.31       |      32.25      
   67195     |      25.72       |      34.66      
   67196     |      26.62       |      35.62      
   67197     |      25.01       |      33.00      
   67198     |      18.02       |      22.21      
   67199     |      16.56       |      23.19      
   67200     |      14.88       |      16.27      
   67201     |      13.60       |       9.60      
   67202     |      10.30       |      11.43      
   67203     |      12.03       |       4.15      
   67204     |      10.07       |       4.02      
   67205     |      10.66       |       3.28      
   67206     |      22.23       |      12.47      
   67207     |      21.22       |      11.62      
   67208     |      28.80       |      19.03      
   67209     |      23.42       |      14.80      
   67210     |      25.75       |      16.86      
   67211     |      26.32       |      17.26      
   67212     |      19.31       |      11.29      
   67213     |      26.38       |      16.59      
   67214     |      17.11       |       7.41      
   67215     |      20.16       |      10.36      
   67216     |      17.00       |       7.22      
   67217     |      16.66       |       6.89      
   67218     |      24.25       |      14.48      
   67219     |      23.21       |      13.46      
   67220     |      26.88       |      17.14      
   67221     |      29.15       |      19.44      
   67222     |      23.95       |      14.25      
   67223     |      27.53       |      18.00      
   67224     |      16.04       |       6.98      
   67225     |      19.55       |      10.86      
   67226     |      24.65       |      15.56      
   67227     |      19.52       |      10.04      
   67228     |      27.85       |      18.30      
   67229     |      35.55       |      26.34      
   67230     |      39.20       |      29.92      
   67231     |      38.87       |      29.59      
   67232     |      38.89       |      29.63      
   67233     |      38.71       |      29.46      
   67234     |      24.87       |      16.17      
   67235     |      25.82       |      16.87      
   67236     |      31.92       |      22.80      
   67237     |      42.04       |      32.51      
   67238     |      43.26       |      33.74      
   67239     |      47.27       |      37.81      
   67240     |      46.56       |      37.11      
   67241     |      41.82       |      32.33      
   67242     |      49.15       |      39.66      
   67243     |      49.14       |      39.66      
   67244     |      46.78       |      37.32      
   67245     |      44.07       |      34.63      
   67246     |      49.68       |      40.24      
   67247     |      43.44       |      34.20      
   67248     |      42.12       |      32.91      
   67249     |      47.78       |      38.38      
   67250     |      47.64       |      38.26      
   67251     |      44.51       |      35.21      
   67252     |      38.28       |      29.00      
   67253     |      37.16       |      27.94      
   67254     |      32.55       |      23.36      
   67255     |      34.15       |      24.88      
   67256     |      31.71       |      22.45      
   67257     |      31.37       |      22.14      
   67258     |      38.87       |      29.66      
   67259     |      32.00       |      23.46      
   67260     |      47.79       |      38.97      
   67261     |      43.58       |      35.31      
   67262     |      47.77       |      39.39      
   67263     |      48.58       |      40.10      
   67264     |      47.67       |      39.22      
   67265     |      48.94       |      40.34      
   67266     |      63.01       |      54.27      
   67267     |      58.48       |      50.15      
   67268     |      66.78       |      58.37      
   67269     |      66.19       |      57.84      
   67270     |      62.62       |      54.32      
   67271     |      66.03       |      57.42      
   67272     |      62.08       |      53.51      
   67273     |      64.44       |      55.70      
   67274     |      60.95       |      52.24      
   67275     |      63.18       |      54.33      
   67276     |      58.36       |      49.54      
   67277     |      57.55       |      48.79      
   67278     |      54.69       |      45.95      
   67279     |      54.13       |      45.44      
   67280     |      52.87       |      44.19      
   67281     |      49.73       |      41.39      
   67282     |      49.88       |      41.55      
   67283     |      55.74       |      46.91      
   67284     |      53.31       |      44.49      
   67285     |      59.22       |      50.20      
   67286     |      49.77       |      40.74      
   67287     |      50.22       |      41.19      
   67288     |      52.87       |      43.86      
   67289     |      44.49       |      35.83      
   67290     |      58.43       |      49.79      
   67291     |      51.40       |      43.47      
   67362     |      30.36       |      41.36      
   67363     |      38.64       |      49.51      
   67364     |      48.87       |      59.82      
   67366     |      48.56       |      59.30      
   67367     |      37.83       |      48.77      
   67368     |      34.29       |      45.20      
   67369     |      18.29       |      27.87      
   67370     |      32.41       |      42.38      
   67371     |      29.69       |      38.83      
   67372     |      24.52       |      33.31      
   67373     |      28.44       |      38.64      
   67374     |       4.19       |       8.59      
   67375     |       1.56       |      12.37      
   67376     |       4.37       |      15.05      
   67377     |       6.96       |      17.79      
   67378     |      30.34       |      41.04      
   67379     |      24.24       |      33.83      
   67380     |      26.11       |      35.75      
   67381     |      24.10       |      30.99      
   67382     |      24.86       |      31.90      
   67383     |      25.26       |      33.67      
   67384     |      31.00       |      39.88      
   67385     |      31.98       |      41.33      
   67386     |      37.95       |      47.51      
   67387     |      36.86       |      46.07      
   67388     |      39.28       |      48.58      
   67389     |      39.96       |      49.44      
   67390     |      39.08       |      48.53      
   67391     |      43.14       |      53.28      
   67392     |      42.81       |      52.94      
   67393     |      42.00       |      52.01      
   67394     |      39.60       |      49.56      
   67395     |      39.38       |      49.31      
   67396     |      41.49       |      51.44      
   67397     |      40.03       |      49.72      
   67398     |      37.02       |      46.61      
   67399     |      36.42       |      45.86      
   67400     |      36.82       |      46.26      
   67401     |      36.94       |      46.41      
   67402     |      48.92       |      58.70      
   67403     |      45.02       |      53.86      
   67404     |      48.60       |      57.62      
   67405     |      45.47       |      52.70      
   67406     |      39.87       |      46.21      
   67407     |      40.32       |      47.75      
   67408     |      27.92       |      31.71      
   67409     |      26.21       |      33.67      
   67410     |      17.61       |      18.71      
   67411     |      15.73       |      18.39      
   67412     |      15.85       |      15.90      
   67413     |      13.05       |      15.49      
   67414     |      13.44       |      17.64      
   67415     |      12.11       |      18.79      
   67416     |      11.34       |      17.43      
   67417     |      10.75       |      18.87      
   67418     |       8.55       |      15.29      
   67419     |      10.71       |      20.99      
   67420     |      21.15       |      31.44      
   67421     |      30.43       |      40.77      
   67422     |      44.69       |      55.07      
   67423     |      38.84       |      49.02      
   67424     |      33.11       |      43.13      
   67425     |      32.69       |      42.65      
   67426     |      25.60       |      35.25      
   67427     |      29.16       |      39.34      
   67428     |      23.75       |      33.83      
   67429     |      20.94       |      30.34      
   67430     |      14.13       |      22.39      
   67431     |      20.92       |      21.58      
   67432     |      23.39       |      20.08      
   67433     |      24.15       |      21.99      
   67434     |      27.29       |      22.37      
   67435     |      27.21       |      21.38      
   67436     |      22.69       |      20.42      
   67437     |      19.82       |      18.83      
   67438     |      20.18       |      25.57      
   67439     |      19.99       |      25.66      
   67440     |      20.14       |      25.93      
   67441     |      19.53       |      26.60      
   67442     |      16.24       |      18.24      
   67443     |      12.30       |      18.87      
   67444     |      11.33       |      13.72      
   67445     |      10.11       |      13.83      
   67446     |      10.14       |      14.80      
   67447     |      10.58       |      14.67      
   67448     |      17.41       |      26.07      
   67449     |      16.76       |      23.96      
   67450     |      25.84       |      34.76      
   67451     |      25.00       |      33.49      
   67452     |      23.84       |      32.15      
   67453     |      25.41       |      34.51      
   67454     |      15.11       |      22.21      
   67455     |      16.32       |      25.37      
   67456     |       9.31       |      14.03      
   67457     |       7.46       |      10.33      
   67458     |       8.11       |       9.18      
   67459     |       8.21       |       9.74      
   67460     |      11.85       |       7.27      
   67461     |      11.87       |       7.22      
   67462     |      23.27       |      14.06      
   67463     |      23.26       |      14.05      
   67464     |      26.85       |      17.41      
   67465     |      28.95       |      19.23      
   67466     |      17.20       |       8.25      
   67467     |      23.48       |      13.63      
   67468     |      14.71       |       4.87      
   67469     |      16.84       |       7.12      
   67470     |      25.51       |      15.73      
   67471     |      17.37       |       7.90      
   67472     |      19.41       |       9.91      
   67473     |      18.02       |       9.00      
   67474     |      21.04       |      11.76      
   67475     |      24.37       |      14.63      
   67476     |      24.66       |      14.94      
   67477     |      26.75       |      17.03      
   67478     |      18.02       |       8.31      
   67479     |      24.21       |      14.93      
   67480     |      16.31       |       7.71      
   67481     |      17.01       |       8.05      
   67482     |      26.57       |      17.18      
   67483     |      24.24       |      14.73      
   67484     |      26.83       |      17.31      
   67485     |      27.94       |      18.48      
   67486     |      32.78       |      23.30      
   67487     |      39.26       |      30.02      
   67488     |      38.80       |      29.58      
   67489     |      36.41       |      27.59      
   67490     |      27.24       |      18.96      
   67491     |      38.06       |      28.50      
   67492     |      42.16       |      32.62      
   67493     |      49.89       |      40.42      
   67494     |      47.30       |      37.85      
   67495     |      50.36       |      40.99      
   67496     |      42.05       |      32.78      
   67497     |      41.94       |      32.68      
   67498     |      49.10       |      39.76      
   67499     |      37.49       |      28.03      
   67500     |      44.10       |      34.66      
   67501     |      40.63       |      31.27      
   67502     |      43.03       |      33.68      
   67503     |      44.54       |      35.15      
   67504     |      45.04       |      35.66      
   67505     |      48.07       |      38.78      
   67506     |      44.61       |      35.34      
   67507     |      45.50       |      36.20      
   67508     |      37.05       |      27.77      
   67509     |      41.19       |      31.82      
   67510     |      33.97       |      24.61      
   67511     |      32.98       |      23.64      
   67512     |      31.15       |      21.83      
   67513     |      31.00       |      21.68      
   67514     |      30.31       |      21.01      
   67515     |      23.27       |      14.60      
   67516     |      41.39       |      32.44      
   67517     |      40.28       |      31.43      
   67518     |      47.25       |      38.36      
   67519     |      55.04       |      45.82      
   67520     |      55.99       |      46.79      
   67521     |      47.39       |      38.23      
   67522     |      56.17       |      46.98      
   67523     |      54.24       |      45.03      
   67524     |      63.56       |      54.36      
   67525     |      61.02       |      51.83      
   67526     |      64.14       |      54.96      
   67527     |      63.48       |      54.30      
   67528     |      62.86       |      53.70      
   67529     |      58.65       |      49.55      
   67530     |      62.26       |      53.18      
   67531     |      55.84       |      47.02      
   67532     |      57.39       |      48.58      
   67533     |      55.84       |      47.13      
   67534     |      54.17       |      45.48      
   67535     |      50.22       |      41.92      
   67536     |      49.95       |      41.67      
   67537     |      49.28       |      41.11      
   67538     |      57.72       |      49.47      
   67539     |      57.49       |      49.26      
   67540     |      62.07       |      53.82      
   67541     |      60.75       |      52.66      
   67542     |      53.55       |      45.54      
   67543     |      58.03       |      49.54      
   67544     |      45.12       |      36.67      
   67545     |      45.40       |      36.93      
   67546     |      49.70       |      41.24      
   67618     |      28.80       |      39.66      
   67619     |      30.70       |      41.63      
   67620     |      36.53       |      47.41      
   67621     |      48.85       |      59.79      
   67622     |      42.22       |      53.08      
   67623     |      48.63       |      59.33      
   67624     |      44.66       |      55.26      
   67625     |      34.36       |      45.23      
   67626     |      37.53       |      48.41      
   67627     |      28.96       |      39.86      
   67628     |      15.53       |      26.45      
   67629     |      17.73       |      28.60      
   67630     |       5.56       |      10.99      
   67631     |       5.01       |       8.74      
   67632     |       6.14       |      16.38      
   67633     |       4.68       |      15.12      
   67634     |      30.85       |      41.67      
   67635     |      29.87       |      40.66      
   67636     |      37.69       |      48.44      
   67637     |      28.36       |      37.40      
   67638     |      21.93       |      30.36      
   67639     |      21.69       |      29.54      
   67640     |      25.18       |      33.51      
   67641     |      27.58       |      37.33      
   67642     |      35.68       |      45.62      
   67643     |      35.93       |      45.92      
   67644     |      36.71       |      46.70      
   67645     |      36.39       |      46.32      
   67646     |      31.30       |      41.09      
   67647     |      34.98       |      45.35      
   67648     |      36.93       |      47.30      
   67649     |      39.94       |      50.51      
   67650     |      37.50       |      48.07      
   67651     |      36.60       |      47.11      
   67652     |      41.97       |      52.47      
   67653     |      39.41       |      49.74      
   67654     |      38.21       |      48.52      
   67655     |      35.34       |      45.28      
   67656     |      35.13       |      45.05      
   67657     |      34.81       |      44.68      
   67658     |      48.40       |      58.48      
   67659     |      47.71       |      57.71      
   67661     |      47.01       |      56.32      
   67662     |      35.16       |      43.78      
   67663     |      34.05       |      41.48      
   67664     |      22.67       |      25.52      
   67665     |      20.70       |      25.45      
   67666     |      20.02       |      16.96      
   67667     |      12.68       |      13.97      
   67668     |      14.92       |      11.00      
   67669     |       9.98       |       9.33      
   67670     |       8.83       |      11.77      
   67671     |       6.70       |      12.57      
   67672     |       7.25       |      14.67      
   67673     |       7.12       |      14.86      
   67674     |       6.62       |      13.71      
   67675     |       6.36       |      14.05      
   67676     |      14.53       |      24.23      
   67677     |      20.63       |      31.02      
   67678     |      38.69       |      49.06      
   67679     |      27.54       |      37.58      
   67680     |      32.15       |      42.25      
   67681     |      30.05       |      39.86      
   67682     |      30.65       |      40.47      
   67683     |      31.27       |      41.18      
   67684     |      20.94       |      30.35      
   67685     |      19.82       |      26.45      
   67686     |      16.97       |      17.95      
   67687     |      25.84       |      22.79      
   67688     |      25.77       |      22.78      
   67689     |      28.75       |      25.00      
   67690     |      28.89       |      25.02      
   67691     |      28.54       |      23.88      
   67692     |      24.94       |      24.12      
   67693     |      22.91       |      23.08      
   67694     |      24.38       |      29.27      
   67695     |      23.61       |      29.75      
   67696     |      23.42       |      29.46      
   67697     |      23.78       |      32.44      
   67698     |      15.06       |      20.72      
   67699     |      14.62       |      23.28      
   67700     |       9.26       |      13.26      
   67701     |       8.84       |      13.39      
   67702     |       8.85       |      13.51      
   67703     |       7.18       |      15.78      
   67704     |      11.03       |      20.41      
   67705     |      15.03       |      25.06      
   67706     |      19.28       |      29.31      
   67707     |      15.72       |      25.50      
   67708     |      22.32       |      32.20      
   67709     |      18.31       |      27.48      
   67710     |      16.55       |      25.54      
   67711     |      15.44       |      23.45      
   67712     |      10.28       |      14.65      
   67713     |      10.66       |      14.53      
   67714     |      11.23       |      11.87      
   67715     |      16.77       |      13.82      
   67716     |      16.88       |      13.78      
   67717     |      21.16       |      16.64      
   67718     |      25.62       |      18.81      
   67719     |      26.52       |      18.71      
   67720     |      20.69       |      15.16      
   67721     |      26.43       |      16.84      
   67722     |      17.58       |       8.94      
   67723     |      16.23       |       7.63      
   67724     |      15.91       |       7.40      
   67725     |      18.14       |       9.59      
   67726     |      26.43       |      16.92      
   67727     |      26.85       |      17.36      
   67728     |      20.77       |      12.16      
   67729     |      28.68       |      20.21      
   67730     |      24.33       |      16.74      
   67731     |      22.57       |      15.02      
   67732     |      27.45       |      18.92      
   67733     |      21.55       |      12.85      
   67734     |      20.00       |      11.59      
   67735     |      17.30       |       8.83      
   67736     |      18.00       |       9.38      
   67737     |      18.35       |       9.75      
   67738     |      27.26       |      17.87      
   67739     |      24.11       |      14.61      
   67740     |      27.09       |      17.53      
   67741     |      32.47       |      23.07      
   67742     |      33.62       |      24.21      
   67743     |      26.27       |      16.72      
   67744     |      34.15       |      24.56      
   67745     |      31.70       |      22.13      
   67746     |      38.21       |      28.68      
   67747     |      52.05       |      42.64      
   67748     |      50.04       |      40.67      
   67749     |      54.11       |      44.85      
   67750     |      50.67       |      41.49      
   67751     |      47.50       |      38.24      
   67752     |      42.24       |      33.13      
   67753     |      33.96       |      24.60      
   67754     |      37.33       |      27.94      
   67755     |      26.30       |      16.98      
   67756     |      40.87       |      31.56      
   67757     |      45.47       |      36.04      
   67758     |      44.34       |      34.92      
   67759     |      48.94       |      39.50      
   67760     |      45.23       |      35.82      
   67761     |      42.48       |      33.07      
   67762     |      45.37       |      35.98      
   67763     |      41.05       |      31.74      
   67764     |      41.32       |      32.03      
   67765     |      41.58       |      32.28      
   67766     |      33.08       |      23.78      
   67767     |      38.30       |      28.96      
   67768     |      31.10       |      21.82      
   67769     |      24.79       |      15.54      
   67770     |      22.33       |      13.08      
   67771     |      27.41       |      18.16      
   67772     |      38.73       |      29.45      
   67773     |      48.60       |      39.46      
   67774     |      53.70       |      44.52      
   67775     |      57.23       |      48.11      
   67776     |      57.12       |      48.01      
   67777     |      58.03       |      48.96      
   67778     |      54.79       |      45.77      
   67779     |      60.24       |      51.38      
   67780     |      60.94       |      52.07      
   67781     |      61.81       |      52.88      
   67782     |      63.52       |      54.58      
   67783     |      53.97       |      44.85      
   67784     |      58.41       |      49.27      
   67785     |      47.15       |      38.07      
   67786     |      55.19       |      46.14      
   67787     |      49.32       |      40.54      
   67788     |      55.65       |      46.88      
   67789     |      48.01       |      40.02      
   67790     |      51.28       |      43.26      
   67791     |      47.85       |      40.36      
   67792     |      51.20       |      43.69      
   67793     |      57.34       |      48.96      
   67794     |      57.03       |      48.67      
   67795     |      59.84       |      51.24      
   67796     |      59.14       |      50.55      
   67797     |      60.10       |      51.45      
   67798     |      57.53       |      48.88      
   67799     |      56.16       |      47.61      
   67800     |      45.14       |      36.57      
   67801     |      47.44       |      38.71      
   67875     |      31.01       |      41.23      
   67876     |      23.96       |      34.13      
   67877     |      35.93       |      46.91      
   67878     |      31.55       |      42.52      
   67879     |      42.44       |      53.19      
   67880     |      42.35       |      53.10      
   67881     |      44.42       |      55.10      
   67882     |      36.89       |      47.32      
   67883     |      38.98       |      49.33      
   67884     |      27.11       |      36.37      
   67885     |      18.49       |      28.03      
   67886     |      15.17       |      23.73      
   67887     |       2.20       |       9.88      
   67888     |       7.88       |      18.73      
   67889     |       5.52       |      16.21      
   67890     |      26.06       |      36.79      
   67891     |      30.63       |      41.47      
   67892     |      46.51       |      57.33      
   67893     |      39.20       |      49.67      
   67894     |      33.28       |      43.71      
   67895     |      26.62       |      33.80      
   67896     |      25.93       |      32.96      
   67897     |      26.20       |      34.25      
   67898     |      33.50       |      42.24      
   67899     |      36.35       |      46.14      
   67900     |      35.87       |      45.63      
   67901     |      36.83       |      46.78      
   67902     |      30.93       |      40.73      
   67903     |      31.08       |      40.92      
   67904     |      28.26       |      38.00      
   67905     |      35.47       |      46.10      
   67906     |      40.34       |      50.95      
   67907     |      37.96       |      48.44      
   67908     |      44.20       |      54.69      
   67909     |      42.69       |      53.07      
   67910     |      40.53       |      50.90      
   67911     |      38.76       |      48.96      
   67912     |      35.91       |      46.07      
   67913     |      34.80       |      44.79      
   67914     |      38.69       |      48.73      
   67915     |      45.53       |      56.06      
   67916     |      37.29       |      47.81      
   67917     |      46.35       |      56.91      
   67918     |      30.17       |      40.61      
   67919     |      26.15       |      36.69      
   67920     |      11.13       |      21.31      
   67921     |       3.65       |      11.83      
   67922     |       6.87       |       4.99      
   67923     |      12.88       |       6.48      
   67924     |      12.65       |       6.49      
   67925     |      12.13       |       6.17      
   67926     |       9.01       |       7.90      
   67927     |       4.80       |       8.72      
   67928     |       4.26       |      12.03      
   67929     |       3.79       |      13.10      
   67930     |       2.90       |      10.46      
   67931     |       2.03       |      11.93      
   67932     |       6.01       |      16.26      
   67933     |      12.75       |      22.92      
   67934     |      26.78       |      37.11      
   67935     |      19.76       |      28.80      
   67936     |      30.25       |      40.02      
   67937     |      27.15       |      35.69      
   67938     |      34.24       |      43.46      
   67939     |      32.31       |      40.07      
   67940     |      25.22       |      30.64      
   67941     |      25.72       |      30.57      
   67942     |      25.79       |      22.75      
   67943     |      20.33       |      19.36      
   67944     |      23.69       |      18.83      
   67945     |      23.75       |      19.18      
   67946     |      23.97       |      19.23      
   67947     |      21.44       |      17.35      
   67948     |      18.60       |      18.86      
   67949     |      14.89       |      18.08      
   67950     |      19.12       |      26.37      
   67951     |      19.68       |      28.29      
   67952     |      22.77       |      31.73      
   67953     |      23.87       |      33.26      
   67954     |      15.25       |      23.69      
   67955     |      15.04       |      22.70      
   67956     |      11.55       |      15.29      
   67957     |      11.05       |      15.39      
   67958     |      12.16       |      18.58      
   67959     |      15.83       |      25.81      
   67960     |      15.33       |      25.29      
   67961     |      18.73       |      28.79      
   67962     |      14.86       |      24.91      
   67963     |       9.70       |      19.07      
   67964     |      16.58       |      26.31      
   67965     |      13.33       |      20.87      
   67966     |      15.22       |      23.31      
   67967     |      16.07       |      20.70      
   67968     |      15.35       |      18.18      
   67969     |      18.81       |      18.95      
   67970     |      20.19       |      17.70      
   67971     |      18.97       |      17.03      
   67972     |      21.35       |      16.89      
   67973     |      18.94       |      15.24      
   67974     |      24.65       |      17.53      
   67975     |      17.16       |      11.11      
   67976     |      17.99       |      11.42      
   67977     |      18.68       |      12.00      
   67978     |      18.93       |      12.12      
   67979     |      15.76       |       9.58      
   67980     |      19.12       |      11.24      
   67981     |      13.81       |       6.60      
   67982     |      26.42       |      16.75      
   67983     |      16.79       |       7.05      
   67984     |      25.01       |      15.32      
   67985     |      33.73       |      23.98      
   67986     |      19.63       |      10.49      
   67987     |      38.93       |      30.31      
   67988     |      27.28       |      20.91      
   67989     |      26.65       |      20.34      
   67990     |      24.36       |      19.10      
   67991     |      11.24       |      10.65      
   67992     |      19.43       |      11.59      
   67993     |      11.30       |       4.11      
   67994     |      23.93       |      14.34      
   67995     |      18.52       |       8.92      
   67996     |      31.74       |      22.18      
   67997     |      30.78       |      21.26      
   67998     |      26.21       |      16.70      
   67999     |      38.70       |      29.19      
   68000     |      32.08       |      22.73      
   68001     |      41.28       |      32.20      
   68002     |      52.13       |      42.76      
   68003     |      55.41       |      46.12      
   68004     |      54.14       |      44.88      
   68005     |      54.73       |      45.50      
   68006     |      47.96       |      38.92      
   68007     |      36.53       |      27.18      
   68008     |      34.07       |      24.79      
   68009     |      27.05       |      17.57      
   68010     |      25.84       |      16.39      
   68011     |      33.78       |      24.60      
   68012     |      45.22       |      35.84      
   68013     |      48.51       |      39.21      
   68014     |      49.07       |      39.77      
   68015     |      45.50       |      36.15      
   68016     |      42.80       |      33.49      
   68017     |      45.47       |      36.23      
   68018     |      41.81       |      32.66      
   68019     |      36.09       |      26.80      
   68020     |      41.69       |      32.36      
   68021     |      32.95       |      23.67      
   68022     |      38.43       |      29.18      
   68023     |      36.70       |      27.55      
   68024     |      24.93       |      15.75      
   68025     |      30.61       |      21.31      
   68026     |      27.39       |      18.12      
   68027     |      43.97       |      35.28      
   68028     |      49.02       |      40.14      
   68029     |      54.39       |      45.67      
   68030     |      57.73       |      48.90      
   68031     |      55.68       |      46.81      
   68032     |      58.42       |      49.48      
   68033     |      54.54       |      45.52      
   68034     |      59.55       |      50.45      
   68035     |      57.16       |      48.04      
   68036     |      60.25       |      51.10      
   68037     |      57.60       |      48.43      
   68038     |      53.95       |      44.81      
   68039     |      43.31       |      34.17      
   68040     |      47.12       |      38.02      
   68041     |      36.16       |      28.05      
   68042     |      50.93       |      42.65      
   68043     |      45.86       |      38.45      
   68044     |      49.64       |      42.13      
   68045     |      50.14       |      42.55      
   68046     |      47.72       |      40.18      
   68047     |      55.70       |      47.15      
   68048     |      56.87       |      48.34      
   68049     |      62.98       |      54.09      
   68050     |      58.87       |      49.98      
   68051     |      65.40       |      56.37      
   68052     |      58.61       |      49.56      
   68053     |      54.85       |      45.86      
   68054     |      54.78       |      45.81      
   68055     |      49.44       |      40.66      
   68056     |      47.31       |      38.53      
   68132     |      15.05       |      24.78      
   68133     |      21.50       |      32.44      
   68134     |      18.53       |      29.47      
   68135     |      32.09       |      42.77      
   68136     |      38.04       |      48.85      
   68137     |      42.50       |      53.20      
   68138     |      41.51       |      52.17      
   68139     |      35.83       |      46.63      
   68140     |      27.92       |      38.54      
   68141     |      22.68       |      33.47      
   68142     |      18.04       |      28.68      
   68143     |      10.64       |      21.52      
   68144     |      13.20       |      24.05      
   68145     |       9.52       |      19.50      
   68146     |      22.91       |      33.32      
   68147     |      26.01       |      36.75      
   68148     |      43.02       |      53.72      
   68149     |      46.63       |      57.43      
   68151     |      37.16       |      46.65      
   68152     |      29.44       |      38.56      
   68153     |      27.66       |      34.29      
   68154     |      24.57       |      30.32      
   68155     |      28.14       |      38.20      
   68156     |      30.24       |      40.32      
   68157     |      32.91       |      43.35      
   68158     |      33.44       |      43.87      
   68159     |      30.24       |      40.21      
   68160     |      24.53       |      34.32      
   68161     |      26.38       |      36.60      
   68162     |      34.99       |      45.28      
   68163     |      40.20       |      50.82      
   68164     |      43.78       |      54.39      
   68165     |      43.43       |      54.03      
   68166     |      41.12       |      51.70      
   68167     |      39.62       |      50.14      
   68168     |      35.88       |      46.38      
   68169     |      34.62       |      45.04      
   68170     |      28.53       |      38.91      
   68171     |      35.50       |      46.11      
   68172     |      24.33       |      34.92      
   68173     |      36.56       |      46.79      
   68174     |      28.25       |      38.14      
   68175     |      31.45       |      41.21      
   68176     |      22.08       |      30.68      
   68177     |      14.19       |      22.89      
   68178     |      10.83       |      16.23      
   68179     |       7.72       |       5.48      
   68180     |       7.25       |       5.82      
   68181     |      11.26       |       0.79      
   68182     |       6.00       |       4.57      
   68183     |       6.58       |       4.13      
   68184     |       1.61       |      11.07      
   68185     |       1.54       |      11.21      
   68186     |       1.70       |       9.44      
   68187     |       0.96       |       9.96      
   68188     |       1.38       |      11.50      
   68189     |       6.21       |      16.18      
   68190     |       9.45       |      19.61      
   68191     |      18.45       |      28.01      
   68192     |      22.94       |      32.76      
   68193     |      20.27       |      26.91      
   68194     |      28.56       |      37.25      
   68195     |      29.08       |      33.87      
   68196     |      28.61       |      33.01      
   68197     |      26.76       |      33.90      
   68198     |      21.83       |      20.93      
   68199     |      12.29       |      20.16      
   68200     |      14.74       |       9.26      
   68201     |      15.89       |       7.68      
   68202     |      14.18       |       6.90      
   68203     |       9.34       |       3.87      
   68204     |       3.90       |      10.96      
   68205     |       7.26       |      17.37      
   68206     |      14.83       |      25.00      
   68207     |      19.13       |      29.14      
   68208     |      21.43       |      31.47      
   68209     |      14.72       |      24.86      
   68210     |       9.22       |      19.33      
   68211     |       6.88       |      16.47      
   68212     |       3.23       |      11.24      
   68213     |       4.56       |      10.12      
   68214     |      16.41       |      26.20      
   68215     |      13.89       |      19.81      
   68216     |      23.54       |      32.28      
   68217     |      22.35       |      29.34      
   68218     |      19.93       |      25.88      
   68219     |      20.58       |      29.22      
   68220     |      14.38       |      21.58      
   68221     |      18.89       |      28.72      
   68222     |       4.92       |      13.94      
   68223     |       5.51       |      11.81      
   68224     |       6.57       |       7.66      
   68225     |      23.73       |      16.84      
   68226     |      17.64       |      15.59      
   68227     |      22.57       |      18.64      
   68228     |      21.79       |      18.61      
   68229     |      17.11       |      16.05      
   68230     |      20.33       |      15.49      
   68231     |      24.50       |      18.80      
   68232     |      23.49       |      18.37      
   68233     |      32.99       |      26.54      
   68234     |      27.20       |      23.86      
   68235     |      20.54       |      19.76      
   68236     |      22.75       |      19.01      
   68237     |      13.25       |      14.53      
   68238     |      20.31       |      13.17      
   68239     |      13.30       |       7.51      
   68240     |      33.84       |      24.11      
   68241     |      29.89       |      20.12      
   68242     |      40.19       |      30.44      
   68243     |      35.12       |      25.52      
   68244     |      21.41       |      12.91      
   68245     |      22.35       |      13.89      
   68246     |      11.88       |      11.34      
   68247     |       6.35       |      11.74      
   68248     |      11.69       |       5.03      
   68249     |      13.69       |       6.63      
   68250     |      19.43       |      10.45      
   68251     |      24.76       |      16.00      
   68252     |      31.57       |      22.27      
   68253     |      26.47       |      17.02      
   68254     |      38.48       |      28.89      
   68255     |      43.63       |      34.11      
   68256     |      40.17       |      30.71      
   68257     |      51.36       |      42.16      
   68258     |      55.40       |      46.10      
   68259     |      51.12       |      41.75      
   68260     |      54.39       |      44.98      
   68261     |      43.74       |      34.20      
   68262     |      36.35       |      26.85      
   68263     |      27.58       |      18.24      
   68264     |      27.47       |      18.14      
   68265     |      26.20       |      17.00      
   68266     |      34.20       |      25.01      
   68267     |      43.62       |      34.16      
   68268     |      48.41       |      38.96      
   68269     |      52.92       |      43.48      
   68270     |      45.44       |      36.05      
   68271     |      48.12       |      38.77      
   68272     |      45.30       |      36.00      
   68273     |      42.10       |      32.75      
   68274     |      36.21       |      26.96      
   68275     |      34.58       |      25.30      
   68276     |      33.36       |      24.12      
   68277     |      30.99       |      21.69      
   68278     |      36.60       |      27.27      
   68279     |      31.87       |      22.56      
   68280     |      30.59       |      21.29      
   68281     |      36.77       |      27.52      
   68282     |      42.48       |      33.20      
   68283     |      54.57       |      45.53      
   68284     |      53.66       |      44.65      
   68285     |      57.84       |      48.94      
   68286     |      55.75       |      46.92      
   68287     |      55.73       |      46.90      
   68288     |      55.25       |      46.45      
   68289     |      52.34       |      43.46      
   68290     |      57.47       |      48.48      
   68291     |      52.76       |      43.67      
   68292     |      57.70       |      48.56      
   68293     |      47.36       |      38.18      
   68294     |      43.17       |      34.00      
   68295     |      29.50       |      21.78      
   68296     |      36.68       |      28.75      
   68297     |      31.24       |      25.81      
   68298     |      48.01       |      41.18      
   68299     |      51.36       |      43.76      
   68300     |      50.29       |      42.73      
   68301     |      60.31       |      51.62      
   68302     |      55.27       |      46.58      
   68303     |      60.03       |      51.12      
   68304     |      62.98       |      54.10      
   68305     |      63.93       |      55.02      
   68306     |      66.16       |      57.27      
   68307     |      66.91       |      58.00      
   68308     |      54.93       |      45.96      
   68309     |      55.81       |      46.83      
   68310     |      48.84       |      39.85      
   68311     |      47.30       |      38.34      
   68312     |      45.67       |      36.71      
   68389     |      12.56       |      23.34      
   68390     |       9.16       |      19.95      
   68391     |      18.84       |      29.59      
   68392     |      29.78       |      40.72      
   68393     |      38.23       |      48.98      
   68394     |      42.11       |      52.92      
   68395     |      40.90       |      51.73      
   68396     |      29.73       |      40.30      
   68397     |      27.86       |      38.49      
   68398     |      24.17       |      34.64      
   68399     |      17.81       |      28.56      
   68400     |      26.33       |      37.19      
   68401     |      15.50       |      25.44      
   68402     |      22.95       |      33.12      
   68403     |      23.35       |      33.61      
   68404     |      34.48       |      44.85      
   68405     |      42.38       |      53.19      
   68406     |      43.86       |      54.65      
   68408     |      33.16       |      43.87      
   68409     |      23.37       |      34.11      
   68410     |      11.90       |      22.66      
   68411     |       9.82       |      20.34      
   68412     |      22.35       |      32.90      
   68413     |      27.33       |      38.08      
   68414     |      35.83       |      46.55      
   68415     |      32.49       |      43.11      
   68416     |      31.44       |      42.06      
   68417     |      24.97       |      34.63      
   68418     |      27.74       |      37.48      
   68419     |      33.73       |      44.28      
   68420     |      33.60       |      44.14      
   68421     |      42.76       |      53.41      
   68422     |      42.86       |      53.50      
   68423     |      40.32       |      50.97      
   68424     |      34.92       |      45.56      
   68425     |      34.83       |      45.46      
   68426     |      23.75       |      34.35      
   68427     |      27.29       |      37.78      
   68428     |      23.35       |      33.76      
   68429     |      24.60       |      34.96      
   68430     |      21.93       |      32.18      
   68431     |      27.97       |      37.97      
   68432     |      19.91       |      29.17      
   68433     |      20.39       |      29.62      
   68434     |      14.97       |      22.56      
   68435     |       7.57       |      14.46      
   68436     |       8.59       |      10.25      
   68437     |       8.43       |       7.09      
   68438     |       5.32       |      12.58      
   68439     |       5.99       |       4.52      
   68440     |       1.73       |      11.99      
   68441     |       1.76       |      11.09      
   68442     |       1.73       |      10.04      
   68443     |       2.33       |       9.59      
   68444     |       2.49       |       9.25      
   68445     |       1.03       |      11.43      
   68446     |       1.00       |      11.38      
   68447     |      11.07       |      20.36      
   68448     |      12.43       |      21.91      
   68449     |      11.73       |      19.98      
   68450     |      13.96       |      22.81      
   68451     |      14.47       |      20.29      
   68452     |      21.25       |      29.84      
   68453     |      21.74       |      30.78      
   68454     |      14.26       |      21.42      
   68455     |      16.06       |      25.88      
   68456     |       8.76       |       6.43      
   68457     |      11.29       |       1.84      
   68458     |       8.77       |       2.32      
   68459     |       9.37       |      16.67      
   68460     |      10.76       |      18.94      
   68461     |      18.05       |      26.18      
   68462     |      22.05       |      30.92      
   68463     |      19.34       |      28.29      
   68464     |      17.92       |      26.64      
   68465     |      17.27       |      26.00      
   68466     |      12.26       |      19.05      
   68467     |       7.27       |      13.05      
   68468     |       7.41       |      11.45      
   68469     |       9.81       |       0.70      
   68470     |       4.64       |      14.73      
   68471     |      10.29       |       9.00      
   68472     |      15.86       |      24.76      
   68473     |      15.96       |      21.10      
   68474     |      22.89       |      30.91      
   68475     |      23.69       |      32.39      
   68476     |      23.17       |      31.79      
   68477     |      24.63       |      33.86      
   68478     |       9.74       |      14.28      
   68479     |       9.09       |      14.67      
   68480     |      19.72       |      10.84      
   68481     |      22.63       |      13.80      
   68482     |      15.72       |       9.63      
   68483     |      29.48       |      21.85      
   68484     |      19.65       |      18.70      
   68485     |      29.37       |      25.11      
   68486     |      29.84       |      25.28      
   68487     |      33.96       |      28.72      
   68488     |      33.09       |      28.28      
   68489     |      33.18       |      26.80      
   68490     |      25.36       |      24.65      
   68491     |      26.46       |      25.31      
   68492     |      25.79       |      26.35      
   68493     |      31.91       |      30.11      
   68494     |      32.21       |      30.07      
   68495     |      37.78       |      34.39      
   68496     |      44.40       |      38.19      
   68497     |      32.54       |      27.36      
   68498     |      46.68       |      38.22      
   68499     |      24.36       |      15.67      
   68500     |      22.55       |      14.20      
   68501     |      13.51       |       5.10      
   68502     |       5.86       |      11.50      
   68503     |      11.42       |      10.85      
   68504     |      15.40       |       9.63      
   68505     |      29.28       |      22.25      
   68506     |      29.02       |      22.06      
   68507     |      27.82       |      20.94      
   68508     |      30.60       |      22.98      
   68509     |      29.60       |      22.01      
   68510     |      44.83       |      35.70      
   68511     |      36.32       |      26.99      
   68512     |      50.39       |      40.85      
   68513     |      44.37       |      34.79      
   68514     |      50.74       |      41.18      
   68515     |      43.88       |      34.47      
   68516     |      44.27       |      34.87      
   68517     |      38.09       |      29.11      
   68518     |      28.61       |      19.77      
   68519     |      28.32       |      19.53      
   68520     |      27.11       |      18.37      
   68521     |      30.65       |      21.42      
   68522     |      44.50       |      35.29      
   68523     |      48.83       |      39.46      
   68524     |      53.37       |      44.03      
   68525     |      53.34       |      44.00      
   68526     |      48.19       |      38.85      
   68527     |      47.83       |      38.51      
   68528     |      41.96       |      32.62      
   68529     |      42.22       |      32.89      
   68530     |      34.15       |      24.80      
   68531     |      33.69       |      24.36      
   68532     |      30.67       |      21.34      
   68533     |      32.88       |      23.53      
   68534     |      31.92       |      22.58      
   68535     |      32.86       |      23.54      
   68536     |      36.51       |      27.20      
   68537     |      37.95       |      28.66      
   68538     |      53.72       |      44.46      
   68539     |      50.55       |      41.36      
   68540     |      56.85       |      47.71      
   68541     |      59.03       |      49.85      
   68542     |      54.65       |      45.46      
   68543     |      62.53       |      53.29      
   68544     |      51.63       |      42.46      
   68545     |      54.81       |      45.70      
   68546     |      52.81       |      43.74      
   68547     |      50.83       |      41.73      
   68548     |      47.49       |      38.45      
   68549     |      37.19       |      28.00      
   68550     |      26.28       |      17.17      
   68551     |      17.62       |       9.17      
   68552     |      23.22       |      14.66      
   68553     |      28.59       |      19.48      
   68554     |      46.89       |      37.89      
   68555     |      51.79       |      42.69      
   68556     |      59.07       |      50.01      
   68557     |      58.39       |      49.34      
   68558     |      59.61       |      50.57      
   68559     |      57.13       |      48.15      
   68560     |      63.89       |      54.97      
   68561     |      63.66       |      54.75      
   68562     |      67.00       |      58.12      
   68563     |      67.42       |      58.52      
   68564     |      55.93       |      46.98      
   68565     |      53.81       |      44.93      
   68566     |      47.47       |      38.56      
   68567     |      44.67       |      35.88      
   68646     |      22.77       |      33.53      
   68647     |      16.81       |      24.45      
   68648     |      21.48       |      29.95      
   68649     |      30.13       |      40.94      
   68650     |      23.64       |      34.45      
   68651     |      42.66       |      53.34      
   68652     |      31.86       |      42.12      
   68653     |      30.54       |      40.85      
   68654     |      34.19       |      44.66      
   68655     |      23.10       |      33.94      
   68656     |      37.62       |      48.51      
   68657     |      27.99       |      38.46      
   68658     |      23.83       |      34.26      
   68659     |      22.77       |      32.98      
   68660     |      20.99       |      31.16      
   68661     |      32.37       |      43.19      
   68662     |      32.40       |      43.21      
   68663     |      44.12       |      54.62      
   68664     |      35.44       |      45.64      
   68665     |      34.02       |      44.27      
   68666     |      27.15       |      36.98      
   68667     |      11.83       |      22.53      
   68668     |      21.69       |      32.45      
   68669     |      21.46       |      32.21      
   68670     |      30.14       |      40.88      
   68671     |      35.51       |      46.19      
   68672     |      36.80       |      47.48      
   68673     |      30.88       |      41.58      
   68674     |      32.73       |      43.42      
   68675     |      25.83       |      36.09      
   68676     |      30.33       |      40.61      
   68677     |      33.55       |      44.10      
   68678     |      35.86       |      46.40      
   68679     |      42.99       |      53.65      
   68680     |      32.48       |      43.11      
   68681     |      34.88       |      45.46      
   68682     |      24.70       |      35.17      
   68683     |      23.90       |      34.39      
   68684     |      24.20       |      34.68      
   68685     |      23.19       |      33.69      
   68686     |      17.92       |      28.30      
   68687     |      22.16       |      32.32      
   68688     |      15.86       |      25.54      
   68689     |      19.44       |      28.91      
   68690     |      14.07       |      22.18      
   68691     |      13.75       |      21.84      
   68692     |      11.44       |      15.27      
   68693     |       9.31       |      10.82      
   68694     |       9.60       |      17.70      
   68695     |       4.51       |      12.30      
   68696     |       5.79       |      14.98      
   68697     |       2.54       |      12.02      
   68698     |       2.62       |       9.32      
   68699     |       2.90       |      10.15      
   68700     |       2.83       |      10.53      
   68701     |       2.32       |       9.06      
   68702     |       2.74       |       8.47      
   68703     |       4.36       |      12.03      
   68704     |       8.69       |      18.43      
   68705     |       8.33       |      17.74      
   68706     |       7.01       |      16.05      
   68707     |       7.27       |      16.81      
   68708     |      18.39       |      28.52      
   68709     |      15.07       |      24.01      
   68710     |      17.61       |      26.88      
   68711     |      16.79       |      25.03      
   68712     |      13.83       |      12.33      
   68713     |       5.33       |      15.01      
   68714     |       5.05       |      14.67      
   68715     |      13.72       |      23.65      
   68716     |      13.81       |      23.73      
   68717     |      20.34       |      29.88      
   68718     |      18.27       |      27.64      
   68719     |      13.52       |      23.16      
   68720     |      14.88       |      24.61      
   68721     |      12.56       |      22.42      
   68722     |       4.54       |      11.88      
   68723     |       2.89       |       8.58      
   68724     |      10.17       |       2.57      
   68725     |      11.77       |       1.92      
   68726     |       6.58       |       3.66      
   68727     |       6.09       |       4.31      
   68728     |       4.21       |      14.19      
   68729     |       2.38       |      10.01      
   68730     |      19.27       |      29.21      
   68731     |      14.16       |      20.66      
   68732     |      25.83       |      34.77      
   68733     |      24.24       |      30.21      
   68734     |      20.78       |      23.68      
   68735     |      18.13       |      24.66      
   68736     |      24.64       |      16.80      
   68737     |      17.58       |      10.25      
   68738     |      25.27       |      16.06      
   68739     |      32.36       |      23.30      
   68740     |      20.86       |      14.56      
   68741     |      33.23       |      25.77      
   68742     |      30.90       |      24.09      
   68743     |      30.48       |      24.59      
   68744     |      29.45       |      24.03      
   68745     |      23.85       |      19.56      
   68746     |      21.01       |      19.76      
   68747     |      24.41       |      21.80      
   68748     |      24.12       |      21.83      
   68749     |      40.41       |      34.88      
   68750     |      36.42       |      32.92      
   68751     |      41.47       |      37.09      
   68752     |      40.53       |      36.67      
   68753     |      28.50       |      27.49      
   68754     |      34.36       |      28.78      
   68755     |      21.52       |      18.33      
   68756     |      22.32       |      18.33      
   68757     |      16.76       |      14.70      
   68758     |      15.93       |      15.48      
   68759     |      19.81       |      17.50      
   68760     |      28.14       |      20.71      
   68761     |      23.83       |      16.56      
   68762     |      25.57       |      17.80      
   68763     |      20.79       |      13.11      
   68764     |      26.74       |      17.92      
   68765     |      16.85       |       7.58      
   68766     |      35.44       |      25.84      
   68767     |      24.89       |      16.07      
   68768     |      45.73       |      36.64      
   68769     |      41.27       |      32.70      
   68770     |      46.08       |      37.42      
   68771     |      40.74       |      33.09      
   68772     |      41.93       |      34.23      
   68773     |      45.25       |      36.89      
   68774     |      30.79       |      23.06      
   68775     |      44.13       |      34.73      
   68776     |      30.20       |      20.75      
   68777     |      39.79       |      30.40      
   68778     |      48.47       |      39.02      
   68779     |      45.32       |      35.87      
   68780     |      52.97       |      43.54      
   68781     |      48.62       |      39.24      
   68782     |      47.72       |      38.35      
   68783     |      45.21       |      35.91      
   68784     |      42.27       |      32.97      
   68785     |      40.81       |      31.57      
   68786     |      33.76       |      24.51      
   68787     |      32.36       |      23.20      
   68788     |      32.90       |      23.75      
   68789     |      33.61       |      24.43      
   68790     |      32.78       |      23.61      
   68791     |      33.16       |      23.98      
   68792     |      37.86       |      28.72      
   68793     |      37.23       |      28.14      
   68794     |      50.74       |      41.72      
   68795     |      48.95       |      40.05      
   68796     |      59.49       |      50.62      
   68797     |      62.24       |      53.24      
   68798     |      62.52       |      53.52      
   68799     |      64.98       |      55.91      
   68800     |      55.37       |      46.26      
   68801     |      59.02       |      49.84      
   68802     |      50.90       |      41.70      
   68803     |      53.69       |      44.49      
   68804     |      37.28       |      28.23      
   68805     |      34.93       |      25.82      
   68806     |      18.32       |      11.08      
   68807     |      28.92       |      21.86      
   68808     |      31.04       |      23.52      
   68809     |      42.98       |      35.72      
   68810     |      53.26       |      45.05      
   68811     |      43.88       |      35.41      
   68812     |      58.46       |      49.52      
   68813     |      50.00       |      40.92      
   68814     |      56.67       |      47.60      
   68815     |      57.71       |      48.65      
   68816     |      63.19       |      54.13      
   68817     |      58.81       |      49.78      
   68818     |      67.11       |      58.12      
   68819     |      59.80       |      51.03      
   68820     |      54.09       |      45.30      
   68821     |      55.04       |      46.21      
   68822     |      44.41       |      35.53      
   68902     |      40.55       |      51.50      
   68903     |      23.86       |      34.20      
   68904     |      15.71       |      25.87      
   68905     |      16.24       |      26.57      
   68906     |      13.42       |      23.68      
   68907     |      23.41       |      34.31      
   68908     |      26.56       |      37.47      
   68909     |      29.96       |      40.80      
   68910     |      32.72       |      43.58      
   68911     |      32.96       |      43.80      
   68912     |      39.83       |      50.70      
   68913     |      37.62       |      48.50      
   68914     |      31.08       |      41.94      
   68915     |      22.94       |      33.62      
   68916     |      10.61       |      21.27      
   68917     |      18.89       |      29.55      
   68918     |      23.84       |      34.58      
   68919     |      33.29       |      43.66      
   68920     |      37.64       |      48.14      
   68921     |      34.46       |      45.06      
   68922     |      30.94       |      41.45      
   68923     |      25.14       |      35.85      
   68924     |      23.29       |      33.96      
   68925     |      21.69       |      32.41      
   68926     |      28.63       |      39.36      
   68927     |      30.02       |      40.73      
   68928     |      37.45       |      48.16      
   68929     |      36.84       |      47.56      
   68930     |      35.86       |      46.56      
   68931     |      32.69       |      43.38      
   68932     |      31.95       |      42.63      
   68933     |      28.96       |      39.56      
   68934     |      30.54       |      41.13      
   68935     |      35.00       |      45.66      
   68936     |      34.45       |      45.10      
   68937     |      32.70       |      43.33      
   68938     |      27.15       |      37.77      
   68939     |      24.86       |      35.43      
   68940     |      18.15       |      28.71      
   68941     |      24.07       |      34.61      
   68942     |      17.53       |      27.97      
   68943     |      17.85       |      28.26      
   68944     |      14.19       |      24.47      
   68945     |      14.73       |      24.97      
   68946     |       6.20       |      14.16      
   68947     |      14.12       |      22.20      
   68948     |      12.35       |      19.04      
   68949     |       7.24       |      12.64      
   68950     |       9.18       |      17.92      
   68951     |       8.32       |      17.08      
   68952     |       6.61       |      13.23      
   68953     |       9.61       |      16.72      
   68954     |       9.14       |      15.38      
   68955     |       6.02       |      10.70      
   68956     |       7.13       |      15.70      
   68957     |       1.99       |      10.35      
   68958     |       2.99       |      12.80      
   68959     |       2.65       |       8.51      
   68960     |       6.96       |      17.19      
   68961     |       3.53       |      13.74      
   68962     |       6.08       |      16.34      
   68963     |       5.25       |      12.48      
   68964     |      12.97       |      22.78      
   68965     |      13.68       |      17.97      
   68966     |      18.04       |      25.88      
   68967     |      18.43       |      24.66      
   68968     |      17.02       |      21.91      
   68969     |      18.10       |      27.87      
   68970     |      14.75       |      24.31      
   68971     |      23.30       |      33.51      
   68972     |      18.75       |      28.93      
   68973     |      23.49       |      33.49      
   68974     |      13.57       |      23.19      
   68975     |      13.44       |      23.06      
   68976     |      13.11       |      22.69      
   68977     |       5.03       |      15.18      
   68978     |       1.74       |       8.42      
   68979     |       8.02       |       5.20      
   68980     |      12.07       |       4.06      
   68981     |      10.10       |       2.53      
   68982     |       6.36       |       5.09      
   68983     |       2.09       |       8.00      
   68984     |       0.45       |       9.63      
   68985     |       5.48       |       6.27      
   68986     |       6.99       |      16.43      
   68987     |      11.27       |      12.45      
   68988     |      16.32       |      24.36      
   68989     |      16.71       |      22.22      
   68990     |      18.35       |      24.84      
   68991     |      19.04       |      27.54      
   68992     |      17.51       |      10.15      
   68993     |       7.91       |       4.94      
   68994     |      29.63       |      19.70      
   68995     |      31.15       |      21.25      
   68996     |      29.12       |      19.25      
   68997     |      26.63       |      16.97      
   68998     |      25.87       |      16.25      
   68999     |      23.99       |      14.82      
   69000     |      20.68       |      12.02      
   69001     |      18.52       |      12.98      
   69002     |      22.96       |      15.35      
   69003     |      22.39       |      19.62      
   69004     |      29.70       |      22.78      
   69005     |      30.19       |      22.62      
   69006     |      27.76       |      20.89      
   69007     |      25.60       |      18.93      
   69008     |      19.07       |      17.56      
   69009     |      19.44       |      17.77      
   69010     |      20.68       |      17.36      
   69011     |      18.07       |      15.71      
   69012     |      17.77       |      15.86      
   69013     |      19.55       |      16.92      
   69014     |      19.35       |      16.99      
   69015     |      16.03       |      15.25      
   69016     |      23.77       |      16.48      
   69017     |       3.63       |       6.51      
   69018     |      18.18       |       8.57      
   69019     |      20.33       |      10.70      
   69020     |      16.59       |       7.03      
   69021     |      14.58       |       4.97      
   69022     |      23.94       |      14.41      
   69023     |      21.49       |      12.18      
   69024     |      39.50       |      30.19      
   69025     |      38.42       |      29.18      
   69026     |      36.54       |      27.33      
   69027     |      39.95       |      30.55      
   69028     |      42.30       |      32.91      
   69029     |      47.47       |      37.98      
   69030     |      43.83       |      34.34      
   69031     |      48.70       |      39.22      
   69032     |      39.75       |      30.32      
   69033     |      37.75       |      28.31      
   69034     |      45.32       |      35.86      
   69035     |      40.67       |      31.25      
   69036     |      48.62       |      39.23      
   69037     |      47.55       |      38.20      
   69038     |      45.11       |      35.76      
   69039     |      43.44       |      34.15      
   69040     |      40.74       |      31.45      
   69041     |      32.20       |      23.61      
   69042     |      33.18       |      24.59      
   69043     |      32.40       |      23.95      
   69044     |      34.61       |      26.13      
   69045     |      42.18       |      33.00      
   69046     |      33.15       |      23.93      
   69047     |      35.85       |      26.56      
   69048     |      37.23       |      27.97      
   69049     |      37.37       |      28.11      
   69050     |      48.77       |      39.58      
   69051     |      51.18       |      41.95      
   69052     |      62.19       |      53.01      
   69053     |      61.16       |      52.01      
   69054     |      64.93       |      55.81      
   69055     |      62.63       |      53.59      
   69056     |      59.46       |      50.41      
   69057     |      60.24       |      51.17      
   69058     |      54.31       |      45.21      
   69059     |      55.96       |      46.83      
   69060     |      34.93       |      25.75      
   69061     |      40.45       |      31.38      
   69062     |      26.71       |      18.38      
   69063     |      42.51       |      34.81      
   69064     |      42.02       |      34.39      
   69065     |      42.79       |      35.19      
   69066     |      45.29       |      37.44      
   69067     |      40.04       |      32.04      
   69068     |      50.72       |      42.08      
   69069     |      53.52       |      44.97      
   69070     |      58.42       |      49.71      
   69071     |      51.07       |      42.18      
   69072     |      58.88       |      49.90      
   69073     |      49.55       |      40.50      
   69074     |      59.15       |      50.13      
   69075     |      56.22       |      47.25      
   69076     |      54.64       |      45.68      
   69077     |      58.52       |      49.52      
   69078     |      46.71       |      37.71      
   69158     |      47.62       |      57.00      
   69160     |      32.22       |      40.87      
   69161     |      18.23       |      27.17      
   69162     |      19.41       |      28.67      
   69163     |      15.02       |      24.47      
   69164     |      27.99       |      38.68      
   69165     |      27.23       |      37.94      
   69166     |      33.63       |      44.44      
   69167     |      32.82       |      43.65      
   69168     |      30.49       |      41.27      
   69169     |      41.12       |      51.56      
   69170     |      32.41       |      42.40      
   69171     |      33.58       |      43.51      
   69172     |      24.73       |      33.48      
   69173     |      12.59       |      21.86      
   69174     |      24.16       |      34.71      
   69175     |      24.25       |      34.78      
   69176     |      35.41       |      46.14      
   69177     |      37.22       |      47.90      
   69178     |      34.39       |      45.02      
   69179     |      30.49       |      41.22      
   69180     |      27.48       |      38.16      
   69181     |      23.21       |      33.97      
   69182     |      30.05       |      40.79      
   69183     |      28.80       |      39.52      
   69184     |      38.97       |      49.67      
   69185     |      37.93       |      48.60      
   69186     |      32.38       |      43.04      
   69187     |      35.93       |      46.63      
   69188     |      32.01       |      42.70      
   69189     |      31.83       |      42.51      
   69190     |      31.06       |      41.73      
   69191     |      30.07       |      40.73      
   69192     |      31.83       |      42.47      
   69193     |      34.36       |      45.00      
   69194     |      25.86       |      36.46      
   69195     |      27.06       |      37.62      
   69196     |      16.25       |      26.57      
   69197     |      18.64       |      28.81      
   69198     |      17.34       |      27.41      
   69199     |      18.41       |      28.41      
   69200     |      15.03       |      24.66      
   69201     |      15.74       |      25.31      
   69202     |       9.82       |      16.64      
   69203     |       8.68       |      15.31      
   69204     |       8.96       |      16.16      
   69205     |      10.72       |      18.06      
   69206     |      11.91       |      20.10      
   69207     |      10.32       |      18.50      
   69208     |       9.38       |      16.79      
   69209     |       6.01       |      12.95      
   69210     |       6.55       |      14.61      
   69211     |       5.65       |      13.65      
   69212     |       9.83       |      19.51      
   69213     |       4.48       |      14.71      
   69214     |       2.71       |      12.74      
   69215     |       5.85       |      16.10      
   69216     |       3.66       |      13.79      
   69217     |       2.90       |       9.29      
   69218     |       2.75       |      11.66      
   69219     |       9.67       |       9.32      
   69220     |       8.13       |      14.26      
   69221     |       7.44       |      14.86      
   69222     |      10.62       |      19.61      
   69223     |      10.49       |      19.11      
   69224     |      18.47       |      28.11      
   69225     |      18.24       |      27.80      
   69226     |      24.60       |      34.41      
   69227     |      33.90       |      44.12      
   69228     |      22.99       |      33.18      
   69229     |      28.39       |      38.43      
   69230     |      13.65       |      23.18      
   69231     |       8.69       |      18.61      
   69232     |       5.66       |      15.27      
   69233     |       8.36       |       7.52      
   69234     |       9.04       |       6.93      
   69235     |       7.36       |       6.82      
   69236     |      10.75       |       4.82      
   69237     |       3.47       |       6.64      
   69238     |       2.09       |       8.01      
   69239     |       5.85       |       5.33      
   69240     |       5.21       |       5.98      
   69241     |      10.80       |       6.05      
   69242     |       7.33       |       8.83      
   69243     |       8.79       |       8.77      
   69244     |       9.73       |      17.53      
   69245     |       9.90       |      16.81      
   69246     |      17.86       |      26.74      
   69247     |      17.25       |      25.70      
   69248     |      11.28       |       9.11      
   69249     |       8.40       |      18.34      
   69250     |      30.85       |      21.10      
   69251     |      21.82       |      14.59      
   69252     |      33.91       |      25.07      
   69253     |      29.15       |      20.07      
   69254     |      31.05       |      21.90      
   69255     |      24.75       |      15.20      
   69256     |      22.94       |      13.44      
   69257     |      18.24       |       8.41      
   69258     |      23.14       |      13.33      
   69259     |      18.83       |       9.24      
   69260     |      20.88       |      11.21      
   69261     |      21.84       |      12.08      
   69262     |      18.81       |       9.12      
   69263     |      20.74       |      11.16      
   69264     |       9.19       |       5.06      
   69265     |      18.98       |      11.92      
   69266     |      14.15       |      11.07      
   69267     |       9.20       |       9.64      
   69268     |      12.26       |       7.32      
   69269     |       6.26       |       6.24      
   69270     |       7.16       |       5.21      
   69271     |       0.96       |      10.23      
   69272     |       3.56       |       6.57      
   69273     |       4.17       |       5.64      
   69274     |      20.49       |      11.14      
   69275     |      18.19       |       9.48      
   69276     |      15.31       |       6.98      
   69277     |      27.16       |      17.69      
   69278     |      21.73       |      12.54      
   69279     |      32.86       |      24.14      
   69280     |      38.89       |      29.78      
   69281     |      38.68       |      29.57      
   69282     |      40.55       |      31.38      
   69283     |      45.79       |      36.76      
   69284     |      48.13       |      39.02      
   69285     |      41.08       |      31.81      
   69286     |      48.85       |      39.45      
   69287     |      41.29       |      31.81      
   69288     |      37.75       |      28.30      
   69289     |      31.98       |      22.54      
   69290     |      40.78       |      31.38      
   69291     |      38.63       |      29.31      
   69292     |      47.77       |      38.49      
   69293     |      46.32       |      37.10      
   69294     |      43.66       |      34.45      
   69295     |      40.40       |      31.40      
   69296     |      31.74       |      22.79      
   69297     |      32.22       |      23.22      
   69298     |      31.76       |      22.78      
   69299     |      36.53       |      27.28      
   69300     |      42.17       |      32.96      
   69301     |      45.04       |      35.76      
   69302     |      35.87       |      26.57      
   69303     |      35.81       |      26.52      
   69304     |      37.38       |      28.12      
   69305     |      42.09       |      32.82      
   69306     |      51.44       |      42.18      
   69307     |      43.09       |      34.00      
   69308     |      61.13       |      52.12      
   69309     |      51.48       |      43.12      
   69310     |      63.33       |      54.96      
   69312     |      61.29       |      52.50      
   69313     |      66.02       |      57.01      
   69314     |      56.30       |      47.24      
   69315     |      59.33       |      50.19      
   69316     |      40.67       |      31.50      
   69317     |      49.55       |      40.50      
   69318     |      40.39       |      31.57      
   69319     |      46.31       |      37.72      
   69320     |      41.31       |      33.02      
   69321     |      39.09       |      30.72      
   69322     |      39.37       |      30.99      
   69323     |      40.53       |      32.22      
   69324     |      52.90       |      44.07      
   69325     |      48.58       |      39.65      
   69326     |      50.96       |      42.00      
   69327     |      51.73       |      42.80      
   69328     |      49.95       |      41.06      
   69329     |      49.63       |      40.74      
   69330     |      56.39       |      47.42      
   69331     |      52.59       |      43.58      
   69332     |      58.54       |      49.53      
   69333     |      55.32       |      46.32      
   69416     |      46.19       |      53.74      
   69417     |      37.18       |      44.66      
   69418     |      40.82       |      49.14      
   69419     |      21.60       |      30.13      
   69420     |      34.13       |      44.40      
   69421     |      28.80       |      39.26      
   69422     |      34.69       |      45.35      
   69423     |      34.19       |      44.85      
   69424     |      29.15       |      39.65      
   69425     |      31.56       |      41.95      
   69426     |      28.40       |      38.61      
   69427     |      32.32       |      42.34      
   69428     |      32.51       |      42.53      
   69429     |      20.10       |      30.71      
   69430     |      26.05       |      36.79      
   69431     |      23.68       |      34.48      
   69432     |      28.36       |      39.16      
   69433     |      35.65       |      46.27      
   69434     |      35.59       |      46.20      
   69435     |      34.35       |      44.99      
   69436     |      32.67       |      43.28      
   69437     |      27.39       |      38.13      
   69438     |      30.30       |      41.04      
   69439     |      29.98       |      40.71      
   69440     |      35.36       |      46.08      
   69441     |      38.65       |      49.33      
   69442     |      30.69       |      41.30      
   69443     |      32.15       |      42.72      
   69444     |      38.21       |      48.82      
   69445     |      32.02       |      42.70      
   69446     |      39.59       |      50.26      
   69447     |      32.25       |      42.68      
   69448     |      27.29       |      37.69      
   69449     |      31.99       |      42.62      
   69450     |      23.36       |      33.99      
   69451     |      25.87       |      36.49      
   69452     |      15.33       |      25.87      
   69453     |      15.92       |      26.44      
   69454     |       8.77       |      18.91      
   69455     |      18.75       |      28.20      
   69456     |      13.76       |      21.62      
   69457     |      19.54       |      27.48      
   69458     |      16.16       |      21.15      
   69459     |      15.67       |      20.53      
   69460     |      15.64       |      20.41      
   69461     |      15.89       |      20.71      
   69462     |      18.34       |      25.72      
   69463     |      14.47       |      21.68      
   69464     |      16.04       |      24.05      
   69465     |       8.31       |      16.23      
   69466     |       8.89       |      17.22      
   69467     |       6.05       |      14.39      
   69468     |      16.86       |      26.99      
   69469     |       8.59       |      18.89      
   69470     |       5.90       |      16.13      
   69471     |       6.65       |      16.79      
   69472     |       2.77       |       9.20      
   69473     |       4.58       |       5.78      
   69474     |       1.63       |       8.72      
   69475     |       6.39       |       5.55      
   69476     |       5.80       |      15.44      
   69477     |       5.62       |      13.92      
   69478     |       8.21       |      17.51      
   69479     |       8.43       |      17.97      
   69480     |      16.88       |      26.90      
   69481     |      11.22       |      21.46      
   69482     |      33.88       |      44.11      
   69483     |      26.38       |      36.30      
   69484     |      28.67       |      38.61      
   69485     |      30.03       |      40.08      
   69486     |      10.19       |      19.47      
   69487     |      12.93       |      23.03      
   69488     |       6.22       |       4.14      
   69489     |       9.48       |       3.66      
   69490     |       6.58       |       5.74      
   69491     |       4.71       |       6.41      
   69492     |       3.98       |       7.23      
   69493     |       4.23       |      13.46      
   69494     |       6.57       |       5.36      
   69495     |       6.30       |       6.23      
   69496     |      10.47       |       3.89      
   69497     |      14.66       |       4.62      
   69498     |       5.44       |       4.66      
   69499     |       5.55       |       4.56      
   69500     |       4.03       |      13.92      
   69501     |       3.42       |      12.90      
   69502     |      13.46       |      23.31      
   69503     |      11.51       |      20.99      
   69504     |       9.21       |      18.59      
   69505     |      22.44       |      32.32      
   69506     |       7.56       |       7.71      
   69507     |      24.25       |      18.42      
   69508     |      38.18       |      29.71      
   69509     |      34.35       |      25.77      
   69510     |      32.16       |      23.79      
   69511     |      31.08       |      23.09      
   69512     |      26.27       |      19.05      
   69513     |      25.34       |      18.13      
   69514     |      26.15       |      18.78      
   69515     |      25.06       |      17.69      
   69516     |      25.96       |      18.43      
   69517     |      21.37       |      13.71      
   69518     |      27.21       |      18.74      
   69519     |      20.26       |      11.16      
   69520     |      16.27       |       7.58      
   69521     |      17.82       |       8.50      
   69522     |       4.80       |       5.67      
   69523     |       4.18       |       9.21      
   69524     |       6.46       |       6.61      
   69525     |       8.33       |      13.46      
   69526     |       8.36       |      13.23      
   69527     |       7.70       |       4.05      
   69528     |       4.80       |       6.18      
   69529     |      11.68       |       3.09      
   69530     |      17.67       |       8.13      
   69531     |       9.91       |       4.60      
   69532     |      27.60       |      18.59      
   69533     |      29.50       |      20.22      
   69534     |      31.34       |      22.07      
   69535     |      42.84       |      33.29      
   69536     |      37.81       |      28.31      
   69537     |      42.52       |      33.12      
   69538     |      44.96       |      35.54      
   69539     |      40.77       |      31.29      
   69540     |      40.70       |      31.23      
   69541     |      40.61       |      31.15      
   69542     |      41.30       |      31.85      
   69543     |      37.13       |      27.65      
   69544     |      31.89       |      22.43      
   69545     |      27.82       |      18.38      
   69546     |      38.45       |      29.06      
   69547     |      32.67       |      23.63      
   69548     |      46.77       |      37.70      
   69549     |      41.35       |      32.84      
   69550     |      41.60       |      33.10      
   69551     |      45.51       |      36.58      
   69552     |      32.41       |      23.59      
   69553     |      46.98       |      37.61      
   69554     |      37.10       |      27.76      
   69555     |      45.54       |      36.34      
   69556     |      46.37       |      37.17      
   69557     |      40.37       |      31.08      
   69558     |      36.51       |      27.27      
   69559     |      40.68       |      31.53      
   69560     |      48.24       |      39.02      
   69561     |      44.44       |      35.56      
   69562     |      39.65       |      30.98      
   69563     |      44.35       |      35.13      
   69564     |      52.67       |      43.44      
   69565     |      42.59       |      33.46      
   69566     |      68.81       |      59.79      
   69567     |      62.83       |      54.09      
   69568     |      67.08       |      58.40      
   69570     |      60.58       |      51.65      
   69571     |      67.23       |      58.10      
   69572     |      49.94       |      40.77      
   69573     |      56.34       |      47.21      
   69574     |      45.81       |      36.81      
   69575     |      50.15       |      41.28      
   69576     |      39.01       |      30.59      
   69577     |      34.91       |      26.31      
   69578     |      39.79       |      30.98      
   69579     |      39.84       |      31.05      
   69580     |      48.55       |      39.57      
   69581     |      50.71       |      41.80      
   69582     |      51.76       |      42.84      
   69583     |      54.24       |      45.40      
   69584     |      50.04       |      41.31      
   69585     |      56.20       |      47.63      
   69586     |      54.18       |      45.69      
   69587     |      48.41       |      39.76      
   69588     |      56.06       |      47.24      
   69589     |      41.22       |      32.22      
   69669     |      40.42       |      50.43      
   69670     |      44.75       |      55.03      
   69671     |      42.98       |      52.33      
   69672     |      43.73       |      53.15      
   69673     |      37.11       |      46.73      
   69674     |      40.42       |      50.33      
   69675     |      33.04       |      43.20      
   69676     |      34.38       |      44.62      
   69677     |      34.28       |      44.51      
   69678     |      34.29       |      44.52      
   69679     |      37.46       |      47.56      
   69680     |      38.14       |      48.27      
   69681     |      29.07       |      39.61      
   69682     |      28.41       |      38.91      
   69683     |      27.59       |      38.12      
   69684     |      30.87       |      41.50      
   69685     |      30.93       |      41.54      
   69686     |      33.06       |      43.71      
   69687     |      25.93       |      36.74      
   69688     |      27.40       |      38.21      
   69689     |      28.36       |      39.15      
   69690     |      29.47       |      40.25      
   69691     |      35.52       |      46.16      
   69692     |      33.88       |      44.49      
   69693     |      32.60       |      43.23      
   69694     |      32.25       |      42.87      
   69695     |      30.48       |      41.14      
   69696     |      34.29       |      44.98      
   69697     |      35.33       |      46.00      
   69698     |      32.37       |      42.99      
   69699     |      30.62       |      41.27      
   69700     |      35.90       |      46.57      
   69701     |      38.18       |      48.81      
   69702     |      41.68       |      52.33      
   69703     |      39.48       |      50.14      
   69704     |      34.85       |      45.48      
   69705     |      26.66       |      37.22      
   69706     |      26.52       |      37.07      
   69707     |      24.29       |      34.68      
   69708     |       9.70       |      19.86      
   69709     |      15.29       |      25.89      
   69710     |       2.82       |      11.29      
   69711     |      11.22       |      19.82      
   69712     |       9.62       |      17.03      
   69713     |      14.21       |      21.92      
   69714     |      12.37       |      17.20      
   69715     |      14.54       |      19.98      
   69716     |      14.31       |      19.00      
   69717     |      15.12       |      20.03      
   69718     |      19.12       |      27.26      
   69719     |      16.03       |      24.16      
   69720     |      17.73       |      26.40      
   69721     |      14.03       |      22.78      
   69722     |      16.01       |      25.19      
   69723     |       6.06       |      15.93      
   69724     |      17.80       |      28.15      
   69725     |      16.13       |      26.52      
   69726     |      12.34       |      22.70      
   69727     |       7.19       |      16.98      
   69728     |       4.89       |       6.60      
   69729     |       5.42       |       6.33      
   69730     |       3.91       |      13.00      
   69731     |       6.49       |      10.56      
   69732     |       7.41       |      15.29      
   69733     |       7.32       |      16.02      
   69734     |       6.55       |      14.83      
   69735     |       7.27       |      17.11      
   69736     |       8.59       |      18.49      
   69737     |      11.23       |      21.46      
   69738     |      25.42       |      35.64      
   69739     |      19.32       |      29.31      
   69740     |      29.86       |      39.97      
   69741     |      30.83       |      40.97      
   69742     |      23.03       |      33.11      
   69743     |      13.56       |      23.48      
   69744     |      10.13       |       2.68      
   69745     |       9.88       |      12.58      
   69746     |      10.97       |      10.66      
   69747     |      12.10       |       4.25      
   69748     |       5.30       |      13.73      
   69749     |       1.92       |      10.27      
   69750     |       5.30       |       5.48      
   69751     |       4.95       |       9.46      
   69752     |      15.76       |       6.79      
   69753     |      14.69       |       6.92      
   69754     |       8.56       |       7.25      
   69755     |       8.55       |       8.17      
   69756     |       6.98       |      13.87      
   69757     |       8.22       |      15.22      
   69758     |       9.92       |      18.05      
   69759     |      10.85       |      20.25      
   69760     |      12.42       |      21.88      
   69761     |      21.52       |      31.39      
   69762     |       2.85       |       9.42      
   69763     |       5.56       |       4.62      
   69764     |      21.86       |      12.02      
   69765     |      37.25       |      28.28      
   69766     |      20.80       |      14.35      
   69767     |      33.62       |      26.80      
   69768     |      31.45       |      25.13      
   69769     |      28.25       |      22.08      
   69770     |      33.72       |      26.39      
   69771     |      26.14       |      18.75      
   69772     |      26.12       |      18.74      
   69773     |      26.21       |      18.85      
   69774     |      25.75       |      18.48      
   69775     |      28.71       |      21.48      
   69776     |      23.81       |      17.80      
   69777     |      23.32       |      18.04      
   69778     |      14.85       |      17.07      
   69779     |      13.63       |      13.97      
   69780     |      12.04       |      16.04      
   69781     |       9.65       |       7.57      
   69782     |       9.86       |       7.51      
   69783     |      19.72       |      10.15      
   69784     |      11.79       |       3.46      
   69785     |      14.74       |       6.46      
   69786     |      10.64       |       5.36      
   69787     |      10.29       |       5.19      
   69788     |      29.22       |      19.68      
   69789     |      18.57       |       9.91      
   69790     |      42.90       |      33.64      
   69791     |      42.00       |      32.82      
   69792     |      44.22       |      35.03      
   69793     |      56.31       |      46.77      
   69794     |      40.76       |      31.24      
   69795     |      46.63       |      37.21      
   69796     |      40.84       |      31.52      
   69797     |      35.30       |      25.86      
   69798     |      37.14       |      27.69      
   69799     |      31.33       |      21.87      
   69800     |      27.79       |      18.33      
   69801     |      31.01       |      21.58      
   69802     |      31.79       |      22.37      
   69803     |      24.73       |      15.48      
   69804     |      39.40       |      30.17      
   69805     |      38.00       |      28.86      
   69806     |      44.80       |      35.67      
   69807     |      47.09       |      37.85      
   69808     |      46.16       |      36.93      
   69809     |      45.71       |      36.50      
   69810     |      43.52       |      34.32      
   69811     |      42.81       |      33.65      
   69812     |      39.50       |      30.35      
   69813     |      46.06       |      36.76      
   69814     |      39.53       |      30.23      
   69815     |      54.75       |      45.66      
   69816     |      46.72       |      37.80      
   69817     |      48.90       |      39.77      
   69818     |      40.59       |      31.64      
   69819     |      39.32       |      30.59      
   69820     |      48.09       |      39.13      
   69821     |      46.91       |      38.09      
   69822     |      58.92       |      49.90      
   69823     |      66.48       |      57.27      
   69824     |      66.60       |      57.40      
   69825     |      63.44       |      54.26      
   69826     |      67.00       |      57.84      
   69827     |      66.56       |      57.41      
   69828     |      57.00       |      47.84      
   69829     |      56.94       |      47.79      
   69830     |      50.29       |      41.14      
   69831     |      49.44       |      40.30      
   69832     |      34.68       |      25.56      
   69833     |      37.57       |      28.53      
   69834     |      39.69       |      30.64      
   69835     |      48.06       |      39.27      
   69836     |      50.80       |      41.96      
   69837     |      55.57       |      46.89      
   69838     |      54.53       |      45.88      
   69839     |      51.04       |      42.28      
   69840     |      55.33       |      46.50      
   69841     |      56.14       |      47.34      
   69842     |      48.54       |      39.94      
   69843     |      50.50       |      41.97      
   69844     |      43.84       |      35.65      
   69925     |      33.19       |      43.74      
   69926     |      32.82       |      43.33      
   69927     |      38.65       |      48.96      
   69928     |      41.20       |      51.62      
   69929     |      38.93       |      49.41      
   69930     |      40.94       |      51.49      
   69931     |      37.12       |      47.79      
   69932     |      34.02       |      44.57      
   69933     |      32.96       |      43.54      
   69934     |      33.37       |      43.96      
   69935     |      32.87       |      43.46      
   69936     |      37.70       |      48.41      
   69937     |      36.04       |      46.79      
   69938     |      29.34       |      39.92      
   69939     |      28.11       |      38.72      
   69940     |      24.60       |      35.07      
   69941     |      32.37       |      42.47      
   69942     |      34.64       |      44.87      
   69943     |      34.26       |      44.49      
   69944     |      34.50       |      44.73      
   69945     |      28.09       |      38.58      
   69946     |      29.98       |      40.52      
   69947     |      30.03       |      40.56      
   69948     |      35.98       |      46.63      
   69949     |      33.65       |      44.34      
   69950     |      33.45       |      44.12      
   69951     |      32.06       |      42.75      
   69952     |      32.29       |      42.98      
   69953     |      34.40       |      45.04      
   69954     |      35.54       |      46.18      
   69955     |      32.25       |      42.93      
   69956     |      31.30       |      41.97      
   69957     |      36.13       |      46.70      
   69958     |      36.28       |      46.84      
   69959     |      42.34       |      52.72      
   69960     |      42.77       |      53.15      
   69961     |      34.95       |      45.53      
   69962     |      35.23       |      45.80      
   69963     |      26.27       |      36.88      
   69964     |      11.12       |      21.74      
   69965     |       9.02       |      19.49      
   69966     |       6.88       |       3.73      
   69967     |       5.44       |      12.06      
   69968     |       7.06       |      16.42      
   69969     |       5.92       |      15.35      
   69970     |       6.26       |      15.81      
   69971     |       2.24       |      12.25      
   69972     |       4.04       |       7.23      
   69973     |       7.06       |      14.39      
   69974     |       9.91       |      19.19      
   69975     |      16.67       |      25.63      
   69976     |      19.71       |      29.14      
   69977     |      14.96       |      24.63      
   69978     |      18.05       |      27.97      
   69979     |      13.45       |      23.63      
   69980     |      15.11       |      25.34      
   69981     |      18.78       |      28.81      
   69982     |      13.97       |      23.62      
   69983     |      14.13       |      23.76      
   69984     |       8.26       |      15.66      
   69985     |       4.51       |       6.48      
   69986     |      12.21       |      22.53      
   69987     |       7.28       |      14.25      
   69988     |       7.28       |      14.24      
   69989     |       6.88       |      15.05      
   69990     |       8.58       |       6.23      
   69991     |       4.83       |      14.35      
   69992     |       8.62       |      18.60      
   69993     |       8.21       |      18.02      
   69994     |      18.91       |      29.05      
   69995     |      17.82       |      27.85      
   69996     |      30.86       |      41.01      
   69997     |      34.31       |      44.51      
   69998     |      28.33       |      38.52      
   69999     |      22.87       |      32.92      
   70000     |       3.59       |       9.20      
   70001     |       3.74       |       9.59      
   70002     |      11.72       |       3.28      
   70003     |      13.02       |       3.20      
   70004     |       1.91       |      10.28      
   70005     |       4.42       |      12.85      
   70006     |       4.17       |       9.16      
   70007     |       6.91       |      13.46      
   70008     |      14.99       |       7.43      
   70009     |      13.97       |       9.43      
   70010     |      11.03       |      10.51      
   70011     |      10.91       |       7.37      
   70012     |       7.90       |      15.06      
   70013     |       3.81       |       9.98      
   70014     |       9.50       |      19.02      
   70015     |       8.62       |      17.39      
   70016     |       5.71       |      12.72      
   70017     |      11.09       |      20.94      
   70018     |       2.29       |      10.82      
   70019     |       1.26       |       9.27      
   70020     |       1.06       |       9.90      
   70021     |      25.97       |      19.43      
   70022     |      19.36       |      16.20      
   70023     |      25.43       |      21.09      
   70024     |      34.67       |      27.50      
   70025     |      29.63       |      22.50      
   70026     |      33.00       |      25.31      
   70027     |      41.18       |      31.72      
   70028     |      26.25       |      17.32      
   70029     |      24.16       |      15.09      
   70030     |      13.86       |       6.76      
   70031     |      25.88       |      18.68      
   70032     |      21.65       |      15.66      
   70033     |      20.68       |      19.31      
   70034     |      19.16       |      19.49      
   70035     |      18.25       |      16.17      
   70036     |      17.05       |      16.18      
   70037     |      22.69       |      13.45      
   70038     |      20.02       |      10.92      
   70039     |      28.15       |      18.51      
   70040     |      14.15       |       5.07      
   70041     |      12.18       |       2.87      
   70042     |       9.02       |       1.96      
   70043     |      21.02       |      13.18      
   70044     |      20.15       |      12.55      
   70045     |      25.08       |      17.52      
   70046     |      42.28       |      33.17      
   70047     |      33.09       |      23.67      
   70048     |      56.30       |      46.76      
   70049     |      57.75       |      48.23      
   70050     |      46.54       |      37.07      
   70051     |      45.60       |      36.12      
   70052     |      35.43       |      26.07      
   70053     |      25.23       |      15.78      
   70054     |      31.46       |      22.04      
   70055     |      33.88       |      24.41      
   70056     |      30.99       |      21.53      
   70057     |      37.17       |      27.78      
   70058     |      25.10       |      16.04      
   70059     |      25.03       |      15.97      
   70060     |      37.60       |      28.26      
   70061     |      29.51       |      20.16      
   70062     |      47.02       |      37.72      
   70063     |      40.82       |      31.88      
   70064     |      45.92       |      36.97      
   70065     |      47.84       |      38.77      
   70066     |      42.83       |      33.78      
   70067     |      47.74       |      38.49      
   70068     |      45.82       |      36.58      
   70069     |      57.06       |      47.77      
   70070     |      54.31       |      45.03      
   70071     |      53.56       |      44.30      
   70072     |      39.46       |      30.36      
   70073     |      44.12       |      34.85      
   70074     |      47.28       |      38.02      
   70075     |      40.59       |      31.65      
   70076     |      54.24       |      45.12      
   70077     |      49.58       |      40.88      
   70078     |      48.76       |      40.10      
   70079     |      57.52       |      48.33      
   70080     |      63.33       |      54.13      
   70081     |      56.94       |      47.77      
   70082     |      66.63       |      57.49      
   70083     |      63.37       |      54.28      
   70084     |      57.46       |      48.37      
   70085     |      57.34       |      48.26      
   70086     |      49.86       |      40.77      
   70087     |      49.41       |      40.34      
   70088     |      38.10       |      29.01      
   70089     |      50.52       |      41.55      
   70090     |      47.90       |      38.98      
   70091     |      53.29       |      44.55      
   70092     |      55.39       |      46.61      
   70093     |      46.85       |      37.84      
   70094     |      50.57       |      41.55      
   70095     |      48.87       |      39.84      
   70096     |      55.56       |      46.52      
   70097     |      55.61       |      46.58      
   70098     |      49.09       |      40.08      
   70099     |      54.27       |      45.36      
   70100     |      41.04       |      32.42      
   70182     |      36.01       |      46.83      
   70183     |      30.69       |      41.63      
   70184     |      35.77       |      46.73      
   70185     |      38.74       |      49.66      
   70186     |      35.75       |      46.62      
   70187     |      39.83       |      50.60      
   70188     |      34.04       |      44.64      
   70189     |      33.80       |      44.41      
   70190     |      36.44       |      47.11      
   70191     |      32.57       |      43.34      
   70192     |      41.25       |      52.11      
   70193     |      36.91       |      47.80      
   70194     |      31.45       |      42.32      
   70195     |      28.43       |      39.29      
   70196     |      15.33       |      26.13      
   70197     |      25.02       |      35.33      
   70198     |      23.80       |      34.02      
   70199     |      36.62       |      46.26      
   70200     |      35.85       |      45.41      
   70201     |      36.73       |      46.25      
   70202     |      36.31       |      45.78      
   70203     |      32.70       |      42.30      
   70204     |      42.01       |      52.23      
   70205     |      36.76       |      47.15      
   70206     |      33.73       |      43.99      
   70207     |      34.78       |      44.99      
   70208     |      31.57       |      41.59      
   70209     |      34.61       |      44.50      
   70210     |      44.88       |      55.21      
   70211     |      35.69       |      46.27      
   70212     |      36.73       |      47.32      
   70213     |      31.28       |      41.96      
   70214     |      36.38       |      47.06      
   70215     |      35.93       |      46.61      
   70216     |      46.24       |      56.90      
   70217     |      42.25       |      52.85      
   70218     |      42.48       |      53.06      
   70219     |      36.40       |      46.66      
   70220     |      14.02       |      23.70      
   70221     |      13.78       |      23.29      
   70222     |      12.39       |       4.64      
   70223     |       6.88       |       3.79      
   70224     |       1.35       |      11.29      
   70225     |       5.74       |      15.91      
   70226     |       7.30       |      17.60      
   70227     |       4.77       |      15.28      
   70228     |       1.10       |      10.44      
   70229     |       3.96       |       7.10      
   70230     |       9.54       |      19.80      
   70231     |       8.47       |      18.32      
   70232     |      14.30       |      24.41      
   70233     |      16.70       |      27.09      
   70234     |      13.60       |      23.96      
   70235     |      16.54       |      26.97      
   70236     |      15.79       |      26.20      
   70237     |      14.49       |      24.89      
   70238     |       4.72       |      15.10      
   70239     |      13.67       |      23.44      
   70240     |       8.75       |      17.43      
   70241     |       5.72       |      14.43      
   70242     |      15.00       |      25.14      
   70243     |      12.42       |      22.66      
   70244     |       7.32       |      17.37      
   70245     |       2.54       |      12.71      
   70246     |       8.65       |       1.65      
   70247     |       6.71       |       4.02      
   70248     |       7.41       |      17.64      
   70249     |       6.43       |      16.47      
   70250     |      23.26       |      33.47      
   70251     |      17.43       |      27.53      
   70252     |      30.17       |      40.31      
   70253     |      34.29       |      44.49      
   70254     |      28.32       |      38.50      
   70255     |      26.00       |      36.15      
   70256     |       3.52       |      10.09      
   70257     |       3.25       |      13.41      
   70258     |      12.75       |       2.66      
   70259     |       9.51       |       3.10      
   70260     |       3.99       |      12.75      
   70261     |       3.58       |      12.37      
   70262     |       3.56       |      12.32      
   70263     |       8.22       |      16.67      
   70264     |      11.48       |       5.74      
   70265     |      12.46       |      14.26      
   70266     |      14.81       |      12.11      
   70267     |      14.81       |      12.06      
   70268     |      13.51       |      12.75      
   70269     |       8.50       |      12.35      
   70270     |       9.80       |      17.08      
   70271     |      10.25       |      19.39      
   70272     |       5.53       |      11.49      
   70273     |       4.68       |      12.25      
   70274     |       4.50       |      10.23      
   70275     |       3.15       |      11.40      
   70276     |       3.41       |       8.78      
   70277     |       1.36       |      10.23      
   70278     |      17.52       |       7.76      
   70279     |      13.21       |       3.77      
   70280     |      26.80       |      16.98      
   70281     |      30.37       |      20.55      
   70282     |      35.01       |      25.21      
   70283     |      40.93       |      31.30      
   70284     |      25.02       |      15.68      
   70285     |      25.91       |      16.65      
   70286     |       5.94       |       8.07      
   70287     |      17.15       |      12.86      
   70288     |      11.33       |      14.99      
   70289     |      20.44       |      19.01      
   70290     |      20.75       |      19.04      
   70291     |      21.22       |      15.88      
   70292     |      26.58       |      19.59      
   70293     |      36.15       |      26.60      
   70294     |      28.19       |      18.71      
   70295     |      27.67       |      18.25      
   70296     |      12.54       |       4.33      
   70297     |      13.89       |       4.71      
   70298     |      18.63       |       9.26      
   70299     |      26.76       |      17.24      
   70300     |      22.31       |      12.90      
   70301     |      32.70       |      23.83      
   70302     |      34.09       |      25.14      
   70303     |      40.47       |      31.77      
   70304     |      58.40       |      49.16      
   70305     |      43.51       |      33.98      
   70306     |      45.54       |      36.02      
   70307     |      36.80       |      27.42      
   70308     |      25.47       |      16.15      
   70309     |      27.47       |      18.04      
   70310     |      34.00       |      24.59      
   70311     |      34.33       |      24.91      
   70312     |      37.13       |      27.73      
   70313     |      39.59       |      30.16      
   70314     |      24.42       |      15.00      
   70315     |      26.73       |      17.37      
   70316     |      29.67       |      20.30      
   70317     |      21.43       |      12.37      
   70318     |      40.49       |      31.35      
   70319     |      41.20       |      32.03      
   70320     |      47.79       |      38.63      
   70321     |      59.18       |      49.83      
   70322     |      54.41       |      45.07      
   70323     |      49.38       |      40.22      
   70324     |      57.79       |      48.56      
   70325     |      57.75       |      48.53      
   70326     |      59.21       |      49.99      
   70327     |      55.99       |      46.96      
   70328     |      49.25       |      40.37      
   70329     |      44.74       |      36.85      
   70330     |      54.21       |      45.79      
   70331     |      53.25       |      45.02      
   70332     |      49.68       |      41.66      
   70333     |      55.40       |      46.47      
   70334     |      48.29       |      39.53      
   70335     |      32.85       |      23.68      
   70336     |      56.91       |      47.72      
   70337     |      55.36       |      46.18      
   70338     |      63.15       |      54.00      
   70339     |      60.06       |      50.96      
   70340     |      57.27       |      48.18      
   70341     |      58.40       |      49.29      
   70342     |      49.13       |      40.01      
   70343     |      55.29       |      46.16      
   70344     |      50.49       |      41.39      
   70345     |      52.60       |      43.54      
   70346     |      52.88       |      43.84      
   70347     |      53.86       |      44.84      
   70348     |      46.94       |      38.00      
   70349     |      46.79       |      37.85      
   70350     |      49.00       |      40.05      
   70351     |      49.91       |      40.99      
   70352     |      55.80       |      46.84      
   70353     |      49.75       |      40.72      
   70354     |      53.94       |      44.92      
   70355     |      54.49       |      45.47      
   70356     |      43.97       |      34.99      
   70438     |      43.83       |      54.57      
   70439     |      35.35       |      46.28      
   70440     |      38.67       |      49.61      
   70441     |      35.66       |      46.63      
   70442     |      31.36       |      42.30      
   70443     |      35.85       |      46.70      
   70444     |      28.13       |      38.78      
   70445     |      34.98       |      45.37      
   70446     |      44.48       |      55.17      
   70447     |      35.41       |      46.28      
   70449     |      41.51       |      52.05      
   70450     |      33.84       |      44.37      
   70451     |      32.64       |      43.04      
   70452     |       7.09       |      17.24      
   70453     |      15.66       |      26.30      
   70454     |      11.75       |      22.08      
   70455     |      26.06       |      35.48      
   70456     |      28.65       |      38.37      
   70457     |      36.36       |      45.77      
   70458     |      33.66       |      42.73      
   70459     |      38.21       |      47.12      
   70460     |      42.38       |      51.79      
   70461     |      45.36       |      54.66      
   70462     |      41.13       |      49.96      
   70463     |      38.28       |      47.17      
   70464     |      40.54       |      49.70      
   70465     |      33.55       |      42.94      
   70467     |      44.13       |      54.68      
   70468     |      44.51       |      55.05      
   70469     |      36.45       |      47.13      
   70470     |      40.19       |      50.87      
   70471     |      36.39       |      47.06      
   70472     |      48.46       |      59.09      
   70473     |      46.36       |      56.95      
   70474     |      40.17       |      50.76      
   70475     |      42.39       |      53.02      
   70476     |       7.98       |      18.45      
   70477     |      12.81       |      22.88      
   70478     |      14.53       |       7.78      
   70479     |      14.48       |       7.86      
   70480     |       7.27       |      10.79      
   70481     |       9.35       |      14.51      
   70482     |      18.92       |      28.82      
   70483     |       6.86       |      17.40      
   70484     |      13.02       |      23.52      
   70485     |      11.30       |      15.08      
   70486     |      16.34       |      24.44      
   70487     |      16.36       |      23.53      
   70488     |      14.00       |      19.58      
   70489     |      14.84       |      24.67      
   70490     |       8.24       |      17.33      
   70491     |      13.53       |      23.97      
   70492     |      18.07       |      28.48      
   70493     |      15.80       |      26.14      
   70494     |       4.77       |      15.05      
   70495     |       4.80       |      15.08      
   70496     |       3.27       |       7.15      
   70497     |       8.60       |      17.35      
   70498     |      11.27       |      20.74      
   70499     |      17.76       |      26.92      
   70500     |      12.75       |      20.40      
   70501     |      12.60       |      21.12      
   70502     |      12.54       |       9.85      
   70503     |       1.33       |      11.14      
   70504     |       6.08       |      16.30      
   70505     |       9.26       |      19.38      
   70506     |      26.62       |      36.81      
   70507     |      23.53       |      33.53      
   70508     |      28.05       |      38.08      
   70509     |      30.17       |      40.31      
   70510     |      25.86       |      35.96      
   70511     |      22.25       |      32.43      
   70512     |       3.26       |      13.43      
   70513     |      13.37       |      22.56      
   70514     |      11.32       |       6.29      
   70515     |      12.41       |      13.59      
   70516     |      12.15       |      16.36      
   70517     |      12.43       |      16.72      
   70518     |      13.36       |      19.41      
   70519     |      11.51       |      17.27      
   70520     |      11.25       |      13.28      
   70521     |      11.62       |      14.01      
   70522     |      14.18       |      11.30      
   70523     |      15.36       |      15.54      
   70524     |      15.81       |      15.07      
   70525     |      15.66       |      14.61      
   70526     |      14.98       |      20.03      
   70527     |      14.64       |      20.17      
   70528     |      14.26       |      19.17      
   70529     |      16.10       |      19.14      
   70530     |      18.94       |      15.94      
   70531     |       8.16       |      12.49      
   70532     |      16.24       |       9.17      
   70533     |       2.77       |       7.93      
   70534     |      26.37       |      16.52      
   70535     |      20.14       |      11.87      
   70536     |      26.98       |      17.84      
   70537     |      28.00       |      18.63      
   70538     |      24.56       |      15.42      
   70539     |      34.99       |      25.23      
   70540     |      14.94       |       5.39      
   70541     |      25.92       |      17.38      
   70542     |       9.08       |      11.06      
   70543     |       9.15       |      11.07      
   70544     |       9.59       |      10.57      
   70545     |       5.57       |      10.72      
   70546     |      17.17       |       9.20      
   70547     |      20.23       |      10.92      
   70548     |      36.18       |      26.64      
   70549     |      38.99       |      29.34      
   70550     |      27.43       |      17.79      
   70551     |      23.47       |      14.22      
   70552     |      14.27       |       5.84      
   70553     |      19.96       |      10.33      
   70554     |      26.59       |      16.97      
   70555     |      29.49       |      19.91      
   70556     |      31.29       |      21.72      
   70557     |      35.68       |      26.23      
   70558     |      38.56       |      29.08      
   70559     |      39.88       |      30.44      
   70560     |      43.67       |      34.21      
   70561     |      34.42       |      24.90      
   70562     |      36.53       |      27.03      
   70563     |      31.53       |      22.25      
   70564     |      27.85       |      18.63      
   70565     |      33.97       |      24.48      
   70566     |      34.25       |      24.78      
   70567     |      33.23       |      23.77      
   70568     |      39.62       |      30.19      
   70569     |      36.27       |      26.95      
   70570     |      26.66       |      17.36      
   70571     |      28.11       |      18.75      
   70572     |      21.22       |      11.85      
   70573     |      26.52       |      17.20      
   70574     |      41.20       |      31.83      
   70575     |      49.46       |      40.21      
   70576     |      59.55       |      50.24      
   70577     |      59.64       |      50.34      
   70578     |      50.66       |      41.42      
   70579     |      54.38       |      45.05      
   70580     |      56.77       |      47.46      
   70581     |      48.23       |      39.01      
   70582     |      57.40       |      48.20      
   70583     |      57.99       |      48.79      
   70584     |      60.78       |      51.59      
   70585     |      48.24       |      39.19      
   70586     |      51.79       |      42.70      
   70587     |      51.10       |      42.06      
   70588     |      39.21       |      30.45      
   70589     |      44.22       |      35.03      
   70590     |      33.27       |      24.20      
   70591     |      43.45       |      34.75      
   70592     |      56.32       |      47.36      
   70593     |      50.69       |      41.60      
   70594     |      59.97       |      50.84      
   70595     |      52.18       |      43.02      
   70596     |      58.27       |      49.13      
   70597     |      63.47       |      54.33      
   70598     |      55.27       |      46.16      
   70599     |      54.86       |      45.75      
   70600     |      52.61       |      43.52      
   70601     |      54.81       |      45.76      
   70602     |      53.85       |      44.81      
   70603     |      54.35       |      45.33      
   70604     |      46.80       |      37.87      
   70605     |      51.13       |      42.34      
   70606     |      50.25       |      41.49      
   70607     |      46.68       |      37.81      
   70608     |      50.09       |      41.19      
   70609     |      42.38       |      33.35      
   70610     |      54.48       |      45.47      
   70611     |      55.78       |      46.77      
   70695     |      43.15       |      54.00      
   70696     |      45.35       |      56.22      
   70697     |      38.46       |      49.42      
   70698     |      30.87       |      41.76      
   70699     |      31.78       |      42.65      
   70700     |      26.31       |      37.07      
   70701     |      27.92       |      38.62      
   70702     |      44.79       |      55.69      
   70703     |      42.86       |      53.77      
   70706     |      37.23       |      48.07      
   70707     |      33.44       |      44.11      
   70708     |       8.67       |      19.32      
   70709     |       7.53       |      17.42      
   70710     |       5.28       |       6.54      
   70711     |      16.27       |      24.58      
   70712     |      18.52       |      27.63      
   70713     |      32.11       |      40.72      
   70714     |      33.55       |      42.41      
   70715     |      34.48       |      43.30      
   70716     |      37.46       |      46.66      
   70717     |      44.02       |      53.01      
   70718     |      43.56       |      52.50      
   70719     |      40.43       |      49.45      
   70720     |      48.55       |      58.25      
   70721     |      37.28       |      47.37      
   70724     |      45.44       |      55.89      
   70725     |      44.83       |      55.28      
   70726     |      41.55       |      51.92      
   70727     |      41.32       |      51.69      
   70728     |      46.56       |      57.03      
   70730     |      42.61       |      52.76      
   70731     |      41.35       |      51.23      
   70732     |      22.60       |      29.14      
   70733     |      17.94       |      24.11      
   70734     |      18.81       |      17.22      
   70735     |      17.61       |      12.34      
   70736     |      16.90       |      25.69      
   70737     |       2.50       |       8.30      
   70738     |      25.23       |      35.72      
   70739     |      19.23       |      28.73      
   70740     |      17.05       |      26.33      
   70741     |      16.59       |      25.43      
   70742     |      13.91       |      22.16      
   70743     |      14.22       |      23.16      
   70744     |       8.30       |      11.12      
   70745     |       5.16       |      15.16      
   70746     |       4.87       |      14.82      
   70747     |       6.26       |      16.65      
   70748     |      17.21       |      27.58      
   70749     |      18.06       |      28.45      
   70750     |       7.48       |      17.87      
   70751     |       5.18       |      15.13      
   70752     |       3.61       |       7.39      
   70753     |       3.77       |       7.28      
   70754     |       5.61       |      15.54      
   70755     |       9.27       |      19.59      
   70756     |       9.10       |      19.40      
   70757     |       8.41       |      18.71      
   70758     |       3.74       |      14.01      
   70759     |       2.03       |      11.09      
   70760     |      10.71       |      20.81      
   70761     |       9.62       |      19.48      
   70762     |      27.07       |      37.19      
   70763     |      26.76       |      36.86      
   70764     |      28.96       |      39.05      
   70765     |      28.02       |      38.06      
   70766     |      22.56       |      32.52      
   70767     |      22.55       |      32.50      
   70768     |      12.54       |      22.19      
   70769     |      12.59       |      22.22      
   70770     |       5.38       |       8.76      
   70771     |       9.40       |      15.23      
   70772     |       9.28       |      14.80      
   70773     |      18.74       |      25.26      
   70774     |      16.38       |      20.52      
   70775     |      14.51       |      18.06      
   70776     |      14.53       |      16.36      
   70777     |      12.62       |       6.92      
   70778     |       8.37       |       9.21      
   70779     |       8.27       |       7.27      
   70780     |       8.43       |       7.13      
   70781     |       8.39       |       8.17      
   70782     |       8.74       |      16.88      
   70783     |       8.86       |      16.08      
   70784     |      10.67       |      18.85      
   70785     |      11.52       |      17.15      
   70786     |      15.76       |      11.07      
   70787     |      15.02       |      10.56      
   70788     |      22.80       |      14.68      
   70789     |      15.28       |       6.93      
   70790     |      23.69       |      14.23      
   70791     |      26.42       |      17.16      
   70792     |      25.02       |      15.86      
   70793     |      25.53       |      16.43      
   70794     |      19.68       |      11.26      
   70795     |      24.21       |      16.04      
   70796     |      15.97       |      10.69      
   70797     |      18.13       |      12.54      
   70798     |      13.59       |      11.72      
   70799     |       7.81       |       9.86      
   70800     |      11.10       |       7.79      
   70801     |       5.97       |       6.64      
   70802     |      20.42       |      11.31      
   70803     |      29.47       |      19.79      
   70804     |      38.96       |      29.27      
   70805     |      29.98       |      20.66      
   70806     |      23.67       |      14.57      
   70807     |      22.89       |      14.00      
   70808     |      20.98       |      12.27      
   70809     |      24.87       |      15.38      
   70810     |      29.63       |      20.13      
   70811     |      31.53       |      21.96      
   70812     |      35.50       |      25.94      
   70813     |      34.90       |      25.37      
   70814     |      39.77       |      30.24      
   70815     |      31.50       |      22.76      
   70816     |      35.81       |      26.93      
   70817     |      36.32       |      27.37      
   70818     |      32.48       |      23.66      
   70819     |      30.67       |      22.25      
   70820     |      35.76       |      27.12      
   70821     |      36.93       |      28.10      
   70822     |      34.72       |      25.97      
   70823     |      50.52       |      41.07      
   70824     |      36.42       |      27.05      
   70825     |      31.65       |      22.21      
   70826     |      28.15       |      18.74      
   70827     |      24.03       |      14.69      
   70828     |      26.27       |      16.95      
   70829     |      43.27       |      34.20      
   70830     |      49.77       |      40.58      
   70831     |      54.48       |      45.42      
   70832     |      53.51       |      44.48      
   70833     |      59.38       |      50.06      
   70834     |      56.97       |      47.67      
   70835     |      51.87       |      42.85      
   70836     |      41.88       |      33.12      
   70837     |      49.06       |      39.77      
   70838     |      47.90       |      38.63      
   70839     |      57.79       |      48.69      
   70840     |      60.63       |      51.53      
   70841     |      68.48       |      59.23      
   70842     |      53.83       |      44.58      
   70843     |      50.54       |      41.30      
   70844     |      37.50       |      28.34      
   70845     |      41.29       |      32.22      
   70846     |      49.20       |      40.07      
   70847     |      43.72       |      35.10      
   70848     |      51.47       |      42.65      
   70849     |      47.32       |      38.38      
   70850     |      52.76       |      43.76      
   70851     |      50.77       |      41.73      
   70852     |      63.53       |      54.43      
   70853     |      60.28       |      51.15      
   70854     |      54.87       |      45.77      
   70855     |      55.74       |      46.65      
   70856     |      54.82       |      45.74      
   70857     |      57.48       |      48.46      
   70858     |      54.39       |      45.40      
   70859     |      52.79       |      43.78      
   70860     |      50.77       |      41.79      
   70861     |      52.42       |      43.49      
   70862     |      46.73       |      37.88      
   70863     |      43.62       |      34.69      
   70864     |      42.74       |      33.84      
   70865     |      40.66       |      31.71      
   70866     |      55.82       |      46.81      
   70867     |      46.85       |      37.95      
   70950     |      48.38       |      59.22      
   70951     |      47.09       |      57.80      
   70952     |      46.60       |      57.28      
   70953     |      47.69       |      58.50      
   70954     |      35.95       |      46.45      
   70955     |      32.48       |      43.08      
   70956     |      31.25       |      41.79      
   70957     |      26.58       |      37.28      
   70958     |      43.32       |      54.23      
   70959     |      44.95       |      55.84      
   70962     |      32.44       |      42.11      
   70963     |      44.15       |      53.44      
   70964     |      31.45       |      37.86      
   70965     |      20.55       |      26.37      
   70966     |      19.61       |      22.22      
   70967     |      14.35       |      13.79      
   70968     |      13.64       |      21.22      
   70969     |      22.80       |      30.40      
   70970     |      32.53       |      42.14      
   70971     |      30.82       |      40.49      
   70972     |      33.82       |      43.72      
   70973     |      35.17       |      45.01      
   70974     |      39.62       |      49.72      
   70975     |      39.06       |      49.18      
   70976     |      47.88       |      58.29      
   70977     |      45.49       |      55.96      
   70980     |      44.74       |      55.12      
   70981     |      45.88       |      56.22      
   70982     |      36.87       |      46.85      
   70983     |      44.04       |      53.78      
   70984     |      48.84       |      58.81      
   70985     |      46.16       |      55.27      
   70986     |      45.21       |      54.22      
   70987     |      45.58       |      54.80      
   70988     |      32.95       |      39.94      
   70989     |      22.44       |      29.03      
   70990     |      20.70       |      25.60      
   70991     |      10.71       |       8.48      
   70992     |      19.31       |      29.57      
   70993     |      12.34       |      22.89      
   70994     |      27.31       |      37.86      
   70995     |      25.19       |      35.70      
   70996     |      16.28       |      26.78      
   70997     |      14.59       |      24.97      
   70998     |       6.93       |      17.21      
   70999     |       9.59       |      20.08      
   71000     |       1.34       |       9.74      
   71001     |       2.19       |       8.28      
   71002     |       8.17       |      18.59      
   71003     |       5.71       |      15.04      
   71004     |      19.17       |      29.32      
   71005     |      18.03       |      27.97      
   71006     |      14.80       |      24.60      
   71007     |      12.99       |      20.36      
   71008     |      10.35       |      14.84      
   71009     |      14.02       |      14.77      
   71010     |      13.83       |      16.34      
   71011     |      10.64       |      17.60      
   71012     |      14.71       |      23.23      
   71013     |      14.49       |      21.96      
   71014     |      12.78       |      19.27      
   71015     |      13.74       |      18.56      
   71016     |      20.63       |      28.80      
   71017     |      20.52       |      26.54      
   71018     |      26.81       |      34.65      
   71019     |      29.34       |      38.59      
   71020     |      26.63       |      35.68      
   71021     |      29.75       |      39.50      
   71022     |      21.63       |      31.06      
   71023     |      23.01       |      32.74      
   71024     |      13.47       |      22.61      
   71025     |      10.45       |      19.86      
   71026     |       5.67       |      13.65      
   71027     |       7.45       |      15.37      
   71028     |      12.39       |      21.62      
   71029     |       4.45       |      14.50      
   71030     |       2.42       |      12.42      
   71031     |       4.93       |       8.38      
   71032     |      10.31       |       4.40      
   71033     |       4.08       |       6.04      
   71034     |       5.36       |       4.72      
   71035     |       3.95       |       8.42      
   71036     |       5.89       |       5.94      
   71037     |       5.82       |       9.27      
   71038     |       5.42       |      10.58      
   71039     |       5.62       |      15.56      
   71040     |       1.38       |      11.20      
   71041     |       7.58       |      17.02      
   71042     |       7.55       |       5.19      
   71043     |      12.19       |       2.35      
   71044     |      15.61       |       5.73      
   71045     |      21.58       |      12.21      
   71046     |      15.11       |       6.78      
   71047     |      25.34       |      17.40      
   71048     |      21.70       |      14.69      
   71049     |      28.02       |      20.93      
   71050     |      22.01       |      17.11      
   71051     |      24.73       |      19.53      
   71052     |      21.00       |      18.01      
   71053     |      21.20       |      18.18      
   71054     |      21.04       |      18.13      
   71055     |      15.82       |      14.48      
   71056     |      22.00       |      16.27      
   71057     |      10.79       |       7.25      
   71058     |      30.29       |      21.14      
   71059     |      29.20       |      20.29      
   71060     |      30.66       |      21.70      
   71061     |      26.80       |      19.41      
   71062     |      25.80       |      18.62      
   71063     |      26.92       |      19.01      
   71064     |      27.47       |      19.51      
   71065     |      27.78       |      19.67      
   71066     |      33.73       |      25.15      
   71067     |      34.62       |      25.84      
   71068     |      36.59       |      27.75      
   71069     |      39.30       |      30.11      
   71070     |      31.01       |      22.01      
   71071     |      28.74       |      20.26      
   71072     |      36.65       |      27.82      
   71073     |      34.79       |      26.33      
   71074     |      31.13       |      22.91      
   71075     |      34.07       |      25.19      
   71076     |      36.74       |      27.81      
   71077     |      41.59       |      32.25      
   71078     |      50.82       |      41.48      
   71079     |      49.63       |      40.35      
   71080     |      31.98       |      22.81      
   71081     |      38.86       |      29.43      
   71082     |      24.07       |      14.66      
   71083     |      37.77       |      28.88      
   71084     |      43.32       |      34.27      
   71085     |      46.53       |      37.58      
   71086     |      54.28       |      45.17      
   71087     |      48.94       |      39.71      
   71088     |      51.06       |      41.83      
   71089     |      52.16       |      42.89      
   71090     |      57.88       |      48.59      
   71091     |      57.18       |      47.92      
   71092     |      48.99       |      39.79      
   71093     |      43.14       |      34.67      
   71094     |      49.36       |      40.67      
   71095     |      50.60       |      41.75      
   71096     |      63.81       |      54.76      
   71098     |      57.80       |      48.60      
   71099     |      55.51       |      46.41      
   71100     |      47.15       |      38.17      
   71101     |      43.65       |      35.17      
   71102     |      48.37       |      39.73      
   71103     |      50.33       |      41.46      
   71104     |      47.77       |      38.96      
   71105     |      44.05       |      35.14      
   71106     |      50.89       |      41.89      
   71107     |      47.14       |      38.06      
   71108     |      60.30       |      51.17      
   71109     |      54.22       |      45.08      
   71110     |      55.76       |      46.63      
   71111     |      54.43       |      45.33      
   71112     |      57.67       |      48.57      
   71113     |      57.61       |      48.53      
   71114     |      52.95       |      43.87      
   71115     |      57.63       |      48.54      
   71116     |      52.25       |      43.18      
   71117     |      44.02       |      35.03      
   71118     |      43.66       |      34.68      
   71119     |      41.70       |      32.80      
   71120     |      40.81       |      31.94      
   71121     |      50.17       |      41.16      
   71122     |      46.68       |      37.68      
   71123     |      44.25       |      35.25      
   71206     |      36.04       |      46.91      
   71207     |      47.93       |      58.50      
   71208     |      49.23       |      59.84      
   71209     |      48.48       |      58.94      
   71210     |      38.74       |      48.70      
   71211     |      41.33       |      51.98      
   71212     |      35.63       |      46.08      
   71213     |      30.96       |      41.56      
   71214     |      40.31       |      51.11      
   71215     |      44.92       |      55.62      
   71216     |      43.82       |      54.48      
   71218     |      31.81       |      40.56      
   71219     |      36.46       |      45.08      
   71220     |      26.20       |      31.00      
   71221     |      36.00       |      41.50      
   71222     |      34.07       |      38.17      
   71223     |      23.10       |      25.19      
   71224     |      28.30       |      35.98      
   71225     |      13.62       |      21.20      
   71226     |      29.21       |      39.61      
   71227     |      30.08       |      40.43      
   71228     |      33.62       |      44.09      
   71229     |      31.79       |      42.31      
   71230     |      40.27       |      50.93      
   71231     |      37.30       |      48.01      
   71232     |      44.48       |      55.21      
   71233     |      46.49       |      57.19      
   71234     |      46.80       |      57.50      
   71236     |      44.17       |      54.73      
   71237     |      43.85       |      54.42      
   71238     |      30.96       |      41.21      
   71239     |      36.66       |      46.70      
   71240     |      41.36       |      51.58      
   71241     |      37.22       |      45.78      
   71242     |      44.90       |      54.28      
   71243     |      43.74       |      52.39      
   71244     |      34.26       |      40.98      
   71245     |      34.36       |      43.12      
   71246     |      29.68       |      37.51      
   71247     |      12.09       |      19.68      
   71248     |      21.07       |      30.93      
   71249     |      20.49       |      30.37      
   71250     |      23.85       |      33.92      
   71251     |      30.53       |      40.32      
   71252     |      21.63       |      30.46      
   71253     |      22.01       |      31.33      
   71254     |      19.96       |      28.96      
   71255     |       8.66       |      18.18      
   71256     |      11.51       |      21.47      
   71257     |       4.13       |      10.19      
   71258     |      12.19       |      22.08      
   71259     |      10.84       |      19.64      
   71260     |      17.42       |      27.00      
   71261     |      19.34       |      29.39      
   71262     |      16.65       |      26.63      
   71263     |      15.29       |      24.84      
   71264     |       9.05       |      17.68      
   71265     |      10.91       |      15.18      
   71266     |      12.68       |      19.42      
   71267     |      16.51       |      18.48      
   71268     |      21.53       |      28.59      
   71269     |      21.80       |      27.84      
   71270     |      19.48       |      23.71      
   71271     |      19.35       |      23.74      
   71272     |      25.42       |      32.78      
   71273     |      25.34       |      32.02      
   71274     |      27.15       |      34.32      
   71275     |      27.40       |      35.05      
   71276     |      20.86       |      26.33      
   71277     |      24.86       |      34.59      
   71278     |      16.51       |      25.83      
   71279     |      20.37       |      30.41      
   71280     |       9.88       |      19.70      
   71281     |      10.68       |      20.41      
   71282     |       5.76       |      14.87      
   71283     |       4.15       |      13.48      
   71284     |       5.03       |      14.53      
   71285     |       4.45       |       8.33      
   71286     |       4.57       |       8.13      
   71287     |       4.53       |       8.14      
   71288     |       5.03       |       7.48      
   71289     |       6.68       |       7.13      
   71290     |       4.79       |       9.86      
   71291     |       3.10       |      10.84      
   71292     |       3.66       |       8.79      
   71293     |       7.86       |       7.74      
   71294     |       5.80       |      11.21      
   71295     |       6.15       |      11.05      
   71296     |       6.24       |      13.21      
   71297     |       5.36       |      12.06      
   71298     |       7.98       |       6.95      
   71299     |       8.18       |       5.94      
   71300     |      10.21       |       5.08      
   71301     |      15.60       |       5.73      
   71302     |       9.97       |       0.78      
   71303     |      15.00       |       6.38      
   71304     |      11.66       |       4.72      
   71305     |      21.31       |      14.00      
   71306     |      15.46       |      11.25      
   71307     |      21.35       |      16.11      
   71308     |      18.25       |      15.11      
   71309     |      19.59       |      16.12      
   71310     |      22.67       |      17.35      
   71311     |      17.09       |      12.53      
   71312     |      20.63       |      14.22      
   71313     |      24.39       |      15.42      
   71314     |      28.72       |      19.54      
   71315     |      27.57       |      18.65      
   71316     |      24.47       |      15.82      
   71317     |      23.52       |      15.29      
   71318     |      25.90       |      17.41      
   71319     |      24.62       |      16.76      
   71320     |      27.59       |      19.37      
   71321     |      28.41       |      19.88      
   71322     |      34.45       |      25.59      
   71323     |      32.94       |      24.45      
   71324     |      40.33       |      31.50      
   71325     |      40.04       |      31.26      
   71326     |      29.43       |      21.28      
   71327     |      33.08       |      24.05      
   71328     |      33.57       |      24.54      
   71329     |      34.36       |      25.24      
   71330     |      33.66       |      24.57      
   71331     |      41.11       |      31.63      
   71332     |      41.32       |      31.85      
   71333     |      49.83       |      40.41      
   71334     |      49.43       |      40.02      
   71335     |      41.87       |      32.42      
   71336     |      38.86       |      29.42      
   71337     |      37.68       |      28.27      
   71338     |      36.04       |      26.63      
   71339     |      45.47       |      36.16      
   71340     |      45.34       |      36.04      
   71341     |      48.89       |      39.69      
   71342     |      49.06       |      39.87      
   71343     |      38.22       |      28.86      
   71344     |      49.79       |      40.44      
   71345     |      42.33       |      33.13      
   71346     |      56.44       |      47.26      
   71347     |      62.08       |      52.79      
   71348     |      66.96       |      57.69      
   71349     |      51.72       |      42.98      
   71350     |      59.11       |      50.23      
   71351     |      53.16       |      45.22      
   71352     |      49.24       |      41.53      
   71353     |      62.43       |      53.21      
   71354     |      49.65       |      40.50      
   71355     |      56.49       |      47.25      
   71356     |      55.26       |      46.04      
   71357     |      46.92       |      37.90      
   71358     |      46.88       |      37.88      
   71359     |      43.55       |      34.47      
   71360     |      43.53       |      34.46      
   71361     |      40.45       |      31.32      
   71362     |      46.89       |      37.75      
   71363     |      51.38       |      42.32      
   71364     |      54.40       |      45.33      
   71365     |      50.00       |      40.87      
   71366     |      54.38       |      45.25      
   71367     |      53.45       |      44.33      
   71368     |      57.41       |      48.30      
   71369     |      54.60       |      45.50      
   71370     |      57.80       |      48.72      
   71371     |      53.70       |      44.70      
   71372     |      44.01       |      35.01      
   71373     |      40.55       |      31.72      
   71374     |      41.94       |      33.13      
   71375     |      43.85       |      34.94      
   71376     |      50.45       |      41.57      
   71377     |      47.93       |      39.18      
   71378     |      44.83       |      36.09      
   71462     |      29.18       |      40.15      
   71463     |      35.07       |      46.05      
   71464     |      34.70       |      45.67      
   71465     |      46.59       |      57.34      
   71466     |      41.58       |      52.20      
   71467     |      41.32       |      51.90      
   71468     |      36.13       |      46.50      
   71469     |      37.59       |      48.25      
   71470     |      40.87       |      51.59      
   71471     |      40.17       |      50.81      
   71472     |      39.86       |      50.47      
   71473     |      44.85       |      55.31      
   71474     |      38.41       |      48.58      
   71475     |      25.43       |      36.13      
   71476     |      10.56       |      19.50      
   71477     |      13.32       |      22.09      
   71478     |      11.43       |      18.87      
   71479     |      18.89       |      26.44      
   71480     |      29.24       |      39.01      
   71481     |      20.44       |      30.64      
   71482     |      32.48       |      43.12      
   71483     |      28.14       |      38.87      
   71484     |      32.98       |      43.74      
   71485     |      32.69       |      43.44      
   71486     |      38.46       |      49.21      
   71487     |      39.90       |      50.64      
   71488     |      43.21       |      53.95      
   71489     |      44.52       |      55.24      
   71490     |      47.25       |      57.96      
   71491     |      46.58       |      57.29      
   71492     |      38.68       |      49.36      
   71493     |      43.92       |      54.53      
   71494     |      22.84       |      32.83      
   71495     |      33.47       |      43.03      
   71496     |      29.78       |      38.92      
   71497     |      35.55       |      44.52      
   71498     |      40.32       |      49.73      
   71499     |      39.70       |      48.79      
   71500     |      35.31       |      43.85      
   71501     |      36.96       |      46.58      
   71502     |      34.10       |      43.48      
   71503     |      22.74       |      32.48      
   71504     |      26.69       |      36.73      
   71505     |      19.52       |      29.87      
   71506     |      17.16       |      27.42      
   71507     |      24.61       |      34.48      
   71508     |      21.18       |      30.76      
   71509     |      20.90       |      30.28      
   71510     |      19.46       |      28.63      
   71511     |      23.32       |      33.71      
   71512     |      22.56       |      32.92      
   71513     |      11.20       |      20.94      
   71514     |      17.32       |      27.33      
   71515     |      14.70       |      23.32      
   71516     |      13.89       |      22.32      
   71517     |      16.52       |      26.51      
   71518     |      13.99       |      23.88      
   71519     |      16.14       |      26.38      
   71520     |      13.53       |      23.73      
   71521     |      10.45       |      18.30      
   71522     |      16.22       |      25.36      
   71523     |      16.22       |      21.64      
   71524     |      18.13       |      24.80      
   71525     |      18.20       |      26.40      
   71526     |      13.75       |      20.18      
   71527     |      14.05       |      19.87      
   71528     |      14.93       |      21.46      
   71529     |      18.58       |      28.53      
   71530     |      19.67       |      29.64      
   71531     |      15.87       |      26.04      
   71532     |       9.93       |      20.05      
   71533     |       7.16       |      17.36      
   71534     |      15.28       |      25.48      
   71535     |      13.20       |      23.30      
   71536     |      11.00       |      21.05      
   71537     |      12.14       |      22.28      
   71538     |       3.93       |      13.89      
   71539     |       7.14       |      10.70      
   71540     |       7.22       |      10.51      
   71541     |       5.39       |      10.92      
   71542     |       5.98       |       9.31      
   71543     |      10.99       |       9.74      
   71544     |       9.86       |      10.72      
   71545     |      18.70       |      15.08      
   71546     |      14.74       |      18.86      
   71547     |      20.67       |      20.96      
   71548     |      20.44       |      21.21      
   71549     |      17.89       |      20.14      
   71550     |      17.85       |      20.37      
   71551     |      15.22       |      20.01      
   71552     |      15.32       |      20.34      
   71553     |      12.89       |      17.10      
   71554     |      13.54       |      14.47      
   71555     |      12.57       |      11.40      
   71556     |      11.57       |      12.16      
   71557     |      11.26       |       6.65      
   71558     |       7.22       |       9.33      
   71559     |      10.10       |       0.42      
   71560     |       6.12       |       3.75      
   71561     |      11.52       |       4.14      
   71562     |       7.04       |       5.65      
   71563     |      14.28       |       9.16      
   71564     |      10.27       |       9.84      
   71565     |      17.44       |      13.93      
   71566     |      21.76       |      15.67      
   71567     |      21.30       |      15.25      
   71568     |      26.69       |      19.10      
   71569     |      30.01       |      20.97      
   71570     |      27.64       |      18.75      
   71571     |      27.43       |      18.61      
   71572     |      23.28       |      14.88      
   71573     |      24.64       |      15.73      
   71574     |      23.16       |      14.38      
   71575     |      23.43       |      14.56      
   71576     |      27.44       |      18.36      
   71577     |      27.35       |      18.29      
   71578     |      31.48       |      22.31      
   71579     |      29.48       |      20.71      
   71580     |      39.20       |      30.11      
   71581     |      34.68       |      26.55      
   71582     |      35.20       |      27.05      
   71583     |      35.66       |      27.38      
   71584     |      36.22       |      27.92      
   71585     |      38.58       |      29.79      
   71586     |      42.51       |      33.64      
   71587     |      48.29       |      38.95      
   71588     |      50.08       |      40.75      
   71589     |      49.70       |      40.39      
   71590     |      42.16       |      32.90      
   71591     |      42.54       |      33.27      
   71592     |      37.92       |      28.68      
   71593     |      45.70       |      36.27      
   71594     |      44.95       |      35.53      
   71595     |      51.81       |      42.47      
   71596     |      48.50       |      39.19      
   71597     |      46.78       |      37.45      
   71598     |      38.71       |      29.45      
   71599     |      39.96       |      30.74      
   71600     |      43.52       |      34.27      
   71601     |      43.57       |      34.33      
   71602     |      64.72       |      55.41      
   71603     |      63.45       |      54.16      
   71605     |      68.92       |      59.67      
   71606     |      65.06       |      55.84      
   71607     |      59.14       |      50.28      
   71608     |      43.63       |      35.18      
   71609     |      44.78       |      36.11      
   71610     |      48.51       |      39.75      
   71611     |      50.63       |      41.65      
   71612     |      58.17       |      49.11      
   71613     |      57.63       |      48.61      
   71614     |      43.38       |      34.64      
   71615     |      44.43       |      35.54      
   71616     |      41.57       |      32.77      
   71617     |      38.84       |      29.94      
   71618     |      51.39       |      42.33      
   71619     |      44.60       |      35.44      
   71620     |      49.95       |      40.80      
   71621     |      46.44       |      37.32      
   71622     |      53.57       |      44.47      
   71623     |      57.00       |      47.88      
   71624     |      54.53       |      45.43      
   71625     |      49.91       |      40.86      
   71626     |      53.59       |      44.56      
   71627     |      46.68       |      37.99      
   71628     |      41.12       |      32.47      
   71629     |      49.80       |      40.76      
   71630     |      43.42       |      34.38      
   71631     |      50.59       |      41.61      
   71632     |      47.68       |      38.73      
   71633     |      45.30       |      36.32      
   71634     |      48.21       |      39.23      
   71718     |      29.88       |      40.88      
   71719     |      29.35       |      40.34      
   71720     |      27.97       |      38.95      
   71721     |      35.31       |      46.22      
   71722     |      38.67       |      49.60      
   71723     |      34.81       |      45.19      
   71724     |      38.51       |      49.03      
   71725     |      39.34       |      50.01      
   71726     |      40.00       |      50.67      
   71727     |      39.74       |      50.36      
   71728     |      35.58       |      46.09      
   71729     |      41.17       |      51.43      
   71730     |      41.25       |      51.50      
   71731     |      37.57       |      47.95      
   71732     |      20.73       |      29.19      
   71733     |      10.49       |      19.47      
   71734     |       9.37       |      17.54      
   71735     |       9.92       |      18.07      
   71736     |      25.79       |      36.38      
   71737     |      26.78       |      37.32      
   71738     |      35.51       |      46.20      
   71739     |      32.06       |      42.81      
   71740     |      36.64       |      47.40      
   71741     |      32.93       |      43.69      
   71742     |      35.65       |      46.40      
   71743     |      38.46       |      49.20      
   71744     |      34.04       |      44.77      
   71745     |      44.88       |      55.39      
   71746     |      48.51       |      59.05      
   71747     |      47.17       |      57.60      
   71748     |      40.86       |      51.14      
   71749     |      40.45       |      50.66      
   71750     |      22.78       |      31.58      
   71751     |      27.04       |      35.69      
   71752     |      30.14       |      39.20      
   71753     |      30.81       |      40.29      
   71754     |      36.48       |      46.32      
   71755     |      35.75       |      45.36      
   71756     |      36.84       |      46.50      
   71757     |      37.32       |      47.12      
   71758     |      33.43       |      42.98      
   71759     |      34.67       |      44.56      
   71760     |      28.56       |      38.14      
   71761     |      30.72       |      40.90      
   71762     |      19.41       |      28.94      
   71763     |      22.24       |      32.63      
   71764     |      17.97       |      28.24      
   71765     |      18.39       |      28.73      
   71766     |      23.31       |      33.71      
   71767     |      27.55       |      38.04      
   71768     |      26.08       |      36.55      
   71769     |      22.05       |      32.38      
   71770     |      24.73       |      35.06      
   71771     |      19.15       |      28.31      
   71772     |      22.72       |      32.14      
   71773     |      21.08       |      26.92      
   71774     |      20.00       |      25.09      
   71775     |      19.14       |      26.81      
   71776     |      16.43       |      22.87      
   71777     |      16.42       |      25.13      
   71778     |      17.05       |      25.84      
   71779     |      17.02       |      25.79      
   71780     |      14.32       |      22.48      
   71781     |       3.92       |      12.97      
   71782     |       7.41       |      17.20      
   71783     |       3.22       |      10.85      
   71784     |       8.84       |      18.90      
   71785     |       8.45       |      18.35      
   71786     |      16.52       |      26.67      
   71787     |      13.31       |      21.93      
   71788     |      12.07       |      20.28      
   71789     |      13.18       |      22.95      
   71790     |      14.11       |      23.92      
   71791     |      13.07       |      22.33      
   71792     |      14.96       |      24.43      
   71793     |      14.34       |      21.96      
   71794     |      11.91       |      14.83      
   71795     |      15.54       |      15.88      
   71796     |      14.82       |      18.36      
   71797     |      15.63       |      18.55      
   71798     |      16.63       |      16.47      
   71799     |      19.12       |      17.88      
   71800     |      20.72       |      17.74      
   71801     |      22.79       |      19.30      
   71802     |      19.58       |      19.82      
   71803     |      19.66       |      19.87      
   71804     |      18.98       |      21.21      
   71805     |      16.80       |      20.51      
   71806     |      17.03       |      21.62      
   71807     |      15.10       |      21.58      
   71808     |      14.09       |      19.26      
   71809     |      14.71       |      19.97      
   71810     |      14.35       |      17.03      
   71811     |      12.45       |      13.58      
   71812     |      12.37       |      13.71      
   71813     |      11.81       |      12.37      
   71814     |      10.92       |      14.34      
   71815     |       9.07       |      10.58      
   71816     |       8.89       |      15.60      
   71817     |       6.02       |       3.84      
   71818     |       2.07       |      11.85      
   71819     |       8.91       |       8.45      
   71820     |       7.36       |      13.10      
   71821     |      13.30       |      13.50      
   71822     |      22.58       |      15.47      
   71823     |      20.66       |      13.59      
   71824     |      30.82       |      22.08      
   71825     |      32.41       |      23.30      
   71826     |      27.51       |      18.72      
   71827     |      26.57       |      18.11      
   71828     |      25.65       |      17.32      
   71829     |      25.95       |      17.49      
   71830     |      24.37       |      16.12      
   71831     |      26.05       |      17.18      
   71832     |      27.60       |      18.68      
   71833     |      28.91       |      19.72      
   71834     |      28.78       |      19.62      
   71835     |      25.54       |      17.29      
   71836     |      33.14       |      24.38      
   71837     |      31.04       |      22.89      
   71838     |      35.31       |      26.87      
   71839     |      38.29       |      29.28      
   71840     |      38.19       |      29.20      
   71841     |      41.27       |      31.99      
   71842     |      48.40       |      39.10      
   71843     |      45.26       |      36.18      
   71844     |      50.17       |      41.05      
   71845     |      44.08       |      35.72      
   71846     |      44.68       |      36.31      
   71847     |      51.86       |      42.70      
   71848     |      46.00       |      36.89      
   71849     |      58.05       |      48.63      
   71850     |      51.42       |      42.01      
   71851     |      52.84       |      43.45      
   71852     |      46.61       |      37.24      
   71853     |      43.83       |      34.45      
   71854     |      39.59       |      30.23      
   71855     |      43.31       |      34.00      
   71856     |      51.68       |      42.37      
   71857     |      45.54       |      36.61      
   71858     |      58.61       |      49.51      
   71859     |      64.69       |      55.38      
   71860     |      65.26       |      55.96      
   71862     |      65.66       |      56.37      
   71863     |      63.61       |      54.32      
   71864     |      51.78       |      42.51      
   71865     |      42.82       |      34.20      
   71866     |      53.00       |      44.13      
   71867     |      49.99       |      41.55      
   71868     |      60.20       |      51.48      
   71869     |      60.26       |      51.53      
   71870     |      45.93       |      37.73      
   71871     |      46.01       |      37.79      
   71872     |      41.23       |      33.32      
   71873     |      28.04       |      19.63      
   71874     |      45.08       |      36.09      
   71875     |      26.40       |      17.95      
   71876     |      47.43       |      38.69      
   71877     |      46.40       |      37.76      
   71878     |      58.22       |      49.52      
   71879     |      59.97       |      51.16      
   71880     |      50.79       |      42.01      
   71881     |      53.20       |      44.29      
   71882     |      46.01       |      37.11      
   71883     |      50.68       |      41.63      
   71884     |      49.88       |      40.84      
   71885     |      59.81       |      50.81      
   71886     |      50.62       |      41.71      
   71887     |      46.31       |      37.31      
   71888     |      45.34       |      36.37      
   71889     |      47.06       |      38.12      
   71975     |      31.64       |      42.48      
   71976     |      31.22       |      42.03      
   71977     |      29.34       |      40.20      
   71978     |      34.62       |      45.54      
   71979     |      31.10       |      42.05      
   71980     |      30.55       |      41.49      
   71981     |      38.57       |      49.35      
   71982     |      38.85       |      49.63      
   71983     |      35.06       |      44.77      
   71984     |      36.27       |      46.07      
   71985     |      39.23       |      48.90      
   71986     |      42.73       |      52.64      
   71987     |      41.11       |      49.65      
   71988     |      34.16       |      41.15      
   71989     |      26.06       |      32.95      
   71990     |      26.98       |      34.25      
   71991     |      12.08       |      19.01      
   71992     |      30.98       |      41.47      
   71993     |      25.46       |      36.15      
   71994     |      32.66       |      43.41      
   71995     |      35.55       |      46.22      
   71996     |      36.70       |      47.38      
   71997     |      37.03       |      47.69      
   71998     |      39.63       |      50.31      
   71999     |      35.84       |      46.57      
   72000     |      31.09       |      41.79      
   72001     |      34.65       |      45.27      
   72002     |      36.41       |      47.03      
   72003     |      47.85       |      58.15      
   72004     |      41.05       |      51.14      
   72005     |      38.52       |      47.79      
   72006     |      27.22       |      34.78      
   72007     |      30.17       |      40.31      
   72008     |      36.22       |      46.53      
   72009     |      26.54       |      37.14      
   72010     |      26.96       |      37.55      
   72011     |      32.24       |      42.67      
   72012     |      34.37       |      44.82      
   72013     |      31.67       |      41.77      
   72014     |      33.60       |      43.74      
   72015     |      34.29       |      44.53      
   72016     |      30.94       |      41.08      
   72017     |      32.34       |      42.67      
   72018     |      23.43       |      33.52      
   72019     |      30.42       |      40.96      
   72020     |      17.55       |      28.08      
   72021     |      17.68       |      28.20      
   72022     |      27.55       |      38.05      
   72023     |      24.66       |      35.13      
   72024     |      28.79       |      39.25      
   72025     |      26.12       |      36.60      
   72026     |      28.68       |      39.14      
   72027     |      24.66       |      35.02      
   72028     |      31.40       |      41.76      
   72029     |      23.65       |      32.71      
   72030     |      16.95       |      24.91      
   72031     |      17.52       |      23.32      
   72032     |      17.77       |      23.75      
   72033     |      11.36       |      16.67      
   72034     |      17.52       |      26.10      
   72035     |       9.32       |      18.58      
   72036     |       5.82       |      13.45      
   72037     |       2.60       |       7.89      
   72038     |       1.01       |       9.94      
   72039     |       5.45       |       6.71      
   72040     |       8.13       |      18.18      
   72041     |       7.34       |      15.70      
   72042     |      11.02       |      20.48      
   72043     |      10.68       |      19.52      
   72044     |      14.20       |      23.65      
   72045     |      13.67       |      21.57      
   72046     |      15.53       |      24.03      
   72047     |      15.54       |      23.39      
   72048     |      14.82       |      22.33      
   72049     |      16.36       |      21.64      
   72050     |      16.42       |      16.84      
   72051     |      18.85       |      18.07      
   72052     |      17.64       |      20.43      
   72053     |      21.54       |      22.14      
   72054     |      22.30       |      21.50      
   72055     |      19.30       |      19.78      
   72056     |      22.57       |      19.04      
   72057     |      17.82       |      15.70      
   72058     |      16.33       |      16.33      
   72059     |      11.46       |      14.88      
   72060     |      11.43       |      16.02      
   72061     |       9.75       |      16.45      
   72062     |      11.02       |      18.79      
   72063     |      11.00       |      18.83      
   72064     |       9.18       |      13.47      
   72065     |      12.94       |      18.48      
   72066     |      13.26       |      14.18      
   72067     |      15.24       |      17.74      
   72068     |      15.57       |      16.83      
   72069     |      15.18       |      16.09      
   72070     |      14.76       |      17.05      
   72071     |      14.90       |      17.27      
   72072     |      14.94       |      19.29      
   72073     |      14.81       |      19.11      
   72074     |      16.54       |      23.12      
   72075     |       7.79       |      13.13      
   72076     |       7.85       |      13.62      
   72077     |       5.68       |      10.41      
   72078     |      21.02       |      11.96      
   72079     |      21.89       |      12.55      
   72080     |      21.90       |      12.58      
   72081     |      31.70       |      22.10      
   72082     |      25.02       |      15.53      
   72083     |      22.33       |      13.39      
   72084     |      24.97       |      15.87      
   72085     |      22.44       |      14.32      
   72086     |      26.55       |      17.96      
   72087     |      27.16       |      18.38      
   72088     |      29.48       |      20.59      
   72089     |      27.39       |      19.19      
   72090     |      25.99       |      17.96      
   72091     |      25.12       |      17.61      
   72092     |      31.00       |      22.81      
   72093     |      36.53       |      27.26      
   72094     |      37.68       |      28.41      
   72095     |      39.76       |      30.36      
   72096     |      41.03       |      31.64      
   72097     |      44.10       |      34.62      
   72098     |      44.44       |      34.98      
   72099     |      41.41       |      32.04      
   72100     |      41.86       |      32.52      
   72101     |      40.69       |      31.41      
   72102     |      51.60       |      42.30      
   72103     |      58.92       |      49.48      
   72104     |      58.00       |      48.57      
   72105     |      59.22       |      49.80      
   72106     |      52.73       |      43.32      
   72107     |      50.11       |      40.72      
   72108     |      43.77       |      34.39      
   72109     |      45.42       |      36.04      
   72110     |      46.18       |      36.81      
   72111     |      43.24       |      33.91      
   72112     |      51.68       |      42.36      
   72113     |      51.55       |      42.23      
   72114     |      54.58       |      45.27      
   72115     |      56.38       |      47.06      
   72116     |      62.73       |      53.42      
   72117     |      64.43       |      55.13      
   72118     |      66.58       |      57.30      
   72119     |      65.84       |      56.55      
   72120     |      57.83       |      48.55      
   72121     |      52.71       |      43.52      
   72122     |      54.96       |      45.77      
   72123     |      52.00       |      42.97      
   72124     |      57.71       |      48.64      
   72125     |      57.93       |      48.85      
   72126     |      38.67       |      29.97      
   72127     |      42.02       |      32.94      
   72128     |      27.45       |      18.79      
   72129     |      16.54       |       7.37      
   72130     |      25.40       |      16.27      
   72131     |      21.97       |      13.21      
   72132     |      45.78       |      36.87      
   72133     |      53.01       |      43.89      
   72134     |      59.23       |      50.13      
   72135     |      58.23       |      49.15      
   72136     |      52.69       |      43.61      
   72137     |      54.71       |      45.62      
   72138     |      50.55       |      41.47      
   72139     |      61.61       |      52.68      
   72140     |      59.98       |      51.08      
   72141     |      54.62       |      45.62      
   72142     |      46.50       |      37.58      
   72143     |      43.62       |      34.65      
   72144     |      46.88       |      37.89      
   72145     |      49.15       |      40.22      
   72231     |      31.13       |      42.09      
   72232     |      27.96       |      38.88      
   72233     |      31.12       |      41.95      
   72234     |      34.61       |      45.48      
   72235     |      35.11       |      45.97      
   72236     |      30.14       |      40.90      
   72237     |      32.35       |      43.03      
   72238     |      28.17       |      38.69      
   72239     |      32.02       |      42.38      
   72240     |      32.00       |      42.35      
   72241     |      34.37       |      44.61      
   72242     |      25.86       |      35.39      
   72243     |      38.88       |      47.92      
   72244     |      31.73       |      39.50      
   72245     |      30.80       |      38.57      
   72246     |      37.10       |      46.03      
   72247     |      19.13       |      28.79      
   72248     |      35.18       |      45.75      
   72249     |      30.09       |      40.81      
   72250     |      33.25       |      43.98      
   72251     |      32.69       |      43.43      
   72252     |      32.57       |      43.30      
   72253     |      36.98       |      47.60      
   72254     |      27.16       |      37.55      
   72255     |      43.71       |      53.45      
   72256     |      37.00       |      46.24      
   72257     |      38.76       |      48.69      
   72258     |      39.43       |      49.38      
   72259     |      41.19       |      51.48      
   72260     |      35.14       |      45.21      
   72261     |      34.13       |      43.91      
   72262     |      32.19       |      41.83      
   72263     |      35.73       |      46.14      
   72264     |      35.81       |      46.21      
   72265     |      38.01       |      48.58      
   72266     |      27.68       |      38.10      
   72267     |      26.56       |      36.82      
   72268     |      30.65       |      40.99      
   72269     |      30.17       |      40.45      
   72270     |      33.89       |      44.23      
   72271     |      39.80       |      50.39      
   72272     |      30.96       |      41.53      
   72273     |      33.94       |      44.49      
   72274     |      26.92       |      37.46      
   72275     |      30.66       |      41.20      
   72276     |      18.05       |      28.53      
   72277     |      19.76       |      30.29      
   72278     |      24.34       |      34.85      
   72279     |      22.04       |      32.49      
   72280     |      28.84       |      39.30      
   72281     |      30.66       |      41.14      
   72282     |      30.68       |      41.15      
   72283     |      28.62       |      39.06      
   72284     |      32.28       |      42.71      
   72285     |      31.33       |      41.74      
   72286     |      18.45       |      28.83      
   72287     |      13.66       |      23.10      
   72288     |       7.26       |      14.64      
   72289     |       7.16       |      14.54      
   72290     |       9.98       |      18.84      
   72291     |       7.05       |      16.23      
   72292     |       5.27       |       8.58      
   72293     |       5.22       |       8.33      
   72294     |       6.72       |       6.42      
   72295     |      12.77       |       3.89      
   72296     |       4.54       |      14.33      
   72297     |      12.02       |      12.29      
   72298     |      13.32       |      21.27      
   72299     |      13.35       |      21.21      
   72300     |      13.57       |      21.51      
   72301     |      13.95       |      20.99      
   72302     |      15.54       |      23.40      
   72303     |      15.79       |      23.00      
   72304     |      14.15       |      19.90      
   72305     |      17.67       |      20.38      
   72306     |      18.89       |      18.14      
   72307     |      23.00       |      20.80      
   72308     |      21.10       |      21.71      
   72309     |      18.07       |      20.33      
   72310     |      18.63       |      19.10      
   72311     |      14.12       |      17.49      
   72312     |      16.84       |      14.50      
   72313     |      17.31       |      14.80      
   72314     |      14.47       |      17.56      
   72315     |      14.78       |      17.63      
   72316     |      15.16       |      20.39      
   72317     |      14.27       |      20.58      
   72318     |      14.68       |      21.35      
   72319     |      15.76       |      21.03      
   72320     |      15.28       |      18.15      
   72321     |      15.15       |      17.94      
   72322     |      16.31       |      15.96      
   72323     |      17.14       |      17.70      
   72324     |      16.99       |      17.90      
   72325     |      17.21       |      18.28      
   72326     |      17.02       |      18.71      
   72327     |      17.32       |      19.18      
   72328     |      17.22       |      20.41      
   72329     |      18.18       |      21.68      
   72330     |      18.16       |      21.51      
   72331     |      23.63       |      28.19      
   72332     |      23.08       |      24.12      
   72333     |      24.19       |      25.73      
   72334     |      25.83       |      24.45      
   72335     |      25.14       |      17.75      
   72336     |      18.86       |      14.14      
   72337     |      22.37       |      13.34      
   72338     |      17.76       |       9.42      
   72339     |      21.96       |      12.32      
   72340     |      20.86       |      11.24      
   72341     |      15.96       |       6.52      
   72342     |      26.11       |      16.55      
   72343     |      21.18       |      12.60      
   72344     |      26.06       |      17.11      
   72345     |      21.70       |      15.48      
   72346     |      25.74       |      18.52      
   72347     |      31.25       |      22.07      
   72348     |      36.60       |      27.34      
   72349     |      39.49       |      30.05      
   72350     |      39.72       |      30.29      
   72351     |      43.66       |      34.14      
   72352     |      44.07       |      34.56      
   72353     |      49.51       |      40.03      
   72354     |      41.40       |      31.95      
   72355     |      39.96       |      30.50      
   72356     |      40.65       |      31.21      
   72357     |      46.05       |      36.72      
   72358     |      59.24       |      49.85      
   72359     |      60.29       |      50.92      
   72360     |      59.69       |      50.34      
   72361     |      53.03       |      43.61      
   72362     |      50.24       |      40.84      
   72363     |      51.79       |      42.40      
   72364     |      52.74       |      43.36      
   72365     |      46.82       |      37.70      
   72366     |      47.47       |      38.36      
   72367     |      47.64       |      38.53      
   72368     |      47.56       |      38.46      
   72369     |      51.85       |      42.55      
   72370     |      52.83       |      43.54      
   72371     |      54.41       |      45.10      
   72372     |      58.97       |      49.66      
   72373     |      62.33       |      53.04      
   72374     |      66.46       |      57.19      
   72375     |      59.30       |      50.15      
   72376     |      56.99       |      47.85      
   72377     |      62.91       |      53.66      
   72378     |      60.48       |      51.24      
   72379     |      54.61       |      45.39      
   72380     |      51.16       |      41.98      
   72381     |      55.81       |      46.59      
   72382     |      36.31       |      27.10      
   72383     |      29.14       |      20.12      
   72384     |      16.60       |       7.76      
   72385     |      17.41       |       8.40      
   72386     |      21.77       |      12.76      
   72387     |      35.29       |      26.45      
   72388     |      53.29       |      44.22      
   72389     |      57.37       |      48.39      
   72390     |      58.81       |      49.83      
   72391     |      59.38       |      50.42      
   72392     |      55.06       |      46.16      
   72393     |      55.44       |      46.55      
   72394     |      61.57       |      52.63      
   72395     |      56.10       |      47.07      
   72396     |      54.58       |      45.56      
   72397     |      48.50       |      39.45      
   72398     |      43.51       |      34.47      
   72399     |      55.87       |      47.07      
   72400     |      50.11       |      41.44      
   72401     |      61.91       |      53.64      
   72487     |      40.77       |      51.71      
   72488     |      35.35       |      46.21      
   72489     |      27.18       |      38.16      
   72490     |      29.43       |      40.40      
   72491     |      34.14       |      45.06      
   72492     |      28.92       |      39.78      
   72493     |      29.67       |      40.50      
   72494     |      28.82       |      39.62      
   72495     |      26.50       |      37.35      
   72496     |      21.02       |      31.78      
   72497     |      32.42       |      42.68      
   72498     |      21.51       |      30.58      
   72499     |      28.52       |      37.33      
   72500     |      28.34       |      37.10      
   72501     |      27.71       |      36.48      
   72502     |      37.34       |      47.21      
   72503     |      32.60       |      42.64      
   72504     |      38.82       |      49.14      
   72505     |      35.82       |      46.25      
   72506     |      38.50       |      48.98      
   72507     |      33.74       |      44.37      
   72508     |      30.16       |      40.71      
   72509     |      33.94       |      44.35      
   72510     |      22.06       |      31.77      
   72511     |      31.11       |      40.41      
   72512     |      38.95       |      48.85      
   72513     |      36.95       |      45.75      
   72514     |      44.89       |      54.40      
   72515     |      43.78       |      52.71      
   72516     |      39.86       |      48.33      
   72517     |      41.70       |      51.34      
   72518     |      39.92       |      49.45      
   72519     |      41.51       |      51.51      
   72520     |      41.17       |      51.14      
   72521     |      41.28       |      51.27      
   72522     |      30.19       |      39.52      
   72523     |      31.90       |      41.89      
   72524     |      31.57       |      41.53      
   72525     |      33.09       |      43.35      
   72526     |      41.51       |      51.90      
   72527     |      43.14       |      53.63      
   72528     |      35.46       |      45.86      
   72529     |      39.64       |      50.21      
   72530     |      27.36       |      37.89      
   72531     |      24.58       |      34.90      
   72532     |      21.22       |      31.44      
   72533     |      21.69       |      31.99      
   72534     |      22.81       |      33.11      
   72535     |      28.09       |      38.59      
   72536     |      33.92       |      44.40      
   72537     |      30.50       |      40.89      
   72538     |      37.70       |      48.09      
   72539     |      31.39       |      41.31      
   72540     |      32.74       |      42.67      
   72541     |      33.07       |      43.04      
   72542     |      19.17       |      28.59      
   72543     |      19.75       |      29.38      
   72544     |       8.30       |      15.01      
   72545     |       9.38       |      16.13      
   72546     |      10.04       |      17.40      
   72547     |       3.49       |      10.57      
   72548     |       4.51       |       8.06      
   72549     |       7.40       |       3.27      
   72550     |      12.67       |       2.70      
   72551     |      14.72       |       5.25      
   72552     |       6.50       |       5.43      
   72553     |      11.31       |       6.59      
   72554     |       9.43       |      18.68      
   72555     |      11.89       |      16.59      
   72556     |      13.44       |      20.64      
   72557     |      15.07       |      20.21      
   72558     |      16.85       |      23.82      
   72559     |      18.69       |      23.58      
   72560     |      18.12       |      20.82      
   72561     |      19.36       |      21.30      
   72562     |      21.78       |      19.36      
   72563     |      19.67       |      17.95      
   72564     |      17.73       |      20.02      
   72565     |      17.81       |      20.06      
   72566     |      17.74       |      20.80      
   72567     |      17.51       |      20.74      
   72568     |      19.82       |      17.89      
   72569     |      16.21       |      15.86      
   72570     |      15.00       |      17.86      
   72571     |      15.70       |      18.04      
   72572     |      16.46       |      22.27      
   72573     |      20.28       |      22.88      
   72574     |      20.65       |      25.00      
   72575     |      19.48       |      24.93      
   72576     |      19.20       |      24.28      
   72577     |      13.43       |      16.66      
   72578     |      15.32       |      14.03      
   72579     |      15.83       |      15.51      
   72580     |      15.15       |      16.20      
   72581     |      15.24       |      16.35      
   72582     |      14.82       |      17.59      
   72583     |      13.96       |      16.20      
   72584     |      13.83       |      17.63      
   72585     |      14.25       |      18.19      
   72586     |      14.27       |      16.86      
   72587     |      16.81       |      20.48      
   72588     |      17.78       |      17.54      
   72589     |      19.98       |      21.38      
   72590     |      20.37       |      20.71      
   72591     |      18.63       |      17.09      
   72592     |      17.60       |      17.60      
   72593     |      16.31       |      10.72      
   72594     |      15.34       |      10.47      
   72595     |      17.49       |       8.95      
   72596     |      15.95       |       7.82      
   72597     |      16.77       |       7.97      
   72598     |      20.86       |      11.64      
   72599     |      10.80       |       3.58      
   72600     |      17.86       |       8.76      
   72601     |      19.61       |      10.14      
   72602     |      30.71       |      21.19      
   72603     |      40.70       |      31.23      
   72604     |      39.66       |      30.21      
   72605     |      41.66       |      32.28      
   72606     |      44.13       |      34.74      
   72607     |      43.75       |      34.36      
   72608     |      49.71       |      40.28      
   72609     |      42.69       |      33.18      
   72610     |      39.84       |      30.35      
   72611     |      42.05       |      32.59      
   72612     |      45.60       |      36.14      
   72613     |      50.04       |      40.66      
   72614     |      60.12       |      50.71      
   72615     |      56.68       |      47.24      
   72616     |      53.10       |      43.68      
   72617     |      56.95       |      47.59      
   72618     |      54.53       |      45.18      
   72619     |      52.44       |      43.18      
   72620     |      56.13       |      46.87      
   72621     |      53.93       |      44.79      
   72622     |      51.55       |      42.44      
   72623     |      48.67       |      39.86      
   72624     |      45.67       |      36.94      
   72625     |      47.98       |      38.97      
   72626     |      49.56       |      40.55      
   72627     |      53.24       |      44.01      
   72628     |      47.53       |      38.34      
   72629     |      57.89       |      48.67      
   72630     |      59.47       |      50.26      
   72631     |      47.74       |      39.13      
   72632     |      62.02       |      53.27      
   72633     |      67.29       |      58.27      
   72634     |      59.82       |      50.84      
   72635     |      64.79       |      55.64      
   72636     |      49.80       |      40.66      
   72637     |      44.61       |      35.72      
   72638     |      29.35       |      20.66      
   72639     |      26.64       |      18.59      
   72640     |      18.85       |      11.69      
   72641     |      31.79       |      22.67      
   72642     |      34.31       |      25.18      
   72643     |      51.46       |      42.88      
   72644     |      58.20       |      49.46      
   72645     |      48.01       |      38.99      
   72646     |      59.00       |      49.93      
   72647     |      49.65       |      40.57      
   72648     |      54.81       |      45.75      
   72649     |      52.86       |      43.85      
   72650     |      56.03       |      47.04      
   72651     |      59.51       |      50.46      
   72652     |      48.50       |      39.45      
   72653     |      59.07       |      50.13      
   72654     |      55.58       |      46.69      
   72655     |      61.53       |      52.80      
   72656     |      60.39       |      51.69      
   72657     |      62.82       |      54.21      
   72744     |      41.74       |      52.61      
   72745     |      34.15       |      45.13      
   72746     |      30.94       |      41.90      
   72747     |      29.69       |      40.65      
   72748     |      24.16       |      35.08      
   72749     |      29.47       |      40.23      
   72750     |      25.07       |      35.70      
   72751     |      31.03       |      41.41      
   72752     |      22.71       |      32.42      
   72753     |      25.08       |      34.67      
   72754     |      23.57       |      32.92      
   72755     |      20.13       |      29.64      
   72756     |      26.99       |      37.21      
   72757     |      22.70       |      33.12      
   72758     |      29.24       |      39.88      
   72759     |      34.94       |      45.36      
   72760     |      34.81       |      45.22      
   72761     |      39.20       |      49.44      
   72762     |      41.54       |      51.85      
   72763     |      38.91       |      49.31      
   72764     |      32.56       |      42.71      
   72765     |      31.63       |      41.80      
   72766     |      26.86       |      36.74      
   72767     |      20.60       |      30.79      
   72768     |      23.27       |      33.59      
   72769     |      32.59       |      42.46      
   72770     |      38.34       |      48.48      
   72771     |      35.04       |      42.94      
   72772     |      44.51       |      53.58      
   72773     |      45.10       |      54.49      
   72774     |      44.75       |      54.10      
   72775     |      46.54       |      56.46      
   72776     |      42.60       |      52.34      
   72777     |      44.40       |      54.54      
   72778     |      33.42       |      43.07      
   72779     |      36.98       |      47.36      
   72780     |      32.96       |      43.25      
   72781     |      33.74       |      44.12      
   72782     |      43.29       |      53.77      
   72783     |      41.42       |      51.75      
   72784     |      41.53       |      51.85      
   72785     |      39.48       |      49.53      
   72786     |      28.02       |      37.51      
   72787     |      31.54       |      41.87      
   72788     |      22.65       |      32.72      
   72789     |      27.56       |      38.08      
   72790     |      30.12       |      40.63      
   72791     |      28.13       |      38.63      
   72792     |      37.44       |      47.92      
   72793     |      33.84       |      44.24      
   72794     |      42.92       |      53.32      
   72795     |      38.01       |      48.15      
   72796     |      30.33       |      40.36      
   72797     |      32.12       |      42.32      
   72798     |      19.09       |      29.07      
   72799     |      18.37       |      28.15      
   72800     |       7.51       |      15.34      
   72801     |       9.19       |      16.92      
   72802     |       7.67       |      12.09      
   72803     |       8.48       |       2.16      
   72804     |       7.40       |       3.12      
   72805     |      15.47       |       8.23      
   72806     |      15.66       |       8.32      
   72807     |      14.98       |       7.66      
   72808     |      11.47       |       6.95      
   72809     |       6.86       |       5.60      
   72810     |       3.22       |      11.03      
   72811     |       9.59       |       9.96      
   72812     |       8.49       |      15.37      
   72813     |      13.73       |      15.45      
   72814     |      13.96       |      19.78      
   72815     |      18.60       |      20.66      
   72816     |      18.62       |      20.59      
   72817     |      20.30       |      21.36      
   72818     |      21.64       |      20.27      
   72819     |      21.36       |      20.11      
   72820     |      19.79       |      22.00      
   72821     |      22.84       |      23.51      
   72822     |      22.43       |      25.40      
   72823     |      23.19       |      25.73      
   72824     |      23.88       |      23.98      
   72825     |      18.74       |      21.53      
   72826     |      18.81       |      20.98      
   72827     |      15.12       |      20.24      
   72828     |      14.79       |      17.99      
   72829     |      13.52       |      17.87      
   72830     |      14.79       |      21.35      
   72831     |      15.08       |      21.19      
   72832     |      16.18       |      23.13      
   72833     |      13.37       |      20.08      
   72834     |      13.41       |      13.28      
   72835     |      12.97       |      11.58      
   72836     |      12.57       |      11.80      
   72837     |      13.80       |      15.04      
   72838     |      13.46       |      18.07      
   72839     |      11.18       |      14.89      
   72840     |      11.42       |      16.77      
   72841     |      10.23       |      15.25      
   72842     |      11.04       |      11.74      
   72843     |      13.28       |      16.11      
   72844     |      14.07       |      14.32      
   72845     |      13.93       |      13.97      
   72846     |      13.22       |      15.00      
   72847     |      12.60       |      13.76      
   72848     |      13.74       |      12.63      
   72849     |      14.40       |      14.51      
   72850     |      15.22       |      13.94      
   72851     |      14.85       |       9.79      
   72852     |      14.83       |       9.80      
   72853     |      16.12       |       8.17      
   72854     |      15.69       |       7.91      
   72855     |      14.45       |       9.83      
   72856     |      21.94       |      13.93      
   72857     |      31.36       |      23.58      
   72858     |      42.69       |      33.89      
   72859     |      36.32       |      27.29      
   72860     |      42.17       |      32.97      
   72861     |      35.73       |      26.32      
   72862     |      43.52       |      34.05      
   72863     |      38.96       |      29.43      
   72864     |      42.69       |      33.18      
   72865     |      37.56       |      28.11      
   72866     |      41.95       |      32.52      
   72867     |      42.57       |      33.13      
   72868     |      49.66       |      40.24      
   72869     |      51.91       |      42.46      
   72870     |      56.54       |      47.11      
   72871     |      57.18       |      47.75      
   72872     |      56.29       |      46.87      
   72873     |      59.22       |      49.80      
   72874     |      53.99       |      44.59      
   72875     |      57.45       |      48.07      
   72876     |      55.52       |      46.16      
   72877     |      55.14       |      45.78      
   72878     |      50.29       |      40.96      
   72879     |      48.05       |      38.70      
   72880     |      43.62       |      34.29      
   72881     |      42.66       |      33.36      
   72882     |      44.88       |      35.59      
   72883     |      47.13       |      37.82      
   72884     |      36.43       |      27.14      
   72885     |      45.29       |      36.23      
   72886     |      47.79       |      38.74      
   72887     |      48.25       |      39.18      
   72888     |      67.40       |      58.31      
   72889     |      66.95       |      57.88      
   72890     |      64.63       |      55.57      
   72891     |      58.19       |      49.48      
   72892     |      44.84       |      36.32      
   72893     |      38.72       |      31.38      
   72894     |      29.16       |      22.79      
   72895     |      34.37       |      26.07      
   72896     |      32.36       |      24.15      
   72897     |      46.04       |      36.88      
   72898     |      48.71       |      39.55      
   72899     |      47.65       |      38.51      
   72900     |      47.48       |      38.36      
   72901     |      46.43       |      37.32      
   72902     |      49.64       |      40.55      
   72903     |      42.75       |      33.93      
   72904     |      53.24       |      44.44      
   72905     |      57.90       |      48.92      
   72906     |      59.58       |      50.61      
   72908     |      58.79       |      49.78      
   72909     |      66.93       |      58.09      
   72910     |      61.43       |      52.68      
   72911     |      64.82       |      56.18      
   72912     |      62.91       |      54.32      
   72913     |      65.90       |      57.41      
   73000     |      43.02       |      53.74      
   73001     |      41.12       |      51.27      
   73002     |      37.40       |      47.27      
   73003     |      38.39       |      48.78      
   73004     |      29.77       |      39.54      
   73005     |      29.89       |      39.79      
   73006     |      28.80       |      38.58      
   73007     |      28.52       |      37.19      
   73008     |      31.83       |      41.05      
   73009     |      23.46       |      32.96      
   73010     |      27.95       |      37.95      
   73011     |      20.24       |      30.61      
   73012     |      24.22       |      34.77      
   73013     |      26.13       |      36.59      
   73014     |      29.70       |      40.27      
   73015     |      29.51       |      40.07      
   73016     |      29.85       |      40.42      
   73017     |      34.95       |      45.32      
   73018     |      37.15       |      47.59      
   73019     |      41.74       |      52.01      
   73020     |      40.52       |      50.73      
   73021     |      30.89       |      41.44      
   73022     |      28.55       |      39.03      
   73023     |      24.16       |      34.80      
   73024     |      14.66       |      24.98      
   73025     |      25.49       |      35.15      
   73026     |      24.13       |      33.64      
   73027     |      29.24       |      38.53      
   73028     |      41.64       |      51.72      
   73029     |      40.43       |      50.16      
   73030     |      46.21       |      56.21      
   73031     |      48.38       |      58.72      
   73032     |      43.90       |      54.13      
   73033     |      46.93       |      57.45      
   73034     |      37.04       |      47.42      
   73035     |      37.69       |      48.14      
   73036     |      33.86       |      44.22      
   73037     |      36.59       |      47.14      
   73038     |      39.84       |      50.40      
   73039     |      36.38       |      46.71      
   73040     |      37.93       |      48.27      
   73041     |      36.12       |      46.22      
   73042     |      33.22       |      43.22      
   73043     |      39.40       |      49.93      
   73044     |      37.35       |      47.87      
   73045     |      27.19       |      37.58      
   73046     |      28.69       |      39.07      
   73047     |      29.75       |      40.16      
   73048     |      35.09       |      45.49      
   73049     |      37.36       |      47.82      
   73050     |      37.53       |      47.97      
   73051     |      43.33       |      53.79      
   73052     |      29.22       |      39.63      
   73053     |      30.57       |      40.95      
   73054     |      19.74       |      29.96      
   73055     |      23.34       |      33.76      
   73056     |       5.93       |      16.27      
   73057     |       9.39       |      19.59      
   73058     |       8.90       |       2.15      
   73059     |      11.49       |       1.88      
   73060     |      14.46       |       4.38      
   73061     |      18.05       |       8.64      
   73062     |      14.36       |       5.81      
   73063     |      15.87       |       7.50      
   73064     |       7.94       |       7.33      
   73065     |       8.47       |       7.41      
   73066     |       7.85       |       7.90      
   73067     |       9.64       |       8.25      
   73068     |       8.00       |       9.80      
   73069     |      12.13       |      10.83      
   73070     |      10.32       |      12.79      
   73071     |      11.43       |      12.99      
   73072     |      11.79       |      12.47      
   73073     |      17.37       |      15.14      
   73074     |      17.23       |      15.16      
   73075     |      26.49       |      22.14      
   73076     |      21.72       |      22.36      
   73077     |      21.10       |      22.04      
   73078     |      20.73       |      23.40      
   73079     |      15.81       |      22.93      
   73080     |      13.74       |      16.97      
   73081     |      13.47       |      16.94      
   73082     |      13.84       |      19.25      
   73083     |      18.26       |      20.06      
   73084     |      18.14       |      21.77      
   73085     |      14.97       |      22.76      
   73086     |      17.32       |      25.79      
   73087     |       8.37       |      16.85      
   73088     |       7.34       |      15.18      
   73089     |      13.16       |      21.14      
   73090     |      10.80       |      12.78      
   73091     |       9.96       |      10.02      
   73092     |      10.17       |       9.85      
   73093     |      10.10       |       9.38      
   73094     |       8.29       |      12.03      
   73095     |      11.69       |      16.90      
   73096     |      11.63       |      16.63      
   73097     |      12.09       |      17.19      
   73098     |      12.88       |      12.99      
   73099     |      13.12       |      13.57      
   73100     |      13.33       |      13.35      
   73101     |      13.54       |      13.86      
   73102     |      12.72       |      15.79      
   73103     |      11.41       |      13.56      
   73104     |      12.98       |      11.77      
   73105     |      13.02       |      11.89      
   73106     |      14.00       |      11.50      
   73107     |      14.34       |      13.02      
   73108     |      15.45       |      12.70      
   73109     |      15.40       |      10.65      
   73110     |      21.08       |      13.56      
   73111     |      20.02       |      14.69      
   73112     |      30.30       |      22.13      
   73113     |      26.98       |      18.71      
   73114     |      36.38       |      27.38      
   73115     |      22.82       |      13.25      
   73116     |      35.25       |      25.69      
   73117     |      33.45       |      23.91      
   73118     |      38.90       |      29.38      
   73119     |      40.96       |      31.44      
   73120     |      37.53       |      28.02      
   73121     |      31.63       |      22.28      
   73122     |      42.70       |      33.34      
   73123     |      44.02       |      34.62      
   73124     |      51.94       |      42.55      
   73125     |      51.59       |      42.22      
   73126     |      57.17       |      47.81      
   73127     |      54.16       |      44.90      
   73128     |      58.97       |      49.72      
   73129     |      62.15       |      52.81      
   73130     |      56.81       |      47.48      
   73131     |      63.52       |      54.12      
   73132     |      54.78       |      45.39      
   73133     |      49.32       |      39.99      
   73134     |      47.54       |      38.22      
   73135     |      37.92       |      29.24      
   73136     |      43.15       |      34.39      
   73137     |      43.56       |      34.77      
   73138     |      43.69       |      34.91      
   73139     |      47.52       |      38.47      
   73140     |      41.01       |      32.00      
   73141     |      35.66       |      26.41      
   73142     |      42.52       |      33.29      
   73143     |      48.16       |      39.17      
   73144     |      66.87       |      57.84      
   73145     |      54.92       |      46.76      
   73146     |      58.47       |      50.25      
   73147     |      61.37       |      52.87      
   73148     |      37.91       |      30.02      
   73149     |      47.54       |      38.54      
   73150     |      42.92       |      33.95      
   73151     |      34.72       |      25.56      
   73152     |      46.14       |      36.96      
   73153     |      40.66       |      31.55      
   73154     |      47.59       |      38.50      
   73155     |      47.32       |      38.25      
   73156     |      46.46       |      37.40      
   73157     |      60.02       |      50.98      
   73158     |      43.17       |      34.37      
   73159     |      49.55       |      41.00      
   73160     |      59.34       |      50.56      
   73161     |      59.65       |      50.89      
   73163     |      66.38       |      57.38      
   73164     |      66.36       |      57.37      
   73165     |      64.18       |      55.17      
   73166     |      63.45       |      54.45      
   73167     |      68.19       |      59.28      
   73168     |      64.42       |      55.55      
   73169     |      64.08       |      55.21      
   73256     |      39.37       |      49.83      
   73257     |      39.25       |      49.66      
   73258     |      38.60       |      48.96      
   73259     |      38.67       |      49.06      
   73260     |      30.49       |      40.29      
   73261     |      30.68       |      40.67      
   73262     |      25.45       |      34.83      
   73263     |      25.54       |      35.16      
   73264     |      27.82       |      37.68      
   73265     |      29.47       |      39.26      
   73266     |      27.73       |      37.31      
   73267     |      29.96       |      39.45      
   73268     |      30.02       |      39.51      
   73269     |      27.65       |      37.22      
   73270     |      36.31       |      46.55      
   73271     |      30.12       |      40.58      
   73272     |      31.61       |      42.11      
   73273     |      29.91       |      40.46      
   73274     |      34.48       |      45.12      
   73275     |      36.45       |      47.03      
   73276     |      35.35       |      45.89      
   73277     |      39.61       |      50.01      
   73278     |      25.15       |      34.74      
   73279     |      33.58       |      42.82      
   73280     |      23.94       |      31.27      
   73281     |      24.15       |      31.15      
   73282     |      28.74       |      37.05      
   73283     |      28.88       |      37.74      
   73284     |      40.06       |      49.88      
   73285     |      41.69       |      51.90      
   73286     |      48.31       |      58.67      
   73287     |      49.48       |      59.95      
   73288     |      47.64       |      58.08      
   73289     |      48.39       |      58.88      
   73290     |      38.46       |      48.78      
   73291     |      41.71       |      52.29      
   73292     |      36.92       |      47.44      
   73293     |      38.90       |      49.50      
   73294     |      34.80       |      45.37      
   73295     |      35.08       |      45.65      
   73296     |      33.45       |      44.00      
   73297     |      34.68       |      45.25      
   73298     |      39.05       |      49.61      
   73299     |      36.89       |      47.40      
   73300     |      42.42       |      52.94      
   73301     |      36.75       |      47.28      
   73302     |      30.17       |      40.69      
   73303     |      28.81       |      39.30      
   73304     |      34.91       |      45.38      
   73305     |      35.16       |      45.63      
   73306     |      32.12       |      42.58      
   73307     |      38.10       |      48.54      
   73308     |      26.56       |      36.94      
   73309     |      30.00       |      40.26      
   73310     |      24.92       |      35.07      
   73311     |      24.15       |      34.14      
   73312     |      13.84       |      22.80      
   73313     |      13.87       |      23.00      
   73314     |      13.86       |       9.46      
   73315     |       7.32       |       6.45      
   73316     |      18.06       |       8.68      
   73317     |      16.03       |       6.32      
   73318     |      15.42       |       5.80      
   73319     |      16.04       |       6.55      
   73320     |       7.16       |       5.15      
   73321     |      12.35       |       7.28      
   73322     |       9.51       |       8.08      
   73323     |      14.64       |      10.83      
   73324     |      12.47       |      11.29      
   73325     |      12.08       |      11.13      
   73326     |      10.81       |      12.39      
   73327     |       7.80       |      12.20      
   73328     |      12.55       |       7.93      
   73329     |      12.39       |       7.84      
   73330     |      19.21       |      10.78      
   73331     |      19.17       |      10.75      
   73332     |       9.17       |       8.99      
   73333     |       8.09       |       8.87      
   73334     |       9.70       |      18.60      
   73335     |       9.68       |      18.52      
   73336     |       6.86       |      11.48      
   73337     |       7.08       |      11.43      
   73338     |       7.81       |       9.84      
   73339     |       8.20       |       9.85      
   73340     |      11.37       |      20.35      
   73341     |      11.54       |      20.71      
   73342     |      13.81       |      23.24      
   73343     |      14.37       |      23.76      
   73344     |       7.30       |      13.44      
   73345     |       9.76       |      16.47      
   73346     |       9.64       |      12.06      
   73347     |       9.54       |      11.81      
   73348     |       9.95       |      11.15      
   73349     |       9.48       |       9.24      
   73350     |       8.45       |      10.43      
   73351     |       9.58       |      12.86      
   73352     |       9.59       |      12.81      
   73353     |      12.72       |      17.35      
   73354     |      12.79       |      14.87      
   73355     |      11.30       |      11.59      
   73356     |      10.30       |      13.86      
   73357     |       8.10       |       8.79      
   73358     |       6.98       |      10.72      
   73359     |       8.14       |      12.67      
   73360     |      10.33       |       8.93      
   73361     |      10.34       |       8.97      
   73362     |      11.09       |       8.59      
   73363     |      11.11       |       7.94      
   73364     |      12.47       |       7.74      
   73365     |      12.31       |       8.69      
   73366     |      19.42       |      11.56      
   73367     |      19.85       |      11.61      
   73368     |      25.56       |      16.62      
   73369     |      25.62       |      16.70      
   73370     |      24.16       |      15.37      
   73371     |      23.02       |      14.17      
   73372     |      34.20       |      24.87      
   73373     |      31.37       |      21.94      
   73374     |      41.20       |      31.72      
   73375     |      36.04       |      26.51      
   73376     |      31.48       |      21.97      
   73377     |      35.89       |      26.44      
   73378     |      44.16       |      34.69      
   73379     |      42.97       |      33.50      
   73380     |      51.67       |      42.21      
   73381     |      44.94       |      35.56      
   73382     |      54.06       |      44.70      
   73383     |      54.74       |      45.37      
   73384     |      62.15       |      52.80      
   73385     |      68.52       |      59.11      
   73386     |      63.53       |      54.13      
   73387     |      67.71       |      58.32      
   73388     |      50.01       |      40.68      
   73389     |      44.30       |      34.93      
   73390     |      37.48       |      28.12      
   73391     |      26.21       |      17.64      
   73392     |      43.45       |      34.49      
   73393     |      42.21       |      33.36      
   73394     |      47.54       |      38.64      
   73395     |      49.84       |      40.80      
   73396     |      42.79       |      33.81      
   73397     |      41.08       |      32.01      
   73398     |      40.11       |      31.06      
   73399     |      41.93       |      33.00      
   73400     |      54.86       |      45.89      
   73401     |      51.98       |      43.17      
   73402     |      61.45       |      52.61      
   73403     |      62.81       |      53.91      
   73404     |      47.43       |      38.60      
   73405     |      56.30       |      47.14      
   73406     |      51.85       |      42.70      
   73407     |      44.86       |      35.77      
   73408     |      41.67       |      32.62      
   73409     |      41.78       |      32.74      
   73410     |      47.86       |      38.79      
   73411     |      53.08       |      44.15      
   73412     |      60.23       |      51.24      
   73413     |      58.76       |      49.74      
   73414     |      48.43       |      39.54      
   73415     |      61.95       |      53.53      
   73416     |      60.98       |      52.60      
   73417     |      61.73       |      53.37      
   73418     |      68.14       |      59.61      
   73419     |      52.82       |      43.87      
   73420     |      64.17       |      55.15      
   73421     |      56.81       |      47.77      
   73422     |      67.25       |      58.23      
   73423     |      62.53       |      53.60      
   73424     |      62.89       |      53.98      
   73425     |      60.08       |      51.28      
   73512     |      39.58       |      50.54      
   73513     |      34.34       |      45.33      
   73514     |      32.32       |      43.30      
   73515     |      34.27       |      45.23      
   73516     |      25.48       |      36.36      
   73517     |      26.04       |      36.90      
   73518     |      20.99       |      31.72      
   73519     |      19.95       |      30.28      
   73520     |      19.95       |      30.26      
   73521     |      27.43       |      37.39      
   73522     |      24.14       |      33.69      
   73523     |      28.45       |      37.84      
   73524     |      32.98       |      42.88      
   73525     |      27.66       |      37.76      
   73526     |      30.27       |      40.54      
   73527     |      37.51       |      47.48      
   73528     |      37.57       |      47.54      
   73529     |      33.31       |      43.42      
   73530     |      37.85       |      48.18      
   73531     |      35.74       |      46.13      
   73532     |      29.11       |      39.16      
   73533     |      39.57       |      49.22      
   73534     |      29.73       |      38.14      
   73535     |      30.55       |      37.25      
   73536     |      28.91       |      34.91      
   73537     |      27.79       |      35.21      
   73538     |      31.41       |      39.70      
   73539     |      32.11       |      41.61      
   73540     |      42.44       |      52.52      
   73541     |      44.05       |      54.41      
   73544     |      48.23       |      58.75      
   73545     |      48.03       |      58.53      
   73546     |      42.94       |      53.36      
   73547     |      43.16       |      53.60      
   73548     |      40.65       |      51.03      
   73549     |      41.11       |      51.53      
   73550     |      36.81       |      47.15      
   73551     |      41.60       |      52.18      
   73552     |      38.55       |      49.12      
   73553     |      34.35       |      44.91      
   73554     |      30.58       |      41.13      
   73555     |      36.91       |      47.43      
   73556     |      42.43       |      52.95      
   73557     |      37.51       |      47.73      
   73558     |      33.10       |      43.20      
   73559     |      41.03       |      51.54      
   73560     |      42.12       |      52.61      
   73561     |      34.84       |      45.14      
   73562     |      31.57       |      41.85      
   73563     |      32.07       |      42.38      
   73564     |      23.50       |      33.76      
   73565     |      25.72       |      36.10      
   73566     |      17.20       |      27.57      
   73567     |      22.24       |      32.63      
   73568     |      10.44       |      20.71      
   73569     |      10.34       |      17.04      
   73570     |      11.37       |      11.70      
   73571     |      11.15       |      11.63      
   73572     |      18.01       |      11.46      
   73573     |      14.57       |       8.28      
   73574     |      17.03       |       9.45      
   73575     |      15.64       |       8.03      
   73576     |      12.18       |       6.92      
   73577     |      14.81       |       9.05      
   73578     |      13.46       |       8.81      
   73579     |      12.82       |       8.36      
   73580     |      10.47       |       8.99      
   73581     |       9.35       |       8.62      
   73582     |       7.20       |      11.75      
   73583     |       8.12       |      11.69      
   73584     |      12.37       |       7.82      
   73585     |      12.66       |       8.01      
   73586     |      19.25       |      10.94      
   73587     |      15.37       |       6.85      
   73588     |       6.87       |       7.37      
   73589     |       1.42       |       9.44      
   73590     |       6.31       |      16.37      
   73591     |       5.23       |      14.90      
   73592     |       3.33       |       8.82      
   73593     |       3.40       |       8.78      
   73594     |       5.21       |       6.53      
   73595     |       3.21       |       7.44      
   73596     |       8.95       |      18.94      
   73597     |       7.06       |      16.46      
   73598     |      12.63       |      22.44      
   73599     |      10.68       |      18.51      
   73600     |       9.17       |      14.34      
   73601     |       9.41       |      14.66      
   73602     |       9.78       |      16.13      
   73603     |       5.10       |       9.30      
   73604     |       6.08       |       7.82      
   73605     |       6.14       |       8.42      
   73606     |       7.97       |       6.57      
   73607     |       8.44       |      10.44      
   73608     |       8.38       |      10.53      
   73609     |       9.43       |      12.71      
   73610     |       9.33       |      13.94      
   73611     |       7.68       |      11.29      
   73612     |      10.10       |      18.27      
   73613     |       1.49       |      10.30      
   73614     |       1.48       |      10.24      
   73615     |       0.97       |       8.80      
   73616     |       8.38       |       1.46      
   73617     |       6.56       |       4.61      
   73618     |       9.68       |       2.73      
   73619     |       8.57       |       5.11      
   73620     |      12.61       |       4.97      
   73621     |      11.63       |       6.35      
   73622     |      17.64       |       9.27      
   73623     |      18.21       |       9.45      
   73624     |      24.97       |      15.70      
   73625     |      26.61       |      17.46      
   73626     |      22.92       |      14.02      
   73627     |      33.21       |      24.83      
   73628     |      33.93       |      25.49      
   73629     |      32.06       |      23.56      
   73630     |      38.16       |      29.29      
   73631     |      28.20       |      18.90      
   73632     |      36.01       |      26.60      
   73633     |      36.58       |      27.20      
   73634     |      43.20       |      33.78      
   73635     |      41.99       |      32.55      
   73636     |      45.18       |      35.75      
   73637     |      49.59       |      40.24      
   73638     |      55.38       |      46.01      
   73639     |      59.79       |      50.51      
   73640     |      69.22       |      59.89      
   73641     |      68.71       |      59.37      
   73642     |      68.16       |      58.84      
   73643     |      62.31       |      52.92      
   73644     |      44.71       |      35.39      
   73645     |      47.23       |      37.97      
   73646     |      34.63       |      25.58      
   73647     |      29.63       |      21.84      
   73648     |      40.70       |      32.17      
   73649     |      44.68       |      35.56      
   73650     |      47.75       |      38.60      
   73651     |      51.56       |      42.27      
   73652     |      39.70       |      30.45      
   73653     |      43.64       |      34.37      
   73654     |      44.56       |      35.31      
   73655     |      41.61       |      32.36      
   73656     |      57.72       |      48.47      
   73657     |      54.67       |      45.47      
   73658     |      60.39       |      51.18      
   73659     |      64.28       |      55.07      
   73660     |      57.36       |      48.15      
   73661     |      56.95       |      47.75      
   73662     |      52.82       |      43.63      
   73663     |      52.47       |      43.28      
   73664     |      40.99       |      31.83      
   73665     |      47.32       |      38.30      
   73666     |      52.55       |      43.49      
   73667     |      55.23       |      46.24      
   73668     |      58.81       |      49.80      
   73669     |      54.65       |      45.57      
   73670     |      59.38       |      50.29      
   73671     |      62.05       |      53.00      
   73672     |      59.30       |      50.28      
   73673     |      60.02       |      51.02      
   73674     |      52.94       |      44.03      
   73675     |      48.75       |      39.76      
   73676     |      57.09       |      48.06      
   73677     |      52.58       |      43.54      
   73678     |      62.60       |      53.58      
   73679     |      55.50       |      46.64      
   73680     |      60.07       |      51.24      
   73768     |      41.11       |      52.08      
   73769     |      39.22       |      50.20      
   73770     |      33.40       |      44.33      
   73771     |      33.18       |      44.11      
   73772     |      30.65       |      41.54      
   73773     |      24.53       |      35.48      
   73774     |      20.18       |      31.11      
   73775     |      16.57       |      27.46      
   73776     |      10.79       |      21.70      
   73777     |      19.23       |      29.79      
   73778     |      20.03       |      30.63      
   73779     |      20.88       |      31.42      
   73780     |      24.77       |      35.45      
   73781     |      30.58       |      41.04      
   73782     |      23.07       |      32.97      
   73783     |      33.53       |      43.03      
   73784     |      34.00       |      43.55      
   73785     |      40.38       |      49.75      
   73786     |      43.78       |      53.45      
   73787     |      40.60       |      50.36      
   73788     |      36.79       |      46.20      
   73789     |      31.04       |      40.61      
   73790     |      26.31       |      35.20      
   73791     |      21.45       |      30.46      
   73792     |      25.51       |      35.19      
   73793     |      18.02       |      27.99      
   73794     |      32.79       |      43.37      
   73795     |      26.19       |      36.88      
   73796     |      42.52       |      53.19      
   73797     |      40.68       |      51.32      
   73798     |      44.33       |      54.95      
   73800     |      37.34       |      47.97      
   73801     |      48.46       |      58.91      
   73802     |      43.80       |      54.15      
   73803     |      41.26       |      51.08      
   73804     |      44.05       |      53.99      
   73805     |      46.27       |      56.61      
   73806     |      46.23       |      56.56      
   73807     |      43.48       |      53.87      
   73808     |      37.39       |      47.59      
   73809     |      42.26       |      52.34      
   73810     |      35.62       |      45.40      
   73811     |      38.83       |      49.19      
   73812     |      37.05       |      47.36      
   73813     |      39.17       |      49.63      
   73814     |      48.89       |      59.39      
   73815     |      40.90       |      51.40      
   73816     |      49.22       |      59.69      
   73817     |      41.84       |      52.08      
   73818     |      35.08       |      45.29      
   73819     |      32.08       |      42.01      
   73820     |      23.32       |      33.07      
   73821     |      24.06       |      33.96      
   73822     |      14.77       |      24.33      
   73823     |      17.40       |      27.57      
   73824     |       1.88       |       8.93      
   73825     |       2.40       |      12.54      
   73826     |       6.35       |       4.94      
   73827     |      13.77       |       8.30      
   73828     |      14.68       |       8.56      
   73829     |      14.34       |       8.26      
   73830     |      16.02       |       8.95      
   73831     |      16.55       |       9.50      
   73832     |      14.63       |       8.69      
   73833     |      15.73       |       9.70      
   73834     |      13.27       |       9.22      
   73835     |       7.88       |       6.66      
   73836     |       7.98       |       6.57      
   73837     |       8.13       |       6.60      
   73838     |       5.37       |       9.44      
   73839     |      11.61       |      10.55      
   73840     |      13.85       |      10.21      
   73841     |      13.67       |      10.10      
   73842     |      17.01       |      10.84      
   73843     |      10.22       |       5.65      
   73844     |       4.94       |      11.26      
   73845     |       4.77       |      11.34      
   73846     |       6.76       |      15.79      
   73847     |       6.76       |      15.48      
   73848     |       5.41       |      10.17      
   73849     |       3.00       |      11.62      
   73850     |       3.85       |       8.06      
   73851     |       0.47       |      10.03      
   73852     |       5.39       |      15.41      
   73853     |       5.23       |      15.22      
   73854     |       4.17       |      14.15      
   73855     |       3.37       |      12.04      
   73856     |       3.16       |       8.82      
   73857     |       6.39       |      13.12      
   73858     |       7.64       |      15.74      
   73859     |       6.49       |      14.64      
   73860     |       6.21       |      14.13      
   73861     |       3.22       |       6.74      
   73862     |       4.92       |       5.01      
   73863     |       5.47       |       4.58      
   73864     |       7.32       |       2.73      
   73865     |       4.31       |       8.31      
   73866     |       5.08       |       7.23      
   73867     |       7.60       |      13.00      
   73868     |      11.32       |      19.78      
   73869     |       9.33       |      17.92      
   73870     |       6.63       |      13.76      
   73871     |       3.82       |      10.54      
   73872     |       9.12       |       3.76      
   73873     |       9.08       |       3.83      
   73874     |       8.15       |       4.32      
   73875     |       9.44       |       1.85      
   73876     |       9.88       |       1.80      
   73877     |      11.69       |       2.03      
   73878     |      16.32       |       6.68      
   73879     |      25.15       |      16.04      
   73880     |      26.58       |      17.40      
   73881     |      30.81       |      21.88      
   73882     |      31.66       |      22.69      
   73883     |      28.75       |      19.64      
   73884     |      30.37       |      21.21      
   73885     |      28.27       |      19.01      
   73886     |      28.34       |      19.10      
   73887     |      29.06       |      19.86      
   73888     |      36.73       |      27.39      
   73889     |      37.01       |      27.70      
   73890     |      42.26       |      32.89      
   73891     |      47.10       |      37.88      
   73892     |      49.98       |      40.73      
   73893     |      55.84       |      46.76      
   73894     |      60.33       |      51.19      
   73895     |      61.53       |      52.42      
   73897     |      61.34       |      52.00      
   73898     |      62.62       |      53.28      
   73899     |      57.00       |      47.61      
   73900     |      46.84       |      37.49      
   73901     |      51.88       |      42.64      
   73902     |      35.01       |      26.15      
   73903     |      44.42       |      35.91      
   73904     |      36.74       |      28.91      
   73905     |      38.90       |      30.06      
   73906     |      44.34       |      35.34      
   73907     |      46.96       |      37.74      
   73908     |      44.97       |      35.78      
   73909     |      42.16       |      33.28      
   73910     |      50.67       |      41.62      
   73911     |      48.89       |      40.05      
   73912     |      58.91       |      49.88      
   73913     |      59.97       |      50.88      
   73914     |      57.66       |      48.60      
   73915     |      60.61       |      51.43      
   73916     |      54.93       |      45.79      
   73917     |      57.84       |      48.64      
   73918     |      53.43       |      44.25      
   73919     |      45.63       |      36.46      
   73920     |      47.04       |      37.89      
   73921     |      51.80       |      42.64      
   73922     |      54.42       |      45.28      
   73923     |      56.07       |      46.94      
   73924     |      54.42       |      45.31      
   73925     |      54.80       |      45.69      
   73926     |      61.58       |      52.47      
   73927     |      54.55       |      45.50      
   73928     |      59.42       |      50.40      
   73929     |      58.87       |      49.87      
   73930     |      48.31       |      39.28      
   73931     |      58.88       |      49.86      
   73932     |      53.12       |      44.15      
   73933     |      50.87       |      41.88      
   73934     |      55.83       |      46.82      
   73935     |      52.02       |      43.00      
   74024     |      44.23       |      54.88      
   74025     |      43.82       |      54.36      
   74026     |      38.31       |      48.56      
   74027     |      39.00       |      49.55      
   74028     |      42.32       |      52.97      
   74029     |      30.32       |      41.24      
   74030     |      28.20       |      39.09      
   74031     |      19.76       |      30.62      
   74032     |       8.75       |      19.67      
   74033     |      11.11       |      21.93      
   74034     |      21.85       |      32.74      
   74035     |      18.82       |      29.60      
   74036     |      18.36       |      29.13      
   74037     |      23.86       |      34.71      
   74038     |      15.19       |      25.90      
   74039     |      21.26       |      31.67      
   74040     |      22.46       |      32.94      
   74041     |      31.57       |      41.68      
   74042     |      30.43       |      40.45      
   74043     |      44.26       |      53.84      
   74044     |      43.96       |      53.51      
   74045     |      35.05       |      44.84      
   74046     |      35.39       |      45.19      
   74047     |      21.10       |      31.42      
   74048     |      26.55       |      37.09      
   74049     |      21.50       |      32.17      
   74050     |      38.26       |      48.97      
   74051     |      31.09       |      41.62      
   74052     |      45.10       |      55.56      
   74053     |      42.04       |      52.35      
   74054     |      36.55       |      46.84      
   74055     |      44.28       |      54.88      
   74056     |      26.43       |      37.08      
   74057     |      38.65       |      49.13      
   74058     |      28.93       |      39.10      
   74059     |      41.71       |      51.45      
   74060     |      48.21       |      58.26      
   74061     |      48.22       |      58.27      
   74062     |      48.15       |      58.19      
   74064     |      34.67       |      44.94      
   74065     |      37.43       |      47.62      
   74066     |      39.64       |      49.88      
   74067     |      37.79       |      47.66      
   74068     |      42.22       |      52.25      
   74069     |      44.51       |      54.84      
   74074     |      47.74       |      58.15      
   74075     |      35.09       |      45.54      
   74076     |      27.53       |      37.99      
   74077     |      22.55       |      32.78      
   74078     |       9.08       |      19.26      
   74079     |      14.03       |      24.45      
   74080     |       3.19       |      11.95      
   74081     |       1.83       |       9.35      
   74082     |      12.19       |       3.32      
   74083     |      13.67       |       5.09      
   74084     |      13.12       |       4.77      
   74085     |      17.45       |       9.53      
   74086     |      16.23       |       8.78      
   74087     |      16.55       |       9.12      
   74088     |      15.13       |       8.42      
   74089     |      15.77       |       9.05      
   74090     |       9.65       |       9.26      
   74091     |      10.00       |       9.38      
   74092     |       9.98       |       9.38      
   74093     |       9.77       |       9.32      
   74094     |      10.44       |       8.93      
   74095     |      11.61       |       9.48      
   74096     |      13.15       |       9.23      
   74097     |      11.88       |       8.44      
   74098     |      11.54       |       8.49      
   74099     |       7.70       |       7.23      
   74100     |       5.14       |      11.57      
   74101     |       4.68       |      11.81      
   74102     |       6.27       |      15.22      
   74103     |       6.28       |      15.09      
   74104     |       4.99       |      12.60      
   74105     |       5.06       |      14.95      
   74106     |       1.82       |      10.43      
   74107     |       7.04       |      16.41      
   74108     |       5.81       |      14.94      
   74109     |       6.79       |      15.80      
   74110     |       4.44       |      11.70      
   74111     |       2.58       |       8.65      
   74112     |       7.04       |       3.78      
   74113     |       3.07       |       8.79      
   74114     |       3.42       |      12.41      
   74115     |       6.78       |      15.41      
   74116     |       8.49       |      17.56      
   74117     |       3.85       |      13.48      
   74118     |       2.13       |       8.81      
   74119     |       5.04       |       5.29      
   74120     |       8.03       |       2.43      
   74121     |       7.32       |       2.71      
   74122     |       6.76       |       3.24      
   74123     |       4.01       |       6.75      
   74124     |       2.36       |      11.08      
   74125     |      12.22       |      20.24      
   74126     |       9.45       |      15.71      
   74127     |       8.55       |      14.68      
   74128     |       9.72       |       9.25      
   74129     |       9.96       |       5.40      
   74130     |       7.14       |       7.27      
   74131     |       7.88       |       3.84      
   74132     |      12.03       |       3.53      
   74133     |      10.83       |       4.67      
   74134     |      24.58       |      15.17      
   74135     |      28.65       |      19.48      
   74136     |      30.13       |      20.91      
   74137     |      28.37       |      19.08      
   74138     |      28.36       |      19.08      
   74139     |      24.31       |      14.84      
   74140     |      27.72       |      18.22      
   74141     |      24.27       |      14.72      
   74142     |      28.20       |      18.67      
   74143     |      32.59       |      23.13      
   74144     |      36.54       |      27.07      
   74145     |      42.64       |      33.34      
   74146     |      46.68       |      37.35      
   74147     |      49.30       |      40.04      
   74148     |      54.93       |      45.63      
   74149     |      56.83       |      47.57      
   74150     |      60.80       |      51.51      
   74151     |      57.71       |      48.37      
   74152     |      61.32       |      51.97      
   74153     |      55.54       |      46.13      
   74154     |      56.97       |      47.57      
   74155     |      56.08       |      46.68      
   74156     |      51.13       |      41.76      
   74157     |      51.90       |      42.55      
   74158     |      41.16       |      31.87      
   74159     |      36.99       |      27.65      
   74160     |      30.83       |      21.55      
   74161     |      35.18       |      26.03      
   74162     |      42.49       |      33.25      
   74163     |      39.50       |      30.22      
   74164     |      49.06       |      39.78      
   74165     |      45.26       |      36.12      
   74166     |      56.78       |      47.56      
   74167     |      51.92       |      43.05      
   74168     |      55.71       |      46.77      
   74169     |      58.00       |      48.89      
   74170     |      53.64       |      44.59      
   74171     |      56.21       |      47.03      
   74172     |      54.70       |      45.54      
   74173     |      49.70       |      40.51      
   74174     |      46.44       |      37.28      
   74175     |      43.35       |      34.18      
   74176     |      51.55       |      42.39      
   74177     |      53.21       |      44.06      
   74178     |      55.88       |      46.74      
   74179     |      55.86       |      46.73      
   74180     |      54.57       |      45.45      
   74181     |      51.76       |      42.67      
   74182     |      54.57       |      45.50      
   74183     |      50.71       |      41.73      
   74184     |      58.91       |      49.98      
   74185     |      62.89       |      53.87      
   74186     |      58.40       |      49.37      
   74187     |      62.75       |      53.70      
   74188     |      50.67       |      41.64      
   74189     |      49.33       |      40.30      
   74190     |      52.05       |      43.03      
   74191     |      53.43       |      44.42      
   74280     |      43.89       |      54.43      
   74281     |      42.86       |      52.86      
   74282     |      42.76       |      52.75      
   74283     |      42.81       |      52.83      
   74284     |      45.47       |      55.67      
   74285     |      44.86       |      54.44      
   74286     |      40.92       |      50.00      
   74287     |      37.85       |      46.97      
   74288     |      32.94       |      40.93      
   74289     |      17.66       |      25.34      
   74290     |      31.45       |      41.86      
   74291     |      23.04       |      33.74      
   74292     |      23.94       |      34.65      
   74293     |      18.69       |      29.53      
   74294     |      13.81       |      24.54      
   74295     |      15.40       |      26.05      
   74296     |      21.01       |      31.79      
   74297     |      21.25       |      32.01      
   74298     |      17.48       |      28.15      
   74299     |      29.72       |      39.90      
   74300     |      33.52       |      43.90      
   74301     |      40.70       |      50.86      
   74302     |      41.26       |      51.44      
   74303     |      32.35       |      42.78      
   74304     |      31.54       |      41.92      
   74305     |      26.63       |      37.15      
   74306     |      41.40       |      52.10      
   74307     |      38.56       |      49.26      
   74308     |      43.46       |      54.15      
   74309     |      46.29       |      56.98      
   74310     |      34.12       |      44.75      
   74311     |      38.99       |      49.52      
   74312     |      24.23       |      34.17      
   74313     |      31.55       |      41.20      
   74314     |      29.84       |      39.31      
   74315     |      32.54       |      41.92      
   74316     |      47.19       |      57.41      
   74317     |      45.80       |      55.70      
   74320     |      38.05       |      47.72      
   74321     |      40.69       |      50.99      
   74322     |      36.25       |      46.40      
   74323     |      34.64       |      44.28      
   74324     |      45.93       |      56.07      
   74325     |      44.41       |      54.26      
   74332     |      40.64       |      50.72      
   74333     |      28.71       |      39.08      
   74334     |      11.54       |      20.21      
   74335     |      14.32       |      22.97      
   74336     |      11.56       |      17.13      
   74337     |      12.80       |      17.30      
   74338     |      18.31       |      14.34      
   74339     |       7.56       |       8.33      
   74340     |      17.17       |       8.87      
   74341     |      14.53       |       5.91      
   74342     |      15.67       |       6.73      
   74343     |      15.98       |       7.10      
   74344     |      14.74       |       6.23      
   74345     |      15.98       |       7.64      
   74346     |       8.29       |       6.88      
   74347     |      12.03       |       8.57      
   74348     |       9.82       |       9.40      
   74349     |      11.54       |      10.11      
   74350     |      11.91       |       9.96      
   74351     |      12.31       |      10.18      
   74352     |      12.81       |      10.05      
   74353     |       4.72       |       8.36      
   74354     |       7.00       |       6.02      
   74355     |       2.31       |       7.87      
   74356     |       0.29       |       9.95      
   74357     |       2.04       |      11.63      
   74358     |       3.37       |      13.18      
   74359     |       1.47       |      11.56      
   74360     |       4.50       |      14.57      
   74361     |       6.48       |      16.38      
   74362     |       6.55       |      16.43      
   74363     |      11.51       |      20.86      
   74364     |       7.38       |      15.97      
   74365     |       7.36       |      15.94      
   74366     |       5.58       |       9.63      
   74367     |       5.18       |       8.15      
   74368     |       7.55       |       5.55      
   74369     |       8.16       |       5.57      
   74370     |       4.72       |      10.89      
   74371     |       3.49       |      12.54      
   74372     |       4.93       |      14.33      
   74373     |       7.33       |      17.22      
   74374     |       1.21       |       8.75      
   74375     |       1.21       |       8.74      
   74376     |       8.08       |       1.87      
   74377     |       8.09       |       1.83      
   74378     |       7.00       |       2.89      
   74379     |       6.87       |       3.03      
   74380     |       3.24       |       6.63      
   74381     |       4.45       |      11.54      
   74382     |       4.74       |       9.03      
   74383     |       9.53       |      15.76      
   74384     |      10.69       |       9.74      
   74385     |      10.82       |      10.38      
   74386     |      13.17       |       9.38      
   74387     |      14.14       |      14.04      
   74388     |      19.69       |      14.04      
   74389     |      19.64       |      15.82      
   74390     |      31.63       |      23.62      
   74391     |      24.25       |      16.05      
   74392     |      29.52       |      20.73      
   74393     |      21.42       |      12.17      
   74394     |      24.51       |      15.15      
   74395     |      19.16       |       9.59      
   74396     |      24.26       |      14.71      
   74397     |      23.99       |      14.45      
   74398     |      32.26       |      22.74      
   74399     |      35.45       |      25.94      
   74400     |      41.76       |      32.26      
   74401     |      43.80       |      34.32      
   74402     |      48.30       |      38.83      
   74403     |      48.53       |      39.08      
   74404     |      55.70       |      46.24      
   74405     |      53.29       |      43.84      
   74406     |      56.88       |      47.44      
   74407     |      54.37       |      44.96      
   74408     |      55.15       |      45.75      
   74409     |      56.25       |      46.85      
   74410     |      55.82       |      46.43      
   74411     |      55.39       |      46.01      
   74412     |      51.38       |      42.01      
   74413     |      51.41       |      42.05      
   74414     |      36.90       |      27.55      
   74415     |      40.12       |      30.82      
   74416     |      34.78       |      25.55      
   74417     |      39.05       |      29.94      
   74418     |      40.64       |      31.51      
   74419     |      41.66       |      32.56      
   74420     |      52.00       |      42.79      
   74421     |      50.82       |      41.67      
   74422     |      59.04       |      49.84      
   74423     |      57.74       |      48.61      
   74424     |      58.95       |      49.82      
   74425     |      56.03       |      47.15      
   74426     |      52.42       |      43.65      
   74427     |      54.15       |      45.17      
   74428     |      52.18       |      43.26      
   74429     |      41.73       |      32.62      
   74430     |      44.05       |      34.93      
   74431     |      42.81       |      33.68      
   74432     |      53.32       |      44.16      
   74433     |      50.89       |      41.74      
   74434     |      55.75       |      46.63      
   74435     |      49.69       |      40.67      
   74436     |      51.73       |      42.73      
   74437     |      49.89       |      40.97      
   74438     |      50.75       |      41.85      
   74439     |      58.11       |      49.05      
   74440     |      62.90       |      53.86      
   74441     |      64.66       |      55.60      
   74442     |      62.68       |      53.63      
   74443     |      58.03       |      49.05      
   74444     |      49.08       |      40.08      
   74445     |      56.54       |      47.52      
   74446     |      53.55       |      44.55      
   74536     |      41.55       |      51.77      
   74537     |      41.26       |      51.22      
   74538     |      42.63       |      52.69      
   74539     |      43.01       |      53.32      
   74540     |      41.26       |      51.44      
   74541     |      40.63       |      49.76      
   74542     |      40.69       |      49.81      
   74543     |      41.98       |      49.14      
   74544     |      40.67       |      47.37      
   74545     |      39.00       |      48.44      
   74546     |      42.21       |      51.98      
   74547     |      33.53       |      43.52      
   74548     |      33.97       |      43.99      
   74549     |      25.84       |      36.12      
   74550     |      19.83       |      29.36      
   74551     |      17.16       |      26.78      
   74552     |      23.99       |      34.37      
   74553     |      22.47       |      32.90      
   74554     |      22.49       |      32.92      
   74555     |      17.67       |      28.29      
   74556     |      24.52       |      35.26      
   74557     |      32.64       |      43.18      
   74558     |      34.28       |      44.85      
   74559     |      39.83       |      50.25      
   74560     |      32.52       |      42.59      
   74561     |      33.26       |      43.31      
   74562     |      39.71       |      50.06      
   74563     |      45.36       |      55.55      
   74564     |      47.71       |      57.98      
   74565     |      45.64       |      55.31      
   74566     |      41.70       |      51.03      
   74567     |      41.15       |      49.62      
   74568     |      36.01       |      43.41      
   74569     |      35.86       |      45.28      
   74570     |      39.49       |      49.20      
   74571     |      27.12       |      37.20      
   74572     |      35.86       |      46.26      
   74573     |      43.95       |      54.15      
   74576     |      46.15       |      55.53      
   74577     |      48.84       |      59.00      
   74578     |      35.60       |      45.07      
   74579     |      37.95       |      48.18      
   74580     |      42.11       |      52.42      
   74581     |      41.41       |      51.73      
   74588     |      42.69       |      52.44      
   74589     |      46.15       |      56.49      
   74590     |      19.90       |      27.99      
   74591     |      13.92       |      21.82      
   74592     |      12.36       |      16.96      
   74593     |      16.43       |      18.37      
   74594     |      16.72       |      18.00      
   74595     |      12.85       |      16.44      
   74596     |      18.66       |      14.10      
   74597     |      12.66       |       9.58      
   74598     |      17.47       |      10.71      
   74599     |      16.06       |       9.35      
   74600     |      16.80       |       9.72      
   74601     |      14.80       |       7.71      
   74602     |      11.24       |       7.04      
   74603     |      11.71       |       7.36      
   74604     |      10.02       |       7.77      
   74605     |       9.02       |       7.39      
   74606     |      10.37       |       6.80      
   74607     |       7.32       |       5.84      
   74608     |       4.75       |       8.40      
   74609     |       2.48       |       9.23      
   74610     |       2.90       |       8.57      
   74611     |       2.11       |      11.72      
   74612     |       2.06       |      11.63      
   74613     |       7.54       |      16.21      
   74614     |       5.24       |      11.67      
   74615     |       7.55       |      14.26      
   74616     |       8.99       |      16.90      
   74617     |       8.46       |      16.38      
   74618     |      14.02       |      23.19      
   74619     |      13.08       |      21.49      
   74620     |       9.30       |      15.75      
   74621     |       8.97       |      16.54      
   74622     |       8.09       |       9.96      
   74623     |       7.70       |       8.18      
   74624     |       8.07       |       7.75      
   74625     |       9.53       |       7.91      
   74626     |       7.48       |      10.65      
   74627     |       5.55       |      11.27      
   74628     |       6.02       |      13.37      
   74629     |       5.71       |      14.64      
   74630     |       6.49       |       5.86      
   74631     |       1.11       |       8.76      
   74632     |       8.78       |       1.08      
   74633     |       8.12       |       1.93      
   74634     |       7.74       |       2.26      
   74635     |       7.19       |       3.08      
   74636     |       9.39       |       1.49      
   74637     |       7.57       |       9.03      
   74638     |      11.07       |       6.70      
   74639     |      12.85       |      14.61      
   74640     |      14.64       |      12.86      
   74641     |      15.11       |      14.33      
   74642     |      17.35       |      13.85      
   74643     |      17.54       |      14.82      
   74644     |      21.15       |      15.75      
   74645     |      21.12       |      15.99      
   74646     |      25.57       |      18.67      
   74647     |      25.98       |      18.55      
   74648     |      25.21       |      17.98      
   74649     |      20.22       |      13.04      
   74650     |      21.96       |      14.31      
   74651     |      20.05       |      12.37      
   74652     |      25.80       |      17.19      
   74653     |      23.91       |      15.20      
   74654     |      36.30       |      27.03      
   74655     |      32.61       |      23.21      
   74656     |      43.89       |      34.43      
   74657     |      46.97       |      37.57      
   74658     |      48.95       |      39.55      
   74659     |      44.55       |      35.10      
   74660     |      53.41       |      43.96      
   74661     |      47.48       |      38.06      
   74662     |      54.30       |      44.90      
   74663     |      56.39       |      46.98      
   74664     |      56.21       |      46.81      
   74665     |      54.58       |      45.20      
   74666     |      55.26       |      45.91      
   74667     |      62.43       |      53.05      
   74668     |      51.99       |      42.64      
   74669     |      43.95       |      34.60      
   74670     |      39.41       |      30.07      
   74671     |      44.40       |      35.07      
   74672     |      37.96       |      28.68      
   74673     |      51.95       |      42.96      
   74674     |      47.59       |      38.74      
   74675     |      45.43       |      37.07      
   74676     |      49.27       |      40.72      
   74677     |      53.03       |      43.95      
   74678     |      56.04       |      46.92      
   74679     |      58.53       |      49.31      
   74680     |      57.90       |      48.69      
   74681     |      63.22       |      54.08      
   74682     |      51.05       |      42.09      
   74683     |      49.14       |      40.14      
   74684     |      43.47       |      34.63      
   74685     |      38.66       |      29.70      
   74686     |      43.49       |      34.44      
   74687     |      40.04       |      30.94      
   74688     |      51.21       |      42.07      
   74689     |      47.49       |      38.35      
   74690     |      49.94       |      40.82      
   74691     |      46.94       |      37.87      
   74692     |      49.91       |      40.85      
   74693     |      54.00       |      44.91      
   74694     |      58.12       |      49.05      
   74695     |      62.08       |      53.01      
   74696     |      64.77       |      55.70      
   74697     |      57.21       |      48.23      
   74698     |      58.03       |      49.06      
   74699     |      62.14       |      53.11      
   74700     |      56.23       |      47.20      
   74702     |      58.70       |      49.92      
   74792     |      41.37       |      51.33      
   74793     |      42.29       |      52.83      
   74795     |      36.94       |      47.91      
   74796     |      29.60       |      40.51      
   74797     |      29.87       |      40.77      
   74798     |      14.79       |      24.72      
   74799     |      29.11       |      38.59      
   74800     |      28.86       |      38.29      
   74801     |      40.13       |      49.38      
   74802     |      41.61       |      51.04      
   74803     |      44.52       |      53.89      
   74804     |      44.30       |      53.65      
   74805     |      36.79       |      46.26      
   74806     |      32.47       |      41.22      
   74807     |      22.51       |      31.33      
   74808     |      23.73       |      32.87      
   74809     |      29.42       |      38.44      
   74810     |      31.23       |      40.56      
   74811     |      26.32       |      35.75      
   74812     |      31.60       |      41.63      
   74813     |      27.32       |      37.48      
   74814     |      29.64       |      39.94      
   74815     |      37.14       |      47.21      
   74816     |      29.91       |      39.27      
   74817     |      36.93       |      46.12      
   74818     |      39.52       |      49.00      
   74819     |      45.49       |      54.83      
   74820     |      46.85       |      56.32      
   74821     |      47.32       |      57.05      
   74822     |      38.89       |      47.81      
   74823     |      39.62       |      49.21      
   74824     |      36.59       |      45.89      
   74825     |      37.44       |      47.32      
   74826     |      38.35       |      48.27      
   74827     |      39.54       |      49.78      
   74828     |      36.17       |      46.26      
   74829     |      38.13       |      48.16      
   74830     |      48.49       |      58.85      
   74831     |      47.27       |      57.45      
   74833     |      47.75       |      58.06      
   74834     |      42.15       |      52.29      
   74835     |      37.90       |      48.14      
   74836     |      43.19       |      53.56      
   74837     |      41.49       |      51.88      
   74838     |      46.58       |      57.03      
   74840     |      46.83       |      57.16      
   74844     |      47.80       |      57.97      
   74846     |      26.52       |      36.07      
   74847     |      13.26       |      23.29      
   74848     |      10.56       |       8.73      
   74849     |      11.49       |      13.63      
   74850     |      10.91       |      14.80      
   74851     |      17.00       |      17.31      
   74852     |      18.23       |      16.94      
   74853     |      12.54       |      13.81      
   74854     |      18.26       |      13.23      
   74855     |      14.23       |       9.90      
   74856     |      15.93       |      10.30      
   74857     |      12.67       |       7.54      
   74858     |      11.78       |       7.53      
   74859     |       6.10       |       5.71      
   74860     |       7.73       |       4.40      
   74861     |       5.38       |       5.02      
   74862     |       6.77       |       3.68      
   74863     |       6.56       |       3.79      
   74864     |       1.65       |       8.58      
   74865     |       4.07       |       7.25      
   74866     |       2.99       |      12.59      
   74867     |       5.83       |      15.79      
   74868     |       6.26       |      16.21      
   74869     |       6.12       |      16.08      
   74870     |       3.91       |      13.77      
   74871     |       8.88       |      17.95      
   74872     |       7.32       |      16.02      
   74873     |      12.65       |      20.89      
   74874     |      15.02       |      23.72      
   74875     |      14.95       |      23.59      
   74876     |       9.57       |      15.87      
   74877     |       6.61       |      12.34      
   74878     |       7.87       |       8.30      
   74879     |       7.99       |       8.96      
   74880     |       8.46       |       8.36      
   74881     |       8.70       |       8.38      
   74882     |      10.24       |       7.21      
   74883     |       3.25       |       8.10      
   74884     |       2.81       |      11.50      
   74885     |       2.77       |      12.12      
   74886     |       4.01       |       6.48      
   74887     |       6.27       |       5.57      
   74888     |       8.81       |       3.62      
   74889     |       9.14       |       3.74      
   74890     |       8.40       |       4.09      
   74891     |       8.02       |       4.04      
   74892     |      13.49       |       4.60      
   74893     |       9.22       |       0.78      
   74894     |      14.23       |       4.49      
   74895     |      10.45       |       5.77      
   74896     |      13.09       |       6.03      
   74897     |      12.23       |      10.14      
   74898     |      13.23       |       9.88      
   74899     |      13.36       |       8.56      
   74900     |      13.81       |       8.62      
   74901     |      15.68       |       7.14      
   74902     |      23.25       |      13.94      
   74903     |      21.54       |      12.79      
   74904     |      26.21       |      17.11      
   74905     |      22.18       |      15.94      
   74906     |      24.24       |      17.35      
   74907     |      23.74       |      17.79      
   74908     |      25.60       |      19.05      
   74909     |      26.36       |      18.88      
   74910     |      35.11       |      26.58      
   74911     |      37.50       |      29.08      
   74912     |      48.74       |      39.79      
   74913     |      47.60       |      38.61      
   74914     |      46.62       |      37.68      
   74915     |      44.61       |      35.60      
   74916     |      49.38       |      40.27      
   74917     |      50.57       |      41.50      
   74918     |      58.15       |      48.95      
   74919     |      46.29       |      36.88      
   74920     |      55.02       |      45.61      
   74921     |      56.52       |      47.13      
   74922     |      62.35       |      52.96      
   74923     |      61.41       |      52.02      
   74924     |      44.62       |      35.29      
   74925     |      44.36       |      35.03      
   74926     |      44.60       |      35.28      
   74927     |      48.60       |      39.36      
   74928     |      49.99       |      40.74      
   74929     |      55.70       |      46.56      
   74930     |      52.58       |      43.50      
   74931     |      49.15       |      40.59      
   74932     |      48.01       |      39.52      
   74933     |      48.67       |      40.02      
   74934     |      52.94       |      44.16      
   74935     |      55.99       |      46.88      
   74936     |      62.90       |      53.73      
   74937     |      54.98       |      45.76      
   74938     |      47.39       |      38.20      
   74939     |      48.96       |      39.79      
   74940     |      38.40       |      29.40      
   74941     |      42.56       |      33.68      
   74942     |      41.58       |      32.74      
   74943     |      41.07       |      32.22      
   74944     |      48.86       |      39.85      
   74945     |      42.00       |      32.88      
   74946     |      47.38       |      38.26      
   74947     |      50.28       |      41.19      
   74948     |      54.34       |      45.25      
   74949     |      49.46       |      40.37      
   74950     |      61.73       |      52.69      
   74951     |      57.37       |      48.43      
   74952     |      57.23       |      48.30      
   74953     |      61.43       |      52.42      
   74954     |      62.08       |      53.08      
   74955     |      66.53       |      57.50      
   74956     |      68.33       |      59.30      
   75049     |      38.25       |      49.22      
   75051     |      45.95       |      56.75      
   75052     |      31.03       |      41.93      
   75053     |      27.83       |      38.61      
   75054     |       2.29       |      12.32      
   75055     |      16.23       |      25.71      
   75056     |      14.30       |      22.96      
   75057     |      32.73       |      41.37      
   75058     |      35.01       |      44.10      
   75059     |      44.31       |      53.28      
   75060     |      45.81       |      54.99      
   75061     |      45.29       |      54.47      
   75062     |      44.43       |      53.48      
   75063     |      30.10       |      39.35      
   75064     |      28.45       |      37.37      
   75065     |      24.43       |      33.40      
   75066     |      26.16       |      35.48      
   75067     |      31.78       |      40.99      
   75068     |      37.72       |      47.63      
   75069     |      31.38       |      41.45      
   75070     |      31.22       |      41.28      
   75071     |      30.81       |      40.87      
   75072     |      22.88       |      31.82      
   75073     |      32.61       |      41.40      
   75074     |      36.17       |      45.49      
   75075     |      40.94       |      50.17      
   75076     |      47.10       |      56.88      
   75077     |      48.57       |      58.83      
   75078     |      40.92       |      50.79      
   75079     |      37.69       |      47.63      
   75080     |      38.83       |      48.83      
   75081     |      36.46       |      46.52      
   75082     |      39.92       |      50.11      
   75083     |      39.30       |      49.32      
   75084     |      37.30       |      47.21      
   75085     |      36.04       |      45.01      
   75086     |      49.00       |      58.93      
   75087     |      49.62       |      59.69      
   75090     |      45.67       |      55.89      
   75091     |      41.05       |      51.36      
   75092     |      44.65       |      55.03      
   75093     |      42.95       |      53.35      
   75094     |      43.80       |      54.21      
   75095     |      47.68       |      58.02      
   75096     |      45.34       |      55.62      
   75097     |      47.61       |      57.84      
   75102     |      32.78       |      41.15      
   75103     |      33.25       |      42.92      
   75104     |      19.50       |      22.10      
   75105     |      15.79       |      15.04      
   75106     |      17.41       |      14.85      
   75107     |      19.07       |      19.51      
   75108     |      18.53       |      19.94      
   75109     |      15.94       |      18.66      
   75110     |      19.10       |      16.88      
   75111     |      12.59       |      12.89      
   75112     |      15.23       |      12.10      
   75113     |      10.62       |       9.36      
   75114     |       9.31       |      10.25      
   75115     |       2.31       |      11.14      
   75116     |       5.62       |       5.98      
   75117     |       3.88       |       6.66      
   75118     |       6.53       |       4.10      
   75119     |       5.03       |       5.18      
   75120     |       3.94       |       6.26      
   75121     |       3.20       |       8.39      
   75122     |       6.04       |      15.70      
   75123     |       3.66       |      13.71      
   75124     |       6.12       |      16.18      
   75125     |       6.92       |      16.88      
   75126     |       8.07       |      18.03      
   75127     |      11.70       |      21.25      
   75128     |      10.82       |      20.29      
   75129     |      14.06       |      23.20      
   75130     |      11.73       |      20.54      
   75131     |      13.53       |      23.13      
   75132     |       4.56       |      11.65      
   75133     |       2.95       |       9.34      
   75134     |       4.57       |       6.76      
   75135     |       6.35       |       3.65      
   75136     |       0.79       |       9.31      
   75137     |       6.18       |       6.19      
   75138     |       4.45       |      12.64      
   75139     |      13.88       |      11.88      
   75140     |      12.27       |      13.47      
   75141     |       7.72       |      13.72      
   75142     |       9.59       |       8.31      
   75143     |       6.03       |       8.15      
   75144     |      11.24       |       4.85      
   75145     |       8.77       |       3.48      
   75146     |       9.70       |       3.12      
   75147     |       7.98       |       2.65      
   75148     |      14.14       |       4.58      
   75149     |      13.34       |       3.66      
   75150     |      15.89       |       6.18      
   75151     |      14.23       |       4.50      
   75152     |      12.88       |       3.19      
   75153     |      11.73       |       2.58      
   75154     |       8.94       |       2.05      
   75155     |       8.81       |       2.24      
   75156     |       9.22       |       2.06      
   75157     |      10.62       |       1.07      
   75158     |      24.59       |      14.94      
   75159     |      22.74       |      13.17      
   75160     |      25.17       |      15.61      
   75161     |      30.30       |      20.96      
   75162     |      23.33       |      14.29      
   75163     |      21.53       |      13.32      
   75164     |      31.14       |      22.10      
   75165     |      26.59       |      20.40      
   75166     |      44.34       |      35.77      
   75167     |      41.30       |      33.97      
   75168     |      50.80       |      42.61      
   75169     |      41.87       |      33.41      
   75170     |      45.86       |      37.20      
   75171     |      43.87       |      35.15      
   75172     |      51.00       |      42.04      
   75173     |      48.95       |      39.93      
   75174     |      48.13       |      39.15      
   75175     |      50.56       |      41.67      
   75176     |      58.54       |      49.46      
   75177     |      60.63       |      51.60      
   75178     |      63.79       |      54.71      
   75179     |      49.30       |      39.95      
   75180     |      44.54       |      35.23      
   75181     |      46.71       |      37.45      
   75182     |      48.50       |      39.24      
   75183     |      50.64       |      41.42      
   75184     |      54.82       |      45.58      
   75185     |      53.37       |      44.12      
   75186     |      51.26       |      42.04      
   75187     |      55.14       |      45.98      
   75188     |      51.60       |      42.50      
   75189     |      47.85       |      39.35      
   75190     |      50.27       |      41.67      
   75191     |      52.01       |      43.11      
   75192     |      57.62       |      48.61      
   75193     |      44.38       |      35.17      
   75194     |      48.27       |      39.07      
   75195     |      46.14       |      36.94      
   75196     |      40.34       |      31.16      
   75197     |      40.53       |      31.37      
   75198     |      39.12       |      29.97      
   75199     |      40.14       |      31.01      
   75200     |      41.97       |      32.85      
   75201     |      44.15       |      35.06      
   75202     |      50.15       |      41.04      
   75203     |      52.58       |      43.51      
   75204     |      50.19       |      41.15      
   75205     |      49.32       |      40.28      
   75206     |      57.86       |      48.79      
   75207     |      50.23       |      41.20      
   75208     |      61.40       |      52.43      
   75209     |      60.45       |      51.51      
   75210     |      66.42       |      57.52      
   75211     |      66.47       |      57.57      
   75305     |      47.88       |      58.86      
   75308     |      36.90       |      47.73      
   75309     |      33.52       |      44.39      
   75310     |      12.62       |      17.75      
   75311     |      13.52       |      18.91      
   75312     |      13.77       |      17.27      
   75313     |      24.95       |      30.81      
   75314     |      32.31       |      41.32      
   75315     |      35.66       |      44.63      
   75316     |      46.80       |      56.96      
   75317     |      38.81       |      49.15      
   75318     |      42.69       |      53.20      
   75319     |      34.81       |      45.49      
   75320     |      25.87       |      36.10      
   75321     |      22.68       |      33.01      
   75322     |      21.50       |      31.71      
   75323     |      22.79       |      32.94      
   75324     |      28.83       |      39.34      
   75325     |      35.61       |      45.91      
   75326     |      32.71       |      42.83      
   75327     |      30.69       |      40.85      
   75328     |      23.37       |      32.67      
   75329     |      21.32       |      30.66      
   75330     |      27.40       |      37.50      
   75331     |      33.17       |      43.09      
   75332     |      41.36       |      51.71      
   75333     |      49.30       |      59.47      
   75334     |      41.82       |      51.55      
   75335     |      41.54       |      51.07      
   75336     |      41.68       |      51.21      
   75337     |      42.37       |      52.29      
   75338     |      40.75       |      50.55      
   75339     |      40.56       |      50.25      
   75340     |      35.11       |      44.26      
   75341     |      36.05       |      45.96      
   75342     |      46.74       |      57.05      
   75343     |      48.09       |      58.37      
   75346     |      48.67       |      59.04      
   75347     |      44.03       |      54.46      
   75348     |      42.82       |      53.23      
   75349     |      44.77       |      55.13      
   75350     |      37.05       |      47.16      
   75351     |      47.31       |      57.22      
   75352     |      48.07       |      58.01      
   75353     |      47.29       |      56.98      
   75358     |      39.12       |      47.86      
   75359     |      39.15       |      47.74      
   75360     |      29.35       |      31.38      
   75361     |      21.43       |      27.53      
   75362     |      22.93       |      21.38      
   75363     |      18.11       |      18.13      
   75364     |      16.97       |      19.67      
   75365     |      19.29       |      20.84      
   75366     |      19.56       |      20.49      
   75367     |      13.81       |      17.89      
   75368     |      15.31       |      15.29      
   75369     |       4.99       |      14.13      
   75370     |       4.08       |      11.98      
   75371     |       3.26       |      13.11      
   75372     |       4.20       |       7.27      
   75373     |       3.28       |       7.63      
   75374     |       4.92       |       5.96      
   75375     |       2.50       |       9.10      
   75376     |       2.90       |       8.38      
   75377     |       5.56       |      12.30      
   75378     |       6.09       |      13.70      
   75379     |       1.96       |       8.31      
   75380     |       6.92       |      16.97      
   75381     |       9.24       |      19.00      
   75382     |      11.51       |      21.32      
   75383     |      21.17       |      30.06      
   75384     |      12.98       |      20.27      
   75385     |      14.22       |      23.24      
   75386     |      11.91       |      20.59      
   75387     |       2.68       |      12.68      
   75388     |       0.78       |       9.32      
   75389     |       1.82       |       8.37      
   75390     |       6.28       |       3.92      
   75391     |       4.81       |       5.21      
   75392     |       6.76       |       3.22      
   75393     |       4.36       |      10.31      
   75394     |       6.29       |      15.31      
   75395     |       2.55       |      11.98      
   75396     |       4.87       |      14.61      
   75397     |       7.02       |       8.47      
   75398     |       9.09       |       6.48      
   75399     |       8.18       |       6.30      
   75400     |      13.25       |       5.61      
   75401     |      10.76       |       3.30      
   75402     |      15.02       |       5.81      
   75403     |       9.74       |       1.62      
   75404     |      16.58       |       6.91      
   75405     |      14.92       |       5.94      
   75406     |      14.27       |       5.45      
   75407     |      16.11       |       6.46      
   75408     |      12.01       |       2.65      
   75409     |      12.87       |       3.19      
   75410     |       9.57       |       0.66      
   75411     |       8.84       |       1.67      
   75412     |      12.80       |       3.35      
   75413     |      10.15       |       4.67      
   75414     |      25.17       |      15.77      
   75415     |      23.24       |      13.74      
   75416     |      29.67       |      20.11      
   75417     |      25.13       |      15.54      
   75418     |      22.26       |      12.69      
   75419     |      26.29       |      16.78      
   75420     |      29.84       |      20.32      
   75421     |      38.06       |      28.81      
   75422     |      41.43       |      32.13      
   75423     |      49.57       |      40.53      
   75424     |      40.97       |      32.25      
   75425     |      45.02       |      36.47      
   75426     |      44.59       |      36.07      
   75427     |      43.58       |      35.04      
   75428     |      49.69       |      40.87      
   75429     |      50.86       |      42.09      
   75430     |      51.06       |      42.28      
   75431     |      54.71       |      46.06      
   75432     |      61.42       |      52.55      
   75433     |      53.65       |      44.58      
   75434     |      51.04       |      42.05      
   75435     |      40.97       |      31.71      
   75436     |      46.43       |      37.13      
   75437     |      46.02       |      36.72      
   75438     |      49.92       |      40.61      
   75439     |      50.71       |      41.42      
   75440     |      52.94       |      43.65      
   75441     |      49.94       |      40.64      
   75442     |      53.24       |      43.95      
   75443     |      55.96       |      46.68      
   75444     |      50.08       |      40.85      
   75445     |      54.12       |      44.95      
   75446     |      47.10       |      38.03      
   75447     |      43.93       |      34.81      
   75448     |      45.25       |      36.13      
   75449     |      38.15       |      28.94      
   75450     |      45.93       |      36.72      
   75451     |      42.60       |      33.42      
   75452     |      39.76       |      30.59      
   75453     |      38.39       |      29.25      
   75454     |      39.05       |      29.93      
   75455     |      38.00       |      28.91      
   75456     |      43.11       |      34.06      
   75457     |      51.49       |      42.37      
   75458     |      52.12       |      43.01      
   75459     |      52.59       |      43.49      
   75460     |      49.08       |      40.00      
   75461     |      53.20       |      44.18      
   75462     |      51.14       |      42.15      
   75463     |      46.63       |      37.58      
   75464     |      60.61       |      51.56      
   75465     |      51.02       |      42.16      
   75466     |      66.57       |      57.80      
   75467     |      65.43       |      56.70      
   75560     |      39.01       |      50.01      
   75564     |      45.55       |      55.28      
   75565     |      45.65       |      55.66      
   75566     |      27.54       |      30.67      
   75567     |      24.67       |      29.07      
   75568     |      24.70       |      29.17      
   75569     |      18.64       |      21.43      
   75570     |      30.32       |      40.41      
   75571     |      26.99       |      37.17      
   75572     |      40.52       |      51.28      
   75573     |      42.89       |      53.60      
   75574     |      41.31       |      51.98      
   75575     |      41.66       |      52.31      
   75576     |      31.24       |      41.36      
   75577     |      25.57       |      35.86      
   75578     |      23.89       |      34.03      
   75579     |      21.49       |      31.71      
   75580     |      25.69       |      36.18      
   75581     |      29.66       |      40.01      
   75582     |      28.16       |      38.41      
   75583     |      32.77       |      42.87      
   75584     |      26.24       |      35.61      
   75585     |      22.82       |      32.26      
   75586     |      25.14       |      34.91      
   75587     |      29.64       |      39.28      
   75588     |      42.00       |      52.39      
   75589     |      40.86       |      51.27      
   75590     |      45.29       |      55.80      
   75591     |      33.79       |      44.45      
   75592     |      31.51       |      42.14      
   75593     |      37.99       |      48.52      
   75594     |      31.21       |      41.56      
   75595     |      37.61       |      47.78      
   75596     |      41.12       |      51.42      
   75597     |      32.52       |      42.99      
   75598     |      39.43       |      49.99      
   75599     |      45.42       |      55.88      
   75600     |      42.48       |      52.89      
   75604     |      47.50       |      57.22      
   75605     |      47.73       |      57.53      
   75606     |      37.53       |      46.40      
   75607     |      44.60       |      53.40      
   75608     |      49.69       |      59.02      
   75609     |      49.01       |      57.64      
   75614     |      43.23       |      51.20      
   75615     |      43.04       |      51.71      
   75616     |      32.97       |      37.55      
   75617     |      27.82       |      35.28      
   75618     |      24.52       |      24.93      
   75619     |      14.94       |      20.13      
   75620     |      15.42       |      16.90      
   75621     |       8.99       |      15.25      
   75622     |       8.95       |      13.78      
   75623     |       5.90       |      16.05      
   75624     |       3.64       |      13.46      
   75625     |       5.83       |      16.01      
   75626     |       2.32       |      12.42      
   75627     |       1.47       |      11.74      
   75628     |       3.11       |       7.17      
   75629     |       2.52       |       7.76      
   75630     |       1.13       |       9.24      
   75631     |       2.69       |      11.14      
   75632     |       3.08       |      12.03      
   75633     |       6.10       |      14.57      
   75634     |       5.17       |       8.48      
   75635     |       5.27       |       8.76      
   75636     |       9.76       |      18.96      
   75637     |       7.10       |      16.68      
   75638     |      20.05       |      29.96      
   75639     |      20.06       |      29.96      
   75640     |       9.56       |      19.26      
   75641     |      11.16       |      20.65      
   75642     |       4.58       |      12.57      
   75643     |       1.81       |       8.24      
   75644     |       1.84       |       8.19      
   75645     |       2.38       |      10.54      
   75646     |       5.37       |       5.34      
   75647     |       5.28       |       5.55      
   75648     |      12.92       |       3.22      
   75649     |       7.46       |       4.61      
   75650     |       3.17       |      11.73      
   75651     |       7.38       |      15.71      
   75652     |      16.88       |      26.49      
   75653     |       7.09       |      15.78      
   75654     |       6.49       |       7.06      
   75655     |       9.68       |       7.37      
   75656     |      14.44       |       7.24      
   75657     |      13.57       |       6.43      
   75658     |      18.05       |       9.33      
   75659     |      15.07       |       6.00      
   75660     |      21.25       |      11.70      
   75661     |      16.47       |       6.74      
   75662     |      16.15       |       6.44      
   75663     |      14.23       |       5.38      
   75664     |      12.53       |       4.29      
   75665     |      12.28       |       4.05      
   75666     |      14.17       |       5.33      
   75667     |      11.87       |       7.04      
   75668     |      20.40       |      11.84      
   75669     |      17.98       |      13.05      
   75670     |      24.94       |      17.35      
   75671     |      25.75       |      17.54      
   75672     |      27.78       |      19.33      
   75673     |      26.96       |      18.49      
   75674     |      28.34       |      19.74      
   75675     |      35.74       |      27.41      
   75676     |      46.25       |      37.30      
   75677     |      42.90       |      34.91      
   75678     |      47.93       |      39.57      
   75679     |      50.24       |      41.35      
   75680     |      44.59       |      35.92      
   75681     |      44.52       |      35.86      
   75682     |      43.43       |      34.84      
   75683     |      52.98       |      44.71      
   75684     |      52.91       |      44.65      
   75685     |      58.82       |      50.73      
   75686     |      57.50       |      49.51      
   75687     |      50.52       |      42.36      
   75688     |      56.26       |      47.78      
   75689     |      40.88       |      31.92      
   75690     |      41.98       |      32.99      
   75691     |      34.81       |      25.59      
   75692     |      45.90       |      36.58      
   75693     |      44.65       |      35.33      
   75694     |      50.25       |      40.92      
   75695     |      50.66       |      41.34      
   75696     |      53.00       |      43.69      
   75697     |      50.75       |      41.51      
   75698     |      61.76       |      52.48      
   75699     |      58.11       |      49.00      
   75700     |      51.99       |      43.01      
   75701     |      54.13       |      44.96      
   75702     |      44.79       |      35.78      
   75703     |      38.99       |      29.86      
   75704     |      39.19       |      30.07      
   75705     |      34.74       |      25.55      
   75706     |      43.22       |      34.01      
   75707     |      37.65       |      28.50      
   75708     |      38.29       |      29.16      
   75709     |      38.16       |      29.04      
   75710     |      38.03       |      28.92      
   75711     |      41.54       |      32.40      
   75712     |      50.96       |      41.86      
   75713     |      54.82       |      45.69      
   75714     |      52.48       |      43.37      
   75715     |      55.87       |      46.79      
   75716     |      52.96       |      43.91      
   75717     |      51.18       |      42.12      
   75718     |      46.73       |      37.70      
   75719     |      40.90       |      31.85      
   75720     |      50.97       |      41.96      
   75721     |      50.80       |      41.80      
   75722     |      65.25       |      56.31      
   75816     |      33.64       |      44.24      
   75817     |      46.09       |      56.39      
   75822     |      42.64       |      45.90      
   75823     |      33.62       |      40.35      
   75824     |      38.88       |      47.64      
   75825     |       8.66       |      17.83      
   75826     |      28.30       |      39.20      
   75827     |      25.32       |      36.18      
   75828     |      28.50       |      39.32      
   75829     |      39.73       |      50.56      
   75830     |      35.56       |      46.32      
   75831     |      41.41       |      52.06      
   75832     |      30.39       |      40.48      
   75833     |      31.61       |      41.66      
   75834     |      31.91       |      41.97      
   75835     |      23.03       |      33.37      
   75836     |      29.70       |      40.34      
   75837     |      24.19       |      34.93      
   75838     |      15.18       |      25.55      
   75839     |      30.32       |      40.13      
   75840     |      26.86       |      36.21      
   75841     |      26.36       |      35.71      
   75842     |      33.50       |      43.60      
   75843     |      22.15       |      32.57      
   75844     |      34.40       |      45.07      
   75845     |      40.38       |      50.96      
   75846     |      44.08       |      54.70      
   75847     |      44.20       |      54.82      
   75848     |      40.54       |      51.10      
   75849     |      31.10       |      41.75      
   75850     |      26.44       |      37.05      
   75851     |      29.63       |      40.19      
   75852     |      29.78       |      40.33      
   75853     |      40.90       |      51.23      
   75854     |      37.74       |      47.93      
   75855     |      43.48       |      53.54      
   75856     |      34.17       |      43.34      
   75870     |      46.44       |      54.52      
   75871     |      46.64       |      55.16      
   75872     |      36.75       |      43.14      
   75873     |      35.83       |      43.04      
   75874     |      30.20       |      33.81      
   75875     |      23.79       |      31.92      
   75876     |      19.06       |      23.61      
   75877     |      17.79       |      28.15      
   75878     |       6.15       |      16.22      
   75879     |       8.00       |      18.30      
   75880     |       5.91       |      16.21      
   75881     |       5.09       |      15.36      
   75882     |       2.14       |      12.11      
   75883     |       3.96       |      14.05      
   75884     |       2.53       |       7.76      
   75885     |       2.39       |       7.99      
   75886     |       1.41       |      11.04      
   75887     |       1.43       |      11.20      
   75888     |       4.81       |      14.75      
   75889     |       9.78       |      18.86      
   75890     |       5.19       |       8.74      
   75891     |      12.08       |      17.62      
   75892     |      12.35       |      18.17      
   75893     |       7.29       |      12.56      
   75894     |      20.39       |      29.69      
   75895     |       8.87       |      18.76      
   75896     |      11.94       |      21.93      
   75897     |      11.60       |      21.52      
   75898     |       4.23       |      10.16      
   75899     |       3.24       |      13.24      
   75900     |       0.84       |      10.76      
   75901     |       1.26       |      11.04      
   75902     |       4.28       |       5.73      
   75903     |       3.88       |       6.30      
   75904     |       9.93       |       0.34      
   75905     |      12.96       |       3.98      
   75906     |       4.38       |      12.11      
   75907     |       4.20       |      12.39      
   75908     |      15.30       |      24.92      
   75909     |      16.89       |      26.70      
   75910     |       7.50       |       3.07      
   75911     |       4.92       |       5.00      
   75912     |      20.86       |      11.03      
   75913     |      15.88       |       8.44      
   75914     |      19.35       |      10.94      
   75915     |      19.64       |      11.01      
   75916     |      21.89       |      12.99      
   75917     |      22.69       |      13.47      
   75918     |      21.45       |      12.35      
   75919     |      19.37       |      11.67      
   75920     |      17.55       |      10.42      
   75921     |      16.34       |      11.86      
   75922     |      24.90       |      17.05      
   75923     |      23.09       |      19.13      
   75924     |      34.58       |      26.98      
   75925     |      33.17       |      28.89      
   75926     |      37.46       |      31.76      
   75927     |      37.41       |      32.97      
   75928     |      40.05       |      34.80      
   75929     |      40.02       |      35.19      
   75930     |      49.38       |      42.58      
   75931     |      48.51       |      43.03      
   75932     |      52.85       |      46.58      
   75933     |      54.18       |      46.82      
   75934     |      49.77       |      42.98      
   75935     |      51.26       |      43.54      
   75936     |      48.72       |      41.30      
   75937     |      47.24       |      39.81      
   75938     |      53.88       |      45.84      
   75939     |      60.80       |      52.92      
   75940     |      60.02       |      52.21      
   75941     |      55.21       |      47.30      
   75942     |      52.45       |      44.78      
   75943     |      42.92       |      35.03      
   75944     |      44.23       |      36.23      
   75945     |      40.47       |      32.36      
   75946     |      38.55       |      30.63      
   75947     |      37.78       |      29.85      
   75948     |      47.67       |      39.04      
   75949     |      46.31       |      37.65      
   75950     |      52.48       |      43.60      
   75951     |      53.02       |      44.17      
   75952     |      60.34       |      51.30      
   75953     |      58.96       |      50.15      
   75954     |      62.28       |      53.39      
   75955     |      64.26       |      55.15      
   75956     |      47.42       |      38.77      
   75957     |      50.58       |      41.45      
   75958     |      38.66       |      29.84      
   75959     |      39.76       |      30.74      
   75960     |      39.50       |      30.51      
   75961     |      37.93       |      29.26      
   75962     |      40.05       |      31.30      
   75963     |      40.98       |      32.06      
   75964     |      39.89       |      31.02      
   75965     |      40.87       |      31.87      
   75966     |      46.79       |      37.73      
   75967     |      45.01       |      36.10      
   75968     |      55.23       |      46.18      
   75969     |      52.22       |      43.14      
   75970     |      55.88       |      46.79      
   75971     |      49.63       |      40.54      
   75972     |      50.83       |      41.76      
   75973     |      52.78       |      43.71      
   75974     |      41.20       |      32.17      
   75975     |      48.67       |      39.80      
   75976     |      51.84       |      42.93      
   75977     |      54.16       |      45.31      
   76072     |      36.03       |      46.27      
   76073     |      36.16       |      46.39      
   76074     |      43.04       |      53.69      
   76075     |      46.93       |      57.49      
   76076     |      34.67       |      44.08      
   76077     |      44.21       |      53.51      
   76078     |      39.25       |      47.55      
   76079     |      25.33       |      33.44      
   76080     |      39.13       |      49.55      
   76081     |      27.85       |      38.56      
   76082     |      29.14       |      39.89      
   76083     |      30.22       |      40.93      
   76084     |      29.75       |      40.43      
   76085     |      31.30       |      41.93      
   76086     |      35.02       |      45.75      
   76087     |      36.16       |      46.86      
   76088     |      27.14       |      37.43      
   76089     |      29.91       |      40.10      
   76090     |      32.31       |      42.66      
   76091     |      30.15       |      40.54      
   76092     |      30.59       |      41.00      
   76093     |      31.23       |      41.61      
   76094     |      23.34       |      32.98      
   76095     |      17.07       |      26.90      
   76096     |      26.17       |      36.73      
   76097     |      20.33       |      31.02      
   76098     |      30.82       |      41.54      
   76099     |      28.23       |      38.92      
   76100     |      23.62       |      34.32      
   76101     |      35.47       |      46.05      
   76102     |      33.77       |      44.30      
   76103     |      47.42       |      57.66      
   76104     |      45.97       |      56.15      
   76105     |      43.26       |      53.48      
   76106     |      37.94       |      47.88      
   76107     |      29.74       |      39.85      
   76108     |      31.35       |      41.55      
   76109     |      32.33       |      42.50      
   76110     |      35.73       |      46.05      
   76111     |      37.15       |      47.43      
   76112     |      25.15       |      34.26      
   76113     |      35.01       |      44.02      
   76114     |      29.89       |      37.69      
   76116     |      51.83       |      59.82      
   76117     |      52.13       |      58.94      
   76126     |      46.87       |      55.37      
   76127     |      47.34       |      56.45      
   76128     |      35.77       |      43.00      
   76129     |      35.26       |      43.38      
   76130     |      31.13       |      38.12      
   76131     |      30.07       |      38.85      
   76132     |      28.77       |      37.30      
   76133     |      31.41       |      41.66      
   76134     |      13.75       |      22.52      
   76135     |      16.19       |      26.52      
   76136     |       6.15       |      16.06      
   76137     |       6.11       |      15.93      
   76138     |       5.63       |      15.33      
   76139     |       5.63       |      15.33      
   76140     |       4.16       |       9.90      
   76141     |       2.31       |      10.55      
   76142     |       2.56       |      11.94      
   76143     |       7.29       |      16.75      
   76144     |      15.96       |      25.74      
   76145     |      12.21       |      19.60      
   76146     |      10.29       |      16.53      
   76147     |      10.20       |      16.78      
   76148     |       8.94       |      13.23      
   76149     |       6.12       |       5.03      
   76150     |       7.77       |      17.24      
   76151     |       3.59       |      13.70      
   76152     |      10.30       |      20.37      
   76153     |       8.23       |      15.53      
   76154     |       8.85       |      16.78      
   76155     |       9.02       |      16.66      
   76156     |       8.42       |      15.21      
   76157     |       7.81       |      15.48      
   76158     |       7.88       |      10.57      
   76159     |       3.57       |      11.42      
   76160     |       7.38       |       5.69      
   76161     |       9.96       |       1.01      
   76162     |       0.85       |       9.11      
   76163     |       2.20       |      11.29      
   76164     |       3.58       |      13.18      
   76165     |      17.83       |      26.34      
   76166     |      18.43       |      13.58      
   76167     |      19.04       |      17.12      
   76168     |      28.99       |      21.98      
   76169     |      28.76       |      22.16      
   76170     |      27.76       |      21.47      
   76171     |      27.56       |      22.15      
   76172     |      28.87       |      23.02      
   76173     |      29.02       |      22.69      
   76174     |      29.16       |      22.81      
   76175     |      29.09       |      22.87      
   76176     |      28.92       |      22.77      
   76177     |      28.72       |      25.02      
   76178     |      32.78       |      27.43      
   76179     |      32.79       |      27.39      
   76180     |      38.50       |      31.70      
   76181     |      38.37       |      31.74      
   76182     |      39.06       |      32.31      
   76183     |      38.43       |      32.94      
   76184     |      41.77       |      35.52      
   76185     |      41.43       |      36.44      
   76186     |      51.48       |      44.53      
   76187     |      51.03       |      44.55      
   76188     |      48.69       |      42.62      
   76189     |      49.37       |      42.49      
   76190     |      48.03       |      41.37      
   76191     |      48.45       |      41.42      
   76192     |      48.76       |      41.70      
   76193     |      52.53       |      45.49      
   76194     |      58.30       |      50.65      
   76195     |      59.58       |      51.44      
   76196     |      55.59       |      47.77      
   76197     |      48.47       |      40.50      
   76198     |      44.19       |      36.66      
   76199     |      40.17       |      32.57      
   76200     |      41.64       |      33.87      
   76201     |      40.78       |      33.01      
   76202     |      38.99       |      31.43      
   76203     |      43.75       |      36.31      
   76204     |      49.18       |      41.22      
   76205     |      52.43       |      44.56      
   76206     |      56.56       |      48.40      
   76207     |      54.84       |      46.65      
   76208     |      60.65       |      52.17      
   76209     |      62.09       |      53.30      
   76210     |      56.55       |      47.98      
   76211     |      60.12       |      51.01      
   76212     |      43.62       |      34.98      
   76213     |      45.27       |      36.30      
   76214     |      37.26       |      28.61      
   76215     |      38.22       |      29.34      
   76216     |      40.92       |      31.97      
   76217     |      40.31       |      31.47      
   76218     |      43.49       |      34.57      
   76219     |      41.48       |      33.00      
   76220     |      45.97       |      37.30      
   76221     |      44.09       |      35.98      
   76222     |      54.91       |      46.27      
   76223     |      52.68       |      44.54      
   76224     |      56.50       |      48.18      
   76225     |      46.36       |      37.79      
   76226     |      51.86       |      43.12      
   76227     |      43.56       |      34.61      
   76228     |      53.30       |      44.26      
   76229     |      55.82       |      46.83      
   76230     |      48.59       |      39.70      
   76231     |      55.18       |      46.46      
   76232     |      54.86       |      46.16      
   76233     |      56.95       |      48.31      
   76328     |      37.61       |      48.34      
   76329     |      31.58       |      42.44      
   76330     |      41.33       |      52.32      
   76331     |      38.57       |      49.56      
   76332     |      30.31       |      41.23      
   76333     |      24.43       |      35.40      
   76334     |      22.62       |      33.58      
   76335     |      23.42       |      34.35      
   76336     |      21.25       |      32.15      
   76337     |      38.64       |      49.13      
   76338     |      27.87       |      37.20      
   76339     |      38.22       |      47.43      
   76340     |      40.98       |      50.58      
   76341     |      35.49       |      45.18      
   76342     |      41.55       |      51.77      
   76343     |      38.10       |      48.39      
   76344     |      30.48       |      40.04      
   76345     |      30.87       |      40.41      
   76346     |      32.07       |      41.76      
   76347     |      36.58       |      46.17      
   76348     |      34.53       |      43.85      
   76349     |      37.00       |      46.27      
   76350     |      38.65       |      48.13      
   76351     |      22.58       |      32.40      
   76352     |      34.15       |      44.71      
   76353     |      24.85       |      35.58      
   76354     |      27.77       |      38.50      
   76355     |      31.93       |      42.61      
   76356     |      29.07       |      39.70      
   76357     |      24.27       |      34.95      
   76358     |      26.98       |      37.66      
   76359     |      32.97       |      43.58      
   76360     |      32.84       |      43.43      
   76361     |      44.44       |      54.83      
   76362     |      36.19       |      46.20      
   76363     |      37.78       |      47.74      
   76364     |      40.48       |      50.59      
   76365     |      30.66       |      40.97      
   76366     |      37.27       |      47.78      
   76367     |      33.99       |      44.52      
   76368     |      17.99       |      27.51      
   76369     |      24.03       |      33.41      
   76370     |      18.56       |      25.99      
   76371     |      29.79       |      37.61      
   76372     |      36.58       |      45.79      
   76373     |      37.74       |      46.92      
   76374     |      43.27       |      52.95      
   76375     |      44.40       |      54.06      
   76382     |      48.19       |      57.20      
   76383     |      48.33       |      57.48      
   76384     |      38.16       |      45.87      
   76385     |      38.40       |      47.79      
   76386     |      31.61       |      40.16      
   76387     |      31.67       |      40.70      
   76388     |      37.36       |      46.92      
   76389     |      37.06       |      46.37      
   76390     |      28.87       |      36.87      
   76391     |      28.87       |      38.37      
   76392     |      18.36       |      24.82      
   76393     |      16.63       |      25.18      
   76394     |      13.99       |      21.01      
   76395     |      12.95       |      22.68      
   76396     |       7.60       |      13.78      
   76397     |       6.61       |      16.86      
   76398     |      10.83       |      21.06      
   76399     |       7.00       |      16.79      
   76400     |       8.31       |      18.13      
   76401     |      17.07       |      27.23      
   76402     |       7.68       |      17.31      
   76403     |      11.08       |      15.69      
   76404     |      11.61       |      14.16      
   76405     |       8.99       |      13.70      
   76406     |      10.04       |      17.88      
   76407     |      10.15       |      17.80      
   76408     |       9.58       |      16.51      
   76409     |      11.50       |      16.41      
   76410     |      12.21       |      19.01      
   76411     |      15.75       |      19.50      
   76412     |      16.13       |      21.66      
   76413     |      16.12       |      21.67      
   76414     |      15.74       |      19.97      
   76415     |      13.04       |      19.76      
   76416     |      12.52       |      15.00      
   76417     |      10.87       |      10.03      
   76418     |      10.37       |      10.33      
   76419     |      12.55       |      15.60      
   76420     |      12.43       |      16.10      
   76421     |      14.62       |      19.11      
   76422     |      20.63       |      16.14      
   76423     |      20.64       |      16.37      
   76424     |      31.31       |      23.56      
   76425     |      30.39       |      23.78      
   76426     |      30.23       |      23.68      
   76427     |      29.97       |      24.24      
   76428     |      30.36       |      24.52      
   76429     |      30.31       |      24.79      
   76430     |      32.73       |      26.52      
   76431     |      32.56       |      26.98      
   76432     |      35.66       |      29.29      
   76433     |      35.35       |      30.55      
   76434     |      37.55       |      32.09      
   76435     |      37.58       |      33.09      
   76436     |      44.74       |      38.44      
   76437     |      44.48       |      38.86      
   76438     |      43.26       |      37.94      
   76439     |      43.37       |      37.50      
   76440     |      45.81       |      39.47      
   76441     |      45.52       |      39.96      
   76442     |      51.74       |      45.05      
   76443     |      51.89       |      45.04      
   76444     |      47.27       |      41.20      
   76445     |      47.40       |      41.12      
   76446     |      46.92       |      40.74      
   76447     |      47.39       |      40.62      
   76448     |      51.30       |      44.00      
   76449     |      48.79       |      41.49      
   76450     |      56.39       |      48.36      
   76451     |      49.61       |      41.45      
   76452     |      48.19       |      40.15      
   76453     |      44.72       |      36.61      
   76454     |      40.09       |      32.47      
   76455     |      41.25       |      33.66      
   76456     |      41.39       |      33.80      
   76457     |      39.21       |      31.57      
   76458     |      41.93       |      34.00      
   76459     |      44.29       |      36.45      
   76460     |      50.37       |      42.06      
   76461     |      48.15       |      39.79      
   76462     |      52.74       |      44.15      
   76463     |      49.31       |      40.63      
   76464     |      57.60       |      48.65      
   76465     |      51.45       |      42.38      
   76466     |      52.88       |      43.79      
   76467     |      54.17       |      45.11      
   76468     |      44.65       |      35.87      
   76469     |      43.86       |      35.28      
   76470     |      36.37       |      28.34      
   76471     |      37.55       |      28.97      
   76472     |      42.41       |      33.63      
   76473     |      42.17       |      33.44      
   76474     |      48.81       |      39.89      
   76475     |      46.41       |      37.97      
   76476     |      49.83       |      41.25      
   76477     |      48.47       |      40.26      
   76478     |      55.49       |      46.94      
   76479     |      50.89       |      42.25      
   76480     |      46.85       |      38.39      
   76481     |      51.99       |      43.67      
   76482     |      47.49       |      39.44      
   76483     |      53.20       |      45.31      
   76484     |      59.71       |      51.47      
   76485     |      48.28       |      39.72      
   76486     |      55.05       |      46.30      
   76487     |      57.07       |      48.38      
   76488     |      56.79       |      48.11      
   76489     |      55.99       |      47.31      
   76585     |      34.70       |      45.69      
   76586     |      38.21       |      49.21      
   76587     |      41.66       |      52.64      
   76588     |      37.03       |      47.94      
   76589     |      29.24       |      40.22      
   76590     |      25.99       |      36.95      
   76591     |      22.26       |      33.21      
   76592     |      15.75       |      26.66      
   76593     |      22.55       |      33.26      
   76594     |      16.07       |      26.10      
   76595     |      25.86       |      35.61      
   76596     |      31.02       |      41.34      
   76597     |      37.56       |      47.71      
   76598     |      37.98       |      48.16      
   76599     |      42.61       |      52.68      
   76600     |      39.58       |      49.38      
   76601     |      27.97       |      38.02      
   76602     |      32.64       |      43.03      
   76603     |      27.49       |      38.01      
   76604     |      22.31       |      32.45      
   76605     |      31.48       |      41.35      
   76606     |      33.60       |      43.65      
   76607     |      35.54       |      45.54      
   76608     |      41.17       |      51.49      
   76609     |      35.04       |      45.49      
   76610     |      33.49       |      43.85      
   76611     |      30.42       |      40.85      
   76612     |      36.29       |      46.88      
   76613     |      28.23       |      38.93      
   76614     |      30.63       |      41.32      
   76615     |      26.50       |      37.17      
   76616     |      24.45       |      35.11      
   76617     |      32.73       |      43.34      
   76618     |      26.16       |      36.60      
   76619     |      34.72       |      44.95      
   76620     |      32.01       |      42.07      
   76621     |      42.15       |      52.01      
   76622     |      39.02       |      48.61      
   76623     |      44.10       |      53.61      
   76624     |      34.53       |      42.54      
   76625     |      25.15       |      32.90      
   76626     |      27.22       |      35.67      
   76627     |      15.88       |      24.10      
   76628     |      25.56       |      35.70      
   76629     |      32.59       |      42.55      
   76630     |      34.02       |      44.06      
   76631     |      42.09       |      51.96      
   76633     |      49.05       |      58.82      
   76638     |      49.06       |      58.13      
   76639     |      48.88       |      57.69      
   76640     |      45.78       |      54.20      
   76641     |      46.03       |      55.19      
   76642     |      38.12       |      46.22      
   76643     |      38.22       |      47.51      
   76644     |      37.73       |      46.95      
   76645     |      37.60       |      46.25      
   76646     |      36.24       |      44.66      
   76647     |      36.22       |      45.27      
   76648     |      26.65       |      33.41      
   76649     |      25.58       |      35.24      
   76650     |      18.35       |      26.82      
   76651     |      18.70       |      28.50      
   76652     |      12.27       |      20.85      
   76653     |      13.62       |      23.82      
   76654     |      11.83       |      21.96      
   76655     |      11.49       |      19.13      
   76656     |      13.96       |      22.82      
   76657     |      18.30       |      22.78      
   76658     |      18.27       |      22.23      
   76659     |      17.07       |      21.80      
   76660     |      17.01       |      20.91      
   76661     |      15.14       |      20.36      
   76662     |      15.76       |      22.18      
   76663     |      15.09       |      22.21      
   76664     |      13.72       |      18.35      
   76665     |      13.78       |      18.36      
   76666     |      13.79       |      17.76      
   76667     |      16.48       |      18.72      
   76668     |      16.49       |      21.99      
   76669     |      18.96       |      22.72      
   76670     |      19.47       |      24.86      
   76671     |      20.04       |      25.00      
   76672     |      19.70       |      23.17      
   76673     |      16.99       |      19.06      
   76674     |      17.82       |      18.17      
   76675     |      17.56       |      17.61      
   76676     |      17.66       |      17.56      
   76677     |      21.04       |      23.37      
   76678     |      24.47       |      22.15      
   76679     |      23.84       |      20.02      
   76680     |      34.88       |      27.45      
   76681     |      34.50       |      27.57      
   76682     |      34.22       |      27.37      
   76683     |      33.85       |      28.10      
   76684     |      32.59       |      27.25      
   76685     |      32.59       |      27.21      
   76686     |      36.88       |      30.39      
   76687     |      36.63       |      31.18      
   76688     |      41.00       |      34.53      
   76689     |      40.73       |      35.29      
   76690     |      45.42       |      38.99      
   76691     |      45.34       |      41.05      
   76692     |      51.69       |      45.87      
   76693     |      51.63       |      46.40      
   76694     |      51.17       |      46.06      
   76695     |      51.45       |      47.27      
   76696     |      53.93       |      49.13      
   76697     |      53.91       |      48.86      
   76698     |      50.85       |      46.57      
   76699     |      51.45       |      44.72      
   76700     |      42.38       |      37.54      
   76701     |      43.17       |      36.30      
   76702     |      44.06       |      37.07      
   76703     |      43.86       |      37.07      
   76704     |      48.30       |      40.90      
   76705     |      45.61       |      38.20      
   76706     |      50.59       |      42.66      
   76707     |      42.60       |      34.51      
   76708     |      44.26       |      36.04      
   76709     |      46.72       |      38.57      
   76710     |      41.20       |      33.60      
   76711     |      41.41       |      33.82      
   76712     |      40.02       |      32.62      
   76713     |      37.71       |      30.28      
   76714     |      43.47       |      35.42      
   76715     |      44.24       |      36.22      
   76716     |      48.35       |      40.04      
   76717     |      38.71       |      30.10      
   76718     |      47.79       |      38.81      
   76719     |      37.92       |      28.70      
   76720     |      49.34       |      40.05      
   76721     |      49.99       |      40.71      
   76722     |      51.73       |      42.45      
   76723     |      60.37       |      51.20      
   76724     |      46.86       |      37.94      
   76725     |      45.49       |      36.86      
   76726     |      39.14       |      30.91      
   76727     |      38.21       |      30.60      
   76728     |      46.94       |      38.60      
   76729     |      46.27       |      38.20      
   76730     |      50.47       |      42.14      
   76731     |      51.27       |      42.73      
   76732     |      53.48       |      44.86      
   76733     |      51.94       |      43.72      
   76734     |      53.05       |      44.78      
   76735     |      49.55       |      41.20      
   76736     |      51.41       |      42.99      
   76737     |      47.74       |      39.23      
   76738     |      49.84       |      41.25      
   76739     |      51.79       |      43.27      
   76740     |      48.97       |      40.58      
   76741     |      55.60       |      47.41      
   76742     |      58.86       |      50.53      
   76743     |      60.65       |      52.37      
   76744     |      58.51       |      50.34      
   76745     |      55.85       |      47.61      
   76841     |      40.65       |      51.38      
   76842     |      40.24       |      50.94      
   76843     |      42.83       |      53.47      
   76844     |      41.48       |      52.04      
   76845     |      40.19       |      50.77      
   76846     |      34.06       |      44.19      
   76847     |      31.56       |      41.74      
   76848     |      27.64       |      37.26      
   76849     |      21.05       |      30.77      
   76850     |      19.91       |      29.34      
   76851     |      18.27       |      27.71      
   76852     |      26.27       |      36.83      
   76853     |      30.35       |      40.78      
   76854     |      32.88       |      43.44      
   76855     |      35.96       |      46.44      
   76856     |      34.71       |      45.11      
   76857     |      36.02       |      46.38      
   76858     |      39.36       |      49.87      
   76859     |      30.56       |      41.25      
   76860     |      25.22       |      35.69      
   76861     |      19.87       |      30.50      
   76862     |      18.25       |      28.78      
   76863     |      33.49       |      43.56      
   76864     |      36.34       |      46.59      
   76865     |      42.62       |      52.74      
   76866     |      45.58       |      55.84      
   76867     |      32.30       |      42.83      
   76868     |      35.87       |      46.48      
   76869     |      36.30       |      46.89      
   76870     |      35.79       |      46.36      
   76871     |      31.67       |      42.29      
   76872     |      25.92       |      36.38      
   76873     |      26.76       |      37.19      
   76874     |      23.72       |      33.98      
   76875     |      27.92       |      38.06      
   76876     |      26.99       |      37.05      
   76877     |      32.88       |      42.80      
   76878     |      32.37       |      42.24      
   76879     |      38.01       |      47.77      
   76880     |      32.49       |      41.60      
   76881     |      28.73       |      37.84      
   76882     |      31.66       |      41.18      
   76883     |      21.80       |      31.48      
   76884     |      23.32       |      33.18      
   76885     |      27.46       |      37.20      
   76886     |      28.76       |      38.60      
   76887     |      36.07       |      45.76      
   76888     |      40.07       |      50.03      
   76889     |      48.64       |      58.47      
   76891     |      50.19       |      59.75      
   76892     |      50.42       |      59.98      
   76893     |      50.26       |      59.73      
   76894     |      46.40       |      55.54      
   76895     |      46.12       |      54.73      
   76896     |      48.47       |      57.34      
   76897     |      48.43       |      57.16      
   76898     |      45.53       |      53.88      
   76899     |      45.76       |      55.00      
   76900     |      39.21       |      47.66      
   76901     |      39.15       |      47.95      
   76902     |      38.74       |      47.47      
   76903     |      39.11       |      48.70      
   76904     |      31.79       |      40.53      
   76905     |      32.39       |      42.15      
   76906     |      24.25       |      33.05      
   76907     |      24.33       |      32.91      
   76908     |      23.34       |      31.64      
   76909     |      23.55       |      31.54      
   76910     |      20.32       |      26.26      
   76911     |      20.55       |      26.33      
   76912     |      20.00       |      24.36      
   76913     |      18.47       |      23.81      
   76914     |      18.27       |      22.91      
   76915     |      15.09       |      22.26      
   76916     |      14.03       |      19.42      
   76917     |      11.22       |      19.83      
   76918     |      10.51       |      18.73      
   76919     |      12.67       |      18.41      
   76920     |      12.57       |      17.34      
   76921     |      17.07       |      18.94      
   76922     |      16.92       |      19.18      
   76923     |      18.61       |      20.02      
   76924     |      18.03       |      21.89      
   76925     |      22.72       |      24.19      
   76926     |      22.53       |      27.20      
   76927     |      23.28       |      27.50      
   76928     |      23.39       |      27.96      
   76929     |      19.80       |      23.27      
   76930     |      21.01       |      21.25      
   76931     |      21.16       |      21.52      
   76932     |      23.38       |      21.31      
   76933     |      25.21       |      25.13      
   76934     |      28.34       |      25.56      
   76935     |      28.99       |      27.05      
   76936     |      39.42       |      33.23      
   76937     |      39.50       |      33.02      
   76938     |      38.80       |      32.48      
   76939     |      38.72       |      32.74      
   76940     |      36.33       |      30.99      
   76941     |      36.42       |      31.70      
   76942     |      42.82       |      36.48      
   76943     |      42.69       |      37.18      
   76944     |      43.69       |      37.96      
   76945     |      43.74       |      37.75      
   76946     |      46.23       |      39.78      
   76947     |      46.16       |      39.86      
   76948     |      49.36       |      42.55      
   76949     |      49.01       |      42.81      
   76950     |      49.60       |      43.32      
   76951     |      49.36       |      44.02      
   76952     |      49.02       |      43.78      
   76953     |      49.07       |      43.55      
   76954     |      41.82       |      38.39      
   76955     |      41.50       |      35.73      
   76956     |      39.69       |      34.38      
   76957     |      32.15       |      27.27      
   76958     |      44.17       |      36.70      
   76959     |      43.66       |      36.59      
   76960     |      45.86       |      38.50      
   76961     |      46.39       |      39.06      
   76962     |      45.91       |      38.64      
   76963     |      45.92       |      38.66      
   76964     |      48.99       |      41.39      
   76965     |      44.39       |      36.72      
   76966     |      42.10       |      34.71      
   76967     |      35.85       |      28.37      
   76968     |      37.02       |      29.39      
   76969     |      35.63       |      27.98      
   76970     |      42.92       |      34.57      
   76971     |      41.09       |      32.70      
   76972     |      39.84       |      31.55      
   76973     |      35.11       |      26.66      
   76974     |      40.01       |      31.27      
   76975     |      37.50       |      28.69      
   76976     |      51.46       |      42.31      
   76977     |      53.08       |      43.97      
   76978     |      60.11       |      50.92      
   76979     |      61.26       |      52.09      
   76980     |      48.99       |      40.04      
   76981     |      47.85       |      39.10      
   76982     |      42.90       |      34.39      
   76983     |      41.29       |      33.51      
   76984     |      46.15       |      37.99      
   76985     |      46.72       |      38.36      
   76986     |      44.42       |      36.21      
   76987     |      47.05       |      38.19      
   76988     |      51.10       |      42.16      
   76989     |      56.19       |      47.37      
   76990     |      55.04       |      46.26      
   76991     |      51.71       |      43.76      
   76992     |      50.83       |      42.95      
   76993     |      46.44       |      38.45      
   76994     |      52.71       |      44.37      
   76995     |      52.93       |      44.60      
   76996     |      54.60       |      46.21      
   76997     |      65.63       |      57.53      
   76998     |      62.50       |      54.58      
   76999     |      62.94       |      55.04      
   77000     |      58.71       |      51.09      
   77001     |      60.86       |      53.30      
   77098     |      37.71       |      48.22      
   77099     |      42.78       |      53.18      
   77100     |      38.72       |      48.77      
   77101     |      46.50       |      56.41      
   77102     |      43.28       |      52.80      
   77103     |      37.68       |      47.25      
   77104     |      36.46       |      45.82      
   77105     |      28.79       |      38.20      
   77106     |      27.31       |      36.36      
   77107     |      21.64       |      30.68      
   77108     |      30.26       |      40.68      
   77109     |      26.59       |      37.09      
   77110     |      31.88       |      42.60      
   77111     |      31.65       |      42.36      
   77112     |      30.81       |      41.49      
   77113     |      33.09       |      43.72      
   77114     |      30.32       |      40.81      
   77115     |      41.47       |      51.70      
   77116     |      33.03       |      42.43      
   77117     |      31.12       |      40.54      
   77118     |      31.90       |      41.43      
   77119     |      22.16       |      31.85      
   77120     |      35.32       |      45.93      
   77121     |      33.35       |      43.98      
   77122     |      36.47       |      47.15      
   77123     |      42.92       |      53.49      
   77124     |      31.87       |      41.98      
   77125     |      41.10       |      51.02      
   77126     |      42.47       |      52.48      
   77127     |      39.79       |      49.84      
   77128     |      39.96       |      50.01      
   77129     |      26.88       |      37.19      
   77130     |      27.79       |      38.14      
   77131     |      22.59       |      33.05      
   77132     |      23.72       |      34.21      
   77133     |      24.73       |      35.18      
   77134     |      24.48       |      34.92      
   77135     |      29.75       |      40.06      
   77136     |      26.90       |      37.05      
   77137     |      27.04       |      37.17      
   77138     |      26.75       |      36.85      
   77139     |      28.88       |      38.93      
   77140     |      27.50       |      37.43      
   77141     |      22.51       |      32.55      
   77142     |      21.95       |      31.93      
   77143     |      29.04       |      38.84      
   77144     |      29.57       |      39.40      
   77145     |      42.61       |      52.21      
   77146     |      47.51       |      57.42      
   77147     |      46.46       |      55.76      
   77148     |      49.74       |      59.29      
   77149     |      49.70       |      59.23      
   77150     |      43.53       |      52.50      
   77151     |      43.47       |      52.30      
   77152     |      45.84       |      54.91      
   77153     |      45.86       |      54.96      
   77154     |      46.59       |      55.74      
   77155     |      46.84       |      56.26      
   77156     |      39.92       |      48.63      
   77157     |      40.17       |      49.60      
   77158     |      40.48       |      49.92      
   77159     |      40.35       |      49.58      
   77160     |      38.45       |      47.45      
   77161     |      38.45       |      47.41      
   77162     |      31.68       |      39.18      
   77163     |      30.97       |      39.22      
   77164     |      28.08       |      35.40      
   77165     |      31.30       |      36.55      
   77166     |      30.91       |      35.70      
   77167     |      31.06       |      35.78      
   77168     |      30.82       |      35.15      
   77169     |      27.26       |      33.52      
   77170     |      26.57       |      32.19      
   77171     |      24.42       |      31.52      
   77172     |      23.41       |      29.80      
   77173     |      23.03       |      29.71      
   77174     |      21.54       |      26.22      
   77175     |      21.35       |      26.15      
   77176     |      21.54       |      23.52      
   77177     |      22.63       |      24.17      
   77178     |      22.62       |      24.17      
   77179     |      25.20       |      25.82      
   77180     |      24.71       |      26.23      
   77181     |      22.09       |      24.76      
   77182     |      22.10       |      26.47      
   77183     |      20.50       |      25.96      
   77184     |      20.01       |      23.59      
   77185     |      23.29       |      27.89      
   77186     |      24.59       |      24.50      
   77187     |      25.04       |      25.30      
   77188     |      26.70       |      25.21      
   77189     |      26.45       |      24.65      
   77190     |      27.32       |      24.89      
   77191     |      27.06       |      24.16      
   77192     |      33.82       |      28.05      
   77193     |      34.32       |      27.20      
   77194     |      38.73       |      30.95      
   77195     |      37.82       |      31.36      
   77196     |      42.24       |      35.01      
   77197     |      42.02       |      37.46      
   77198     |      49.25       |      43.00      
   77199     |      49.27       |      43.85      
   77200     |      46.01       |      41.42      
   77201     |      45.83       |      40.43      
   77202     |      45.67       |      40.32      
   77203     |      45.90       |      39.42      
   77204     |      48.03       |      41.22      
   77205     |      48.17       |      41.18      
   77206     |      46.17       |      39.50      
   77207     |      46.30       |      39.47      
   77208     |      43.40       |      37.08      
   77209     |      43.33       |      37.14      
   77210     |      34.52       |      30.95      
   77211     |      34.21       |      29.57      
   77212     |      33.86       |      29.36      
   77213     |      32.65       |      28.25      
   77214     |      41.51       |      34.80      
   77215     |      42.77       |      35.01      
   77216     |      44.01       |      36.13      
   77217     |      46.64       |      38.82      
   77218     |      44.48       |      36.89      
   77219     |      47.95       |      40.42      
   77220     |      45.94       |      38.65      
   77221     |      39.37       |      32.01      
   77222     |      37.33       |      30.29      
   77223     |      29.49       |      22.40      
   77224     |      34.80       |      26.89      
   77225     |      41.76       |      34.04      
   77226     |      43.14       |      35.29      
   77227     |      44.02       |      36.20      
   77228     |      39.22       |      31.96      
   77229     |      42.16       |      34.96      
   77230     |      47.84       |      40.03      
   77231     |      46.34       |      39.59      
   77232     |      59.92       |      51.88      
   77233     |      60.06       |      51.97      
   77234     |      58.19       |      50.24      
   77235     |      62.89       |      53.88      
   77236     |      43.29       |      35.02      
   77237     |      47.59       |      38.48      
   77238     |      43.90       |      34.87      
   77239     |      41.87       |      33.19      
   77240     |      44.39       |      35.63      
   77241     |      43.63       |      35.05      
   77242     |      41.55       |      33.09      
   77243     |      42.09       |      33.47      
   77244     |      54.91       |      45.94      
   77245     |      60.67       |      51.82      
   77246     |      59.13       |      50.33      
   77247     |      57.24       |      48.79      
   77248     |      47.02       |      39.16      
   77249     |      53.47       |      45.80      
   77250     |      55.49       |      47.67      
   77251     |      59.28       |      51.57      
   77252     |      65.67       |      57.59      
   77253     |      65.64       |      57.57      
   77254     |      62.83       |      54.91      
   77255     |      65.42       |      57.57      
   77256     |      60.89       |      53.34      
   77257     |      58.69       |      51.09      
   77354     |      29.90       |      40.69      
   77355     |      36.80       |      47.42      
   77356     |      30.78       |      40.90      
   77357     |      39.34       |      49.30      
   77358     |      44.22       |      54.59      
   77359     |      36.18       |      46.70      
   77360     |      35.20       |      45.65      
   77361     |      28.88       |      39.47      
   77362     |      22.23       |      32.07      
   77363     |      23.49       |      33.30      
   77364     |      27.07       |      37.34      
   77365     |      31.90       |      42.05      
   77366     |      35.21       |      45.61      
   77367     |      34.22       |      44.63      
   77368     |      40.54       |      51.21      
   77369     |      29.24       |      40.07      
   77370     |      25.06       |      35.82      
   77371     |      29.11       |      39.77      
   77372     |      22.35       |      32.61      
   77373     |      29.12       |      39.18      
   77374     |      40.04       |      50.64      
   77375     |      22.91       |      33.67      
   77376     |      30.31       |      41.00      
   77377     |      32.46       |      43.19      
   77378     |      22.84       |      33.59      
   77379     |      38.10       |      48.62      
   77380     |      30.39       |      40.49      
   77381     |      32.22       |      42.28      
   77382     |      38.21       |      48.61      
   77383     |      39.90       |      50.26      
   77384     |      39.00       |      49.31      
   77385     |      37.96       |      48.27      
   77386     |      34.87       |      45.01      
   77387     |      28.32       |      38.59      
   77388     |      39.56       |      50.15      
   77389     |      21.50       |      31.91      
   77390     |      24.80       |      35.17      
   77391     |      22.24       |      32.38      
   77392     |      14.93       |      25.08      
   77393     |      23.57       |      34.15      
   77394     |      15.58       |      26.10      
   77395     |      25.90       |      36.16      
   77396     |      19.11       |      28.67      
   77397     |      30.27       |      39.63      
   77398     |      26.65       |      35.31      
   77399     |      27.83       |      36.47      
   77400     |      30.81       |      40.02      
   77401     |      33.25       |      42.42      
   77402     |      37.28       |      46.89      
   77403     |      45.24       |      54.72      
   77404     |      48.32       |      58.03      
   77405     |      47.85       |      57.24      
   77406     |      43.01       |      51.91      
   77407     |      43.21       |      52.48      
   77408     |      44.03       |      53.36      
   77409     |      44.59       |      54.29      
   77410     |      44.50       |      54.19      
   77411     |      44.79       |      54.61      
   77412     |      39.89       |      49.36      
   77413     |      40.15       |      49.82      
   77414     |      38.12       |      47.63      
   77415     |      38.16       |      47.69      
   77416     |      35.82       |      45.12      
   77417     |      36.66       |      44.38      
   77418     |      36.27       |      43.86      
   77419     |      40.17       |      45.47      
   77420     |      39.47       |      44.15      
   77421     |      36.31       |      42.50      
   77422     |      34.33       |      38.85      
   77423     |      35.30       |      39.43      
   77424     |      36.51       |      41.96      
   77425     |      38.19       |      42.89      
   77426     |      39.31       |      44.97      
   77427     |      36.73       |      43.78      
   77428     |      34.26       |      39.86      
   77451     |      42.25       |      35.09      
   77452     |      52.20       |      43.94      
   77453     |      50.87       |      44.90      
   77454     |      50.51       |      44.63      
   77455     |      50.50       |      44.43      
   77456     |      43.67       |      39.24      
   77457     |      43.51       |      38.61      
   77458     |      44.54       |      39.38      
   77459     |      44.54       |      39.04      
   77460     |      46.29       |      40.42      
   77461     |      46.96       |      39.96      
   77462     |      45.69       |      38.90      
   77463     |      45.66       |      38.91      
   77464     |      41.73       |      35.73      
   77465     |      42.02       |      35.45      
   77466     |      34.13       |      29.58      
   77467     |      34.44       |      30.88      
   77468     |      36.20       |      31.97      
   77469     |      36.38       |      32.65      
   77470     |      39.22       |      34.51      
   77471     |      39.97       |      32.93      
   77472     |      46.52       |      38.67      
   77473     |      40.05       |      32.09      
   77474     |      44.42       |      36.08      
   77475     |      43.11       |      34.74      
   77476     |      37.62       |      29.76      
   77477     |      31.28       |      23.25      
   77478     |      28.29       |      20.72      
   77479     |      34.45       |      27.01      
   77480     |      40.32       |      32.20      
   77481     |      47.18       |      39.24      
   77482     |      44.56       |      36.87      
   77483     |      51.38       |      43.83      
   77484     |      51.27       |      43.74      
   77485     |      49.50       |      43.80      
   77486     |      56.21       |      49.50      
   77487     |      55.83       |      49.55      
   77488     |      59.15       |      52.45      
   77489     |      60.95       |      53.08      
   77490     |      50.75       |      43.84      
   77491     |      54.18       |      45.62      
   77492     |      42.23       |      34.46      
   77493     |      43.25       |      34.99      
   77494     |      48.84       |      40.29      
   77495     |      48.18       |      39.82      
   77496     |      47.30       |      39.01      
   77497     |      47.26       |      38.99      
   77498     |      48.87       |      40.53      
   77499     |      47.13       |      39.66      
   77500     |      61.60       |      53.21      
   77501     |      62.58       |      53.97      
   77502     |      60.05       |      51.54      
   77503     |      60.55       |      51.93      
   77504     |      50.84       |      42.64      
   77505     |      58.57       |      50.60      
   77506     |      58.09       |      50.16      
   77507     |      65.27       |      57.52      
   77508     |      66.94       |      59.10      
   77509     |      67.60       |      59.78      
   77510     |      66.10       |      58.38      
   77511     |      62.15       |      54.34      
   77512     |      58.84       |      51.27      
   77513     |      58.46       |      50.90      
   77610     |      35.69       |      45.72      
   77611     |      35.17       |      45.20      
   77612     |      36.94       |      47.15      
   77613     |      29.29       |      39.65      
   77614     |      43.02       |      53.95      
   77615     |      37.92       |      48.88      
   77616     |      31.75       |      42.63      
   77617     |      31.71       |      42.58      
   77618     |      22.12       |      32.45      
   77619     |      19.71       |      30.10      
   77620     |      17.75       |      27.84      
   77621     |      29.70       |      39.52      
   77622     |      34.21       |      44.51      
   77623     |      36.35       |      46.59      
   77624     |      39.98       |      50.44      
   77625     |      43.00       |      53.39      
   77626     |      36.42       |      46.31      
   77627     |      29.93       |      39.94      
   77628     |      34.89       |      45.28      
   77629     |      19.49       |      30.24      
   77630     |      35.54       |      46.30      
   77631     |      36.36       |      47.12      
   77632     |      33.13       |      43.89      
   77633     |      30.41       |      41.13      
   77634     |      23.93       |      34.68      
   77635     |      22.26       |      32.97      
   77636     |      24.20       |      34.88      
   77637     |      24.85       |      35.54      
   77638     |      28.59       |      39.23      
   77639     |      34.30       |      45.00      
   77640     |      20.92       |      31.45      
   77641     |      40.27       |      50.42      
   77642     |      39.19       |      49.26      
   77643     |      34.97       |      45.11      
   77645     |      37.97       |      48.61      
   77646     |      32.20       |      42.82      
   77647     |      25.27       |      35.86      
   77648     |      12.62       |      23.19      
   77649     |      15.93       |      26.40      
   77650     |      10.05       |      19.83      
   77651     |      19.45       |      29.00      
   77652     |      14.38       |      21.01      
   77653     |      27.12       |      34.83      
   77654     |      27.27       |      35.04      
   77655     |      30.75       |      38.61      
   77656     |      36.07       |      45.12      
   77657     |      31.58       |      40.65      
   77658     |      35.72       |      45.30      
   77659     |      37.77       |      47.31      
   77660     |      41.50       |      51.32      
   77661     |      45.19       |      54.94      
   77662     |      41.75       |      51.23      
   77663     |      41.92       |      51.53      
   77664     |      44.46       |      54.19      
   77665     |      44.13       |      53.69      
   77666     |      46.24       |      55.93      
   77667     |      45.96       |      55.47      
   77668     |      43.72       |      53.03      
   77669     |      43.92       |      53.45      
   77670     |      40.95       |      50.19      
   77671     |      40.93       |      50.03      
   77672     |      34.79       |      42.75      
   77673     |      37.43       |      43.58      
   77674     |      36.59       |      42.20      
   77676     |      38.84       |      44.82      
   77711     |      45.63       |      39.11      
   77713     |      45.61       |      41.43      
   77714     |      46.54       |      42.11      
   77715     |      46.46       |      41.59      
   77716     |      44.83       |      40.41      
   77717     |      44.91       |      38.84      
   77718     |      44.10       |      38.21      
   77719     |      44.70       |      37.75      
   77720     |      37.75       |      32.21      
   77721     |      38.28       |      31.60      
   77722     |      39.25       |      32.42      
   77723     |      38.88       |      35.10      
   77724     |      40.63       |      36.28      
   77725     |      41.02       |      37.51      
   77726     |      40.29       |      37.06      
   77727     |      39.43       |      34.77      
   77728     |      46.72       |      40.32      
   77729     |      38.75       |      32.44      
   77730     |      46.61       |      39.12      
   77731     |      39.45       |      31.86      
   77732     |      34.64       |      27.79      
   77733     |      33.99       |      27.15      
   77734     |      35.47       |      28.37      
   77735     |      43.79       |      36.77      
   77736     |      48.68       |      41.08      
   77737     |      53.46       |      45.94      
   77738     |      56.40       |      48.63      
   77739     |      54.87       |      48.01      
   77740     |      57.04       |      49.95      
   77741     |      56.38       |      49.84      
   77742     |      54.79       |      48.49      
   77743     |      55.33       |      48.49      
   77744     |      51.51       |      45.21      
   77745     |      53.07       |      45.42      
   77746     |      43.63       |      37.09      
   77747     |      45.19       |      37.34      
   77748     |      45.84       |      37.95      
   77749     |      44.88       |      37.63      
   77750     |      52.99       |      45.03      
   77751     |      52.88       |      44.97      
   77752     |      49.09       |      41.51      
   77753     |      49.63       |      41.74      
   77754     |      55.95       |      47.69      
   77755     |      54.29       |      46.80      
   77756     |      59.12       |      51.28      
   77757     |      60.90       |      52.44      
   77758     |      56.70       |      48.43      
   77759     |      58.29       |      49.57      
   77760     |      54.90       |      46.30      
   77761     |      63.61       |      55.27      
   77762     |      62.32       |      54.04      
   77766     |      64.21       |      56.80      
   77767     |      58.39       |      50.85      
   77768     |      58.56       |      51.02      
   77769     |      47.71       |      39.87      
   77866     |      34.18       |      44.42      
   77867     |      34.35       |      44.58      
   77868     |      39.17       |      49.76      
   77869     |      33.37       |      44.06      
   77870     |      40.72       |      51.64      
   77871     |      44.01       |      54.87      
   77872     |      36.97       |      47.57      
   77873     |      33.81       |      44.45      
   77874     |      28.70       |      38.95      
   77875     |      21.70       |      32.11      
   77876     |      19.94       |      30.11      
   77877     |      17.12       |      27.36      
   77878     |      24.73       |      35.53      
   77879     |      31.59       |      42.24      
   77880     |      32.75       |      43.43      
   77881     |      39.22       |      49.77      
   77882     |      33.52       |      43.70      
   77883     |      34.64       |      44.80      
   77884     |      39.86       |      50.34      
   77885     |      33.21       |      43.81      
   77886     |      38.69       |      49.42      
   77887     |      38.13       |      48.86      
   77888     |      42.72       |      53.49      
   77889     |      33.04       |      43.79      
   77890     |      34.63       |      45.36      
   77891     |      23.17       |      33.31      
   77892     |      21.04       |      31.19      
   77893     |      23.85       |      34.28      
   77894     |      22.43       |      32.87      
   77895     |      28.77       |      39.44      
   77896     |      15.36       |      25.97      
   77897     |      21.50       |      31.95      
   77898     |      26.65       |      37.26      
   77899     |      36.10       |      46.55      
   77900     |      43.82       |      54.42      
   77902     |      41.14       |      51.34      
   77903     |      36.41       |      46.68      
   77904     |      34.06       |      44.17      
   77905     |      12.40       |      23.01      
   77906     |       5.24       |      15.08      
   77907     |      10.40       |      20.05      
   77908     |       9.47       |      12.27      
   77909     |      15.96       |      22.20      
   77910     |      19.04       |      27.91      
   77911     |      22.10       |      30.98      
   77912     |      27.66       |      37.50      
   77913     |      31.88       |      41.64      
   77914     |      32.85       |      42.68      
   77915     |      34.40       |      44.20      
   77916     |      37.55       |      47.57      
   77917     |      40.39       |      50.36      
   77918     |      38.75       |      48.60      
   77919     |      40.56       |      50.38      
   77920     |      41.02       |      50.87      
   77921     |      40.47       |      49.95      
   77922     |      43.75       |      53.50      
   77923     |      43.56       |      53.18      
   77924     |      43.45       |      53.04      
   77977     |      35.94       |      30.05      
   77979     |      40.95       |      34.49      
   77980     |      39.46       |      33.29      
   77981     |      39.20       |      34.65      
   77982     |      37.53       |      33.52      
   77983     |      37.70       |      34.19      
   77984     |      40.01       |      35.77      
   77985     |      40.59       |      34.77      
   77986     |      43.94       |      37.49      
   77987     |      40.70       |      34.29      
   77988     |      37.70       |      31.89      
   77989     |      41.47       |      35.61      
   77990     |      48.02       |      41.09      
   77991     |      47.30       |      41.08      
   77992     |      58.98       |      51.38      
   77993     |      57.61       |      50.89      
   77994     |      59.88       |      52.91      
   77995     |      60.04       |      52.96      
   77996     |      56.85       |      50.13      
   77997     |      57.23       |      50.19      
   77998     |      50.73       |      44.52      
   77999     |      51.38       |      44.42      
   78000     |      47.29       |      40.85      
   78001     |      47.59       |      40.72      
   78002     |      43.17       |      36.96      
   78003     |      43.36       |      36.78      
   78004     |      50.91       |      43.45      
   78005     |      50.47       |      43.37      
   78006     |      53.53       |      46.14      
   78007     |      54.15       |      46.38      
   78008     |      49.75       |      42.37      
   78009     |      49.84       |      42.39      
   78010     |      56.40       |      48.45      
   78011     |      56.86       |      48.73      
   78012     |      54.35       |      46.39      
   78013     |      55.38       |      47.05      
   78014     |      60.25       |      51.73      
   78015     |      58.51       |      50.47      
   78016     |      63.80       |      55.50      
   78017     |      67.61       |      59.40      
   78020     |      68.00       |      59.91      
   78021     |      66.19       |      58.07      
   78022     |      57.97       |      50.35      
   78023     |      53.50       |      45.77      
   78024     |      49.56       |      42.17      
   78025     |      50.23       |      42.88      
   78122     |      28.21       |      39.24      
   78123     |      27.08       |      38.10      
   78124     |      27.63       |      38.63      
   78125     |      35.29       |      46.25      
   78126     |      34.63       |      45.57      
   78127     |      41.75       |      52.59      
   78128     |      38.49       |      49.21      
   78129     |      35.50       |      46.26      
   78130     |      32.59       |      43.22      
   78131     |      25.39       |      36.15      
   78132     |      25.28       |      36.02      
   78133     |      15.85       |      26.76      
   78134     |      21.59       |      32.46      
   78135     |      22.99       |      33.87      
   78136     |      26.82       |      37.65      
   78137     |      29.80       |      40.66      
   78138     |      23.30       |      34.14      
   78139     |      29.30       |      40.05      
   78140     |      30.36       |      41.11      
   78141     |      38.65       |      49.26      
   78142     |      43.75       |      54.49      
   78143     |      37.85       |      48.63      
   78144     |      43.92       |      54.71      
   78145     |      41.67       |      52.45      
   78146     |      41.57       |      52.34      
   78147     |      34.26       |      44.92      
   78148     |      25.76       |      36.50      
   78149     |      21.12       |      31.74      
   78150     |      16.72       |      27.40      
   78151     |      23.92       |      34.62      
   78152     |      23.76       |      34.45      
   78153     |      13.85       |      24.34      
   78154     |      23.87       |      34.16      
   78155     |      24.31       |      34.63      
   78156     |      25.30       |      35.59      
   78157     |      42.91       |      53.55      
   78158     |      34.55       |      45.08      
   78159     |      38.89       |      49.34      
   78160     |      37.36       |      47.76      
   78161     |      31.27       |      41.76      
   78162     |      15.47       |      22.16      
   78163     |      14.66       |      21.17      
   78164     |      14.60       |      19.84      
   78165     |      10.99       |      13.65      
   78166     |      16.43       |      26.67      
   78167     |      13.65       |      23.97      
   78168     |      16.08       |      26.50      
   78169     |      25.77       |      35.95      
   78170     |      27.32       |      37.57      
   78171     |      30.67       |      40.85      
   78173     |      35.71       |      45.96      
   78247     |      52.54       |      46.52      
   78249     |      60.32       |      52.97      
   78250     |      58.37       |      51.22      
   78251     |      58.45       |      51.25      
   78252     |      52.18       |      45.71      
   78253     |      53.23       |      45.87      
   78254     |      48.98       |      42.09      
   78255     |      48.68       |      42.11      
   78256     |      48.49       |      41.96      
   78257     |      48.32       |      42.07      
   78258     |      47.14       |      41.08      
   78259     |      47.01       |      41.44      
   78260     |      53.38       |      46.85      
   78261     |      53.76       |      46.76      
   78262     |      53.12       |      46.20      
   78263     |      53.62       |      46.26      
   78264     |      52.17       |      44.96      
   78265     |      51.96       |      44.94      
   78266     |      55.14       |      47.82      
   78267     |      56.27       |      48.32      
   78268     |      57.29       |      49.29      
   78269     |      56.48       |      48.84      
   78270     |      65.95       |      57.75      
   78271     |      64.92       |      57.03      
   78278     |      57.34       |      50.40      
   78279     |      63.23       |      56.41      
   78280     |      56.50       |      50.46      
   78281     |      62.69       |      56.72      
   78379     |      27.76       |      38.78      
   78380     |      23.24       |      34.26      
   78381     |      29.29       |      40.23      
   78382     |      31.86       |      42.83      
   78383     |      34.81       |      45.73      
   78384     |      34.55       |      45.46      
   78385     |      36.84       |      47.71      
   78386     |      34.89       |      45.70      
   78387     |      30.28       |      41.16      
   78388     |      31.11       |      41.99      
   78389     |      23.06       |      33.98      
   78390     |      24.54       |      35.44      
   78391     |      21.44       |      32.28      
   78392     |      28.63       |      39.33      
   78393     |      26.27       |      36.84      
   78394     |      26.16       |      36.71      
   78395     |      21.87       |      31.94      
   78396     |      17.76       |      27.88      
   78397     |      28.40       |      39.21      
   78398     |      29.79       |      40.57      
   78399     |      43.23       |      53.99      
   78400     |      45.53       |      56.31      
   78401     |      44.87       |      55.64      
   78402     |      43.69       |      54.45      
   78403     |      42.92       |      53.68      
   78404     |      32.21       |      42.72      
   78405     |      28.57       |      39.14      
   78406     |      27.72       |      38.24      
   78407     |      17.93       |      28.62      
   78408     |      27.34       |      38.03      
   78409     |      22.38       |      32.93      
   78410     |      24.75       |      35.25      
   78411     |      23.93       |      34.37      
   78412     |      20.56       |      31.04      
   78413     |      26.02       |      36.66      
   78414     |      22.17       |      32.82      
   78415     |      34.75       |      45.26      
   78417     |      38.69       |      48.92      
   78511     |      48.24       |      41.23      
   78512     |      52.64       |      45.19      
   78513     |      51.32       |      45.27      
   78514     |      50.55       |      44.63      
   78515     |      50.46       |      44.94      
   78516     |      52.66       |      46.79      
   78517     |      52.98       |      46.39      
   78518     |      49.78       |      43.65      
   78519     |      50.69       |      43.41      
   78520     |      50.71       |      43.44      
   78521     |      50.88       |      43.48      
   78522     |      58.58       |      50.61      
   78523     |      56.99       |      49.95      
   78524     |      61.76       |      54.31      
   78525     |      61.60       |      54.24      
   78526     |      66.60       |      58.89      
   78527     |      67.37       |      59.36      
   78528     |      67.87       |      59.84      
   78535     |      66.03       |      59.71      
   78536     |      63.58       |      57.57      
   78537     |      63.47       |      57.64      
   78636     |      26.52       |      37.39      
   78637     |      24.70       |      35.59      
   78638     |      29.38       |      40.37      
   78639     |      32.21       |      43.16      
   78640     |      34.83       |      45.80      
   78641     |      33.51       |      44.48      
   78642     |      33.83       |      44.78      
   78643     |      32.69       |      43.65      
   78644     |      25.13       |      35.96      
   78645     |      33.29       |      43.96      
   78646     |      35.75       |      46.50      
   78647     |      25.61       |      36.49      
   78648     |      36.74       |      47.61      
   78649     |      28.46       |      39.06      
   78650     |      26.86       |      37.48      
   78651     |      26.17       |      36.72      
   78652     |      17.58       |      28.32      
   78653     |      17.76       |      28.50      
   78654     |      19.55       |      30.23      
   78655     |      31.18       |      41.98      
   78656     |      39.93       |      50.72      
   78657     |      44.62       |      55.42      
   78658     |      39.00       |      49.77      
   78659     |      44.61       |      55.32      
   78660     |      35.20       |      45.60      
   78661     |      32.87       |      43.30      
   78662     |      35.72       |      46.26      
   78663     |      26.20       |      36.88      
   78665     |      28.89       |      39.57      
   78773     |      53.03       |      47.22      
   78774     |      50.07       |      44.78      
   78775     |      50.17       |      44.12      
   78776     |      53.44       |      46.95      
   78777     |      53.66       |      46.87      
   78778     |      64.94       |      57.17      
   78779     |      64.06       |      56.86      
   78780     |      62.31       |      55.27      
   78781     |      62.67       |      55.37      
   78786     |      66.51       |      58.80      
   78787     |      68.29       |      59.97      
   78792     |      59.72       |      53.03      
   78793     |      60.01       |      53.34      
   78892     |      25.81       |      36.38      
   78893     |      29.53       |      40.02      
   78894     |      31.23       |      41.84      
   78895     |      33.57       |      44.13      
   78896     |      39.75       |      50.59      
   78897     |      36.34       |      47.21      
   78898     |      38.48       |      49.39      
   78899     |      34.28       |      45.22      
   78900     |      25.26       |      35.91      
   78901     |      26.90       |      37.50      
   78902     |      32.26       |      43.08      
   78903     |      35.64       |      46.40      
   78904     |      40.96       |      51.82      
   78905     |      38.67       |      49.54      
   78906     |      31.07       |      41.77      
   78907     |      30.90       |      41.59      
   78908     |      25.28       |      35.61      
   78909     |      21.81       |      32.21      
   78910     |      30.86       |      41.66      
   78911     |      19.81       |      30.58      
   78913     |      39.23       |      49.95      
   79036     |      65.11       |      58.69      
   79037     |      65.24       |      58.64      
   79040     |      65.54       |      58.17      
   79041     |      66.17       |      58.44      
   79042     |      65.96       |      58.26      
   79043     |      66.08       |      58.32      
   79047     |      67.13       |      59.01      
   79048     |      56.20       |      48.82      
   79049     |      55.39       |      48.00      
   79050     |      48.28       |      41.68      
   79148     |      17.67       |      27.70      
   79149     |      30.07       |      40.00      
   79150     |      28.75       |      38.43      
   79151     |      38.25       |      47.92      
   79152     |      44.79       |      55.18      
   79153     |      44.17       |      54.56      
   79154     |      44.43       |      54.83      
   79155     |      43.71       |      54.11      
   79156     |      38.03       |      47.89      
   79157     |      29.73       |      39.68      
   79158     |      33.89       |      44.28      
   79159     |      36.56       |      46.89      
   79160     |      40.99       |      51.58      
   79161     |      44.97       |      55.48      
   79295     |      65.35       |      58.10      
   79296     |      62.76       |      55.76      
   79297     |      63.65       |      56.00      
   79298     |      67.73       |      59.82      
   79299     |      66.98       |      59.45      
   79301     |      62.17       |      53.68      
   79302     |      64.00       |      55.45      
   79303     |      61.95       |      53.36      
   79304     |      51.61       |      43.51      
   79305     |      55.35       |      47.35      
   79306     |      48.28       |      40.83      
   79405     |      25.97       |      34.48      
   79406     |      25.93       |      34.41      
   79407     |      35.06       |      43.83      
   79408     |      44.43       |      54.72      
   79409     |      45.86       |      56.12      
   79410     |      48.46       |      58.91      
   79411     |      43.44       |      53.95      
   79556     |      65.26       |      58.43      
   79557     |      66.80       |      59.00      
   79558     |      67.16       |      59.35      
   79559     |      60.97       |      53.03      
   79560     |      57.17       |      49.49      
   79561     |      58.13       |      50.49      
   79562     |      51.78       |      44.72      
   79661     |      16.13       |      24.10      
   79816     |      62.85       |      56.04      
   79818     |      55.99       |      49.78      
   125229    |      44.11       |      52.37      
   125484    |      35.96       |      45.28      
   125485    |      37.60       |      46.94      
   125486    |      40.48       |      50.49      
   125487    |      40.55       |      50.55      
   125488    |      38.62       |      48.22      
   125489    |      35.89       |      45.42      
   125644    |      54.98       |      47.50      
   125645    |      51.13       |      43.62      
   125646    |      60.64       |      52.36      
   125647    |      57.97       |      49.65      
   125740    |      31.96       |      42.10      
   125741    |      38.70       |      48.85      
   125742    |      38.98       |      49.16      
   125743    |      29.69       |      39.84      
   125744    |      30.54       |      40.83      
   125745    |      38.16       |      48.44      
   125746    |      39.88       |      50.35      
   125747    |      40.35       |      50.81      
   125748    |      44.57       |      55.31      
   125749    |      40.82       |      51.57      
   125751    |      41.48       |      52.18      
   125892    |      55.66       |      48.97      
   125894    |      62.41       |      55.29      
   125895    |      49.32       |      42.15      
   125896    |      47.00       |      40.20      
   125897    |      45.16       |      38.37      
   125898    |      47.30       |      40.17      
   125899    |      45.25       |      38.11      
   125900    |      54.84       |      46.69      
   125901    |      50.72       |      42.50      
   125902    |      57.00       |      48.43      
   125903    |      58.96       |      50.44      
   125995    |      44.11       |      54.99      
   125996    |      37.17       |      47.51      
   125997    |      38.04       |      48.37      
   125998    |      33.82       |      43.33      
   125999    |      36.14       |      45.69      
   126000    |      39.23       |      49.37      
   126001    |      38.86       |      49.00      
   126002    |      40.95       |      51.34      
   126003    |      40.18       |      50.56      
   126004    |      42.64       |      53.22      
   126005    |      40.42       |      51.01      
   126006    |      41.81       |      52.48      
   126007    |      35.23       |      45.93      
   126008    |      34.84       |      45.52      
   126009    |      27.15       |      37.88      
   126010    |      25.69       |      36.29      
   126011    |      22.66       |      33.28      
   126013    |      15.92       |      26.63      
   126142    |      51.47       |      44.79      
   126144    |      53.78       |      46.78      
   126145    |      54.97       |      47.99      
   126146    |      59.19       |      51.66      
   126147    |      55.02       |      47.47      
   126148    |      54.17       |      46.73      
   126149    |      51.34       |      43.88      
   126150    |      55.03       |      47.17      
   126151    |      58.17       |      50.36      
   126152    |      53.21       |      45.97      
   126153    |      44.55       |      37.26      
   126154    |      49.84       |      41.90      
   126155    |      42.84       |      34.80      
   126156    |      50.67       |      42.07      
   126157    |      52.35       |      43.80      
   126158    |      52.91       |      44.34      
   126159    |      57.66       |      49.19      
   126160    |      62.52       |      53.84      
   126250    |      46.60       |      57.24      
   126251    |      42.05       |      52.71      
   126252    |      38.29       |      48.59      
   126253    |      37.54       |      47.82      
   126254    |      34.59       |      44.36      
   126255    |      35.27       |      45.03      
   126256    |      38.05       |      48.28      
   126257    |      31.83       |      42.06      
   126258    |      37.07       |      47.79      
   126259    |      42.58       |      53.25      
   126260    |      40.76       |      51.31      
   126261    |      36.52       |      47.09      
   126262    |      36.51       |      47.07      
   126263    |      24.03       |      34.68      
   126264    |      26.48       |      37.27      
   126265    |      20.29       |      31.13      
   126266    |      20.74       |      31.57      
   126267    |      20.00       |      30.83      
   126268    |      16.46       |      27.08      
   126269    |      12.31       |      22.96      
   126270    |       8.78       |      17.87      
   126271    |      10.05       |      19.30      
   126272    |      11.12       |      21.14      
   126273    |      16.89       |      27.01      
   126274    |      19.69       |      30.23      
   126275    |      26.36       |      36.85      
   126277    |      28.27       |      38.69      
   126390    |      47.43       |      40.93      
   126392    |      44.99       |      38.44      
   126394    |      46.35       |      38.99      
   126395    |      51.75       |      44.44      
   126396    |      48.34       |      41.55      
   126397    |      56.90       |      50.10      
   126398    |      57.46       |      50.58      
   126399    |      50.59       |      43.72      
   126400    |      57.72       |      49.93      
   126401    |      49.15       |      41.27      
   126402    |      56.54       |      48.07      
   126403    |      53.29       |      44.77      
   126404    |      49.64       |      41.39      
   126405    |      49.79       |      41.54      
   126406    |      45.41       |      37.61      
   126407    |      56.17       |      48.49      
   126408    |      59.12       |      51.18      
   126409    |      48.59       |      40.51      
   126410    |      57.77       |      49.11      
   126411    |      44.35       |      35.45      
   126412    |      44.55       |      35.66      
   126413    |      49.38       |      40.59      
   126414    |      45.11       |      36.52      
   126415    |      54.02       |      45.61      
   126416    |      63.31       |      54.53      
   126417    |      61.52       |      52.72      
   126506    |      43.00       |      53.55      
   126507    |      42.29       |      52.85      
   126508    |      38.62       |      48.75      
   126509    |      32.23       |      42.35      
   126510    |      32.54       |      42.70      
   126511    |      29.45       |      39.60      
   126512    |      30.89       |      41.25      
   126513    |      33.24       |      43.59      
   126514    |      40.67       |      51.51      
   126515    |      38.20       |      49.05      
   126516    |      35.22       |      45.93      
   126517    |      26.53       |      37.32      
   126518    |      24.19       |      34.81      
   126519    |      18.07       |      28.75      
   126520    |      20.43       |      31.25      
   126521    |      16.72       |      27.57      
   126522    |      19.28       |      30.14      
   126523    |      14.91       |      25.71      
   126524    |      11.11       |      21.94      
   126525    |      14.11       |      24.90      
   126526    |       8.91       |      18.50      
   126527    |      15.25       |      25.12      
   126528    |      16.44       |      26.64      
   126529    |      16.31       |      26.50      
   126530    |      23.57       |      34.31      
   126531    |      31.22       |      41.92      
   126532    |      27.20       |      37.73      
   126533    |      33.54       |      44.03      
   126534    |      29.35       |      39.49      
   126535    |      22.92       |      33.01      
   126536    |      25.39       |      35.77      
   126537    |      26.50       |      36.86      
   126539    |      35.00       |      45.41      
   126640    |      54.66       |      47.18      
   126642    |      59.67       |      52.17      
   126643    |      65.46       |      57.99      
   126644    |      63.34       |      56.12      
   126645    |      62.35       |      55.14      
   126646    |      56.83       |      50.41      
   126647    |      48.34       |      42.01      
   126648    |      51.17       |      44.33      
   126649    |      43.88       |      37.06      
   126650    |      44.78       |      37.80      
   126651    |      48.15       |      41.18      
   126652    |      48.98       |      41.88      
   126653    |      46.90       |      39.81      
   126654    |      59.25       |      50.85      
   126655    |      48.55       |      39.96      
   126656    |      51.10       |      42.37      
   126657    |      52.44       |      43.75      
   126658    |      55.73       |      46.89      
   126659    |      54.15       |      45.30      
   126660    |      49.01       |      40.41      
   126661    |      47.67       |      39.06      
   126662    |      41.87       |      33.73      
   126663    |      44.04       |      35.96      
   126664    |      52.56       |      43.88      
   126665    |      54.69       |      46.06      
   126666    |      58.61       |      49.82      
   126667    |      56.63       |      47.81      
   126668    |      49.37       |      40.90      
   126669    |      46.91       |      38.40      
   126670    |      42.29       |      34.14      
   126671    |      48.19       |      40.17      
   126672    |      58.68       |      50.02      
   126673    |      65.24       |      56.69      
   126761    |      30.39       |      40.97      
   126762    |      38.05       |      49.03      
   126763    |      30.57       |      41.57      
   126764    |      26.57       |      37.48      
   126765    |      30.70       |      41.57      
   126766    |      26.73       |      37.31      
   126767    |      32.34       |      42.85      
   126768    |      32.16       |      42.65      
   126769    |      31.80       |      42.29      
   126770    |      38.13       |      48.98      
   126771    |      30.12       |      41.02      
   126772    |      26.59       |      37.37      
   126773    |      17.28       |      28.15      
   126774    |      16.91       |      27.76      
   126775    |      12.51       |      23.38      
   126776    |      15.78       |      26.61      
   126777    |      14.45       |      25.23      
   126778    |      14.80       |      25.56      
   126779    |      13.24       |      23.92      
   126780    |      12.98       |      23.66      
   126781    |      16.59       |      27.37      
   126782    |      11.22       |      21.95      
   126783    |      15.62       |      26.28      
   126784    |      14.43       |      24.96      
   126785    |      17.06       |      27.58      
   126786    |      28.72       |      39.43      
   126787    |      28.96       |      39.67      
   126788    |      28.73       |      39.43      
   126789    |      30.92       |      41.63      
   126790    |      19.95       |      30.46      
   126791    |      24.37       |      34.83      
   126792    |      25.16       |      35.67      
   126793    |      29.11       |      39.58      
   126794    |      32.57       |      43.17      
   126795    |      33.35       |      43.93      
   126796    |      41.75       |      52.40      
   126797    |      34.87       |      45.48      
   126798    |      39.64       |      50.18      
   126799    |      34.23       |      44.66      
   126801    |      34.96       |      45.56      
   126888    |      47.31       |      39.66      
   126890    |      46.91       |      39.71      
   126891    |      37.58       |      30.43      
   126892    |      45.87       |      37.63      
   126893    |      48.60       |      40.41      
   126894    |      48.92       |      40.71      
   126895    |      57.71       |      49.63      
   126896    |      47.86       |      40.82      
   126897    |      56.90       |      49.84      
   126898    |      53.59       |      47.02      
   126899    |      64.38       |      57.74      
   126900    |      65.67       |      58.85      
   126901    |      65.70       |      58.89      
   126902    |      66.05       |      59.20      
   126903    |      54.78       |      47.96      
   126904    |      58.73       |      51.36      
   126905    |      48.61       |      41.21      
   126906    |      47.13       |      39.95      
   126907    |      44.00       |      36.82      
   126908    |      52.58       |      44.36      
   126909    |      43.58       |      35.21      
   126910    |      59.59       |      50.49      
   126911    |      54.15       |      44.98      
   126912    |      49.11       |      40.06      
   126913    |      49.01       |      39.96      
   126914    |      50.05       |      40.99      
   126915    |      54.50       |      45.51      
   126916    |      46.35       |      37.72      
   126917    |      49.13       |      40.56      
   126918    |      43.53       |      35.41      
   126919    |      41.92       |      33.79      
   126920    |      48.73       |      40.09      
   126921    |      53.43       |      44.88      
   126922    |      55.45       |      46.80      
   126923    |      60.34       |      51.78      
   126924    |      52.95       |      44.89      
   126925    |      51.73       |      43.66      
   126926    |      48.75       |      40.97      
   126927    |      43.74       |      35.89      
   126928    |      52.54       |      44.05      
   126929    |      60.74       |      52.38      
   126930    |      65.87       |      57.26      
   127017    |      28.29       |      39.00      
   127018    |      31.94       |      42.84      
   127019    |      31.77       |      42.67      
   127020    |      30.80       |      41.65      
   127021    |      31.57       |      42.40      
   127022    |      30.45       |      41.22      
   127023    |      28.93       |      39.70      
   127024    |      29.48       |      40.27      
   127025    |      28.45       |      39.24      
   127026    |      30.57       |      41.43      
   127027    |      17.98       |      28.89      
   127028    |      16.71       |      27.61      
   127029    |      11.61       |      22.41      
   127030    |      11.98       |      22.76      
   127031    |      13.99       |      24.83      
   127032    |      14.51       |      25.32      
   127033    |      10.86       |      21.46      
   127034    |      13.21       |      23.69      
   127035    |      14.91       |      25.53      
   127036    |      16.20       |      26.76      
   127037    |      16.01       |      26.55      
   127038    |      13.91       |      24.50      
   127039    |      16.08       |      26.78      
   127040    |      13.91       |      24.64      
   127041    |      21.12       |      31.86      
   127042    |      28.76       |      39.44      
   127043    |      19.63       |      30.02      
   127044    |      29.08       |      39.20      
   127045    |      28.79       |      38.88      
   127046    |      19.83       |      30.14      
   127047    |      30.22       |      40.86      
   127048    |      25.62       |      36.30      
   127049    |      27.10       |      37.76      
   127050    |      30.54       |      41.18      
   127051    |      26.41       |      37.00      
   127052    |      33.60       |      44.03      
   127053    |      29.73       |      40.01      
   127054    |      33.54       |      43.73      
   127055    |      33.42       |      43.59      
   127056    |      32.67       |      42.84      
   127057    |      46.60       |      57.12      
   127058    |      36.05       |      46.64      
   127059    |      41.67       |      52.24      
   127060    |      34.72       |      45.18      
   127061    |      19.37       |      29.92      
   127062    |      16.91       |      27.41      
   127063    |      25.45       |      35.85      
   127064    |      21.21       |      31.32      
   127065    |      29.68       |      39.73      
   127067    |      26.66       |      37.10      
   127134    |      46.89       |      38.64      
   127136    |      52.09       |      44.40      
   127137    |      50.52       |      42.85      
   127138    |      54.70       |      46.58      
   127139    |      39.05       |      30.80      
   127140    |      42.97       |      34.35      
   127141    |      42.66       |      34.05      
   127142    |      39.43       |      31.11      
   127143    |      47.99       |      39.80      
   127144    |      42.83       |      35.25      
   127145    |      47.78       |      40.22      
   127146    |      47.25       |      39.76      
   127147    |      45.57       |      38.09      
   127148    |      47.34       |      39.63      
   127149    |      48.55       |      40.86      
   127150    |      46.37       |      38.98      
   127151    |      53.62       |      46.25      
   127152    |      47.29       |      41.09      
   127153    |      51.32       |      45.05      
   127154    |      49.83       |      43.87      
   127155    |      56.16       |      50.09      
   127156    |      60.48       |      53.70      
   127157    |      65.77       |      58.97      
   127159    |      62.45       |      54.91      
   127160    |      67.09       |      59.09      
   127161    |      55.02       |      46.91      
   127162    |      51.63       |      43.88      
   127163    |      44.55       |      36.74      
   127164    |      53.30       |      44.69      
   127165    |      50.58       |      41.94      
   127166    |      61.16       |      52.10      
   127167    |      59.82       |      50.75      
   127168    |      55.17       |      46.25      
   127169    |      49.78       |      40.80      
   127170    |      49.02       |      40.08      
   127171    |      51.38       |      42.49      
   127172    |      44.63       |      36.11      
   127173    |      47.37       |      38.90      
   127174    |      44.59       |      36.37      
   127175    |      42.99       |      34.77      
   127176    |      49.35       |      40.66      
   127177    |      48.41       |      39.70      
   127178    |      52.40       |      43.53      
   127179    |      54.21       |      45.38      
   127180    |      49.76       |      41.14      
   127181    |      49.78       |      41.18      
   127182    |      49.38       |      40.81      
   127183    |      43.96       |      35.31      
   127184    |      42.34       |      33.82      
   127185    |      53.21       |      44.83      
   127186    |      54.32       |      45.87      
   127272    |      27.39       |      38.22      
   127273    |      30.41       |      41.20      
   127274    |      32.07       |      42.94      
   127275    |      36.68       |      47.48      
   127276    |      33.44       |      44.03      
   127277    |      30.32       |      40.93      
   127278    |      30.21       |      40.80      
   127279    |      21.67       |      32.36      
   127280    |      27.11       |      38.03      
   127281    |      19.21       |      30.12      
   127282    |      18.06       |      28.97      
   127283    |      13.88       |      24.71      
   127284    |      11.77       |      22.64      
   127285    |      14.10       |      24.98      
   127286    |      14.28       |      25.14      
   127287    |      11.76       |      22.58      
   127288    |      11.12       |      21.95      
   127289    |      11.32       |      22.14      
   127290    |      14.99       |      25.71      
   127291    |      12.78       |      23.34      
   127292    |      16.01       |      26.43      
   127293    |      11.56       |      21.01      
   127294    |      16.50       |      25.95      
   127295    |      19.88       |      30.02      
   127296    |      19.43       |      29.56      
   127297    |      18.47       |      28.46      
   127298    |      19.60       |      29.55      
   127299    |      21.96       |      32.17      
   127300    |      28.78       |      38.82      
   127301    |      32.96       |      43.26      
   127302    |      29.16       |      39.53      
   127303    |      30.19       |      40.60      
   127304    |      25.58       |      36.07      
   127305    |      25.76       |      36.25      
   127306    |      25.92       |      36.40      
   127307    |      26.08       |      36.55      
   127308    |      29.90       |      40.28      
   127309    |      31.30       |      41.72      
   127310    |      33.74       |      44.10      
   127311    |      36.19       |      46.62      
   127312    |      45.49       |      55.76      
   127313    |      44.47       |      54.71      
   127314    |      38.91       |      49.21      
   127315    |      29.61       |      39.38      
   127316    |      18.18       |      28.14      
   127317    |      24.27       |      34.63      
   127318    |      22.48       |      32.87      
   127319    |      36.03       |      46.56      
   127320    |      27.03       |      37.42      
   127321    |      31.82       |      42.16      
   127322    |      28.93       |      39.12      
   127323    |      25.63       |      35.85      
   127324    |      30.28       |      40.66      
   127325    |      28.97       |      39.36      
   127326    |      36.79       |      47.24      
   127327    |      38.83       |      49.27      
   127328    |      35.16       |      45.58      
   127329    |      37.56       |      47.94      
   127331    |      33.79       |      43.81      
   127333    |      26.67       |      35.66      
   127376    |      61.86       |      54.22      
   127378    |      60.81       |      52.39      
   127379    |      55.86       |      47.39      
   127380    |      49.61       |      41.72      
   127381    |      47.76       |      39.87      
   127382    |      39.46       |      32.95      
   127383    |      37.14       |      30.70      
   127384    |      34.78       |      29.01      
   127385    |      36.69       |      30.85      
   127386    |      43.86       |      36.46      
   127387    |      57.71       |      50.31      
   127388    |      61.67       |      53.82      
   127389    |      61.91       |      54.06      
   127390    |      56.90       |      49.65      
   127391    |      51.13       |      43.93      
   127392    |      56.88       |      48.95      
   127393    |      51.01       |      43.08      
   127394    |      59.45       |      50.80      
   127395    |      51.68       |      42.93      
   127396    |      48.34       |      39.84      
   127397    |      43.18       |      34.60      
   127398    |      33.39       |      26.17      
   127399    |      43.66       |      36.39      
   127400    |      37.81       |      31.79      
   127401    |      48.80       |      42.45      
   127402    |      56.36       |      48.83      
   127403    |      47.07       |      39.54      
   127404    |      47.25       |      39.70      
   127405    |      48.20       |      40.66      
   127406    |      45.26       |      38.19      
   127407    |      47.88       |      40.81      
   127408    |      45.30       |      38.71      
   127409    |      45.57       |      38.99      
   127410    |      48.35       |      41.25      
   127411    |      44.84       |      37.78      
   127412    |      51.66       |      43.68      
   127413    |      54.78       |      46.84      
   127414    |      61.53       |      53.05      
   127415    |      66.51       |      58.10      
   127416    |      67.02       |      58.58      
   127417    |      64.49       |      56.02      
   127418    |      58.41       |      50.42      
   127419    |      50.27       |      42.21      
   127420    |      54.17       |      45.77      
   127421    |      54.38       |      46.00      
   127422    |      61.94       |      53.14      
   127423    |      63.08       |      54.30      
   127424    |      61.96       |      53.23      
   127425    |      55.98       |      47.18      
   127426    |      53.85       |      45.16      
   127427    |      50.43       |      41.71      
   127428    |      47.16       |      38.65      
   127429    |      44.51       |      35.96      
   127430    |      42.92       |      34.51      
   127431    |      43.78       |      35.39      
   127432    |      50.32       |      41.52      
   127433    |      48.64       |      39.83      
   127434    |      54.42       |      45.42      
   127435    |      51.09       |      42.06      
   127436    |      46.35       |      37.46      
   127437    |      48.30       |      39.45      
   127438    |      48.21       |      39.38      
   127439    |      47.79       |      38.96      
   127440    |      41.43       |      33.01      
   127441    |      43.01       |      34.62      
   127442    |      44.97       |      36.44      
   127443    |      54.68       |      46.29      
   127527    |      32.69       |      43.00      
   127528    |      33.18       |      43.54      
   127529    |      25.54       |      35.96      
   127530    |      34.91       |      45.88      
   127531    |      24.96       |      35.94      
   127532    |      26.41       |      37.36      
   127533    |      21.99       |      32.82      
   127534    |      19.07       |      29.96      
   127535    |      20.37       |      31.28      
   127536    |      19.21       |      30.12      
   127537    |      14.75       |      25.53      
   127538    |      13.84       |      24.65      
   127539    |      17.18       |      28.06      
   127540    |      14.27       |      25.14      
   127541    |      20.55       |      31.33      
   127542    |      15.36       |      25.51      
   127543    |      13.69       |      23.83      
   127544    |      14.31       |      24.60      
   127545    |       6.23       |      16.61      
   127546    |      12.96       |      23.73      
   127547    |       6.49       |      12.05      
   127548    |      13.43       |      21.39      
   127549    |      15.07       |      24.26      
   127550    |      20.79       |      30.02      
   127551    |      20.86       |      30.10      
   127552    |      19.15       |      28.36      
   127553    |      21.52       |      31.27      
   127554    |      22.16       |      31.88      
   127555    |      29.34       |      39.72      
   127556    |      32.96       |      43.27      
   127557    |      30.25       |      40.38      
   127558    |      29.92       |      40.05      
   127559    |      24.62       |      34.17      
   127560    |      25.43       |      34.96      
   127561    |      27.49       |      37.28      
   127562    |      25.58       |      35.38      
   127563    |      32.29       |      42.57      
   127564    |      31.06       |      41.35      
   127565    |      35.14       |      45.57      
   127566    |      36.12       |      46.53      
   127567    |      36.76       |      47.18      
   127568    |      44.60       |      54.89      
   127569    |      32.64       |      42.17      
   127570    |      29.76       |      39.29      
   127571    |      34.43       |      44.39      
   127572    |      24.07       |      34.18      
   127573    |      38.96       |      49.48      
   127574    |      35.69       |      46.21      
   127575    |      30.88       |      41.37      
   127576    |      28.64       |      39.13      
   127577    |      27.51       |      37.98      
   127578    |      22.75       |      33.24      
   127579    |      32.35       |      42.78      
   127580    |      29.33       |      39.68      
   127581    |      35.38       |      45.66      
   127582    |      40.13       |      50.52      
   127583    |      40.73       |      51.10      
   127584    |      38.47       |      48.79      
   127585    |      37.11       |      47.43      
   127586    |      32.56       |      42.73      
   127587    |      31.41       |      41.59      
   127588    |      23.77       |      33.32      
   127589    |      24.13       |      33.67      
   127590    |      19.40       |      27.65      
   127591    |      20.70       |      29.01      
   127592    |      21.98       |      30.75      
   127593    |      25.16       |      33.98      
   127594    |      20.90       |      27.61      
   127595    |      32.04       |      39.69      
   127596    |      28.68       |      30.43      
   127597    |      33.28       |      36.65      
   127598    |      33.94       |      35.07      
   127599    |      33.41       |      34.28      
   127600    |      32.72       |      36.99      
   127601    |      32.81       |      37.08      
   127602    |      36.82       |      44.37      
   127603    |      44.76       |      52.66      
   127604    |      43.78       |      51.38      
   127605    |      45.52       |      51.92      
   127606    |      43.02       |      45.66      
   127607    |      43.06       |      45.70      
   127608    |      43.42       |      44.83      
   127609    |      40.05       |      40.10      
   127610    |      38.77       |      40.82      
   127611    |      40.15       |      42.62      
   127612    |      40.12       |      42.75      
   127613    |      38.92       |      41.18      
   127614    |      39.85       |      40.44      
   127615    |      38.60       |      38.54      
   127616    |      40.00       |      38.72      
   127617    |      41.80       |      41.69      
   127618    |      42.01       |      41.70      
   127619    |      48.00       |      46.61      
   127620    |      48.18       |      46.67      
   127621    |      45.83       |      44.70      
   127622    |      45.68       |      44.64      
   127623    |      46.29       |      45.16      
   127624    |      48.91       |      46.39      
   127625    |      39.61       |      38.42      
   127626    |      47.75       |      42.97      
   127627    |      40.04       |      35.85      
   127628    |      44.62       |      39.00      
   127629    |      47.60       |      41.87      
   127630    |      53.11       |      46.27      
   127631    |      54.86       |      48.01      
   127632    |      62.36       |      54.49      
   127633    |      60.79       |      52.93      
   127634    |      62.04       |      54.06      
   127635    |      62.99       |      55.01      
   127636    |      57.77       |      50.44      
   127637    |      52.13       |      44.85      
   127638    |      46.78       |      40.47      
   127639    |      40.92       |      34.79      
   127640    |      39.51       |      33.77      
   127641    |      35.67       |      30.14      
   127642    |      36.73       |      30.87      
   127643    |      48.53       |      42.30      
   127644    |      51.69       |      44.88      
   127645    |      66.22       |      59.27      
   127646    |      67.04       |      59.98      
   127647    |      58.22       |      51.24      
   127648    |      67.28       |      59.26      
   127649    |      56.21       |      48.14      
   127650    |      61.21       |      52.72      
   127651    |      60.29       |      51.80      
   127652    |      56.02       |      47.90      
   127653    |      49.94       |      41.78      
   127654    |      37.81       |      31.76      
   127655    |      37.77       |      31.73      
   127656    |      38.51       |      32.27      
   127657    |      37.18       |      30.99      
   127658    |      53.96       |      45.37      
   127659    |      50.71       |      42.07      
   127660    |      44.66       |      36.56      
   127661    |      44.97       |      36.89      
   127662    |      40.34       |      32.93      
   127663    |      43.84       |      36.44      
   127664    |      43.25       |      35.95      
   127665    |      42.32       |      35.04      
   127666    |      47.91       |      39.85      
   127667    |      44.12       |      36.04      
   127668    |      51.89       |      43.17      
   127669    |      48.20       |      39.42      
   127670    |      48.14       |      39.37      
   127671    |      61.15       |      52.59      
   127672    |      58.75       |      50.36      
   127673    |      68.00       |      59.73      
   127674    |      66.90       |      58.72      
   127675    |      56.90       |      48.60      
   127676    |      59.33       |      50.87      
   127677    |      53.50       |      44.97      
   127678    |      59.49       |      50.65      
   127679    |      62.02       |      53.22      
   127680    |      65.10       |      56.19      
   127681    |      60.31       |      51.35      
   127682    |      57.75       |      48.89      
   127683    |      52.33       |      43.40      
   127684    |      48.76       |      40.00      
   127685    |      45.60       |      36.79      
   127686    |      43.78       |      35.10      
   127687    |      41.41       |      32.69      
   127688    |      46.21       |      37.27      
   127689    |      49.84       |      40.97      
   127690    |      52.16       |      43.22      
   127691    |      55.31       |      46.41      
   127692    |      51.44       |      42.72      
   127693    |      47.05       |      38.27      
   127694    |      45.63       |      36.93      
   127695    |      49.55       |      40.93      
   127696    |      44.71       |      36.49      
   127697    |      42.26       |      34.01      
   127698    |      45.81       |      37.26      
   127699    |      44.92       |      36.37      
   127700    |      46.99       |      38.33      
   127782    |      29.18       |      40.02      
   127783    |      29.85       |      40.68      
   127784    |      25.48       |      35.90      
   127785    |      20.73       |      31.20      
   127786    |      26.34       |      37.24      
   127787    |      13.38       |      24.30      
   127788    |      21.91       |      32.55      
   127789    |      22.44       |      33.10      
   127790    |      20.06       |      30.79      
   127791    |      20.05       |      30.77      
   127792    |      14.83       |      25.69      
   127793    |      17.26       |      28.15      
   127794    |      17.20       |      28.08      
   127795    |      15.80       |      26.64      
   127796    |      18.97       |      29.73      
   127797    |      18.95       |      29.70      
   127798    |      10.91       |      21.72      
   127799    |      15.29       |      26.00      
   127800    |      10.18       |      19.17      
   127801    |       5.11       |       7.90      
   127802    |       1.68       |      12.34      
   127803    |       0.44       |      10.34      
   127804    |      14.29       |      24.20      
   127805    |      16.18       |      26.41      
   127806    |      20.03       |      30.15      
   127807    |      19.30       |      29.30      
   127808    |      21.37       |      31.31      
   127809    |      26.91       |      37.33      
   127810    |      29.30       |      39.66      
   127811    |      29.87       |      40.25      
   127812    |      30.38       |      40.74      
   127813    |      24.57       |      34.47      
   127814    |      24.42       |      34.31      
   127815    |      23.03       |      32.74      
   127816    |      27.58       |      37.20      
   127817    |      29.72       |      39.57      
   127818    |      32.08       |      41.88      
   127819    |      36.89       |      47.03      
   127820    |      34.62       |      44.79      
   127821    |      39.08       |      49.42      
   127822    |      36.63       |      47.00      
   127823    |      34.47       |      44.76      
   127824    |      32.71       |      43.01      
   127825    |      35.08       |      45.46      
   127826    |      34.82       |      45.19      
   127827    |      39.71       |      50.17      
   127828    |      38.44       |      48.91      
   127829    |      35.42       |      45.83      
   127830    |      30.64       |      41.09      
   127831    |      33.08       |      43.56      
   127832    |      27.95       |      38.45      
   127833    |      34.83       |      45.30      
   127834    |      32.26       |      42.70      
   127835    |      37.34       |      47.72      
   127836    |      34.99       |      45.31      
   127837    |      40.15       |      50.41      
   127838    |      41.68       |      51.97      
   127839    |      44.45       |      54.71      
   127840    |      39.44       |      49.51      
   127841    |      39.11       |      49.17      
   127842    |      34.34       |      44.10      
   127843    |      32.01       |      41.78      
   127844    |      26.58       |      35.63      
   127845    |      23.19       |      32.20      
   127846    |      20.87       |      29.13      
   127847    |      22.24       |      30.54      
   127848    |      24.39       |      33.36      
   127849    |      26.73       |      35.72      
   127850    |      25.75       |      34.52      
   127851    |      25.77       |      34.52      
   127852    |      20.32       |      25.14      
   127853    |      23.30       |      28.84      
   127854    |      23.96       |      25.08      
   127855    |      27.48       |      30.35      
   127856    |      27.55       |      32.47      
   127857    |      38.33       |      44.69      
   127858    |      43.05       |      51.16      
   127859    |      43.84       |      51.97      
   127860    |      42.43       |      50.18      
   127861    |      33.26       |      40.53      
   127862    |      29.83       |      33.44      
   127863    |      26.82       |      29.36      
   127864    |      28.37       |      28.43      
   127865    |      29.60       |      30.55      
   127866    |      28.79       |      31.93      
   127867    |      32.97       |      37.26      
   127868    |      32.82       |      35.32      
   127869    |      35.11       |      38.32      
   127870    |      36.69       |      36.56      
   127871    |      36.60       |      36.40      
   127872    |      37.00       |      36.41      
   127873    |      36.12       |      35.75      
   127874    |      35.99       |      35.74      
   127875    |      37.46       |      36.89      
   127876    |      39.37       |      37.36      
   127877    |      40.80       |      38.57      
   127878    |      42.18       |      39.22      
   127879    |      36.06       |      34.05      
   127880    |      42.25       |      37.42      
   127881    |      36.79       |      32.42      
   127882    |      41.75       |      35.83      
   127883    |      42.14       |      36.22      
   127884    |      43.67       |      37.40      
   127885    |      42.15       |      35.95      
   127886    |      48.79       |      41.36      
   127887    |      50.55       |      43.11      
   127888    |      56.20       |      48.08      
   127889    |      61.39       |      53.30      
   127890    |      61.93       |      53.80      
   127891    |      61.44       |      53.31      
   127892    |      55.77       |      48.29      
   127893    |      57.15       |      49.68      
   127894    |      48.84       |      42.78      
   127895    |      48.06       |      42.03      
   127896    |      46.97       |      41.20      
   127897    |      40.61       |      35.14      
   127898    |      44.26       |      37.86      
   127899    |      35.89       |      29.77      
   127900    |      41.04       |      33.77      
   127901    |      49.59       |      42.29      
   127902    |      56.52       |      48.40      
   127903    |      62.13       |      54.06      
   127904    |      65.12       |      56.81      
   127905    |      65.85       |      57.55      
   127906    |      63.72       |      55.60      
   127907    |      63.10       |      54.98      
   127908    |      63.84       |      55.67      
   127909    |      55.49       |      47.25      
   127910    |      48.94       |      41.45      
   127911    |      32.92       |      25.47      
   127912    |      36.92       |      28.79      
   127913    |      32.01       |      23.83      
   127914    |      39.78       |      30.84      
   127915    |      53.71       |      45.06      
   127916    |      44.41       |      36.66      
   127917    |      46.21       |      38.47      
   127918    |      42.86       |      35.65      
   127919    |      41.27       |      34.09      
   127920    |      43.17       |      35.66      
   127921    |      42.50       |      35.00      
   127922    |      44.83       |      37.00      
   127923    |      49.08       |      41.29      
   127924    |      58.70       |      50.08      
   127925    |      51.97       |      43.26      
   127926    |      50.18       |      41.58      
   127927    |      48.90       |      40.30      
   127928    |      50.50       |      41.80      
   127929    |      57.77       |      49.20      
   127930    |      60.65       |      51.92      
   127931    |      64.12       |      55.44      
   127932    |      65.56       |      56.82      
   127933    |      57.18       |      48.34      
   127934    |      60.04       |      51.09      
   127935    |      58.75       |      49.79      
   127936    |      59.92       |      50.93      
   127937    |      65.08       |      56.16      
   127938    |      60.32       |      51.60      
   127939    |      58.69       |      49.96      
   127940    |      57.17       |      48.53      
   127941    |      48.84       |      40.08      
   127942    |      48.00       |      39.31      
   127943    |      43.42       |      34.65      
   127944    |      42.11       |      33.44      
   127945    |      48.48       |      39.92      
   127946    |      49.06       |      40.48      
   127947    |      55.11       |      46.62      
   127948    |      59.09       |      50.38      
   127949    |      50.83       |      42.02      
   127950    |      46.96       |      38.36      
   127951    |      46.14       |      37.54      
   127952    |      41.56       |      33.36      
   127953    |      45.16       |      37.03      
   127954    |      47.41       |      39.07      
   127955    |      46.86       |      38.52      
   127956    |      48.34       |      39.89      
   127957    |      48.22       |      39.77      
   128038    |      28.55       |      39.53      
   128039    |      24.79       |      35.79      
   128040    |      19.22       |      29.99      
   128041    |      15.95       |      26.78      
   128042    |      15.04       |      25.78      
   128043    |      19.68       |      30.31      
   128044    |      24.02       |      34.90      
   128045    |      23.18       |      34.06      
   128046    |      21.80       |      32.62      
   128047    |      16.86       |      27.75      
   128048    |      17.72       |      28.60      
   128049    |      11.93       |      22.78      
   128050    |      15.62       |      26.35      
   128051    |      11.51       |      21.71      
   128052    |      19.35       |      29.35      
   128053    |      17.48       |      26.98      
   128054    |      14.98       |      24.44      
   128055    |      14.50       |      23.72      
   128056    |       5.36       |       5.93      
   128057    |       4.63       |       6.52      
   128058    |       3.31       |       9.99      
   128059    |       4.71       |      15.43      
   128060    |      16.17       |      26.43      
   128061    |      18.17       |      28.62      
   128062    |      19.19       |      29.60      
   128063    |      22.75       |      33.34      
   128064    |      26.98       |      37.46      
   128065    |      25.68       |      36.09      
   128066    |      29.83       |      40.15      
   128067    |      30.06       |      40.39      
   128068    |      24.63       |      35.05      
   128069    |      24.01       |      34.39      
   128070    |      23.02       |      33.41      
   128071    |      25.20       |      35.67      
   128072    |      29.98       |      40.36      
   128073    |      31.92       |      42.35      
   128074    |      37.18       |      47.53      
   128075    |      37.62       |      47.97      
   128076    |      39.02       |      49.34      
   128077    |      34.58       |      44.70      
   128078    |      34.21       |      44.32      
   128079    |      35.47       |      45.64      
   128080    |      34.85       |      45.02      
   128081    |      37.19       |      47.45      
   128082    |      39.06       |      49.28      
   128083    |      38.03       |      48.20      
   128084    |      34.90       |      45.11      
   128085    |      35.13       |      45.34      
   128086    |      32.10       |      42.34      
   128087    |      40.77       |      51.21      
   128088    |      33.75       |      44.23      
   128089    |      43.62       |      54.08      
   128090    |      37.28       |      47.66      
   128091    |      37.30       |      47.68      
   128092    |      38.65       |      49.04      
   128093    |      37.53       |      47.92      
   128094    |      42.01       |      52.44      
   128095    |      38.64       |      49.06      
   128096    |      35.72       |      46.12      
   128097    |      42.62       |      52.97      
   128098    |      30.89       |      40.83      
   128099    |      32.74       |      42.65      
   128100    |      24.42       |      33.16      
   128101    |      20.19       |      28.84      
   128102    |      20.43       |      29.14      
   128103    |      25.03       |      33.80      
   128104    |      26.46       |      35.50      
   128105    |      27.32       |      36.35      
   128106    |      25.87       |      34.60      
   128107    |      18.40       |      26.95      
   128108    |      15.97       |      23.03      
   128109    |      14.21       |      20.96      
   128110    |      13.89       |      18.53      
   128111    |      27.66       |      34.82      
   128112    |      29.25       |      37.09      
   128113    |      42.31       |      50.54      
   128114    |      42.61       |      50.90      
   128115    |      40.05       |      48.27      
   128116    |      35.74       |      42.63      
   128117    |      28.79       |      35.03      
   128118    |      27.30       |      29.78      
   128119    |      23.86       |      24.56      
   128120    |      23.67       |      24.70      
   128121    |      22.61       |      22.69      
   128122    |      21.80       |      27.48      
   128123    |      24.83       |      31.00      
   128124    |      23.63       |      27.81      
   128125    |      29.58       |      35.05      
   128126    |      30.54       |      30.16      
   128127    |      32.59       |      33.54      
   128128    |      34.12       |      33.34      
   128129    |      34.49       |      34.01      
   128130    |      34.37       |      34.02      
   128131    |      32.95       |      31.01      
   128132    |      34.14       |      31.49      
   128133    |      33.83       |      29.80      
   128134    |      38.10       |      32.56      
   128135    |      30.78       |      25.83      
   128136    |      36.19       |      29.63      
   128137    |      35.57       |      29.05      
   128138    |      39.42       |      32.12      
   128139    |      36.99       |      29.72      
   128140    |      40.18       |      32.38      
   128141    |      38.52       |      30.74      
   128142    |      42.23       |      33.98      
   128143    |      46.03       |      37.83      
   128144    |      49.66       |      41.12      
   128145    |      54.92       |      46.47      
   128146    |      50.98       |      42.91      
   128147    |      62.58       |      54.60      
   128148    |      50.92       |      44.59      
   128149    |      60.17       |      53.65      
   128150    |      54.26       |      48.92      
   128151    |      52.65       |      47.39      
   128152    |      54.53       |      48.84      
   128153    |      48.60       |      43.16      
   128154    |      53.40       |      46.94      
   128155    |      44.92       |      38.66      
   128156    |      52.61       |      45.05      
   128157    |      40.22       |      32.69      
   128158    |      56.02       |      47.05      
   128159    |      52.48       |      43.46      
   128160    |      54.91       |      45.79      
   128161    |      61.52       |      52.51      
   128162    |      56.46       |      47.72      
   128163    |      60.99       |      52.32      
   128164    |      64.28       |      55.43      
   128165    |      60.07       |      51.17      
   128166    |      52.99       |      44.54      
   128167    |      44.57       |      35.99      
   128168    |      36.91       |      29.25      
   128169    |      38.60       |      30.97      
   128170    |      37.07       |      29.71      
   128171    |      45.70       |      38.32      
   128172    |      44.30       |      37.16      
   128173    |      47.03       |      39.88      
   128174    |      47.98       |      40.68      
   128175    |      42.68       |      35.42      
   128176    |      45.36       |      37.68      
   128177    |      42.51       |      34.84      
   128178    |      46.81       |      38.61      
   128179    |      43.21       |      34.97      
   128180    |      54.58       |      45.60      
   128181    |      57.04       |      48.10      
   128182    |      51.34       |      42.70      
   128183    |      49.94       |      41.29      
   128184    |      51.17       |      42.46      
   128185    |      50.44       |      41.72      
   128186    |      53.20       |      44.35      
   128187    |      60.67       |      51.94      
   128188    |      58.45       |      49.84      
   128189    |      67.08       |      58.59      
   128190    |      68.44       |      59.88      
   128191    |      62.04       |      53.41      
   128192    |      61.68       |      53.08      
   128193    |      62.51       |      53.93      
   128194    |      61.10       |      52.60      
   128195    |      61.72       |      53.25      
   128196    |      62.75       |      54.22      
   128197    |      57.44       |      48.84      
   128198    |      56.87       |      48.32      
   128199    |      48.13       |      39.45      
   128200    |      44.55       |      36.14      
   128201    |      43.30       |      34.88      
   128202    |      46.79       |      38.11      
   128203    |      48.85       |      40.22      
   128204    |      54.21       |      45.34      
   128205    |      58.40       |      49.58      
   128206    |      46.36       |      38.47      
   128207    |      50.86       |      43.00      
   128208    |      49.17       |      41.55      
   128209    |      44.21       |      36.59      
   128210    |      49.62       |      41.35      
   128211    |      47.79       |      39.51      
   128212    |      47.43       |      39.19      
   128213    |      49.71       |      41.51      
   128293    |      30.79       |      41.78      
   128294    |      26.23       |      37.06      
   128295    |      21.90       |      32.78      
   128296    |      17.51       |      27.97      
   128297    |      17.32       |      27.77      
   128298    |      19.32       |      30.02      
   128299    |      26.17       |      36.73      
   128300    |      25.59       |      36.10      
   128301    |      19.63       |      30.22      
   128302    |      18.93       |      29.42      
   128303    |      18.15       |      28.64      
   128304    |      15.90       |      25.93      
   128305    |      10.04       |      20.04      
   128306    |      12.74       |      23.39      
   128307    |       5.39       |      16.22      
   128308    |      16.35       |      26.89      
   128309    |      12.90       |      22.84      
   128310    |      13.59       |      23.50      
   128311    |      11.95       |      21.12      
   128312    |       4.77       |       6.52      
   128313    |       4.27       |      14.72      
   128314    |       5.34       |      16.00      
   128315    |      12.48       |      22.92      
   128316    |      19.07       |      29.80      
   128317    |      17.73       |      28.46      
   128318    |      22.97       |      33.63      
   128319    |      23.98       |      34.65      
   128320    |      26.07       |      36.69      
   128321    |      24.23       |      34.80      
   128322    |      30.19       |      40.64      
   128323    |      26.77       |      37.05      
   128324    |      23.96       |      34.28      
   128325    |      26.06       |      36.47      
   128326    |      25.09       |      35.51      
   128327    |      28.49       |      39.01      
   128328    |      31.98       |      42.44      
   128329    |      29.68       |      40.06      
   128330    |      37.43       |      47.68      
   128331    |      32.06       |      41.97      
   128332    |      34.51       |      44.38      
   128333    |      36.15       |      46.13      
   128334    |      35.36       |      45.34      
   128335    |      35.92       |      45.94      
   128336    |      37.01       |      46.99      
   128337    |      36.02       |      45.93      
   128338    |      37.93       |      47.81      
   128339    |      42.77       |      52.91      
   128340    |      35.15       |      45.38      
   128341    |      39.15       |      49.50      
   128342    |      40.18       |      50.51      
   128343    |      43.40       |      53.79      
   128344    |      41.63       |      52.02      
   128345    |      48.01       |      58.46      
   128346    |      36.22       |      46.66      
   128347    |      41.90       |      52.30      
   128348    |      38.23       |      48.56      
   128349    |      34.69       |      45.05      
   128350    |      39.17       |      49.57      
   128351    |      34.45       |      44.86      
   128352    |      40.71       |      51.11      
   128353    |      39.67       |      50.05      
   128354    |      29.19       |      39.57      
   128355    |      25.49       |      35.87      
   128356    |      14.83       |      24.90      
   128357    |      25.50       |      35.34      
   128358    |      22.00       |      31.43      
   128359    |      33.42       |      42.76      
   128360    |      29.14       |      37.81      
   128361    |      28.03       |      36.68      
   128362    |      24.02       |      31.28      
   128363    |      18.37       |      25.01      
   128364    |      17.90       |      23.74      
   128365    |      19.44       |      25.57      
   128366    |      22.50       |      30.71      
   128367    |      31.92       |      40.37      
   128368    |      36.40       |      45.56      
   128369    |      39.66       |      48.80      
   128370    |      36.73       |      45.47      
   128371    |      34.16       |      42.87      
   128372    |      27.47       |      33.92      
   128373    |      30.01       |      36.70      
   128374    |      28.23       |      28.81      
   128375    |      30.49       |      32.19      
   128376    |      31.39       |      31.48      
   128377    |      29.89       |      28.82      
   128378    |      28.71       |      34.27      
   128379    |      24.07       |      28.73      
   128380    |      25.16       |      31.25      
   128381    |      25.61       |      31.74      
   128382    |      25.01       |      26.02      
   128383    |      26.84       |      28.92      
   128384    |      28.84       |      28.04      
   128385    |      27.75       |      25.05      
   128386    |      27.67       |      25.04      
   128387    |      27.70       |      22.78      
   128388    |      35.46       |      28.38      
   128389    |      24.30       |      17.52      
   128390    |      37.01       |      28.25      
   128391    |      28.13       |      19.06      
   128392    |      31.58       |      22.31      
   128393    |      29.50       |      20.15      
   128394    |      31.02       |      21.61      
   128395    |      34.39       |      25.12      
   128396    |      36.47       |      27.11      
   128397    |      36.26       |      26.90      
   128398    |      37.79       |      28.38      
   128399    |      39.34       |      29.98      
   128400    |      38.43       |      29.12      
   128401    |      48.05       |      39.00      
   128402    |      38.62       |      30.35      
   128403    |      50.82       |      42.69      
   128404    |      39.53       |      33.29      
   128405    |      50.14       |      43.61      
   128406    |      42.69       |      38.03      
   128407    |      54.53       |      49.23      
   128408    |      58.60       |      52.45      
   128409    |      53.05       |      47.05      
   128410    |      59.85       |      52.73      
   128411    |      50.94       |      43.92      
   128412    |      55.08       |      47.49      
   128413    |      52.53       |      44.95      
   128414    |      63.98       |      55.39      
   128415    |      57.44       |      48.77      
   128416    |      60.40       |      51.56      
   128417    |      55.97       |      47.07      
   128418    |      57.26       |      48.30      
   128419    |      55.31       |      46.32      
   128420    |      57.40       |      48.33      
   128421    |      63.67       |      54.72      
   128422    |      55.87       |      47.36      
   128423    |      52.55       |      43.99      
   128424    |      40.39       |      33.29      
   128425    |      38.93       |      31.86      
   128426    |      37.72       |      30.90      
   128427    |      39.03       |      32.20      
   128428    |      42.02       |      34.61      
   128429    |      43.24       |      35.84      
   128430    |      44.79       |      37.16      
   128431    |      46.59       |      38.96      
   128432    |      50.95       |      42.80      
   128433    |      43.21       |      34.99      
   128434    |      54.14       |      45.17      
   128435    |      42.73       |      33.55      
   128436    |      45.13       |      35.90      
   128437    |      54.11       |      45.04      
   128438    |      41.29       |      32.98      
   128439    |      53.78       |      45.65      
   128440    |      53.33       |      45.24      
   128441    |      54.36       |      46.30      
   128442    |      61.62       |      53.04      
   128443    |      54.17       |      45.50      
   128444    |      55.57       |      46.83      
   128445    |      57.97       |      49.27      
   128446    |      58.61       |      49.89      
   128447    |      68.27       |      59.68      
   128448    |      64.50       |      56.15      
   128449    |      63.06       |      54.69      
   128450    |      64.22       |      55.79      
   128451    |      61.30       |      52.83      
   128452    |      62.83       |      54.28      
   128453    |      62.72       |      54.18      
   128454    |      61.84       |      53.36      
   128455    |      56.97       |      48.42      
   128456    |      54.58       |      46.20      
   128457    |      44.07       |      35.55      
   128458    |      48.05       |      39.28      
   128459    |      46.21       |      37.42      
   128460    |      45.46       |      36.72      
   128461    |      56.15       |      47.57      
   128462    |      48.68       |      40.77      
   128463    |      46.25       |      38.33      
   128464    |      51.18       |      42.77      
   128465    |      44.92       |      36.42      
   128466    |      46.05       |      37.48      
   128467    |      48.27       |      39.75      
   128468    |      45.25       |      36.98      
   128469    |      47.52       |      39.29      
   128470    |      51.43       |      42.91      
   128548    |      31.20       |      42.15      
   128549    |      30.47       |      41.42      
   128550    |      23.77       |      34.32      
   128551    |      20.18       |      30.78      
   128552    |      18.08       |      28.34      
   128553    |      19.99       |      30.21      
   128554    |      24.96       |      35.73      
   128555    |      19.68       |      30.53      
   128556    |      18.66       |      29.44      
   128557    |      17.30       |      28.10      
   128558    |      16.89       |      27.65      
   128559    |      14.10       |      24.90      
   128560    |       9.86       |      19.92      
   128561    |       8.57       |      18.61      
   128562    |       8.17       |      17.95      
   128563    |       9.30       |      19.09      
   128564    |      13.57       |      24.27      
   128565    |       8.69       |      19.49      
   128566    |      10.70       |      21.50      
   128567    |      11.72       |      22.50      
   128568    |       5.61       |      15.46      
   128569    |      11.80       |      21.69      
   128570    |      13.23       |      23.48      
   128571    |      14.07       |      24.28      
   128572    |      18.82       |      29.45      
   128573    |      17.68       |      28.32      
   128574    |      24.31       |      35.01      
   128575    |      22.11       |      32.78      
   128576    |      24.44       |      35.06      
   128577    |      23.18       |      33.77      
   128578    |      27.03       |      37.54      
   128579    |      24.21       |      34.61      
   128580    |      25.98       |      36.33      
   128581    |      31.19       |      41.72      
   128582    |      28.61       |      39.16      
   128583    |      27.21       |      37.72      
   128584    |      29.89       |      40.35      
   128585    |      24.65       |      34.87      
   128586    |      32.08       |      42.17      
   128587    |      28.18       |      37.93      
   128588    |      36.19       |      45.87      
   128589    |      43.83       |      54.00      
   128590    |      36.12       |      46.37      
   128591    |      41.51       |      51.91      
   128592    |      36.78       |      47.23      
   128593    |      37.41       |      47.86      
   128594    |      43.29       |      53.68      
   128595    |      41.75       |      52.10      
   128596    |      39.19       |      49.55      
   128597    |      43.78       |      54.21      
   128598    |      43.64       |      54.06      
   128599    |      44.83       |      55.26      
   128600    |      47.45       |      57.86      
   128601    |      48.29       |      58.70      
   128602    |      40.06       |      50.50      
   128603    |      46.91       |      57.35      
   128604    |      35.16       |      45.47      
   128605    |      35.31       |      45.61      
   128606    |      36.02       |      46.33      
   128607    |      34.67       |      44.98      
   128608    |      40.76       |      51.14      
   128609    |      35.69       |      46.08      
   128610    |      26.48       |      36.77      
   128611    |      25.58       |      35.87      
   128612    |      23.43       |      33.66      
   128613    |      32.82       |      42.88      
   128614    |      30.12       |      40.04      
   128615    |      29.92       |      39.84      
   128616    |      24.20       |      33.64      
   128617    |      25.08       |      34.49      
   128618    |      17.41       |      24.26      
   128619    |      20.59       |      27.77      
   128620    |      19.46       |      25.58      
   128621    |      22.04       |      28.52      
   128622    |      28.95       |      37.95      
   128623    |      26.16       |      35.15      
   128624    |      35.21       |      45.06      
   128625    |      35.44       |      45.27      
   128626    |      30.00       |      39.47      
   128627    |      33.67       |      43.08      
   128628    |      24.04       |      31.89      
   128629    |      25.71       |      33.61      
   128630    |      21.30       |      23.55      
   128631    |      25.36       |      29.21      
   128632    |      27.41       |      26.22      
   128633    |      30.73       |      31.92      
   128634    |      30.43       |      34.29      
   128635    |      26.65       |      29.29      
   128636    |      27.74       |      33.52      
   128637    |      19.90       |      23.96      
   128638    |      20.07       |      22.59      
   128639    |      16.97       |      15.26      
   128640    |      20.21       |      15.92      
   128641    |      23.67       |      15.18      
   128642    |      29.03       |      20.02      
   128643    |      18.53       |       8.80      
   128644    |      32.52       |      22.65      
   128645    |      28.86       |      18.93      
   128646    |      37.58       |      27.67      
   128647    |      34.02       |      24.15      
   128648    |      35.32       |      25.47      
   128649    |      31.62       |      21.96      
   128650    |      30.36       |      20.73      
   128651    |      30.99       |      21.31      
   128652    |      33.44       |      23.77      
   128653    |      35.99       |      26.22      
   128654    |      32.71       |      22.95      
   128655    |      36.99       |      27.19      
   128656    |      31.27       |      21.49      
   128657    |      37.83       |      28.19      
   128658    |      30.82       |      21.38      
   128659    |      36.56       |      27.35      
   128660    |      28.00       |      19.54      
   128661    |      33.74       |      25.43      
   128662    |      28.77       |      21.34      
   128663    |      33.28       |      25.84      
   128664    |      37.07       |      29.01      
   128665    |      50.88       |      42.97      
   128666    |      48.02       |      40.45      
   128667    |      57.93       |      50.38      
   128668    |      57.32       |      49.84      
   128669    |      55.63       |      48.17      
   128670    |      64.66       |      56.33      
   128671    |      65.30       |      56.98      
   128672    |      67.82       |      59.32      
   128673    |      61.72       |      53.15      
   128674    |      62.97       |      54.32      
   128675    |      58.44       |      49.73      
   128676    |      59.16       |      50.42      
   128677    |      59.08       |      50.34      
   128678    |      54.92       |      46.45      
   128679    |      56.18       |      47.74      
   128680    |      45.79       |      38.45      
   128681    |      39.65       |      32.34      
   128682    |      40.55       |      33.09      
   128683    |      35.59       |      28.15      
   128684    |      39.64       |      31.58      
   128685    |      39.71       |      31.67      
   128686    |      41.66       |      33.39      
   128687    |      42.41       |      34.16      
   128688    |      53.35       |      44.35      
   128689    |      46.76       |      37.64      
   128690    |      56.09       |      46.76      
   128691    |      51.77       |      42.40      
   128692    |      41.80       |      32.61      
   128693    |      45.86       |      36.77      
   128694    |      29.35       |      21.88      
   128695    |      44.85       |      37.40      
   128696    |      47.80       |      39.97      
   128697    |      54.88       |      47.11      
   128698    |      65.83       |      57.25      
   128699    |      61.28       |      52.63      
   128700    |      64.84       |      56.04      
   128701    |      54.52       |      45.59      
   128702    |      57.69       |      48.65      
   128703    |      56.71       |      47.67      
   128704    |      55.48       |      46.49      
   128705    |      61.29       |      52.39      
   128706    |      59.58       |      50.75      
   128707    |      62.17       |      53.39      
   128708    |      61.32       |      52.59      
   128709    |      61.82       |      53.10      
   128710    |      60.89       |      52.22      
   128711    |      60.81       |      52.15      
   128712    |      56.94       |      48.50      
   128713    |      54.09       |      45.62      
   128714    |      53.56       |      45.13      
   128715    |      49.57       |      41.10      
   128716    |      48.48       |      40.10      
   128717    |      47.17       |      38.78      
   128718    |      48.62       |      40.12      
   128719    |      45.74       |      37.22      
   128720    |      50.18       |      41.39      
   128721    |      49.09       |      40.29      
   128722    |      44.63       |      36.11      
   128723    |      46.54       |      38.06      
   128724    |      41.63       |      33.63      
   128725    |      46.96       |      39.04      
   128726    |      50.74       |      42.46      
   128727    |      53.00       |      44.76      
   128803    |      32.73       |      43.50      
   128804    |      32.19       |      42.91      
   128805    |      31.52       |      42.25      
   128806    |      24.21       |      33.89      
   128807    |      22.68       |      32.35      
   128808    |      22.52       |      32.13      
   128809    |      20.37       |      29.95      
   128810    |      22.85       |      33.05      
   128811    |      12.68       |      23.04      
   128812    |      17.10       |      27.93      
   128813    |      13.86       |      24.74      
   128814    |      13.76       |      24.62      
   128815    |       8.82       |      19.67      
   128816    |       6.28       |      17.13      
   128817    |      11.72       |      22.45      
   128818    |       8.43       |      18.54      
   128819    |      11.43       |      21.51      
   128820    |      11.27       |      21.30      
   128821    |       9.87       |      19.89      
   128822    |      12.86       |      23.45      
   128823    |       8.23       |      18.93      
   128824    |       8.90       |      19.62      
   128825    |       7.20       |      17.94      
   128826    |      11.28       |      21.98      
   128827    |      14.57       |      25.30      
   128828    |      16.67       |      27.38      
   128829    |      20.82       |      31.51      
   128830    |      22.55       |      33.24      
   128831    |      18.38       |      29.03      
   128832    |      23.06       |      33.61      
   128833    |      18.88       |      29.27      
   128834    |      24.13       |      34.40      
   128835    |      26.67       |      37.07      
   128836    |      30.76       |      41.08      
   128837    |      34.35       |      44.80      
   128838    |      27.29       |      37.81      
   128839    |      27.32       |      37.84      
   128840    |      25.26       |      35.79      
   128841    |      25.83       |      36.37      
   128842    |      28.75       |      39.24      
   128843    |      33.99       |      44.53      
   128844    |      44.72       |      55.17      
   128845    |      44.14       |      54.58      
   128846    |      41.74       |      52.19      
   128848    |      39.44       |      49.93      
   128849    |      39.14       |      49.62      
   128850    |      43.55       |      54.05      
   128851    |      35.70       |      46.19      
   128852    |      43.70       |      54.13      
   128853    |      48.76       |      59.23      
   128854    |      45.37       |      55.84      
   128855    |      49.12       |      59.59      
   128856    |      49.35       |      59.81      
   128857    |      47.78       |      58.24      
   128858    |      46.48       |      56.93      
   128859    |      46.09       |      56.53      
   128860    |      34.48       |      44.86      
   128861    |      34.18       |      44.55      
   128862    |      34.15       |      44.51      
   128863    |      34.86       |      45.21      
   128864    |      36.39       |      46.75      
   128865    |      32.17       |      42.54      
   128866    |      25.65       |      35.93      
   128867    |      28.11       |      38.35      
   128868    |      31.21       |      41.50      
   128869    |      30.60       |      40.88      
   128870    |      28.00       |      38.23      
   128871    |      26.59       |      36.84      
   128872    |      21.81       |      31.91      
   128873    |      26.85       |      36.83      
   128874    |      15.72       |      24.14      
   128875    |      22.21       |      30.74      
   128876    |      18.95       |      26.08      
   128877    |      20.09       |      27.31      
   128878    |      26.01       |      35.03      
   128879    |      22.47       |      31.50      
   128880    |      34.13       |      44.16      
   128881    |      25.47       |      35.61      
   128882    |      29.26       |      39.43      
   128883    |      28.06       |      38.22      
   128884    |      17.34       |      27.34      
   128885    |      22.53       |      32.37      
   128886    |      10.65       |      17.68      
   128887    |      15.54       |      23.10      
   128888    |      14.09       |      16.29      
   128889    |      19.06       |      23.83      
   128890    |      18.90       |      22.39      
   128891    |      17.86       |      20.81      
   128892    |      17.79       |      22.21      
   128893    |      12.40       |       9.97      
   128894    |      12.50       |       9.96      
   128895    |      19.09       |       9.19      
   128896    |      28.16       |      18.24      
   128897    |      21.88       |      12.04      
   128898    |      35.07       |      25.13      
   128899    |      28.72       |      19.40      
   128900    |      35.32       |      25.74      
   128901    |      33.69       |      24.34      
   128902    |      36.36       |      26.93      
   128903    |      38.36       |      28.74      
   128904    |      37.57       |      27.97      
   128905    |      36.36       |      26.89      
   128906    |      35.74       |      26.30      
   128907    |      32.25       |      23.41      
   128908    |      33.63       |      24.73      
   128909    |      34.92       |      25.79      
   128910    |      28.93       |      20.08      
   128911    |      33.49       |      24.01      
   128912    |      28.03       |      18.58      
   128913    |      31.57       |      21.85      
   128914    |      27.24       |      17.54      
   128915    |      30.49       |      20.74      
   128916    |      22.79       |      13.06      
   128917    |      26.48       |      16.88      
   128918    |      22.35       |      12.91      
   128919    |      25.86       |      16.63      
   128920    |      23.43       |      14.41      
   128921    |      35.93       |      27.41      
   128922    |      27.45       |      20.33      
   128923    |      49.28       |      42.03      
   128924    |      52.77       |      45.09      
   128925    |      56.61       |      48.96      
   128926    |      68.15       |      59.57      
   128927    |      63.49       |      54.88      
   128928    |      65.26       |      56.54      
   128929    |      66.93       |      58.25      
   128930    |      67.53       |      58.82      
   128931    |      62.17       |      53.36      
   128932    |      61.61       |      52.83      
   128933    |      58.80       |      49.98      
   128934    |      55.36       |      46.72      
   128935    |      54.17       |      45.52      
   128936    |      46.43       |      38.42      
   128937    |      43.16       |      35.11      
   128938    |      37.52       |      30.28      
   128939    |      41.38       |      34.15      
   128940    |      47.65       |      39.61      
   128941    |      39.43       |      31.31      
   128942    |      53.16       |      44.12      
   128943    |      38.19       |      28.92      
   128944    |      52.20       |      42.77      
   128945    |      50.17       |      40.75      
   128946    |      49.84       |      40.43      
   128947    |      55.24       |      45.84      
   128948    |      37.52       |      28.39      
   128949    |      42.77       |      33.79      
   128950    |      29.19       |      21.61      
   128951    |      29.14       |      21.57      
   128952    |      41.39       |      32.47      
   128953    |      43.36       |      34.48      
   128954    |      57.56       |      48.32      
   128955    |      62.16       |      52.98      
   128956    |      59.99       |      50.85      
   128957    |      63.00       |      53.91      
   128958    |      61.91       |      52.85      
   128959    |      57.31       |      48.22      
   128960    |      61.92       |      52.73      
   128961    |      53.31       |      44.06      
   128962    |      56.22       |      46.97      
   128963    |      55.94       |      46.70      
   128964    |      55.82       |      46.59      
   128965    |      57.35       |      48.14      
   128966    |      52.71       |      43.53      
   128967    |      57.68       |      48.55      
   128968    |      48.90       |      40.00      
   128969    |      54.97       |      46.17      
   128970    |      50.42       |      41.86      
   128971    |      53.19       |      44.69      
   128972    |      53.58       |      45.06      
   128973    |      47.49       |      38.89      
   128974    |      46.76       |      38.21      
   128975    |      48.57       |      40.05      
   128976    |      46.70       |      38.37      
   128977    |      53.39       |      45.18      
   128978    |      47.56       |      39.99      
   128979    |      49.51       |      41.98      
   128980    |      45.24       |      38.42      
   128981    |      47.21       |      40.39      
   128982    |      55.74       |      47.78      
   128983    |      52.27       |      44.27      
   129059    |      31.35       |      42.19      
   129060    |      30.93       |      41.75      
   129061    |      29.18       |      40.01      
   129062    |      21.50       |      31.45      
   129063    |      24.36       |      34.28      
   129064    |      22.03       |      31.20      
   129065    |      18.28       |      27.33      
   129066    |      17.91       |      26.71      
   129067    |      12.00       |      20.36      
   129068    |      16.04       |      26.40      
   129069    |       8.72       |      19.31      
   129070    |       9.72       |      20.43      
   129071    |      13.64       |      24.18      
   129072    |      12.83       |      23.25      
   129073    |      14.58       |      24.95      
   129074    |      12.29       |      22.09      
   129075    |      10.70       |      20.48      
   129076    |      10.65       |      20.40      
   129077    |       7.80       |      17.49      
   129078    |       9.46       |      19.78      
   129079    |       7.08       |      17.47      
   129080    |       8.02       |      18.55      
   129081    |       8.83       |      19.32      
   129082    |      14.58       |      25.31      
   129083    |      20.10       |      30.74      
   129084    |      21.19       |      31.84      
   129085    |      20.90       |      31.55      
   129086    |      19.43       |      30.04      
   129087    |      15.26       |      25.93      
   129088    |      19.75       |      30.40      
   129089    |      19.63       |      30.27      
   129090    |      27.10       |      37.66      
   129091    |      28.74       |      39.33      
   129092    |      34.62       |      45.14      
   129093    |      33.76       |      44.26      
   129094    |      27.48       |      38.03      
   129095    |      32.09       |      42.67      
   129096    |      26.76       |      37.34      
   129097    |      33.75       |      44.27      
   129098    |      35.50       |      46.03      
   129099    |      44.86       |      55.31      
   129100    |      47.68       |      58.16      
   129101    |      43.73       |      54.23      
   129103    |      43.52       |      54.03      
   129104    |      38.23       |      48.74      
   129105    |      41.98       |      52.49      
   129106    |      36.84       |      47.32      
   129107    |      41.76       |      52.19      
   129109    |      47.84       |      58.32      
   129110    |      49.16       |      59.63      
   129111    |      47.22       |      57.68      
   129112    |      47.75       |      58.21      
   129113    |      48.58       |      59.03      
   129114    |      46.27       |      56.71      
   129115    |      44.39       |      54.83      
   129116    |      33.87       |      44.26      
   129117    |      35.92       |      46.29      
   129118    |      34.87       |      45.22      
   129119    |      33.96       |      44.31      
   129120    |      32.63       |      42.95      
   129121    |      36.59       |      46.86      
   129122    |      29.06       |      39.14      
   129123    |      26.00       |      36.13      
   129124    |      30.97       |      41.21      
   129125    |      23.34       |      33.66      
   129126    |      25.81       |      36.13      
   129127    |      32.09       |      42.35      
   129128    |      25.98       |      36.12      
   129129    |      28.25       |      38.33      
   129130    |      18.56       |      28.01      
   129131    |      20.40       |      29.79      
   129132    |      15.65       |      24.02      
   129133    |      16.85       |      25.23      
   129134    |      21.37       |      30.65      
   129135    |      22.07       |      31.32      
   129136    |      27.70       |      37.33      
   129137    |      21.95       |      31.71      
   129138    |      29.06       |      39.07      
   129139    |      22.70       |      32.82      
   129140    |      21.42       |      31.51      
   129141    |      23.01       |      33.05      
   129142    |      10.92       |      20.11      
   129143    |      15.54       |      24.60      
   129144    |      10.88       |      17.80      
   129145    |      12.47       |      19.60      
   129146    |      11.57       |      15.67      
   129147    |       9.41       |       7.46      
   129148    |      10.23       |       7.18      
   129149    |      16.22       |       6.20      
   129150    |      18.88       |       8.88      
   129151    |      27.16       |      17.49      
   129152    |      36.25       |      26.37      
   129153    |      31.05       |      22.05      
   129154    |      35.81       |      26.51      
   129155    |      36.37       |      26.97      
   129156    |      37.38       |      27.98      
   129157    |      36.28       |      27.05      
   129158    |      37.56       |      28.29      
   129159    |      36.99       |      27.82      
   129160    |      38.34       |      29.13      
   129161    |      38.61       |      29.36      
   129162    |      37.23       |      28.04      
   129163    |      36.66       |      27.58      
   129164    |      31.13       |      22.38      
   129165    |      32.87       |      23.73      
   129166    |      28.72       |      19.83      
   129167    |      28.77       |      19.87      
   129168    |      27.46       |      18.71      
   129169    |      28.65       |      19.53      
   129170    |      23.61       |      14.87      
   129171    |      27.48       |      17.90      
   129172    |      19.92       |      10.55      
   129173    |      22.92       |      13.21      
   129174    |      16.80       |       7.10      
   129175    |      22.30       |      12.79      
   129176    |      15.02       |       6.19      
   129177    |      24.42       |      16.18      
   129178    |      19.89       |      12.86      
   129179    |      27.41       |      20.27      
   129180    |      38.07       |      29.38      
   129181    |      50.36       |      41.97      
   129182    |      62.87       |      53.86      
   129183    |      66.77       |      57.85      
   129184    |      64.64       |      55.79      
   129185    |      64.71       |      55.85      
   129186    |      67.85       |      58.89      
   129187    |      66.07       |      57.08      
   129188    |      63.40       |      54.51      
   129189    |      60.84       |      51.90      
   129190    |      57.46       |      48.67      
   129191    |      54.44       |      45.59      
   129192    |      46.82       |      38.37      
   129193    |      44.65       |      36.16      
   129194    |      37.14       |      29.39      
   129195    |      35.92       |      28.17      
   129196    |      41.19       |      32.88      
   129197    |      47.13       |      38.94      
   129198    |      59.34       |      50.49      
   129199    |      53.48       |      44.52      
   129200    |      63.41       |      54.27      
   129201    |      53.83       |      44.51      
   129202    |      50.30       |      41.04      
   129203    |      51.89       |      42.67      
   129204    |      36.11       |      27.52      
   129205    |      39.98       |      31.51      
   129206    |      34.47       |      26.60      
   129207    |      28.18       |      20.21      
   129208    |      47.07       |      37.90      
   129209    |      39.72       |      30.43      
   129210    |      55.21       |      45.89      
   129211    |      56.33       |      47.01      
   129212    |      53.52       |      44.22      
   129213    |      58.59       |      49.31      
   129214    |      52.21       |      42.98      
   129215    |      61.63       |      52.53      
   129216    |      63.96       |      54.84      
   129217    |      62.42       |      53.28      
   129218    |      62.01       |      52.89      
   129219    |      57.30       |      48.12      
   129220    |      58.70       |      49.52      
   129221    |      56.51       |      47.32      
   129222    |      52.81       |      43.66      
   129223    |      53.19       |      44.05      
   129224    |      46.74       |      37.74      
   129225    |      48.60       |      39.65      
   129226    |      44.23       |      35.45      
   129227    |      49.89       |      41.23      
   129228    |      49.65       |      41.00      
   129229    |      53.33       |      44.76      
   129230    |      51.24       |      42.79      
   129231    |      46.89       |      38.38      
   129232    |      42.72       |      34.45      
   129233    |      47.76       |      39.64      
   129234    |      39.60       |      32.55      
   129235    |      50.41       |      43.40      
   129236    |      45.02       |      39.06      
   129237    |      49.43       |      43.40      
   129238    |      63.24       |      55.32      
   129239    |      55.53       |      47.52      
   129240    |      67.62       |      58.94      
   129314    |      30.33       |      41.30      
   129315    |      33.54       |      44.46      
   129316    |      29.61       |      40.37      
   129317    |      28.72       |      39.49      
   129318    |      23.09       |      33.30      
   129319    |      24.10       |      34.28      
   129320    |      19.69       |      28.37      
   129321    |      14.95       |      23.30      
   129322    |      14.54       |      22.12      
   129323    |      10.10       |      16.48      
   129324    |      11.39       |      21.00      
   129325    |       9.62       |      19.20      
   129326    |      13.49       |      24.07      
   129327    |      14.26       |      24.80      
   129328    |      14.07       |      24.58      
   129329    |      12.69       |      23.23      
   129330    |      10.03       |      20.04      
   129331    |       8.72       |      18.74      
   129332    |       7.96       |      17.58      
   129333    |       6.40       |      15.95      
   129334    |       7.59       |      17.77      
   129335    |       8.99       |      19.13      
   129336    |       9.53       |      19.79      
   129337    |      11.99       |      22.16      
   129338    |      19.75       |      30.43      
   129339    |      18.83       |      29.52      
   129340    |      20.45       |      31.14      
   129341    |      20.07       |      30.75      
   129342    |      15.74       |      26.36      
   129343    |      20.53       |      31.03      
   129344    |      21.29       |      31.80      
   129345    |      24.44       |      34.88      
   129346    |      30.59       |      41.17      
   129347    |      27.84       |      38.43      
   129348    |      34.90       |      45.50      
   129349    |      32.78       |      43.38      
   129350    |      32.08       |      42.66      
   129351    |      31.38       |      41.96      
   129352    |      32.05       |      42.61      
   129353    |      40.83       |      51.38      
   129354    |      42.90       |      53.45      
   129356    |      48.16       |      58.59      
   129357    |      46.49       |      56.76      
   129358    |      47.78       |      58.07      
   129359    |      39.57       |      49.96      
   129360    |      43.33       |      53.77      
   129361    |      36.61       |      47.10      
   129362    |      40.69       |      51.18      
   129363    |      44.03       |      54.50      
   129364    |      47.91       |      58.38      
   129365    |      48.26       |      58.72      
   129366    |      47.72       |      58.18      
   129367    |      47.62       |      58.08      
   129368    |      48.90       |      59.35      
   129369    |      45.31       |      55.75      
   129370    |      44.39       |      54.83      
   129371    |      41.63       |      52.06      
   129372    |      34.89       |      45.31      
   129373    |      39.45       |      49.85      
   129374    |      34.00       |      44.34      
   129375    |      38.11       |      48.39      
   129376    |      36.72       |      46.97      
   129377    |      35.89       |      46.14      
   129378    |      26.56       |      36.58      
   129379    |      23.01       |      33.11      
   129380    |      24.54       |      34.68      
   129381    |      25.56       |      35.66      
   129382    |      32.29       |      42.53      
   129383    |      34.20       |      44.39      
   129384    |      28.41       |      38.46      
   129385    |      23.75       |      33.90      
   129386    |      18.30       |      28.24      
   129387    |      13.13       |      23.25      
   129388    |      11.67       |      21.71      
   129389    |      14.91       |      24.79      
   129390    |      18.90       |      28.94      
   129391    |      20.90       |      30.87      
   129392    |      21.13       |      31.10      
   129393    |      23.07       |      32.97      
   129394    |      23.66       |      33.56      
   129395    |      19.38       |      29.40      
   129396    |      22.90       |      32.97      
   129397    |      21.86       |      31.94      
   129398    |      13.36       |      23.19      
   129399    |      19.47       |      29.04      
   129400    |      11.14       |      18.75      
   129401    |       6.61       |      13.57      
   129402    |       9.98       |       8.15      
   129403    |      14.39       |       4.65      
   129404    |      16.43       |       6.64      
   129405    |      23.78       |      13.90      
   129406    |      34.54       |      24.55      
   129407    |      27.98       |      18.87      
   129408    |      37.05       |      27.43      
   129409    |      36.92       |      27.32      
   129410    |      34.83       |      25.32      
   129411    |      35.10       |      25.56      
   129412    |      38.82       |      29.20      
   129413    |      37.27       |      27.83      
   129414    |      39.32       |      29.84      
   129415    |      37.60       |      28.37      
   129416    |      37.74       |      28.52      
   129417    |      38.10       |      28.82      
   129418    |      36.99       |      27.77      
   129419    |      37.05       |      27.83      
   129420    |      31.51       |      22.58      
   129421    |      30.99       |      22.20      
   129422    |      28.18       |      19.68      
   129423    |      28.95       |      20.19      
   129424    |      26.53       |      18.04      
   129425    |      27.31       |      18.51      
   129426    |      21.65       |      13.65      
   129427    |      23.35       |      14.47      
   129428    |      16.30       |       8.68      
   129429    |      19.78       |      10.32      
   129430    |      11.73       |       3.34      
   129431    |      16.71       |       7.05      
   129432    |      11.61       |       2.38      
   129433    |      15.05       |       6.29      
   129434    |      14.86       |       6.15      
   129435    |      18.45       |      10.02      
   129436    |      26.53       |      17.24      
   129437    |      37.90       |      29.12      
   129438    |      51.37       |      42.09      
   129439    |      63.12       |      54.17      
   129440    |      63.81       |      54.84      
   129441    |      64.35       |      55.41      
   129442    |      67.53       |      58.51      
   129443    |      63.76       |      55.36      
   129444    |      65.42       |      56.95      
   129445    |      68.86       |      59.85      
   129446    |      63.02       |      54.21      
   129447    |      56.83       |      47.89      
   129448    |      47.27       |      38.78      
   129449    |      46.68       |      38.19      
   129450    |      41.66       |      33.57      
   129451    |      35.78       |      27.56      
   129452    |      37.09       |      28.75      
   129453    |      41.54       |      33.32      
   129454    |      57.24       |      48.28      
   129455    |      59.00       |      50.09      
   129456    |      63.65       |      54.63      
   129457    |      64.21       |      55.20      
   129458    |      46.41       |      38.17      
   129459    |      56.41       |      48.39      
   129460    |      46.09       |      39.16      
   129461    |      42.33       |      35.41      
   129462    |      50.96       |      43.03      
   129463    |      33.25       |      24.99      
   129464    |      51.32       |      42.17      
   129465    |      46.78       |      37.56      
   129466    |      51.11       |      41.85      
   129467    |      57.01       |      47.83      
   129468    |      53.42       |      44.32      
   129469    |      55.72       |      46.67      
   129470    |      47.58       |      38.77      
   129471    |      55.70       |      47.09      
   129472    |      58.95       |      50.22      
   129473    |      67.62       |      59.08      
   129475    |      64.41       |      55.64      
   129476    |      67.28       |      58.42      
   129477    |      60.45       |      51.48      
   129478    |      55.17       |      46.37      
   129479    |      55.09       |      46.29      
   129480    |      49.66       |      41.12      
   129481    |      49.04       |      40.50      
   129482    |      47.28       |      38.86      
   129483    |      45.71       |      37.26      
   129484    |      46.70       |      38.20      
   129485    |      50.77       |      42.36      
   129486    |      49.86       |      41.51      
   129487    |      52.00       |      43.70      
   129488    |      46.53       |      38.67      
   129489    |      44.47       |      36.59      
   129490    |      40.05       |      32.73      
   129491    |      38.49       |      31.17      
   129492    |      36.46       |      29.53      
   129493    |      40.16       |      33.24      
   129494    |      57.88       |      49.29      
   129495    |      59.44       |      50.88      
   129496    |      68.63       |      59.78      
   129497    |      66.16       |      57.29      
   129569    |      31.52       |      42.33      
   129570    |      33.81       |      44.69      
   129571    |      28.18       |      39.12      
   129572    |      27.60       |      38.52      
   129573    |      22.18       |      33.15      
   129574    |      20.33       |      31.27      
   129575    |      21.28       |      32.19      
   129576    |      11.51       |      21.00      
   129577    |      15.37       |      24.90      
   129578    |      13.47       |      18.94      
   129579    |      17.14       |      23.76      
   129580    |      17.31       |      24.52      
   129581    |      11.99       |      17.69      
   129582    |      15.76       |      25.87      
   129583    |       5.51       |      15.96      
   129584    |      11.39       |      22.22      
   129585    |       9.69       |      20.49      
   129586    |       6.56       |      17.36      
   129587    |       9.00       |      19.73      
   129588    |       5.28       |      15.35      
   129589    |      11.02       |      20.97      
   129590    |      10.28       |      19.95      
   129591    |      12.19       |      21.84      
   129592    |      12.93       |      22.81      
   129593    |      13.37       |      23.23      
   129594    |      19.73       |      30.29      
   129595    |      14.28       |      24.95      
   129596    |      19.84       |      30.52      
   129597    |      19.04       |      29.71      
   129598    |      18.89       |      29.55      
   129599    |      25.35       |      35.96      
   129600    |      23.39       |      33.97      
   129601    |      28.19       |      38.68      
   129602    |      28.89       |      39.39      
   129603    |      30.43       |      40.90      
   129604    |      34.56       |      45.09      
   129605    |      33.30       |      43.83      
   129606    |      33.00       |      43.52      
   129607    |      31.99       |      42.52      
   129608    |      40.28       |      50.84      
   129609    |      41.11       |      51.67      
   129611    |      49.27       |      59.80      
   129612    |      45.51       |      56.05      
   129613    |      46.96       |      57.49      
   129614    |      38.02       |      48.53      
   129615    |      41.24       |      51.72      
   129616    |      37.40       |      47.82      
   129617    |      42.73       |      53.08      
   129618    |      45.22       |      55.61      
   129619    |      44.43       |      54.82      
   129620    |      49.12       |      59.54      
   129621    |      45.15       |      55.60      
   129622    |      47.71       |      58.16      
   129624    |      46.58       |      56.99      
   129625    |      43.62       |      54.04      
   129626    |      42.82       |      53.22      
   129627    |      35.81       |      46.24      
   129628    |      38.61       |      49.02      
   129629    |      46.20       |      56.59      
   129630    |      37.73       |      48.05      
   129632    |      38.94       |      48.72      
   129633    |      31.52       |      41.45      
   129634    |      25.43       |      34.99      
   129635    |      32.15       |      41.56      
   129636    |      29.84       |      39.04      
   129637    |      29.29       |      38.49      
   129638    |      36.96       |      46.70      
   129639    |      27.98       |      37.91      
   129640    |      25.43       |      35.23      
   129641    |      20.58       |      30.50      
   129642    |      15.22       |      24.67      
   129643    |      10.03       |      19.68      
   129644    |      14.54       |      24.54      
   129645    |      13.29       |      23.33      
   129646    |      20.00       |      30.17      
   129647    |      22.44       |      32.54      
   129648    |      22.26       |      32.35      
   129649    |      21.14       |      31.25      
   129650    |      19.22       |      29.28      
   129651    |      18.91       |      28.97      
   129652    |      21.85       |      31.94      
   129653    |      20.30       |      30.41      
   129654    |      17.79       |      27.86      
   129655    |      13.36       |      23.47      
   129656    |       2.06       |      11.88      
   129657    |       5.28       |       6.52      
   129658    |      14.38       |       4.57      
   129659    |      21.05       |      11.81      
   129660    |      27.62       |      17.88      
   129661    |      25.01       |      16.00      
   129662    |      34.96       |      25.29      
   129663    |      35.04       |      25.37      
   129664    |      36.68       |      26.99      
   129665    |      36.78       |      27.08      
   129666    |      34.47       |      24.85      
   129667    |      34.52       |      24.90      
   129668    |      37.04       |      27.38      
   129669    |      38.33       |      28.57      
   129670    |      40.88       |      31.10      
   129671    |      38.87       |      29.25      
   129672    |      39.93       |      30.30      
   129673    |      37.37       |      28.05      
   129674    |      34.90       |      25.69      
   129675    |      36.32       |      26.89      
   129676    |      28.40       |      19.37      
   129677    |      30.25       |      20.83      
   129678    |      27.68       |      18.40      
   129679    |      26.88       |      17.79      
   129680    |      24.23       |      15.38      
   129681    |      25.12       |      15.98      
   129682    |      18.23       |       9.99      
   129683    |      19.92       |      10.78      
   129684    |      13.87       |       5.99      
   129685    |      15.00       |       6.08      
   129686    |       9.44       |       3.68      
   129687    |      11.41       |       2.16      
   129688    |       9.11       |       1.54      
   129689    |      11.62       |       2.10      
   129690    |      11.26       |       1.80      
   129691    |      14.78       |       5.88      
   129692    |      17.84       |       8.55      
   129693    |      27.46       |      18.88      
   129694    |      39.69       |      30.41      
   129695    |      52.71       |      43.87      
   129696    |      59.93       |      50.85      
   129697    |      63.76       |      54.78      
   129698    |      63.89       |      54.91      
   129699    |      61.08       |      52.05      
   129700    |      65.69       |      56.55      
   129701    |      68.49       |      59.41      
   129702    |      57.56       |      48.84      
   129703    |      64.13       |      55.56      
   129704    |      55.24       |      47.19      
   129705    |      48.47       |      40.30      
   129706    |      52.96       |      44.50      
   129707    |      39.51       |      30.71      
   129708    |      43.99       |      35.01      
   129709    |      34.53       |      25.27      
   129710    |      49.96       |      40.54      
   129711    |      55.10       |      45.75      
   129712    |      45.87       |      36.66      
   129713    |      64.94       |      56.16      
   129714    |      44.87       |      37.32      
   129715    |      49.48       |      42.00      
   129716    |      54.29       |      46.40      
   129717    |      41.15       |      33.02      
   129718    |      54.71       |      45.83      
   129719    |      45.94       |      36.88      
   129720    |      52.39       |      43.20      
   129721    |      51.02       |      41.81      
   129722    |      49.50       |      40.33      
   129723    |      52.12       |      43.01      
   129724    |      47.69       |      38.69      
   129725    |      54.84       |      46.01      
   129726    |      49.23       |      40.64      
   129727    |      48.49       |      39.89      
   129728    |      52.87       |      44.10      
   129729    |      59.60       |      50.99      
   129730    |      67.46       |      58.59      
   129733    |      67.37       |      58.52      
   129734    |      58.73       |      50.21      
   129735    |      56.52       |      47.97      
   129736    |      52.40       |      44.08      
   129737    |      50.56       |      42.21      
   129738    |      48.30       |      40.12      
   129739    |      48.42       |      40.25      
   129740    |      42.84       |      35.21      
   129741    |      51.23       |      43.71      
   129742    |      51.95       |      44.36      
   129743    |      53.64       |      46.09      
   129744    |      58.86       |      50.87      
   129745    |      44.67       |      36.42      
   129746    |      48.34       |      39.85      
   129747    |      34.14       |      25.31      
   129748    |      30.57       |      21.95      
   129749    |      30.31       |      21.69      
   129750    |      43.82       |      34.79      
   129751    |      55.82       |      46.94      
   129752    |      67.61       |      58.59      
   129753    |      66.90       |      57.88      
   129824    |      31.43       |      42.25      
   129825    |      33.34       |      44.12      
   129826    |      30.36       |      40.95      
   129827    |      17.02       |      27.89      
   129828    |      22.16       |      33.13      
   129829    |      16.18       |      27.05      
   129830    |      20.58       |      31.35      
   129831    |      18.99       |      29.63      
   129832    |      10.77       |      21.60      
   129833    |      21.78       |      32.60      
   129834    |      11.46       |      19.68      
   129835    |      17.21       |      25.88      
   129836    |      16.07       |      20.91      
   129837    |      13.84       |      17.17      
   129838    |      13.06       |      20.52      
   129839    |       7.63       |      12.44      
   129840    |      10.82       |      21.39      
   129841    |       6.36       |      17.10      
   129842    |       8.68       |      19.47      
   129843    |      13.07       |      23.74      
   129844    |       9.79       |      20.16      
   129845    |      12.04       |      22.32      
   129846    |      10.96       |      21.02      
   129847    |      13.73       |      23.71      
   129848    |      13.32       |      23.19      
   129849    |      15.23       |      25.07      
   129850    |      16.79       |      26.88      
   129851    |      15.39       |      25.51      
   129852    |      20.61       |      31.12      
   129853    |      20.34       |      30.84      
   129854    |      25.42       |      36.03      
   129855    |      31.03       |      41.54      
   129856    |      28.60       |      39.03      
   129857    |      33.02       |      43.37      
   129858    |      31.73       |      42.02      
   129859    |      35.72       |      45.94      
   129860    |      38.15       |      48.45      
   129861    |      37.13       |      47.21      
   129862    |      35.96       |      45.96      
   129863    |      36.05       |      46.07      
   129864    |      44.16       |      54.50      
   129865    |      41.13       |      51.50      
   129867    |      49.00       |      59.51      
   129868    |      48.23       |      58.73      
   129869    |      41.75       |      52.27      
   129870    |      40.47       |      50.98      
   129871    |      43.03       |      53.52      
   129872    |      41.25       |      51.73      
   129873    |      48.95       |      59.36      
   129874    |      44.88       |      55.23      
   129875    |      42.64       |      53.00      
   129876    |      45.94       |      56.34      
   129877    |      45.18       |      55.58      
   129880    |      44.11       |      54.49      
   129881    |      40.00       |      50.41      
   129882    |      36.76       |      47.15      
   129883    |      37.48       |      47.85      
   129884    |      45.95       |      56.36      
   129885    |      44.61       |      55.01      
   129886    |      47.30       |      57.69      
   129887    |      48.86       |      59.25      
   129888    |      29.79       |      40.02      
   129889    |      43.97       |      53.90      
   129890    |      36.75       |      46.38      
   129891    |      34.79       |      43.67      
   129892    |      32.56       |      41.15      
   129893    |      32.49       |      41.01      
   129894    |      33.89       |      42.59      
   129895    |      24.44       |      33.18      
   129896    |      24.96       |      33.78      
   129897    |      19.69       |      28.53      
   129898    |      15.72       |      23.34      
   129899    |      12.91       |      20.30      
   129900    |      16.86       |      25.75      
   129901    |      11.46       |      20.41      
   129902    |      22.98       |      32.96      
   129903    |      20.53       |      30.58      
   129904    |      21.37       |      31.43      
   129905    |      24.17       |      34.13      
   129906    |      19.86       |      29.66      
   129907    |      25.28       |      34.90      
   129908    |      22.79       |      32.23      
   129909    |      12.79       |      22.64      
   129910    |      14.10       |      24.00      
   129911    |       4.47       |      13.41      
   129912    |       5.00       |       6.34      
   129913    |      10.78       |       5.91      
   129914    |      20.63       |      11.06      
   129915    |      24.01       |      14.63      
   129916    |      29.37       |      19.67      
   129917    |      28.11       |      18.66      
   129918    |      32.98       |      23.31      
   129919    |      34.51       |      24.68      
   129920    |      37.12       |      27.26      
   129921    |      36.38       |      26.58      
   129922    |      36.93       |      27.14      
   129923    |      34.61       |      25.07      
   129924    |      37.30       |      27.70      
   129925    |      37.20       |      27.61      
   129926    |      40.98       |      31.33      
   129927    |      41.21       |      31.54      
   129928    |      37.20       |      27.63      
   129929    |      39.48       |      29.73      
   129930    |      30.44       |      20.85      
   129931    |      33.19       |      23.39      
   129932    |      29.16       |      19.41      
   129933    |      27.22       |      17.67      
   129934    |      28.56       |      19.00      
   129935    |      27.43       |      18.03      
   129936    |      21.70       |      12.69      
   129937    |      23.22       |      13.79      
   129938    |      16.48       |       7.72      
   129939    |      17.20       |       8.06      
   129940    |      13.47       |       5.12      
   129941    |      13.48       |       5.11      
   129942    |       7.37       |       5.29      
   129943    |       8.88       |       2.25      
   129944    |       6.95       |       3.57      
   129945    |       8.89       |       0.80      
   129946    |       9.18       |       0.49      
   129947    |      11.28       |       2.18      
   129948    |       9.70       |       1.71      
   129949    |      19.00       |      11.23      
   129950    |      23.86       |      15.19      
   129951    |      43.33       |      35.44      
   129952    |      56.17       |      47.41      
   129953    |      61.82       |      53.22      
   129955    |      63.34       |      54.25      
   129956    |      61.69       |      52.65      
   129957    |      66.82       |      57.90      
   129958    |      53.57       |      45.20      
   129959    |      59.64       |      51.41      
   129960    |      55.68       |      47.73      
   129961    |      58.55       |      49.94      
   129962    |      59.99       |      51.33      
   129963    |      51.31       |      42.45      
   129964    |      54.94       |      45.97      
   129965    |      43.02       |      33.77      
   129966    |      46.33       |      37.04      
   129967    |      51.34       |      42.16      
   129968    |      36.98       |      28.33      
   129969    |      49.62       |      41.34      
   129970    |      45.12       |      37.18      
   129971    |      43.33       |      35.36      
   129972    |      57.85       |      49.08      
   129973    |      49.60       |      40.65      
   129974    |      54.74       |      45.66      
   129975    |      53.61       |      44.52      
   129976    |      49.90       |      40.92      
   129977    |      53.99       |      45.11      
   129978    |      50.40       |      41.66      
   129979    |      51.71       |      43.01      
   129980    |      49.91       |      41.29      
   129981    |      49.34       |      40.73      
   129982    |      49.03       |      40.43      
   129983    |      49.29       |      40.71      
   129984    |      51.74       |      43.06      
   129985    |      53.54       |      44.91      
   129986    |      62.14       |      53.24      
   129987    |      67.94       |      59.15      
   129988    |      64.96       |      56.28      
   129990    |      63.54       |      55.37      
   129991    |      60.25       |      52.03      
   129992    |      56.80       |      48.83      
   129993    |      53.80       |      45.78      
   129994    |      52.29       |      44.40      
   129995    |      49.37       |      41.43      
   129996    |      41.74       |      34.68      
   129997    |      45.40       |      38.38      
   129998    |      50.52       |      42.90      
   129999    |      51.91       |      44.31      
   130000    |      65.30       |      56.79      
   130001    |      54.89       |      46.19      
   130002    |      52.73       |      44.12      
   130003    |      47.11       |      38.40      
   130004    |      40.99       |      32.60      
   130005    |      30.38       |      21.70      
   130006    |      38.35       |      29.37      
   130007    |      45.18       |      36.33      
   130008    |      61.01       |      51.97      
   130009    |      67.95       |      58.95      
   130010    |      61.76       |      52.84      
   130080    |      33.27       |      44.06      
   130081    |      28.83       |      39.69      
   130082    |      20.24       |      30.28      
   130083    |      15.78       |      25.89      
   130084    |      18.33       |      28.85      
   130085    |      12.90       |      23.59      
   130086    |      19.23       |      30.16      
   130087    |      16.10       |      27.02      
   130088    |      20.82       |      31.69      
   130089    |      20.88       |      31.75      
   130090    |      10.47       |      21.31      
   130091    |      12.36       |      23.12      
   130092    |       7.04       |      11.68      
   130093    |       8.85       |      15.18      
   130094    |       9.49       |      13.82      
   130095    |       8.63       |      11.30      
   130096    |       8.63       |      18.42      
   130097    |       8.97       |      18.74      
   130098    |      13.45       |      24.03      
   130099    |      18.68       |      29.09      
   130100    |      13.95       |      23.62      
   130101    |      13.32       |      22.98      
   130102    |      14.13       |      23.99      
   130103    |      13.62       |      23.48      
   130104    |      14.62       |      24.63      
   130105    |      17.96       |      27.87      
   130106    |      16.83       |      26.55      
   130107    |      21.17       |      30.79      
   130108    |      23.24       |      33.14      
   130109    |      27.18       |      36.99      
   130110    |      33.00       |      43.23      
   130111    |      33.78       |      43.99      
   130112    |      36.00       |      46.28      
   130113    |      35.03       |      45.08      
   130114    |      36.40       |      46.51      
   130115    |      31.45       |      41.64      
   130116    |      37.32       |      47.71      
   130117    |      35.42       |      45.83      
   130118    |      36.07       |      46.49      
   130119    |      34.52       |      44.71      
   130120    |      42.91       |      53.30      
   130121    |      41.83       |      52.11      
   130124    |      46.16       |      56.30      
   130125    |      46.11       |      56.23      
   130126    |      43.27       |      53.28      
   130127    |      45.35       |      55.64      
   130128    |      47.93       |      58.26      
   130129    |      49.05       |      59.45      
   130130    |      46.33       |      56.68      
   130131    |      44.33       |      54.50      
   130132    |      46.27       |      56.48      
   130133    |      46.69       |      56.94      
   130134    |      45.40       |      55.61      
   130135    |      49.57       |      60.00      
   130136    |      40.63       |      51.00      
   130137    |      38.29       |      48.67      
   130138    |      37.51       |      47.87      
   130139    |      43.46       |      53.74      
   130140    |      45.97       |      56.27      
   130141    |      44.02       |      54.34      
   130142    |      49.50       |      59.85      
   130143    |      37.68       |      48.05      
   130144    |      39.93       |      50.28      
   130145    |      48.02       |      58.38      
   130146    |      33.03       |      43.30      
   130147    |      39.70       |      49.84      
   130148    |      27.37       |      37.09      
   130149    |      27.51       |      37.22      
   130150    |      22.30       |      31.58      
   130151    |      16.78       |      26.23      
   130152    |      17.48       |      26.99      
   130153    |      17.05       |      26.56      
   130154    |      11.03       |      19.09      
   130155    |      14.60       |      22.76      
   130156    |      14.15       |      22.12      
   130157    |      14.64       |      22.62      
   130158    |      22.84       |      32.30      
   130159    |      14.42       |      24.17      
   130160    |      23.77       |      33.83      
   130161    |      20.20       |      30.33      
   130162    |      23.07       |      33.21      
   130163    |      20.65       |      30.81      
   130164    |      12.12       |      22.22      
   130165    |       6.17       |      15.85      
   130166    |       3.95       |      13.29      
   130167    |       4.36       |      11.45      
   130168    |       9.71       |       3.84      
   130169    |       8.51       |       3.66      
   130170    |      23.84       |      13.83      
   130171    |      23.07       |      13.13      
   130172    |      28.17       |      18.19      
   130173    |      28.63       |      18.63      
   130174    |      31.84       |      21.85      
   130175    |      31.96       |      21.97      
   130176    |      37.31       |      27.33      
   130177    |      36.81       |      26.85      
   130178    |      42.36       |      32.41      
   130179    |      37.01       |      27.26      
   130180    |      38.34       |      28.60      
   130181    |      37.15       |      27.51      
   130182    |      36.69       |      27.07      
   130183    |      40.31       |      30.47      
   130184    |      36.27       |      26.48      
   130185    |      36.50       |      26.70      
   130186    |      32.30       |      22.55      
   130187    |      30.43       |      20.85      
   130188    |      30.31       |      20.75      
   130189    |      29.79       |      20.30      
   130190    |      24.94       |      15.69      
   130191    |      28.14       |      18.44      
   130192    |      18.97       |       9.61      
   130193    |      20.86       |      11.16      
   130194    |      16.46       |       6.92      
   130195    |      15.94       |       6.55      
   130196    |      11.01       |       3.11      
   130197    |      12.76       |       3.19      
   130198    |       6.20       |       3.88      
   130199    |       4.96       |       4.80      
   130200    |       5.83       |       3.91      
   130201    |       6.50       |       3.19      
   130202    |       8.41       |       1.27      
   130203    |       9.14       |       0.96      
   130204    |       7.30       |       2.49      
   130205    |       9.87       |       2.82      
   130206    |      12.91       |       4.03      
   130207    |      24.84       |      16.89      
   130208    |      42.11       |      32.89      
   130209    |      56.18       |      47.42      
   130210    |      64.11       |      55.08      
   130212    |      63.79       |      55.22      
   130213    |      60.76       |      52.80      
   130214    |      56.32       |      48.68      
   130215    |      59.36       |      51.01      
   130216    |      59.77       |      51.42      
   130217    |      63.74       |      54.80      
   130218    |      62.32       |      53.42      
   130219    |      58.57       |      49.59      
   130220    |      59.82       |      50.82      
   130221    |      54.26       |      45.15      
   130222    |      41.78       |      33.10      
   130223    |      49.59       |      41.14      
   130224    |      38.35       |      30.79      
   130225    |      40.53       |      33.02      
   130226    |      50.15       |      41.85      
   130227    |      43.26       |      34.79      
   130228    |      55.05       |      46.11      
   130229    |      57.37       |      48.50      
   130230    |      59.93       |      51.00      
   130231    |      54.92       |      45.89      
   130232    |      44.95       |      36.20      
   130233    |      51.82       |      43.27      
   130234    |      49.27       |      40.85      
   130235    |      52.12       |      43.78      
   130236    |      56.20       |      47.67      
   130237    |      49.65       |      40.98      
   130238    |      49.72       |      41.05      
   130239    |      48.66       |      39.97      
   130240    |      55.43       |      46.54      
   130241    |      50.21       |      41.21      
   130242    |      57.22       |      48.10      
   130243    |      61.30       |      52.26      
   130244    |      54.15       |      45.27      
   130245    |      65.22       |      56.58      
   130246    |      58.89       |      50.51      
   130247    |      62.99       |      54.71      
   130248    |      57.84       |      49.82      
   130249    |      56.52       |      48.48      
   130250    |      55.44       |      47.49      
   130251    |      51.75       |      43.73      
   130252    |      51.30       |      43.32      
   130253    |      37.29       |      29.00      
   130254    |      48.47       |      39.62      
   130255    |      44.66       |      35.74      
   130256    |      48.24       |      39.26      
   130257    |      64.31       |      55.65      
   130258    |      53.31       |      45.17      
   130259    |      55.49       |      47.41      
   130260    |      59.45       |      51.14      
   130261    |      39.37       |      30.63      
   130262    |      50.21       |      41.22      
   130263    |      37.10       |      28.07      
   130264    |      50.26       |      41.32      
   130265    |      60.98       |      51.94      
   130266    |      54.02       |      45.01      
   130267    |      61.72       |      52.79      
   130335    |      33.42       |      44.43      
   130336    |      28.05       |      39.02      
   130337    |      26.27       |      37.25      
   130338    |      15.20       |      25.49      
   130339    |       7.33       |      17.90      
   130340    |      12.03       |      22.97      
   130341    |      10.46       |      21.40      
   130342    |      16.04       |      26.93      
   130343    |      16.24       |      27.13      
   130344    |      20.87       |      31.70      
   130345    |      19.48       |      30.23      
   130346    |      11.72       |      22.54      
   130347    |      13.39       |      24.25      
   130348    |       3.44       |      12.30      
   130349    |       4.22       |      13.24      
   130350    |       6.28       |       9.29      
   130351    |       7.17       |      12.76      
   130352    |       8.47       |      18.45      
   130353    |      15.71       |      25.58      
   130354    |      18.98       |      29.32      
   130355    |      19.76       |      30.06      
   130356    |      14.44       |      23.74      
   130357    |      15.57       |      24.88      
   130358    |      15.51       |      24.80      
   130359    |      15.44       |      24.71      
   130360    |      18.27       |      28.10      
   130361    |      24.55       |      34.23      
   130362    |      22.36       |      31.71      
   130363    |      28.40       |      37.67      
   130364    |      29.27       |      38.66      
   130365    |      27.90       |      37.29      
   130366    |      34.80       |      44.84      
   130367    |      34.46       |      44.50      
   130368    |      37.55       |      47.75      
   130369    |      37.18       |      47.29      
   130370    |      31.93       |      41.68      
   130371    |      32.58       |      42.58      
   130372    |      36.05       |      46.22      
   130373    |      36.58       |      46.84      
   130374    |      39.81       |      50.14      
   130375    |      38.32       |      48.43      
   130376    |      42.48       |      52.71      
   130377    |      43.38       |      53.71      
   130380    |      47.83       |      58.23      
   130381    |      45.73       |      55.90      
   130382    |      39.59       |      49.53      
   130383    |      41.41       |      51.66      
   130384    |      47.69       |      58.05      
   130385    |      47.59       |      57.94      
   130387    |      47.91       |      58.08      
   130388    |      48.00       |      58.16      
   130389    |      47.28       |      57.35      
   130390    |      37.41       |      47.08      
   130391    |      43.58       |      53.97      
   130392    |      38.76       |      49.10      
   130393    |      33.47       |      43.87      
   130394    |      41.84       |      52.26      
   130395    |      46.16       |      56.54      
   130396    |      43.59       |      53.95      
   130398    |      38.86       |      48.92      
   130399    |      40.11       |      50.30      
   130400    |      49.02       |      59.29      
   130401    |      36.63       |      47.00      
   130402    |      37.70       |      48.06      
   130403    |      41.21       |      51.55      
   130404    |      25.08       |      35.34      
   130405    |      28.84       |      39.00      
   130406    |      16.31       |      25.91      
   130407    |      18.43       |      27.94      
   130408    |      17.43       |      26.82      
   130409    |      11.31       |      20.96      
   130410    |      10.85       |      20.42      
   130411    |      10.68       |      20.25      
   130412    |      10.50       |      20.03      
   130413    |      11.54       |      21.00      
   130414    |      14.43       |      24.18      
   130415    |      11.33       |      21.23      
   130416    |      20.28       |      30.40      
   130417    |      15.35       |      25.53      
   130418    |      20.58       |      30.74      
   130419    |      13.78       |      23.31      
   130420    |       7.65       |      16.39      
   130421    |       7.92       |      17.06      
   130422    |       4.54       |      11.53      
   130423    |       4.22       |      11.98      
   130424    |       8.71       |       4.04      
   130425    |       7.58       |       4.14      
   130426    |      19.69       |       9.75      
   130427    |      23.61       |      13.60      
   130428    |      27.82       |      17.82      
   130429    |      27.87       |      17.88      
   130430    |      32.66       |      22.69      
   130431    |      31.66       |      21.67      
   130432    |      35.24       |      25.26      
   130433    |      37.20       |      27.27      
   130434    |      42.09       |      32.17      
   130435    |      42.30       |      32.39      
   130436    |      41.20       |      31.31      
   130437    |      37.69       |      27.76      
   130438    |      34.57       |      24.65      
   130439    |      35.80       |      25.90      
   130440    |      35.76       |      25.88      
   130441    |      35.85       |      25.97      
   130442    |      32.70       |      22.84      
   130443    |      31.86       |      22.00      
   130444    |      27.36       |      17.52      
   130445    |      29.44       |      19.65      
   130446    |      21.82       |      12.07      
   130447    |      23.82       |      14.19      
   130448    |      17.38       |       7.96      
   130449    |      18.67       |       9.38      
   130450    |      17.24       |       8.08      
   130451    |      16.39       |       7.14      
   130452    |      12.31       |       3.90      
   130453    |      10.50       |       2.04      
   130454    |       6.70       |       3.74      
   130455    |       4.89       |       4.87      
   130456    |       6.68       |       3.07      
   130457    |       5.80       |       3.90      
   130458    |       9.04       |       0.68      
   130459    |       8.51       |       1.39      
   130460    |      10.71       |       1.29      
   130461    |       8.32       |       4.00      
   130462    |      14.87       |       6.06      
   130463    |      13.97       |       5.93      
   130464    |      28.42       |      19.17      
   130465    |      41.38       |      31.88      
   130466    |      45.63       |      36.12      
   130467    |      63.84       |      54.75      
   130468    |      53.43       |      44.67      
   130469    |      58.22       |      49.60      
   130470    |      63.57       |      54.76      
   130471    |      56.87       |      47.90      
   130472    |      63.01       |      53.90      
   130473    |      60.89       |      52.02      
   130474    |      62.30       |      53.40      
   130475    |      60.04       |      51.44      
   130476    |      61.48       |      52.83      
   130477    |      61.27       |      52.65      
   130478    |      50.97       |      42.90      
   130479    |      43.24       |      35.00      
   130480    |      41.09       |      33.03      
   130481    |      36.49       |      28.31      
   130482    |      46.58       |      37.82      
   130483    |      48.61       |      39.90      
   130484    |      58.88       |      49.88      
   130485    |      54.28       |      45.19      
   130486    |      59.46       |      50.29      
   130487    |      58.68       |      49.51      
   130488    |      45.43       |      36.52      
   130489    |      44.28       |      35.35      
   130490    |      47.22       |      38.22      
   130491    |      46.96       |      37.96      
   130492    |      48.96       |      39.93      
   130493    |      54.53       |      45.63      
   130494    |      54.11       |      45.23      
   130495    |      48.31       |      39.31      
   130496    |      64.62       |      55.40      
   130497    |      52.73       |      43.47      
   130498    |      54.42       |      45.17      
   130499    |      55.59       |      46.35      
   130500    |      42.59       |      33.36      
   130501    |      53.19       |      44.13      
   130502    |      49.87       |      40.88      
   130503    |      56.54       |      47.70      
   130504    |      50.18       |      41.54      
   130505    |      55.50       |      47.00      
   130506    |      49.28       |      41.10      
   130507    |      54.97       |      46.91      
   130508    |      58.14       |      49.90      
   130509    |      49.33       |      40.91      
   130510    |      60.06       |      51.24      
   130511    |      47.48       |      38.45      
   130512    |      46.70       |      37.69      
   130513    |      48.36       |      39.39      
   130514    |      47.17       |      38.24      
   130515    |      49.33       |      40.45      
   130516    |      59.32       |      50.30      
   130517    |      54.44       |      45.38      
   130518    |      60.35       |      51.28      
   130519    |      48.51       |      39.55      
   130520    |      49.38       |      40.44      
   130521    |      50.29       |      41.34      
   130522    |      38.93       |      29.92      
   130523    |      54.62       |      45.68      
   130524    |      41.62       |      33.12      
   130590    |      33.24       |      44.23      
   130591    |      33.16       |      44.14      
   130592    |      26.22       |      37.20      
   130593    |      17.04       |      27.89      
   130594    |       6.50       |      17.42      
   130595    |       7.20       |      18.08      
   130596    |      10.50       |      21.44      
   130597    |      15.37       |      26.17      
   130598    |      16.83       |      27.67      
   130599    |      18.06       |      28.85      
   130600    |      20.05       |      30.88      
   130601    |      20.18       |      30.99      
   130602    |      14.56       |      25.13      
   130603    |      12.68       |      23.35      
   130604    |       5.81       |      13.95      
   130605    |       4.89       |      12.80      
   130606    |       5.23       |      11.61      
   130607    |      12.76       |      21.04      
   130608    |      15.87       |      25.69      
   130609    |      18.73       |      28.53      
   130610    |      20.64       |      30.73      
   130611    |      15.03       |      25.22      
   130612    |      13.38       |      23.35      
   130613    |      15.89       |      25.78      
   130614    |      14.35       |      23.95      
   130615    |      23.95       |      33.37      
   130616    |      29.68       |      39.68      
   130617    |      28.55       |      37.40      
   130618    |      28.27       |      37.05      
   130619    |      28.42       |      37.68      
   130620    |      29.15       |      38.48      
   130621    |      29.05       |      38.20      
   130622    |      37.09       |      47.04      
   130623    |      36.51       |      46.19      
   130624    |      39.88       |      49.79      
   130625    |      39.74       |      49.60      
   130626    |      40.41       |      50.30      
   130627    |      38.14       |      46.77      
   130628    |      44.00       |      53.24      
   130629    |      43.47       |      52.42      
   130630    |      47.49       |      56.77      
   130631    |      47.30       |      56.49      
   130632    |      46.45       |      55.56      
   130633    |      47.44       |      56.96      
   130636    |      45.18       |      55.26      
   130637    |      47.89       |      58.27      
   130638    |      40.20       |      50.40      
   130639    |      39.05       |      49.06      
   130641    |      49.16       |      59.35      
   130642    |      46.16       |      56.26      
   130644    |      43.84       |      54.17      
   130645    |      45.55       |      55.96      
   130646    |      39.57       |      49.92      
   130647    |      35.70       |      45.66      
   130648    |      38.98       |      49.02      
   130649    |      37.42       |      47.22      
   130650    |      43.61       |      53.59      
   130651    |      47.25       |      57.53      
   130653    |      43.98       |      54.35      
   130654    |      36.98       |      47.31      
   130655    |      46.65       |      56.81      
   130656    |      39.26       |      49.24      
   130657    |      31.78       |      41.93      
   130658    |      41.94       |      52.21      
   130659    |      27.13       |      37.40      
   130660    |      27.74       |      38.00      
   130661    |      25.74       |      35.90      
   130662    |      16.01       |      26.08      
   130663    |      16.81       |      26.96      
   130664    |       9.92       |      19.95      
   130665    |      10.64       |      20.78      
   130666    |       9.12       |      19.22      
   130667    |       7.10       |      16.25      
   130668    |      10.57       |      20.15      
   130669    |       9.65       |      18.54      
   130670    |      12.11       |      21.33      
   130671    |      14.71       |      24.68      
   130672    |      15.66       |      25.62      
   130673    |      16.23       |      26.24      
   130674    |      12.98       |      22.94      
   130675    |      14.36       |      24.44      
   130676    |       6.68       |      16.65      
   130677    |       5.16       |      13.94      
   130678    |       4.10       |      11.96      
   130679    |       7.32       |       9.86      
   130680    |       8.03       |       8.67      
   130681    |       8.37       |       5.26      
   130682    |      12.70       |       4.57      
   130683    |      19.35       |       9.44      
   130684    |      26.12       |      16.17      
   130685    |      27.88       |      18.02      
   130686    |      30.73       |      20.86      
   130687    |      32.78       |      23.02      
   130688    |      36.07       |      26.29      
   130689    |      35.40       |      25.59      
   130690    |      40.07       |      30.25      
   130691    |      42.33       |      32.58      
   130692    |      38.99       |      29.30      
   130693    |      41.83       |      32.24      
   130694    |      37.32       |      27.83      
   130695    |      35.08       |      25.51      
   130696    |      34.48       |      24.93      
   130697    |      36.51       |      27.05      
   130698    |      26.96       |      17.92      
   130699    |      34.80       |      26.12      
   130700    |      29.96       |      21.75      
   130701    |      28.28       |      20.93      
   130702    |      27.97       |      20.70      
   130703    |      25.13       |      17.89      
   130704    |      23.75       |      16.86      
   130705    |      20.16       |      13.42      
   130706    |      20.32       |      13.52      
   130707    |      19.70       |      12.95      
   130708    |      18.73       |      12.36      
   130709    |      14.07       |       8.29      
   130710    |      14.74       |       8.53      
   130711    |       7.00       |       4.46      
   130712    |      10.36       |       3.11      
   130713    |       6.69       |       3.02      
   130714    |      11.57       |       1.93      
   130715    |       9.29       |       1.71      
   130716    |      13.35       |       3.96      
   130717    |      11.45       |       3.83      
   130718    |      16.92       |       7.88      
   130719    |      15.46       |       7.31      
   130720    |      26.20       |      17.05      
   130721    |      28.12       |      18.73      
   130722    |      33.56       |      24.14      
   130723    |      45.68       |      36.19      
   130724    |      44.29       |      34.82      
   130725    |      51.24       |      41.92      
   130726    |      57.36       |      47.98      
   130727    |      61.56       |      52.27      
   130728    |      59.10       |      49.85      
   130729    |      56.13       |      47.13      
   130730    |      58.16       |      49.13      
   130731    |      55.73       |      46.98      
   130732    |      60.16       |      51.28      
   130733    |      57.50       |      48.98      
   130734    |      56.43       |      47.97      
   130735    |      48.88       |      40.25      
   130736    |      52.80       |      44.02      
   130737    |      37.63       |      28.42      
   130738    |      43.91       |      34.62      
   130739    |      44.70       |      35.43      
   130740    |      54.31       |      44.99      
   130741    |      57.53       |      48.26      
   130742    |      54.17       |      44.94      
   130743    |      59.73       |      50.62      
   130744    |      54.46       |      45.45      
   130745    |      44.14       |      34.89      
   130746    |      46.50       |      37.24      
   130747    |      46.18       |      36.93      
   130748    |      46.65       |      37.41      
   130749    |      48.12       |      38.91      
   130750    |      55.39       |      46.14      
   130751    |      51.90       |      42.62      
   130752    |      60.16       |      50.88      
   130753    |      64.15       |      54.89      
   130754    |      51.87       |      42.69      
   130755    |      56.08       |      46.98      
   130756    |      49.40       |      40.40      
   130757    |      43.27       |      34.14      
   130758    |      48.28       |      39.12      
   130759    |      49.01       |      39.86      
   130760    |      39.85       |      30.84      
   130761    |      49.67       |      40.92      
   130762    |      44.11       |      35.58      
   130763    |      48.28       |      39.87      
   130764    |      58.56       |      49.80      
   130765    |      55.25       |      46.43      
   130766    |      60.01       |      51.08      
   130767    |      59.42       |      50.49      
   130768    |      58.92       |      50.02      
   130769    |      45.97       |      36.87      
   130770    |      51.66       |      42.55      
   130771    |      45.17       |      36.11      
   130772    |      53.43       |      44.42      
   130773    |      57.84       |      48.77      
   130774    |      60.27       |      51.22      
   130775    |      59.63       |      50.59      
   130776    |      52.54       |      43.49      
   130777    |      49.48       |      40.48      
   130778    |      33.73       |      24.69      
   130779    |      39.61       |      30.63      
   130780    |      27.85       |      19.25      
   130846    |      33.07       |      43.99      
   130847    |      30.91       |      41.73      
   130848    |      17.62       |      28.52      
   130849    |      16.90       |      27.80      
   130850    |       8.74       |      18.94      
   130851    |      20.24       |      30.12      
   130852    |      19.00       |      28.67      
   130853    |      20.16       |      29.79      
   130854    |      21.43       |      31.24      
   130855    |      21.57       |      31.37      
   130856    |      23.19       |      33.19      
   130857    |      17.63       |      27.87      
   130858    |      14.81       |      24.70      
   130859    |       6.86       |      17.44      
   130860    |       3.35       |      12.22      
   130861    |       5.89       |      14.73      
   130862    |       8.38       |      18.48      
   130863    |      17.59       |      27.12      
   130864    |      18.56       |      28.40      
   130865    |      19.37       |      29.22      
   130866    |      15.37       |      24.39      
   130867    |      15.93       |      25.86      
   130868    |      17.81       |      27.94      
   130869    |      17.05       |      26.60      
   130870    |      26.63       |      36.95      
   130871    |      24.66       |      33.92      
   130872    |      32.67       |      42.68      
   130873    |      31.75       |      41.35      
   130874    |      29.08       |      38.41      
   130875    |      28.76       |      37.42      
   130876    |      31.35       |      40.39      
   130877    |      31.29       |      40.18      
   130878    |      38.47       |      48.07      
   130879    |      38.58       |      48.27      
   130880    |      43.70       |      53.78      
   130881    |      41.86       |      51.44      
   130882    |      43.99       |      53.69      
   130883    |      43.14       |      52.59      
   130884    |      45.62       |      55.21      
   130885    |      44.41       |      53.57      
   130886    |      48.28       |      57.69      
   130887    |      47.79       |      57.01      
   130888    |      49.77       |      59.11      
   130889    |      48.49       |      57.26      
   130892    |      49.44       |      58.72      
   130893    |      49.70       |      59.08      
   130894    |      49.27       |      58.61      
   130895    |      48.50       |      57.37      
   130896    |      50.27       |      59.32      
   130898    |      40.20       |      49.40      
   130899    |      45.73       |      55.88      
   130900    |      40.23       |      50.24      
   130901    |      43.89       |      54.21      
   130903    |      43.69       |      53.42      
   130905    |      45.16       |      54.14      
   130906    |      49.30       |      58.51      
   130907    |      48.87       |      57.97      
   130908    |      40.65       |      49.17      
   130909    |      46.82       |      56.84      
   130910    |      40.10       |      49.94      
   130911    |      45.32       |      55.64      
   130912    |      31.95       |      42.07      
   130913    |      32.84       |      42.93      
   130914    |      28.92       |      38.91      
   130915    |      13.59       |      23.93      
   130916    |      25.54       |      35.85      
   130917    |      15.54       |      23.61      
   130918    |      19.86       |      28.67      
   130919    |      19.14       |      24.38      
   130920    |      20.54       |      26.62      
   130921    |      20.67       |      26.37      
   130922    |      19.15       |      23.55      
   130923    |      18.01       |      24.62      
   130924    |      16.83       |      22.75      
   130925    |      16.58       |      24.42      
   130926    |      18.69       |      26.99      
   130927    |      19.76       |      28.83      
   130928    |      18.71       |      27.69      
   130929    |      18.68       |      27.63      
   130930    |      17.38       |      26.15      
   130931    |      16.50       |      24.07      
   130932    |      13.02       |      18.06      
   130933    |      12.13       |      19.20      
   130934    |      10.73       |      12.43      
   130935    |       9.75       |      12.51      
   130936    |      10.51       |      10.86      
   130937    |       9.56       |      10.83      
   130938    |      11.93       |       8.89      
   130939    |      13.22       |       5.73      
   130940    |      20.64       |      11.19      
   130941    |      26.23       |      16.21      
   130942    |      25.88       |      15.87      
   130943    |      30.75       |      20.93      
   130944    |      34.77       |      24.93      
   130945    |      36.08       |      26.30      
   130946    |      34.33       |      24.58      
   130947    |      40.71       |      31.22      
   130948    |      31.76       |      22.57      
   130949    |      40.84       |      31.98      
   130950    |      37.97       |      29.31      
   130951    |      39.30       |      30.68      
   130952    |      36.01       |      27.67      
   130953    |      37.26       |      28.96      
   130954    |      30.27       |      22.91      
   130955    |      29.28       |      22.67      
   130956    |      29.84       |      23.11      
   130957    |      29.94       |      23.12      
   130958    |      29.45       |      22.77      
   130959    |      29.26       |      22.75      
   130960    |      26.95       |      21.09      
   130961    |      26.24       |      20.45      
   130962    |      26.14       |      20.39      
   130963    |      22.94       |      17.51      
   130964    |      23.08       |      17.59      
   130965    |      20.87       |      15.65      
   130966    |      20.30       |      15.38      
   130967    |      17.54       |      13.14      
   130968    |      20.26       |      14.35      
   130969    |      12.46       |       8.14      
   130970    |      19.11       |      11.22      
   130971    |      11.84       |       3.90      
   130972    |      17.56       |       8.32      
   130973    |      13.11       |       3.47      
   130974    |      17.74       |       8.12      
   130975    |      16.39       |       6.84      
   130976    |      27.07       |      17.52      
   130977    |      25.71       |      16.24      
   130978    |      36.51       |      27.01      
   130979    |      33.67       |      24.33      
   130980    |      38.02       |      28.67      
   130981    |      43.80       |      34.28      
   130982    |      46.22       |      36.71      
   130983    |      56.88       |      47.42      
   130984    |      54.68       |      45.24      
   130985    |      53.96       |      44.52      
   130986    |      52.44       |      43.02      
   130987    |      52.74       |      43.33      
   130988    |      53.26       |      43.86      
   130989    |      53.69       |      44.30      
   130990    |      52.40       |      43.03      
   130991    |      52.58       |      43.21      
   130992    |      49.49       |      40.17      
   130993    |      50.73       |      41.44      
   130994    |      49.04       |      39.78      
   130995    |      43.59       |      34.23      
   130996    |      48.44       |      39.07      
   130997    |      54.66       |      45.40      
   130998    |      51.72       |      42.49      
   130999    |      54.49       |      45.33      
   131000    |      60.74       |      51.53      
   131001    |      53.02       |      43.70      
   131002    |      49.42       |      40.12      
   131003    |      46.10       |      36.78      
   131004    |      48.87       |      39.56      
   131005    |      46.17       |      36.86      
   131006    |      56.27       |      46.98      
   131007    |      54.72       |      45.44      
   131008    |      53.42       |      44.15      
   131009    |      60.50       |      51.24      
   131010    |      46.85       |      37.66      
   131011    |      52.54       |      43.47      
   131012    |      53.35       |      44.28      
   131013    |      48.42       |      39.26      
   131014    |      50.50       |      41.33      
   131015    |      48.04       |      38.85      
   131016    |      39.28       |      30.16      
   131017    |      39.44       |      30.33      
   131018    |      37.65       |      28.57      
   131019    |      42.42       |      33.47      
   131020    |      55.26       |      46.17      
   131021    |      56.75       |      47.68      
   131022    |      64.70       |      55.59      
   131023    |      58.29       |      49.15      
   131024    |      59.27       |      50.14      
   131025    |      56.83       |      47.70      
   131026    |      51.96       |      42.85      
   131027    |      51.65       |      42.54      
   131028    |      52.49       |      43.39      
   131029    |      54.34       |      45.26      
   131030    |      56.63       |      47.55      
   131031    |      61.55       |      52.53      
   131032    |      53.66       |      44.70      
   131033    |      54.01       |      45.06      
   131034    |      39.37       |      30.69      
   131035    |      34.87       |      26.07      
   131036    |      25.88       |      17.66      
   131037    |      29.15       |      21.04      
