=== Visibility Analysis Summary ===
Total patches: 196608
Geometric visible: 10766 (5.5%)
Light illuminated: 10766 (100.0% of geometric)
Reflection conditions met: 10766 (100.0% of geometric)
Light unoccluded: 10766 (100.0% of geometric)
Final visible: 10766 (5.5% of total)
Visible area: 477.88 (6.0% of total area)

=== Detailed Visibility Information ===
Patch Index  | Incidence Angle  |  Viewing Angle  
-------------+------------------+-----------------
   37408     |      29.00       |      39.60      
   37663     |      31.35       |      42.35      
   37664     |      30.96       |      41.94      
   37665     |      28.86       |      39.47      
   37666     |      32.80       |      43.54      
   37667     |      31.36       |      41.14      
   37668     |      30.55       |      40.22      
   37669     |      31.11       |      39.50      
   37670     |      34.63       |      43.69      
   37672     |      35.89       |      44.85      
   37919     |      29.47       |      40.35      
   37920     |      30.76       |      41.65      
   37921     |      31.32       |      42.27      
   37922     |      35.71       |      46.68      
   37923     |      33.42       |      44.08      
   37924     |      36.60       |      47.35      
   37925     |      34.94       |      43.99      
   37926     |      34.79       |      43.79      
   37927     |      34.78       |      43.80      
   37928     |      31.82       |      40.25      
   37929     |      31.24       |      40.82      
   37930     |      29.68       |      39.04      
   37931     |      29.68       |      39.05      
   37932     |      30.20       |      39.64      
   37933     |      30.28       |      39.44      
   37934     |      33.74       |      43.37      
   38175     |      30.18       |      40.92      
   38176     |      31.86       |      42.64      
   38177     |      31.82       |      42.59      
   38178     |      42.73       |      53.67      
   38179     |      40.31       |      50.89      
   38180     |      43.34       |      54.01      
   38181     |      42.05       |      52.21      
   38182     |      33.96       |      43.40      
   38183     |      34.04       |      43.14      
   38184     |      31.65       |      40.31      
   38185     |      31.84       |      40.25      
   38186     |      36.51       |      45.75      
   38187     |      37.13       |      45.44      
   38188     |      39.10       |      47.80      
   38189     |      39.53       |      47.70      
   38190     |      40.87       |      49.30      
   38191     |      40.67       |      49.41      
   38192     |      37.98       |      46.18      
   38193     |      37.87       |      46.20      
   38194     |      38.35       |      46.76      
   38195     |      38.32       |      46.77      
   38196     |      43.53       |      52.74      
   38431     |      30.01       |      40.51      
   38432     |      35.11       |      45.80      
   38433     |      34.31       |      44.77      
   38434     |      44.91       |      55.70      
   38435     |      44.86       |      55.64      
   38436     |      44.96       |      55.73      
   38437     |      44.10       |      54.69      
   38438     |      41.53       |      52.02      
   38439     |      40.59       |      49.17      
   38440     |      44.85       |      54.00      
   38441     |      46.80       |      53.62      
   38442     |      48.12       |      55.27      
   38443     |      47.21       |      55.16      
   38444     |      45.56       |      53.15      
   38445     |      45.20       |      53.14      
   38446     |      47.16       |      55.47      
   38447     |      47.85       |      55.46      
   38448     |      45.17       |      52.07      
   38449     |      44.40       |      51.88      
   38450     |      40.58       |      46.86      
   38451     |      37.84       |      46.30      
   38452     |      40.70       |      49.64      
   38453     |      40.58       |      50.12      
   38454     |      43.27       |      53.04      
   38455     |      43.49       |      53.53      
   38456     |      44.65       |      54.75      
   38458     |      42.65       |      53.06      
   38687     |      34.46       |      44.67      
   38688     |      35.78       |      46.06      
   38689     |      36.40       |      46.94      
   38690     |      42.58       |      53.30      
   38691     |      43.72       |      54.59      
   38692     |      45.86       |      56.75      
   38693     |      44.91       |      55.67      
   38695     |      46.73       |      56.66      
   38698     |      48.02       |      55.24      
   38699     |      48.13       |      55.27      
   38700     |      41.71       |      46.47      
   38701     |      36.05       |      44.80      
   38702     |      39.66       |      48.92      
   38703     |      39.68       |      48.88      
   38704     |      37.04       |      45.81      
   38705     |      37.94       |      45.63      
   38706     |      36.02       |      43.12      
   38707     |      36.61       |      43.28      
   38708     |      42.17       |      50.33      
   38709     |      41.70       |      50.51      
   38710     |      44.28       |      53.43      
   38711     |      44.31       |      53.96      
   38712     |      44.18       |      53.80      
   38713     |      44.57       |      54.66      
   38714     |      43.55       |      53.57      
   38715     |      43.98       |      54.27      
   38716     |      34.16       |      43.71      
   38717     |      34.26       |      43.35      
   38718     |      31.94       |      40.58      
   38719     |      32.76       |      40.59      
   38720     |      38.81       |      47.95      
   38855     |      64.79       |      57.99      
   38857     |      56.02       |      49.19      
   38858     |      56.29       |      49.44      
   38859     |      55.26       |      48.83      
   38860     |      60.58       |      53.81      
   38861     |      57.41       |      52.12      
   38944     |      35.72       |      46.22      
   38945     |      35.35       |      45.67      
   38946     |      42.01       |      52.58      
   38947     |      42.62       |      53.32      
   38948     |      43.48       |      54.19      
   38949     |      45.18       |      56.10      
   38950     |      45.35       |      56.26      
   38951     |      46.68       |      57.64      
   38952     |      47.64       |      58.60      
   38953     |      45.97       |      56.83      
   38954     |      33.76       |      44.38      
   38955     |      32.63       |      41.67      
   38956     |      25.43       |      32.74      
   38957     |      26.60       |      32.96      
   38958     |      31.56       |      39.74      
   38959     |      31.63       |      41.94      
   38960     |      30.12       |      40.34      
   38961     |      29.64       |      39.44      
   38962     |      36.83       |      47.13      
   38963     |      38.01       |      44.86      
   38964     |      49.56       |      58.68      
   38965     |      51.03       |      58.20      
   38966     |      51.91       |      59.27      
   38967     |      51.03       |      59.41      
   38968     |      50.76       |      59.08      
   38969     |      50.49       |      59.41      
   38970     |      49.34       |      58.09      
   38971     |      49.28       |      58.68      
   38972     |      39.43       |      47.39      
   38973     |      38.73       |      47.68      
   38974     |      37.85       |      46.65      
   38975     |      38.58       |      46.37      
   38976     |      45.01       |      53.93      
   38977     |      45.16       |      53.46      
   38978     |      38.08       |      44.29      
   38979     |      42.16       |      46.14      
   38980     |      40.73       |      42.43      
   38981     |      34.64       |      38.81      
   38982     |      37.49       |      43.75      
   38983     |      35.05       |      44.04      
   38984     |      39.78       |      49.32      
   38986     |      28.18       |      36.83      
   39103     |      51.22       |      42.93      
   39105     |      53.68       |      45.20      
   39106     |      60.73       |      52.12      
   39107     |      60.05       |      51.53      
   39108     |      67.08       |      58.44      
   39109     |      64.32       |      56.03      
   39110     |      58.52       |      50.39      
   39111     |      53.79       |      46.76      
   39112     |      54.92       |      47.84      
   39113     |      51.16       |      45.89      
   39114     |      57.83       |      51.92      
   39115     |      55.60       |      51.03      
   39116     |      59.20       |      54.25      
   39117     |      59.16       |      54.23      
   39200     |      39.49       |      49.95      
   39201     |      38.69       |      48.78      
   39202     |      45.00       |      55.37      
   39203     |      44.76       |      55.02      
   39204     |      43.01       |      53.19      
   39205     |      44.32       |      54.95      
   39206     |      44.21       |      54.83      
   39207     |      45.93       |      56.80      
   39208     |      46.07       |      56.93      
   39209     |      47.75       |      58.69      
   39210     |      35.12       |      45.98      
   39211     |      33.61       |      44.24      
   39212     |      31.55       |      42.11      
   39213     |      33.43       |      39.62      
   39214     |      37.00       |      44.39      
   39215     |      36.95       |      44.38      
   39216     |      38.35       |      46.12      
   39217     |      37.51       |      46.69      
   39218     |      43.81       |      53.59      
   39219     |      43.64       |      53.12      
   39220     |      47.62       |      57.42      
   39221     |      47.41       |      56.77      
   39222     |      42.42       |      51.15      
   39223     |      42.60       |      51.01      
   39224     |      42.51       |      50.89      
   39225     |      42.22       |      51.54      
   39226     |      42.32       |      51.64      
   39227     |      42.40       |      51.95      
   39228     |      36.78       |      45.63      
   39229     |      37.16       |      45.39      
   39230     |      39.19       |      47.79      
   39231     |      39.18       |      47.80      
   39232     |      41.56       |      50.52      
   39233     |      41.63       |      50.96      
   39234     |      32.16       |      39.70      
   39235     |      32.95       |      39.77      
   39236     |      29.42       |      33.32      
   39237     |      34.17       |      36.00      
   39238     |      36.96       |      42.64      
   39239     |      35.84       |      42.27      
   39240     |      42.96       |      51.43      
   39241     |      42.81       |      51.97      
   39242     |      34.06       |      41.42      
   39243     |      33.63       |      41.45      
   39244     |      30.59       |      37.18      
   39245     |      31.39       |      37.42      
   39246     |      32.69       |      39.47      
   39247     |      32.85       |      39.52      
   39248     |      30.23       |      32.03      
   39249     |      22.47       |      28.06      
   39250     |      24.52       |      22.96      
   39251     |      21.63       |      20.91      
   39252     |      20.94       |      21.17      
   39253     |      19.61       |      20.36      
   39254     |      18.68       |      23.07      
   39255     |      16.45       |      22.40      
   39256     |      22.83       |      31.96      
   39349     |      55.37       |      49.37      
   39351     |      63.83       |      56.29      
   39352     |      59.96       |      52.62      
   39353     |      67.66       |      58.98      
   39354     |      61.10       |      52.54      
   39355     |      66.19       |      57.18      
   39356     |      60.18       |      51.24      
   39357     |      58.94       |      50.09      
   39358     |      49.53       |      40.83      
   39359     |      49.54       |      40.84      
   39360     |      52.55       |      43.82      
   39361     |      50.84       |      42.31      
   39362     |      59.32       |      50.65      
   39363     |      58.87       |      50.25      
   39364     |      62.36       |      53.70      
   39365     |      58.95       |      50.73      
   39366     |      49.97       |      42.03      
   39367     |      48.70       |      41.06      
   39368     |      42.59       |      35.31      
   39369     |      41.95       |      34.92      
   39370     |      43.58       |      36.45      
   39371     |      42.83       |      36.01      
   39372     |      48.54       |      41.35      
   39373     |      46.95       |      40.33      
   39456     |      44.05       |      54.40      
   39457     |      43.23       |      53.18      
   39458     |      48.36       |      58.56      
   39459     |      47.98       |      57.98      
   39460     |      47.73       |      57.70      
   39461     |      47.34       |      56.98      
   39462     |      49.52       |      59.29      
   39463     |      49.84       |      59.84      
   39466     |      45.62       |      55.43      
   39467     |      45.57       |      55.31      
   39468     |      42.96       |      52.49      
   39469     |      42.97       |      52.08      
   39470     |      40.17       |      48.92      
   39471     |      42.14       |      48.92      
   39472     |      42.81       |      49.75      
   39473     |      42.46       |      49.71      
   39474     |      44.85       |      52.63      
   39475     |      44.27       |      53.99      
   39476     |      38.51       |      47.64      
   39477     |      40.26       |      50.82      
   39478     |      31.16       |      41.32      
   39479     |      31.28       |      41.49      
   39480     |      28.19       |      38.17      
   39481     |      28.65       |      38.93      
   39482     |      31.85       |      42.28      
   39483     |      32.31       |      42.84      
   39484     |      35.35       |      45.94      
   39485     |      33.12       |      42.46      
   39486     |      34.16       |      43.62      
   39487     |      34.11       |      43.38      
   39488     |      34.25       |      43.52      
   39489     |      34.72       |      44.60      
   39490     |      30.40       |      39.84      
   39491     |      30.99       |      38.69      
   39492     |      29.79       |      37.04      
   39493     |      36.05       |      39.44      
   39494     |      40.18       |      46.59      
   39495     |      42.21       |      47.36      
   39496     |      44.93       |      51.38      
   39497     |      42.85       |      51.33      
   39498     |      33.56       |      38.42      
   39499     |      29.50       |      37.51      
   39500     |      25.36       |      31.21      
   39501     |      23.35       |      31.01      
   39502     |      23.16       |      30.71      
   39503     |      22.62       |      30.93      
   39504     |      18.21       |      21.59      
   39505     |      21.06       |      22.92      
   39506     |      22.38       |      21.80      
   39507     |      25.38       |      23.92      
   39508     |      24.24       |      24.17      
   39509     |      22.99       |      23.35      
   39510     |      22.04       |      25.38      
   39511     |      20.45       |      24.65      
   39512     |      25.00       |      33.12      
   39513     |      24.56       |      33.37      
   39514     |      33.60       |      43.43      
   39515     |      34.30       |      44.40      
   39516     |      36.14       |      46.29      
   39517     |      35.08       |      44.86      
   39518     |      38.99       |      48.95      
   39520     |      46.85       |      57.01      
   39595     |      35.21       |      29.07      
   39597     |      27.50       |      20.45      
   39598     |      40.97       |      32.83      
   39599     |      49.53       |      40.30      
   39600     |      53.62       |      44.39      
   39601     |      45.71       |      37.25      
   39602     |      50.79       |      42.21      
   39603     |      44.27       |      37.53      
   39604     |      50.10       |      42.93      
   39605     |      52.93       |      44.94      
   39606     |      60.53       |      52.30      
   39607     |      65.13       |      56.32      
   39608     |      66.86       |      58.03      
   39610     |      66.03       |      57.00      
   39611     |      64.46       |      55.54      
   39612     |      58.92       |      50.07      
   39613     |      58.92       |      50.07      
   39614     |      49.52       |      40.81      
   39615     |      54.54       |      45.46      
   39616     |      48.70       |      39.65      
   39617     |      45.71       |      36.89      
   39618     |      57.29       |      48.37      
   39619     |      48.11       |      40.58      
   39620     |      60.03       |      52.02      
   39621     |      54.07       |      47.85      
   39622     |      54.69       |      48.43      
   39623     |      55.74       |      49.05      
   39624     |      46.55       |      40.61      
   39625     |      55.96       |      47.46      
   39626     |      38.44       |      30.35      
   39627     |      46.99       |      38.00      
   39628     |      37.95       |      28.99      
   39629     |      38.67       |      29.69      
   39713     |      45.00       |      55.22      
   39714     |      46.54       |      56.81      
   39715     |      46.82       |      57.19      
   39716     |      46.60       |      56.95      
   39717     |      46.16       |      56.32      
   39718     |      48.37       |      58.62      
   39719     |      47.85       |      57.81      
   39723     |      50.00       |      59.29      
   39724     |      41.01       |      49.20      
   39725     |      40.62       |      50.44      
   39726     |      34.37       |      43.56      
   39727     |      34.34       |      43.88      
   39728     |      32.98       |      42.34      
   39729     |      33.51       |      41.66      
   39730     |      36.46       |      45.16      
   39731     |      36.38       |      45.26      
   39732     |      34.66       |      43.24      
   39733     |      34.53       |      44.21      
   39734     |      31.91       |      41.27      
   39735     |      32.22       |      42.21      
   39736     |      31.66       |      41.59      
   39737     |      31.38       |      40.84      
   39738     |      34.27       |      44.02      
   39739     |      34.64       |      44.70      
   39740     |      38.29       |      48.54      
   39741     |      38.38       |      48.66      
   39742     |      35.09       |      45.19      
   39743     |      34.43       |      43.83      
   39744     |      33.03       |      42.24      
   39745     |      33.09       |      42.52      
   39746     |      38.12       |      48.00      
   39747     |      37.69       |      46.03      
   39748     |      38.58       |      47.08      
   39749     |      41.47       |      47.25      
   39750     |      45.08       |      52.19      
   39751     |      47.09       |      52.78      
   39752     |      44.44       |      48.50      
   39753     |      39.46       |      46.51      
   39754     |      34.15       |      34.33      
   39755     |      21.79       |      28.15      
   39756     |      20.47       |      24.67      
   39757     |      16.90       |      24.21      
   39758     |      20.78       |      29.65      
   39759     |      21.16       |      29.07      
   39760     |      18.96       |      25.48      
   39761     |      24.38       |      27.33      
   39762     |      25.31       |      25.41      
   39763     |      26.43       |      26.16      
   39764     |      25.92       |      26.60      
   39765     |      27.64       |      27.77      
   39766     |      26.95       |      28.69      
   39767     |      23.40       |      26.65      
   39768     |      25.89       |      32.71      
   39769     |      24.41       |      32.61      
   39770     |      34.15       |      43.82      
   39771     |      34.25       |      44.00      
   39772     |      41.53       |      51.61      
   39773     |      40.54       |      50.24      
   39774     |      42.39       |      52.18      
   39775     |      42.11       |      51.75      
   39776     |      44.35       |      54.12      
   39777     |      46.29       |      56.48      
   39778     |      42.02       |      52.10      
   39779     |      42.79       |      52.98      
   39780     |      32.15       |      41.93      
   39782     |      26.35       |      35.70      
   39839     |      55.92       |      47.66      
   39841     |      51.94       |      43.71      
   39842     |      38.83       |      31.49      
   39843     |      40.05       |      32.18      
   39844     |      34.31       |      26.97      
   39845     |      31.86       |      27.30      
   39846     |      29.86       |      25.91      
   39847     |      29.89       |      25.71      
   39848     |      40.07       |      33.81      
   39849     |      43.64       |      35.59      
   39850     |      31.60       |      24.55      
   39851     |      32.45       |      24.90      
   39852     |      27.81       |      20.85      
   39853     |      35.13       |      25.99      
   39854     |      49.91       |      40.71      
   39855     |      44.38       |      35.75      
   39856     |      45.03       |      36.39      
   39857     |      40.80       |      33.16      
   39858     |      40.90       |      33.28      
   39859     |      49.90       |      40.79      
   39860     |      52.71       |      43.60      
   39861     |      47.47       |      38.24      
   39862     |      54.68       |      45.45      
   39863     |      63.74       |      54.71      
   39866     |      63.92       |      54.90      
   39867     |      60.82       |      52.05      
   39868     |      59.56       |      50.81      
   39869     |      59.47       |      50.73      
   39870     |      56.78       |      48.10      
   39871     |      60.81       |      51.81      
   39872     |      45.58       |      36.72      
   39873     |      46.25       |      37.34      
   39874     |      43.15       |      34.27      
   39875     |      35.13       |      28.25      
   39876     |      47.61       |      39.85      
   39877     |      42.57       |      37.49      
   39878     |      56.69       |      50.19      
   39879     |      59.91       |      52.41      
   39880     |      60.82       |      53.29      
   39881     |      68.17       |      59.55      
   39882     |      50.32       |      41.98      
   39883     |      59.31       |      50.31      
   39884     |      38.83       |      29.87      
   39885     |      49.26       |      40.30      
   39970     |      45.54       |      55.63      
   39971     |      46.08       |      56.40      
   39972     |      44.04       |      54.27      
   39973     |      44.92       |      55.45      
   39974     |      44.89       |      55.41      
   39975     |      45.17       |      55.76      
   39976     |      47.96       |      58.61      
   39977     |      48.73       |      59.51      
   39978     |      48.86       |      59.63      
   39979     |      46.92       |      57.12      
   39980     |      34.94       |      44.26      
   39981     |      35.05       |      44.04      
   39982     |      30.04       |      38.07      
   39983     |      29.40       |      39.34      
   39984     |      31.96       |      42.08      
   39985     |      31.55       |      41.12      
   39986     |      34.44       |      44.27      
   39987     |      34.26       |      43.27      
   39988     |      35.47       |      44.64      
   39989     |      35.74       |      44.14      
   39990     |      36.76       |      45.34      
   39991     |      36.74       |      45.37      
   39992     |      36.94       |      45.58      
   39993     |      36.85       |      46.00      
   39994     |      35.40       |      44.33      
   39995     |      35.48       |      45.04      
   39996     |      41.53       |      51.56      
   39997     |      41.30       |      51.18      
   39998     |      39.36       |      49.08      
   39999     |      39.21       |      48.75      
   40000     |      34.30       |      43.21      
   40001     |      34.29       |      43.30      
   40002     |      39.01       |      48.56      
   40003     |      39.19       |      48.91      
   40004     |      38.12       |      47.74      
   40005     |      37.90       |      46.48      
   40006     |      38.57       |      47.24      
   40007     |      38.99       |      46.84      
   40008     |      31.68       |      35.73      
   40009     |      29.23       |      34.73      
   40010     |      28.39       |      28.42      
   40011     |      28.28       |      28.35      
   40012     |      27.83       |      31.71      
   40013     |      28.67       |      32.13      
   40014     |      31.35       |      37.75      
   40015     |      30.39       |      37.58      
   40016     |      26.80       |      30.93      
   40017     |      24.26       |      29.96      
   40018     |      23.69       |      24.66      
   40019     |      26.05       |      26.17      
   40020     |      25.32       |      26.92      
   40021     |      27.80       |      28.53      
   40022     |      27.55       |      28.94      
   40023     |      26.67       |      28.39      
   40024     |      28.71       |      34.89      
   40025     |      28.25       |      34.73      
   40026     |      41.21       |      50.57      
   40027     |      41.23       |      50.01      
   40028     |      48.43       |      57.92      
   40029     |      48.36       |      57.77      
   40030     |      46.66       |      55.92      
   40031     |      46.72       |      56.06      
   40032     |      45.80       |      55.05      
   40033     |      46.22       |      55.80      
   40034     |      41.29       |      50.46      
   40035     |      42.93       |      52.93      
   40036     |      32.14       |      41.46      
   40037     |      32.62       |      42.33      
   40038     |      24.92       |      33.69      
   40039     |      25.09       |      34.59      
   40040     |      24.06       |      33.44      
   40041     |      24.50       |      34.21      
   40042     |      30.15       |      40.16      
   40043     |      26.43       |      36.48      
   40045     |      21.85       |      32.04      
   40047     |      12.88       |      22.88      
   40075     |      30.39       |      28.29      
   40077     |      26.56       |      21.67      
   40079     |      34.56       |      25.43      
   40081     |      30.30       |      21.98      
   40082     |      38.18       |      29.35      
   40083     |      34.35       |      26.91      
   40084     |      43.28       |      35.00      
   40085     |      38.27       |      33.48      
   40086     |      38.40       |      33.60      
   40087     |      38.19       |      34.10      
   40088     |      37.31       |      33.51      
   40089     |      39.00       |      32.39      
   40090     |      37.46       |      31.11      
   40091     |      41.70       |      33.32      
   40092     |      41.61       |      33.26      
   40093     |      43.57       |      34.80      
   40094     |      52.59       |      43.60      
   40095     |      48.99       |      40.62      
   40096     |      50.94       |      42.51      
   40097     |      48.74       |      40.88      
   40098     |      42.23       |      34.86      
   40099     |      41.37       |      34.46      
   40100     |      30.16       |      25.23      
   40101     |      30.03       |      25.54      
   40102     |      29.43       |      25.14      
   40103     |      31.15       |      24.18      
   40104     |      43.58       |      35.51      
   40105     |      41.78       |      34.39      
   40106     |      35.69       |      28.97      
   40107     |      39.16       |      30.89      
   40108     |      38.65       |      30.42      
   40109     |      44.86       |      35.70      
   40110     |      42.12       |      32.99      
   40111     |      35.63       |      27.68      
   40112     |      39.04       |      30.91      
   40113     |      37.46       |      29.86      
   40114     |      53.67       |      45.31      
   40115     |      57.12       |      48.32      
   40116     |      54.47       |      45.72      
   40117     |      56.16       |      47.24      
   40118     |      54.25       |      45.37      
   40119     |      57.31       |      48.54      
   40120     |      65.88       |      56.99      
   40122     |      62.35       |      53.87      
   40123     |      62.69       |      54.16      
   40124     |      60.89       |      52.42      
   40125     |      59.72       |      51.42      
   40126     |      64.28       |      55.88      
   40127     |      60.55       |      52.82      
   40128     |      52.68       |      45.33      
   40129     |      57.06       |      48.75      
   40130     |      34.24       |      27.06      
   40131     |      40.98       |      32.16      
   40132     |      30.95       |      22.32      
   40133     |      27.78       |      20.16      
   40134     |      54.96       |      46.37      
   40135     |      52.65       |      44.38      
   40138     |      63.12       |      54.63      
   40139     |      66.83       |      58.04      
   40140     |      52.64       |      43.97      
   40141     |      59.14       |      50.14      
   40226     |      46.50       |      55.61      
   40227     |      47.18       |      57.05      
   40228     |      41.85       |      51.36      
   40229     |      42.99       |      53.34      
   40230     |      41.70       |      51.99      
   40231     |      43.07       |      53.76      
   40232     |      43.98       |      54.69      
   40233     |      45.15       |      56.00      
   40234     |      47.38       |      58.25      
   40235     |      47.34       |      58.20      
   40236     |      33.07       |      43.67      
   40237     |      31.94       |      41.70      
   40238     |      28.06       |      37.35      
   40239     |      28.70       |      36.94      
   40240     |      39.48       |      49.23      
   40241     |      39.35       |      48.38      
   40242     |      42.91       |      52.31      
   40243     |      43.02       |      51.63      
   40244     |      43.09       |      51.70      
   40245     |      43.40       |      51.45      
   40246     |      43.31       |      51.33      
   40247     |      43.63       |      51.25      
   40248     |      40.25       |      47.00      
   40249     |      38.76       |      47.13      
   40250     |      37.94       |      46.14      
   40251     |      37.74       |      46.31      
   40252     |      42.68       |      51.92      
   40253     |      43.09       |      52.91      
   40254     |      39.26       |      48.74      
   40255     |      39.42       |      49.12      
   40256     |      36.49       |      45.88      
   40257     |      36.44       |      45.01      
   40258     |      37.61       |      46.36      
   40259     |      37.99       |      47.68      
   40260     |      33.00       |      42.11      
   40261     |      34.17       |      44.31      
   40262     |      30.50       |      40.39      
   40263     |      30.47       |      40.35      
   40264     |      20.52       |      28.66      
   40265     |      23.90       |      28.81      
   40266     |      23.46       |      25.27      
   40267     |      28.06       |      28.06      
   40268     |      27.96       |      32.47      
   40269     |      29.39       |      33.12      
   40270     |      30.26       |      35.38      
   40271     |      27.80       |      34.68      
   40272     |      25.11       |      29.19      
   40273     |      24.74       |      29.04      
   40274     |      24.48       |      27.31      
   40275     |      28.76       |      29.79      
   40276     |      28.70       |      29.92      
   40277     |      27.74       |      29.31      
   40278     |      28.06       |      28.65      
   40279     |      25.83       |      27.19      
   40280     |      28.35       |      34.81      
   40281     |      28.82       |      34.98      
   40282     |      43.86       |      53.27      
   40283     |      43.79       |      52.84      
   40284     |      49.76       |      59.32      
   40285     |      49.56       |      58.91      
   40286     |      48.54       |      57.80      
   40287     |      48.43       |      57.48      
   40288     |      44.62       |      53.20      
   40289     |      44.92       |      54.25      
   40290     |      37.13       |      45.49      
   40291     |      37.62       |      47.18      
   40292     |      32.65       |      41.71      
   40293     |      32.73       |      41.96      
   40294     |      26.68       |      34.86      
   40295     |      26.51       |      35.03      
   40296     |      25.24       |      33.41      
   40297     |      25.06       |      34.27      
   40298     |      29.02       |      38.62      
   40299     |      29.20       |      38.90      
   40300     |      27.15       |      36.68      
   40301     |      21.64       |      31.21      
   40302     |      17.73       |      26.64      
   40303     |      12.21       |      21.00      
   40304     |      11.00       |      13.90      
   40305     |      16.35       |      22.32      
   40306     |      17.08       |      24.19      
   40307     |      20.29       |      27.72      
   40308     |      19.91       |      27.07      
   40309     |      13.53       |      19.60      
   40310     |      18.06       |      15.69      
   40311     |      18.52       |      18.02      
   40312     |      17.95       |      18.11      
   40313     |      18.55       |      19.54      
   40314     |      17.70       |      24.05      
   40315     |      10.49       |      13.88      
   40316     |      10.82       |      18.73      
   40317     |       8.79       |      16.47      
   40318     |       9.33       |      12.08      
   40319     |       9.67       |      13.00      
   40320     |       9.48       |      13.27      
   40321     |       9.35       |      12.98      
   40322     |       8.93       |      14.17      
   40323     |       7.60       |      11.59      
   40324     |      13.41       |       9.17      
   40325     |      12.99       |      11.88      
   40326     |      30.42       |      22.17      
   40327     |      27.60       |      21.57      
   40328     |      31.83       |      24.84      
   40329     |      30.40       |      27.52      
   40330     |      29.28       |      27.03      
   40331     |      29.97       |      28.85      
   40332     |      34.22       |      30.79      
   40333     |      34.94       |      28.89      
   40334     |      41.38       |      34.20      
   40335     |      43.09       |      35.06      
   40336     |      34.21       |      27.29      
   40337     |      34.88       |      27.50      
   40338     |      34.70       |      27.36      
   40339     |      32.91       |      27.25      
   40340     |      33.91       |      28.02      
   40341     |      33.19       |      29.70      
   40342     |      36.23       |      31.73      
   40343     |      37.09       |      31.01      
   40344     |      39.53       |      33.04      
   40345     |      41.54       |      33.87      
   40346     |      43.57       |      35.74      
   40347     |      41.93       |      34.86      
   40348     |      47.99       |      40.40      
   40349     |      48.42       |      40.68      
   40350     |      51.05       |      43.15      
   40351     |      50.81       |      42.99      
   40352     |      49.44       |      41.72      
   40353     |      46.90       |      40.38      
   40354     |      44.72       |      38.49      
   40355     |      43.24       |      39.37      
   40356     |      40.19       |      37.16      
   40357     |      40.21       |      35.57      
   40358     |      41.32       |      36.45      
   40359     |      46.32       |      38.16      
   40360     |      40.15       |      32.38      
   40361     |      42.67       |      34.17      
   40362     |      39.00       |      30.67      
   40363     |      49.71       |      40.34      
   40364     |      43.48       |      34.12      
   40365     |      41.52       |      32.22      
   40366     |      31.29       |      22.02      
   40367     |      24.04       |      16.64      
   40368     |      35.08       |      26.76      
   40369     |      35.33       |      26.94      
   40370     |      56.78       |      47.90      
   40371     |      57.19       |      48.27      
   40372     |      56.33       |      47.44      
   40373     |      47.69       |      40.37      
   40374     |      58.56       |      50.67      
   40375     |      53.70       |      47.32      
   40380     |      63.71       |      56.27      
   40381     |      65.98       |      58.05      
   40382     |      60.64       |      52.92      
   40383     |      60.36       |      52.71      
   40384     |      60.26       |      52.62      
   40385     |      62.03       |      54.02      
   40386     |      46.47       |      39.18      
   40387     |      50.37       |      42.10      
   40388     |      29.37       |      22.42      
   40389     |      38.37       |      29.32      
   40390     |      48.54       |      39.48      
   40391     |      49.26       |      40.20      
   40392     |      64.77       |      55.71      
   40393     |      62.62       |      53.61      
   40394     |      65.05       |      56.05      
   40395     |      60.47       |      51.68      
   40396     |      61.05       |      52.27      
   40397     |      59.23       |      50.59      
   40483     |      48.67       |      57.47      
   40484     |      43.12       |      51.23      
   40485     |      42.85       |      52.21      
   40486     |      42.40       |      51.70      
   40487     |      42.99       |      53.11      
   40488     |      43.43       |      53.56      
   40489     |      44.72       |      55.34      
   40490     |      43.74       |      54.33      
   40491     |      46.31       |      57.22      
   40492     |      38.62       |      49.47      
   40493     |      36.22       |      46.40      
   40494     |      36.83       |      47.03      
   40495     |      37.28       |      45.10      
   40496     |      41.43       |      49.99      
   40497     |      41.36       |      50.84      
   40498     |      38.71       |      47.91      
   40499     |      39.13       |      49.03      
   40500     |      36.70       |      46.41      
   40501     |      36.57       |      46.11      
   40502     |      36.66       |      46.20      
   40503     |      36.55       |      45.50      
   40504     |      32.87       |      41.17      
   40505     |      33.26       |      40.99      
   40506     |      35.73       |      44.02      
   40507     |      35.61       |      44.15      
   40508     |      38.45       |      47.41      
   40509     |      38.80       |      48.57      
   40510     |      37.43       |      47.07      
   40511     |      37.51       |      47.23      
   40512     |      35.54       |      45.06      
   40513     |      35.54       |      45.07      
   40514     |      30.58       |      39.40      
   40515     |      31.06       |      40.83      
   40516     |      29.05       |      38.60      
   40517     |      29.23       |      38.95      
   40518     |      29.93       |      39.70      
   40519     |      30.20       |      40.13      
   40520     |      19.92       |      28.19      
   40521     |      19.92       |      28.19      
   40522     |      16.15       |      20.69      
   40523     |      20.22       |      22.17      
   40524     |      21.30       |      27.53      
   40525     |      22.67       |      27.81      
   40526     |      24.09       |      30.65      
   40527     |      25.09       |      30.84      
   40528     |      24.67       |      29.92      
   40529     |      26.91       |      30.82      
   40530     |      26.79       |      30.27      
   40531     |      28.63       |      31.25      
   40532     |      28.95       |      29.81      
   40533     |      27.99       |      29.19      
   40534     |      28.63       |      28.36      
   40535     |      26.14       |      26.64      
   40536     |      28.22       |      34.59      
   40537     |      28.05       |      34.53      
   40538     |      43.00       |      52.45      
   40539     |      43.03       |      52.53      
   40540     |      47.59       |      57.34      
   40541     |      47.60       |      57.37      
   40542     |      47.49       |      57.24      
   40543     |      46.97       |      56.39      
   40544     |      42.47       |      51.47      
   40545     |      42.40       |      51.22      
   40546     |      35.56       |      43.08      
   40547     |      34.97       |      43.59      
   40548     |      32.06       |      40.10      
   40549     |      31.88       |      41.02      
   40550     |      27.04       |      35.36      
   40551     |      27.18       |      35.26      
   40552     |      26.34       |      34.16      
   40553     |      26.19       |      34.21      
   40554     |      27.53       |      35.89      
   40555     |      27.97       |      37.70      
   40556     |      23.32       |      32.60      
   40557     |      18.72       |      28.02      
   40558     |      14.85       |      22.95      
   40559     |      16.92       |      25.13      
   40560     |      14.90       |      21.15      
   40561     |      22.61       |      29.94      
   40562     |      22.20       |      29.26      
   40563     |      17.12       |      23.48      
   40564     |      16.69       |      22.10      
   40565     |      11.14       |      12.02      
   40566     |      12.84       |      11.44      
   40567     |      12.90       |      10.48      
   40568     |      10.42       |      11.19      
   40569     |      12.98       |      17.26      
   40570     |      13.31       |      16.34      
   40571     |      15.36       |      19.65      
   40572     |      15.53       |      21.26      
   40573     |      11.87       |      16.20      
   40574     |      12.34       |      15.27      
   40575     |      14.77       |      19.27      
   40576     |      15.34       |      17.97      
   40577     |      14.93       |      17.16      
   40578     |      14.76       |      17.35      
   40579     |      13.17       |      10.22      
   40580     |      11.69       |      10.41      
   40581     |      16.89       |       7.41      
   40582     |      20.01       |      10.46      
   40583     |      14.75       |       9.24      
   40584     |      16.94       |      10.30      
   40585     |      16.08       |      15.71      
   40586     |      18.07       |      15.60      
   40587     |      22.57       |      25.27      
   40588     |      35.42       |      29.46      
   40589     |      35.09       |      29.72      
   40590     |      45.82       |      38.42      
   40591     |      45.95       |      38.49      
   40592     |      38.73       |      32.39      
   40593     |      40.00       |      32.71      
   40594     |      32.37       |      26.53      
   40595     |      31.73       |      27.58      
   40596     |      31.17       |      27.26      
   40597     |      31.68       |      26.01      
   40598     |      35.64       |      29.14      
   40599     |      38.81       |      30.56      
   40600     |      37.84       |      29.67      
   40601     |      40.42       |      32.38      
   40602     |      38.65       |      30.76      
   40603     |      39.38       |      31.53      
   40604     |      46.35       |      38.02      
   40605     |      47.88       |      39.21      
   40606     |      47.60       |      38.95      
   40607     |      46.99       |      38.47      
   40608     |      39.60       |      31.42      
   40609     |      35.30       |      29.63      
   40610     |      34.14       |      28.72      
   40611     |      33.58       |      29.77      
   40612     |      38.13       |      33.15      
   40613     |      40.05       |      33.03      
   40614     |      48.54       |      40.80      
   40615     |      58.50       |      49.21      
   40616     |      39.85       |      30.72      
   40617     |      48.91       |      39.51      
   40618     |      48.96       |      39.57      
   40619     |      43.81       |      34.48      
   40620     |      41.53       |      32.21      
   40621     |      33.07       |      25.10      
   40622     |      25.10       |      18.09      
   40623     |      26.76       |      18.65      
   40624     |      34.89       |      26.35      
   40625     |      44.02       |      34.73      
   40626     |      46.15       |      36.87      
   40627     |      56.29       |      47.21      
   40628     |      41.88       |      32.99      
   40629     |      35.16       |      28.10      
   40630     |      47.58       |      39.56      
   40631     |      43.46       |      37.08      
   40632     |      67.57       |      59.50      
   40633     |      64.61       |      57.16      
   40636     |      66.49       |      58.66      
   40638     |      58.30       |      50.18      
   40639     |      59.59       |      51.26      
   40640     |      60.40       |      52.05      
   40641     |      54.90       |      47.76      
   40642     |      55.24       |      48.09      
   40643     |      56.82       |      49.23      
   40644     |      46.25       |      39.31      
   40645     |      57.55       |      48.60      
   40646     |      50.57       |      41.68      
   40647     |      58.14       |      49.05      
   40648     |      59.00       |      49.92      
   40649     |      61.77       |      52.71      
   40650     |      56.71       |      47.65      
   40651     |      58.34       |      49.30      
   40652     |      56.41       |      47.39      
   40653     |      56.62       |      47.60      
   40740     |      40.53       |      49.39      
   40741     |      40.69       |      49.14      
   40742     |      41.04       |      49.52      
   40743     |      40.93       |      50.43      
   40744     |      43.33       |      53.01      
   40745     |      43.74       |      53.82      
   40746     |      42.67       |      52.68      
   40747     |      43.89       |      54.46      
   40748     |      42.66       |      53.18      
   40749     |      42.53       |      53.00      
   40750     |      42.77       |      53.24      
   40751     |      41.84       |      51.35      
   40752     |      36.84       |      45.74      
   40753     |      36.83       |      46.06      
   40754     |      33.01       |      41.69      
   40755     |      33.52       |      43.50      
   40756     |      35.65       |      45.75      
   40757     |      35.32       |      45.23      
   40758     |      36.29       |      46.24      
   40759     |      35.93       |      45.57      
   40760     |      30.49       |      39.46      
   40761     |      30.53       |      39.22      
   40762     |      29.33       |      37.76      
   40763     |      29.19       |      38.55      
   40764     |      29.33       |      38.70      
   40765     |      30.24       |      40.46      
   40766     |      33.85       |      44.21      
   40767     |      33.45       |      43.66      
   40768     |      37.20       |      47.58      
   40769     |      35.21       |      44.77      
   40770     |      30.00       |      38.89      
   40771     |      30.00       |      38.91      
   40772     |      29.59       |      38.42      
   40773     |      29.83       |      39.23      
   40774     |      29.08       |      38.37      
   40775     |      29.64       |      39.44      
   40776     |      20.16       |      28.31      
   40777     |      20.14       |      28.34      
   40778     |      16.35       |      21.44      
   40779     |      17.32       |      21.64      
   40780     |      19.20       |      26.26      
   40781     |      19.69       |      26.21      
   40782     |      22.18       |      30.08      
   40783     |      23.17       |      29.88      
   40784     |      23.67       |      30.69      
   40785     |      26.08       |      31.15      
   40786     |      25.41       |      29.30      
   40787     |      26.14       |      29.64      
   40788     |      26.37       |      26.80      
   40789     |      25.52       |      26.26      
   40790     |      25.47       |      26.33      
   40791     |      28.99       |      28.72      
   40792     |      30.61       |      36.23      
   40793     |      29.75       |      35.91      
   40794     |      40.48       |      49.31      
   40795     |      40.87       |      50.55      
   40796     |      45.63       |      55.53      
   40797     |      45.73       |      55.66      
   40798     |      46.16       |      56.09      
   40799     |      46.01       |      55.89      
   40800     |      40.38       |      49.88      
   40801     |      40.08       |      49.35      
   40802     |      31.21       |      39.17      
   40803     |      31.16       |      39.22      
   40804     |      26.95       |      33.52      
   40805     |      25.34       |      34.32      
   40806     |      22.98       |      31.50      
   40807     |      22.91       |      31.86      
   40808     |      26.05       |      35.41      
   40809     |      26.35       |      34.15      
   40810     |      26.43       |      34.23      
   40811     |      25.93       |      34.51      
   40812     |      21.09       |      27.78      
   40813     |      19.22       |      28.42      
   40814     |      16.08       |      24.47      
   40815     |      19.68       |      28.15      
   40816     |      18.82       |      26.91      
   40817     |      15.79       |      23.67      
   40818     |      14.60       |      21.53      
   40819     |      11.64       |      17.94      
   40820     |      13.02       |      13.93      
   40821     |      16.47       |      20.58      
   40822     |      19.21       |      18.09      
   40823     |      21.82       |      23.63      
   40824     |      21.35       |      24.60      
   40825     |      23.39       |      27.40      
   40826     |      23.39       |      26.77      
   40827     |      21.19       |      23.58      
   40828     |      20.97       |      24.17      
   40829     |      17.03       |      17.21      
   40830     |      15.25       |      19.66      
   40831     |      11.31       |      11.84      
   40832     |       9.66       |      12.65      
   40833     |      11.62       |       4.75      
   40834     |       9.51       |       4.60      
   40835     |      11.51       |       2.94      
   40836     |      16.95       |       7.53      
   40837     |      12.39       |       8.27      
   40838     |      14.44       |       8.73      
   40839     |      13.59       |      11.31      
   40840     |      12.24       |      11.64      
   40841     |      13.44       |      15.46      
   40842     |      12.97       |      16.94      
   40843     |      13.35       |      17.50      
   40844     |      27.65       |      20.19      
   40845     |      26.06       |      20.67      
   40846     |      42.44       |      34.12      
   40847     |      39.03       |      32.80      
   40848     |      39.15       |      32.91      
   40849     |      43.89       |      37.57      
   40850     |      43.14       |      36.97      
   40851     |      26.29       |      20.44      
   40852     |      29.46       |      22.77      
   40853     |      28.83       |      22.14      
   40854     |      35.67       |      27.90      
   40855     |      40.88       |      33.29      
   40856     |      44.29       |      36.40      
   40857     |      37.98       |      29.86      
   40858     |      35.63       |      27.73      
   40859     |      39.09       |      31.36      
   40860     |      44.48       |      36.31      
   40861     |      50.68       |      42.77      
   40862     |      49.79       |      41.95      
   40863     |      48.20       |      41.08      
   40864     |      35.10       |      29.37      
   40865     |      34.26       |      29.77      
   40866     |      32.59       |      28.62      
   40867     |      36.74       |      28.67      
   40868     |      35.88       |      27.89      
   40869     |      51.89       |      42.46      
   40870     |      55.66       |      46.24      
   40871     |      53.50       |      44.07      
   40872     |      49.23       |      39.81      
   40873     |      43.50       |      34.24      
   40874     |      44.47       |      35.21      
   40875     |      38.39       |      30.07      
   40876     |      33.29       |      25.37      
   40877     |      32.84       |      25.16      
   40878     |      29.27       |      22.06      
   40879     |      35.70       |      26.56      
   40880     |      44.95       |      35.80      
   40881     |      48.26       |      39.00      
   40882     |      40.66       |      31.44      
   40883     |      47.41       |      38.36      
   40884     |      30.80       |      22.14      
   40885     |      27.33       |      20.13      
   40886     |      34.96       |      26.89      
   40887     |      38.41       |      30.51      
   40888     |      58.79       |      50.04      
   40889     |      59.47       |      50.75      
   40893     |      67.52       |      58.59      
   40894     |      57.41       |      48.62      
   40895     |      52.66       |      44.57      
   40896     |      51.10       |      43.07      
   40897     |      46.05       |      39.72      
   40898     |      58.35       |      51.08      
   40899     |      58.61       |      51.27      
   40900     |      64.53       |      56.91      
   40902     |      64.17       |      55.92      
   40904     |      61.70       |      52.87      
   40905     |      64.39       |      55.43      
   40906     |      58.10       |      49.18      
   40907     |      55.44       |      46.71      
   40908     |      58.81       |      50.05      
   40909     |      57.46       |      48.84      
   40996     |      36.24       |      46.62      
   40997     |      35.53       |      45.14      
   40998     |      36.10       |      45.75      
   40999     |      36.02       |      45.27      
   41000     |      42.45       |      52.22      
   41001     |      42.46       |      52.24      
   41002     |      39.63       |      49.19      
   41003     |      40.44       |      50.72      
   41004     |      41.89       |      52.23      
   41005     |      42.52       |      53.04      
   41006     |      43.96       |      54.51      
   41007     |      43.37       |      53.77      
   41008     |      35.76       |      45.86      
   41009     |      34.65       |      43.91      
   41010     |      33.65       |      42.78      
   41011     |      33.64       |      42.20      
   41012     |      38.36       |      47.54      
   41013     |      38.69       |      48.32      
   41014     |      40.49       |      50.25      
   41015     |      40.14       |      49.52      
   41016     |      33.21       |      41.71      
   41017     |      33.22       |      41.70      
   41018     |      27.06       |      33.81      
   41019     |      25.62       |      34.75      
   41020     |      25.62       |      34.72      
   41021     |      26.13       |      36.07      
   41022     |      29.88       |      40.02      
   41023     |      31.93       |      42.51      
   41024     |      40.90       |      51.53      
   41025     |      37.63       |      47.93      
   41026     |      34.57       |      44.76      
   41027     |      32.33       |      40.80      
   41028     |      30.73       |      38.87      
   41029     |      30.69       |      39.31      
   41030     |      27.50       |      35.40      
   41031     |      27.77       |      37.30      
   41032     |      20.25       |      28.44      
   41033     |      20.28       |      28.39      
   41034     |      18.38       |      25.63      
   41035     |      21.74       |      25.98      
   41036     |      22.66       |      28.20      
   41037     |      21.58       |      28.12      
   41038     |      24.39       |      32.20      
   41039     |      24.70       |      32.04      
   41040     |      25.94       |      33.66      
   41041     |      26.95       |      33.49      
   41042     |      23.98       |      27.21      
   41043     |      22.47       |      26.58      
   41044     |      22.83       |      23.06      
   41045     |      22.86       |      23.09      
   41046     |      22.30       |      24.91      
   41047     |      26.42       |      27.29      
   41048     |      29.01       |      35.07      
   41049     |      29.50       |      35.23      
   41050     |      35.97       |      43.89      
   41051     |      35.84       |      45.26      
   41052     |      40.60       |      50.30      
   41053     |      42.57       |      52.75      
   41054     |      42.16       |      52.32      
   41055     |      42.81       |      53.04      
   41056     |      32.86       |      42.94      
   41057     |      33.59       |      43.76      
   41058     |      18.43       |      27.72      
   41059     |      19.15       |      29.04      
   41060     |      16.81       |      26.49      
   41061     |      16.69       |      24.89      
   41062     |      19.02       |      27.86      
   41063     |      19.07       |      28.28      
   41064     |      18.85       |      28.00      
   41065     |      20.75       |      30.87      
   41066     |      17.29       |      27.28      
   41067     |      16.43       |      25.99      
   41068     |      14.63       |      23.93      
   41069     |      15.10       |      22.85      
   41070     |      18.89       |      27.80      
   41071     |      18.88       |      27.48      
   41072     |      15.63       |      23.27      
   41073     |      15.57       |      23.50      
   41074     |      13.29       |      19.15      
   41075     |      12.73       |      18.42      
   41076     |      12.58       |      17.36      
   41077     |      15.63       |      21.42      
   41078     |      15.74       |      17.78      
   41079     |      31.52       |      37.74      
   41080     |      29.47       |      33.55      
   41081     |      31.00       |      34.35      
   41082     |      32.58       |      32.13      
   41083     |      24.56       |      26.79      
   41084     |      29.00       |      26.04      
   41085     |      17.60       |      17.80      
   41086     |      25.00       |      19.37      
   41087     |       7.61       |       7.53      
   41088     |      11.99       |       5.48      
   41089     |      13.78       |       4.93      
   41090     |      11.76       |       3.72      
   41091     |      10.97       |       4.22      
   41092     |      10.06       |       4.21      
   41093     |       8.93       |       6.50      
   41094     |       9.71       |       6.20      
   41095     |       9.48       |       6.95      
   41096     |       6.32       |       9.72      
   41097     |       6.10       |       8.04      
   41098     |       4.78       |      12.07      
   41099     |       4.58       |       5.23      
   41100     |      17.94       |       8.23      
   41101     |      11.79       |       9.10      
   41102     |      28.92       |      20.09      
   41103     |      25.08       |      22.25      
   41104     |      32.68       |      26.85      
   41105     |      40.26       |      34.34      
   41106     |      46.04       |      39.13      
   41107     |      40.34       |      33.37      
   41108     |      46.15       |      38.49      
   41109     |      26.12       |      17.63      
   41110     |      32.62       |      23.66      
   41111     |      32.94       |      24.01      
   41112     |      28.27       |      19.68      
   41113     |      44.31       |      36.42      
   41114     |      39.47       |      32.11      
   41115     |      36.93       |      29.52      
   41116     |      46.13       |      37.85      
   41117     |      43.87       |      35.52      
   41118     |      39.08       |      31.12      
   41119     |      46.05       |      38.29      
   41120     |      32.85       |      28.13      
   41121     |      33.95       |      27.18      
   41122     |      39.08       |      31.56      
   41123     |      47.48       |      38.18      
   41124     |      62.33       |      52.94      
   41125     |      52.41       |      42.96      
   41126     |      45.64       |      36.21      
   41127     |      55.13       |      45.79      
   41128     |      39.77       |      30.64      
   41129     |      45.14       |      36.16      
   41130     |      37.14       |      28.48      
   41131     |      35.52       |      27.38      
   41132     |      32.44       |      24.63      
   41133     |      32.16       |      24.54      
   41134     |      39.64       |      31.31      
   41135     |      38.95       |      30.62      
   41136     |      47.48       |      38.62      
   41137     |      50.35       |      41.56      
   41138     |      42.42       |      33.97      
   41139     |      43.68       |      35.28      
   41140     |      33.65       |      26.11      
   41141     |      26.13       |      18.37      
   41142     |      35.57       |      26.99      
   41143     |      33.43       |      24.76      
   41144     |      56.99       |      47.86      
   41145     |      57.15       |      48.03      
   41146     |      61.01       |      51.87      
   41148     |      60.81       |      52.02      
   41150     |      54.58       |      46.80      
   41151     |      53.84       |      46.03      
   41152     |      41.90       |      35.27      
   41153     |      45.06       |      38.49      
   41154     |      57.57       |      50.00      
   41155     |      57.11       |      49.67      
   41160     |      67.79       |      59.33      
   41161     |      67.82       |      59.37      
   41162     |      58.15       |      49.95      
   41163     |      56.58       |      48.71      
   41164     |      60.61       |      52.60      
   41253     |      38.29       |      48.36      
   41254     |      35.15       |      45.00      
   41255     |      35.12       |      44.92      
   41256     |      37.74       |      47.70      
   41257     |      38.34       |      48.67      
   41258     |      35.02       |      45.19      
   41259     |      35.13       |      45.35      
   41260     |      38.53       |      48.89      
   41261     |      39.46       |      50.07      
   41262     |      43.92       |      54.60      
   41263     |      43.42       |      54.02      
   41264     |      38.80       |      49.28      
   41265     |      37.21       |      47.08      
   41266     |      32.67       |      42.18      
   41267     |      32.56       |      41.87      
   41268     |      35.84       |      45.45      
   41269     |      35.80       |      45.38      
   41270     |      37.19       |      46.86      
   41271     |      37.95       |      48.06      
   41272     |      31.77       |      41.48      
   41273     |      31.34       |      40.15      
   41274     |      26.75       |      34.61      
   41275     |      27.82       |      34.43      
   41276     |      27.74       |      34.29      
   41277     |      26.33       |      35.28      
   41278     |      26.76       |      35.76      
   41279     |      28.71       |      39.03      
   41280     |      34.13       |      44.58      
   41281     |      39.13       |      49.84      
   41282     |      35.92       |      46.61      
   41283     |      32.12       |      42.64      
   41284     |      25.68       |      36.04      
   41285     |      23.75       |      33.25      
   41286     |      22.05       |      31.30      
   41287     |      21.96       |      30.98      
   41288     |      21.46       |      30.38      
   41289     |      21.66       |      29.51      
   41290     |      20.90       |      28.44      
   41291     |      21.67       |      28.21      
   41292     |      20.65       |      26.37      
   41293     |      20.45       |      26.35      
   41294     |      23.08       |      30.47      
   41295     |      22.69       |      30.83      
   41296     |      22.24       |      30.24      
   41297     |      22.10       |      30.52      
   41298     |      16.03       |      19.75      
   41299     |      15.83       |      19.70      
   41300     |      16.24       |      17.34      
   41301     |      18.70       |      18.60      
   41302     |      17.86       |      21.34      
   41303     |      19.09       |      21.83      
   41304     |      24.34       |      32.15      
   41305     |      25.55       |      32.06      
   41306     |      32.69       |      41.16      
   41307     |      32.72       |      41.09      
   41308     |      34.94       |      43.61      
   41309     |      37.22       |      47.29      
   41310     |      31.05       |      40.91      
   41311     |      37.54       |      47.87      
   41312     |      22.81       |      33.14      
   41313     |      27.55       |      37.68      
   41314     |      18.00       |      28.10      
   41315     |      13.27       |      23.53      
   41316     |      20.87       |      31.16      
   41317     |      17.18       |      26.77      
   41318     |      14.91       |      24.17      
   41319     |      15.16       |      24.80      
   41320     |      10.51       |      19.14      
   41321     |      12.90       |      23.13      
   41322     |      16.76       |      26.97      
   41323     |      15.68       |      25.86      
   41324     |      21.84       |      32.03      
   41325     |      17.48       |      26.12      
   41326     |      20.21       |      29.31      
   41327     |      20.03       |      28.69      
   41328     |      15.02       |      21.70      
   41329     |      14.34       |      22.29      
   41330     |      12.23       |      18.47      
   41331     |      12.73       |      18.40      
   41332     |      13.08       |      19.45      
   41333     |      19.78       |      26.97      
   41334     |      26.05       |      34.89      
   41335     |      26.67       |      33.61      
   41336     |      24.31       |      29.56      
   41337     |      25.53       |      29.99      
   41338     |      28.73       |      26.26      
   41339     |      23.27       |      22.14      
   41340     |      29.99       |      24.59      
   41341     |      22.20       |      17.66      
   41342     |      27.39       |      20.62      
   41343     |      22.77       |      16.22      
   41344     |      22.17       |      15.87      
   41345     |      17.34       |      11.68      
   41346     |      15.12       |      11.15      
   41347     |      16.09       |       9.49      
   41348     |      10.83       |       8.90      
   41349     |      12.12       |       5.74      
   41350     |       8.91       |       6.15      
   41351     |      10.40       |       3.47      
   41352     |       4.69       |       7.00      
   41353     |       6.96       |       2.95      
   41354     |       4.59       |       5.25      
   41355     |       6.47       |       3.48      
   41356     |       7.96       |       2.00      
   41357     |       5.62       |       4.34      
   41358     |      12.88       |       3.38      
   41359     |      10.78       |       3.45      
   41360     |      22.56       |      13.09      
   41361     |      25.18       |      15.92      
   41362     |      30.93       |      21.52      
   41363     |      39.79       |      30.83      
   41364     |      40.42       |      31.45      
   41365     |      42.43       |      33.56      
   41366     |      33.41       |      25.14      
   41367     |      34.21       |      26.00      
   41368     |      27.78       |      20.47      
   41369     |      31.00       |      23.79      
   41370     |      39.09       |      30.88      
   41371     |      36.83       |      28.53      
   41372     |      44.65       |      35.88      
   41373     |      44.50       |      35.73      
   41374     |      38.60       |      30.22      
   41375     |      37.77       |      29.38      
   41376     |      39.16       |      30.67      
   41377     |      28.34       |      19.55      
   41378     |      43.74       |      34.41      
   41379     |      47.96       |      38.72      
   41380     |      62.68       |      53.31      
   41381     |      56.17       |      47.37      
   41382     |      51.31       |      42.72      
   41383     |      53.13       |      44.23      
   41384     |      42.83       |      34.39      
   41385     |      42.88       |      34.43      
   41386     |      36.42       |      28.51      
   41387     |      35.34       |      28.11      
   41388     |      31.39       |      24.91      
   41389     |      36.23       |      29.71      
   41390     |      41.32       |      33.97      
   41391     |      43.78       |      36.47      
   41392     |      52.04       |      43.94      
   41393     |      50.65       |      42.53      
   41394     |      51.28       |      43.12      
   41395     |      42.79       |      34.45      
   41396     |      45.22       |      36.75      
   41397     |      29.96       |      20.96      
   41398     |      38.52       |      29.37      
   41399     |      33.88       |      24.65      
   41400     |      42.40       |      33.18      
   41401     |      57.81       |      48.83      
   41402     |      48.76       |      39.97      
   41403     |      65.40       |      57.13      
   41404     |      54.60       |      46.89      
   41405     |      67.35       |      59.99      
   41406     |      59.32       |      52.62      
   41407     |      60.87       |      53.53      
   41408     |      60.63       |      53.32      
   41409     |      37.42       |      29.38      
   41410     |      56.35       |      47.57      
   41411     |      50.43       |      41.52      
   41412     |      60.77       |      51.76      
   41415     |      65.78       |      58.16      
   41418     |      59.75       |      52.57      
   41419     |      62.00       |      54.18      
   41420     |      57.38       |      49.78      
   41509     |      44.37       |      54.39      
   41510     |      36.88       |      46.35      
   41511     |      36.91       |      46.45      
   41512     |      36.36       |      45.85      
   41513     |      36.88       |      46.96      
   41514     |      38.47       |      48.62      
   41515     |      37.90       |      47.61      
   41516     |      37.01       |      46.64      
   41517     |      38.29       |      48.67      
   41518     |      39.43       |      49.84      
   41519     |      42.19       |      53.01      
   41520     |      38.74       |      49.51      
   41521     |      37.51       |      48.13      
   41522     |      34.41       |      44.95      
   41523     |      32.28       |      41.85      
   41524     |      42.07       |      52.22      
   41525     |      40.35       |      49.22      
   41526     |      41.23       |      50.19      
   41527     |      41.26       |      50.29      
   41528     |      33.33       |      41.11      
   41529     |      33.31       |      42.74      
   41530     |      27.96       |      36.67      
   41531     |      28.44       |      35.97      
   41532     |      27.44       |      34.65      
   41533     |      28.09       |      34.57      
   41534     |      28.61       |      35.29      
   41535     |      27.60       |      36.42      
   41536     |      28.69       |      37.66      
   41537     |      32.97       |      43.55      
   41538     |      28.59       |      39.09      
   41539     |      35.11       |      45.76      
   41540     |      24.27       |      34.93      
   41541     |      23.05       |      33.72      
   41542     |      23.67       |      34.32      
   41543     |      18.59       |      28.67      
   41544     |      23.81       |      34.12      
   41545     |      21.70       |      30.54      
   41546     |      20.50       |      29.06      
   41547     |      20.86       |      28.39      
   41548     |      19.99       |      27.10      
   41549     |      21.42       |      26.99      
   41550     |      22.48       |      28.83      
   41551     |      21.47       |      29.17      
   41552     |      19.22       |      25.84      
   41553     |      18.15       |      27.04      
   41554     |      12.14       |      16.84      
   41555     |      12.78       |      16.91      
   41556     |      12.78       |      16.79      
   41557     |      17.14       |      18.24      
   41558     |      16.83       |      20.71      
   41559     |      17.40       |      20.90      
   41560     |      22.53       |      30.53      
   41561     |      22.47       |      30.60      
   41562     |      30.42       |      39.76      
   41563     |      30.14       |      38.99      
   41564     |      27.01       |      35.36      
   41565     |      27.85       |      37.58      
   41566     |      24.31       |      33.77      
   41567     |      27.33       |      37.60      
   41568     |      23.92       |      34.13      
   41569     |      24.21       |      34.45      
   41570     |      26.59       |      36.84      
   41571     |      23.73       |      33.41      
   41572     |      24.97       |      34.71      
   41573     |      25.11       |      34.90      
   41574     |      15.77       |      24.44      
   41575     |      15.78       |      24.82      
   41576     |      14.33       |      23.02      
   41577     |      14.89       |      22.37      
   41578     |      21.50       |      30.69      
   41579     |      21.83       |      31.33      
   41580     |      21.81       |      31.29      
   41581     |      23.75       |      33.77      
   41582     |      20.28       |      30.19      
   41583     |      18.91       |      28.27      
   41584     |      11.54       |      18.74      
   41585     |      11.29       |      18.94      
   41586     |      11.22       |      18.80      
   41587     |      12.10       |      18.35      
   41588     |      24.90       |      34.46      
   41589     |      24.68       |      30.95      
   41590     |      26.84       |      34.09      
   41591     |      26.56       |      35.28      
   41592     |      17.79       |      22.01      
   41593     |      14.90       |      21.95      
   41594     |      17.34       |      14.07      
   41595     |      20.96       |      16.87      
   41596     |      24.38       |      18.46      
   41597     |      27.58       |      21.46      
   41598     |      27.87       |      21.64      
   41599     |      28.90       |      22.62      
   41600     |      28.65       |      22.46      
   41601     |      23.70       |      17.95      
   41602     |      21.18       |      16.77      
   41603     |      21.61       |      15.63      
   41604     |      17.80       |      14.24      
   41605     |      18.23       |      12.64      
   41606     |      15.44       |      11.90      
   41607     |      15.43       |      12.07      
   41608     |      13.75       |      12.27      
   41609     |      13.72       |      10.39      
   41610     |      12.09       |      10.73      
   41611     |      12.91       |       7.03      
   41612     |       8.47       |       7.92      
   41613     |      12.57       |       2.98      
   41614     |      10.40       |       1.20      
   41615     |      19.26       |      10.27      
   41616     |      19.20       |      10.23      
   41617     |      22.48       |      12.84      
   41618     |      24.38       |      14.75      
   41619     |      30.69       |      21.13      
   41620     |      32.70       |      23.13      
   41621     |      39.66       |      30.38      
   41622     |      23.74       |      15.42      
   41623     |      34.51       |      26.70      
   41624     |      30.25       |      23.12      
   41625     |      28.13       |      20.98      
   41626     |      42.03       |      33.35      
   41627     |      37.43       |      28.57      
   41628     |      35.52       |      26.78      
   41629     |      46.14       |      37.76      
   41630     |      43.75       |      35.57      
   41631     |      38.89       |      30.60      
   41632     |      40.57       |      32.15      
   41633     |      39.38       |      30.95      
   41634     |      40.98       |      32.44      
   41635     |      48.35       |      39.97      
   41636     |      56.36       |      47.58      
   41637     |      53.19       |      45.16      
   41638     |      56.84       |      48.58      
   41639     |      56.50       |      48.33      
   41640     |      47.65       |      40.23      
   41641     |      48.78       |      40.85      
   41642     |      37.78       |      31.26      
   41643     |      38.22       |      31.70      
   41644     |      33.92       |      28.43      
   41645     |      35.15       |      29.62      
   41646     |      40.88       |      34.12      
   41647     |      43.90       |      37.13      
   41648     |      54.66       |      46.73      
   41649     |      52.69       |      44.73      
   41650     |      56.69       |      48.47      
   41651     |      50.46       |      42.11      
   41652     |      51.31       |      42.92      
   41653     |      44.94       |      36.39      
   41654     |      50.40       |      41.65      
   41655     |      38.78       |      29.70      
   41656     |      34.42       |      25.44      
   41657     |      44.78       |      36.21      
   41658     |      37.81       |      29.64      
   41659     |      52.97       |      45.31      
   41660     |      53.60       |      45.89      
   41661     |      54.77       |      47.11      
   41662     |      59.55       |      51.59      
   41663     |      58.19       |      50.21      
   41664     |      64.49       |      56.22      
   41665     |      55.09       |      46.56      
   41666     |      62.08       |      53.38      
   41667     |      55.92       |      47.07      
   41668     |      56.86       |      48.01      
   41669     |      62.63       |      53.93      
   41670     |      59.14       |      50.52      
   41671     |      61.59       |      53.04      
   41672     |      65.92       |      57.29      
   41673     |      60.79       |      53.05      
   41674     |      62.20       |      54.41      
   41675     |      63.28       |      55.25      
   41766     |      39.82       |      49.80      
   41767     |      39.27       |      48.34      
   41768     |      39.10       |      48.14      
   41769     |      39.10       |      48.13      
   41770     |      40.72       |      49.89      
   41771     |      41.09       |      50.84      
   41772     |      36.77       |      46.16      
   41773     |      36.93       |      46.56      
   41774     |      34.16       |      43.53      
   41775     |      37.18       |      47.86      
   41776     |      34.85       |      45.47      
   41777     |      37.52       |      48.38      
   41778     |      39.87       |      50.73      
   41779     |      35.64       |      46.00      
   41780     |      43.36       |      53.92      
   41781     |      41.71       |      51.90      
   41782     |      34.94       |      44.78      
   41783     |      35.12       |      45.04      
   41784     |      25.44       |      34.37      
   41785     |      25.49       |      34.70      
   41786     |      29.68       |      39.34      
   41787     |      29.25       |      37.71      
   41788     |      29.46       |      37.94      
   41789     |      30.50       |      37.18      
   41790     |      28.38       |      34.08      
   41791     |      27.14       |      34.05      
   41792     |      26.99       |      33.83      
   41793     |      26.44       |      35.84      
   41794     |      25.12       |      34.34      
   41795     |      28.43       |      38.95      
   41796     |      27.02       |      37.49      
   41797     |      26.68       |      37.10      
   41798     |      26.58       |      36.98      
   41799     |      26.18       |      36.51      
   41800     |      28.13       |      38.50      
   41801     |      26.17       |      36.00      
   41802     |      27.03       |      36.89      
   41803     |      26.20       |      33.53      
   41804     |      26.44       |      33.85      
   41805     |      27.95       |      33.65      
   41806     |      27.32       |      32.59      
   41807     |      26.86       |      32.51      
   41808     |      24.73       |      27.94      
   41809     |      20.50       |      26.86      
   41810     |      18.97       |      23.74      
   41811     |      20.67       |      24.24      
   41812     |      20.55       |      23.51      
   41813     |      20.12       |      23.34      
   41814     |      20.09       |      23.15      
   41815     |      19.18       |      22.81      
   41816     |      20.32       |      25.95      
   41817     |      17.98       |      26.92      
   41818     |      22.22       |      31.71      
   41819     |      24.40       |      34.64      
   41820     |      20.50       |      30.63      
   41821     |      19.43       |      29.18      
   41822     |      25.27       |      35.29      
   41823     |      24.05       |      33.54      
   41824     |      33.68       |      43.65      
   41825     |      31.70       |      40.78      
   41826     |      35.02       |      44.36      
   41827     |      34.79       |      43.97      
   41828     |      27.67       |      35.94      
   41829     |      28.04       |      37.28      
   41830     |      22.27       |      30.65      
   41831     |      22.82       |      30.07      
   41832     |      24.25       |      31.96      
   41833     |      25.10       |      31.72      
   41834     |      24.94       |      31.47      
   41835     |      23.85       |      32.60      
   41836     |      19.37       |      27.02      
   41837     |      20.28       |      30.03      
   41838     |      19.74       |      29.44      
   41839     |      20.38       |      30.26      
   41840     |      15.43       |      25.01      
   41841     |      16.07       |      22.16      
   41842     |      17.95       |      25.32      
   41843     |      19.32       |      25.00      
   41844     |      28.49       |      37.25      
   41845     |      28.58       |      37.48      
   41846     |      19.08       |      25.10      
   41847     |      17.95       |      27.06      
   41848     |      13.26       |      11.70      
   41849     |       3.10       |      12.02      
   41850     |       3.80       |       8.02      
   41851     |      14.82       |      10.56      
   41852     |      14.47       |      10.52      
   41853     |      25.04       |      19.34      
   41854     |      27.17       |      20.69      
   41855     |      26.85       |      23.46      
   41856     |      31.33       |      25.82      
   41857     |      31.50       |      28.40      
   41858     |      32.23       |      28.72      
   41859     |      32.11       |      26.87      
   41860     |      27.93       |      24.76      
   41861     |      28.27       |      22.00      
   41862     |      20.96       |      18.66      
   41863     |      21.24       |      15.17      
   41864     |      16.19       |      13.48      
   41865     |      17.33       |      10.45      
   41866     |      14.21       |       9.17      
   41867     |      16.81       |       8.12      
   41868     |      13.51       |       5.80      
   41869     |      14.86       |       5.91      
   41870     |      18.80       |       9.47      
   41871     |      18.09       |       8.99      
   41872     |      19.08       |       9.91      
   41873     |      18.51       |       9.29      
   41874     |      17.08       |       8.00      
   41875     |      25.78       |      17.39      
   41876     |      24.33       |      16.16      
   41877     |      36.91       |      29.21      
   41878     |      31.37       |      24.59      
   41879     |      26.39       |      19.62      
   41880     |      36.07       |      27.80      
   41881     |      27.22       |      18.54      
   41882     |      36.14       |      26.99      
   41883     |      41.29       |      32.36      
   41884     |      30.28       |      22.16      
   41885     |      37.93       |      30.06      
   41886     |      39.33       |      31.31      
   41887     |      44.87       |      36.98      
   41888     |      41.64       |      34.10      
   41889     |      44.10       |      36.60      
   41890     |      44.87       |      37.28      
   41891     |      42.66       |      37.01      
   41892     |      55.81       |      48.26      
   41893     |      53.85       |      47.49      
   41894     |      61.55       |      54.28      
   41895     |      63.13       |      55.23      
   41896     |      53.51       |      46.50      
   41897     |      53.62       |      46.55      
   41898     |      43.36       |      37.98      
   41899     |      43.32       |      39.26      
   41900     |      42.84       |      38.94      
   41901     |      42.77       |      37.59      
   41902     |      53.68       |      46.64      
   41903     |      39.80       |      32.76      
   41904     |      50.49       |      42.34      
   41905     |      54.07       |      46.00      
   41906     |      52.89       |      44.92      
   41907     |      58.33       |      50.48      
   41908     |      59.83       |      51.89      
   41909     |      52.50       |      44.41      
   41910     |      58.38       |      49.98      
   41911     |      51.09       |      42.51      
   41912     |      43.80       |      35.61      
   41913     |      35.63       |      27.15      
   41914     |      33.44       |      25.11      
   41915     |      37.95       |      29.82      
   41916     |      50.35       |      41.63      
   41917     |      49.64       |      40.90      
   41918     |      50.35       |      41.60      
   41919     |      57.00       |      48.46      
   41920     |      53.45       |      45.04      
   41921     |      65.63       |      57.60      
   41922     |      65.35       |      57.34      
   41923     |      65.53       |      57.54      
   41924     |      64.70       |      56.75      
   41925     |      60.59       |      52.51      
   41927     |      59.13       |      50.51      
   41928     |      58.06       |      49.47      
   41929     |      56.73       |      48.11      
   41930     |      53.97       |      45.43      
   41931     |      62.12       |      53.84      
   42022     |      41.20       |      51.73      
   42023     |      39.90       |      49.86      
   42024     |      39.29       |      49.20      
   42025     |      38.78       |      47.86      
   42026     |      37.91       |      46.88      
   42027     |      38.16       |      47.75      
   42028     |      35.46       |      44.79      
   42029     |      35.61       |      45.19      
   42030     |      31.56       |      40.71      
   42031     |      31.93       |      41.70      
   42032     |      35.81       |      45.82      
   42033     |      36.70       |      47.06      
   42034     |      39.87       |      50.31      
   42035     |      41.67       |      52.37      
   42036     |      34.55       |      45.13      
   42037     |      39.32       |      50.18      
   42038     |      31.24       |      42.08      
   42039     |      29.09       |      39.83      
   42040     |      28.08       |      38.80      
   42041     |      24.44       |      33.57      
   42042     |      34.93       |      44.96      
   42043     |      33.66       |      42.59      
   42044     |      33.42       |      42.30      
   42045     |      33.53       |      41.27      
   42046     |      25.84       |      29.95      
   42047     |      22.76       |      29.38      
   42048     |      20.78       |      25.90      
   42049     |      18.03       |      26.79      
   42050     |      24.82       |      34.53      
   42051     |      24.45       |      33.81      
   42052     |      31.40       |      41.30      
   42053     |      31.01       |      40.74      
   42054     |      31.22       |      40.94      
   42055     |      30.91       |      40.47      
   42056     |      34.61       |      44.40      
   42057     |      33.77       |      43.12      
   42058     |      34.70       |      44.11      
   42059     |      33.97       |      42.51      
   42060     |      27.45       |      34.51      
   42061     |      27.34       |      34.57      
   42062     |      22.85       |      27.29      
   42063     |      20.71       |      27.01      
   42064     |      18.73       |      22.45      
   42065     |      18.75       |      22.45      
   42066     |      19.81       |      25.33      
   42067     |      21.15       |      25.61      
   42068     |      20.65       |      23.79      
   42069     |      21.05       |      23.95      
   42070     |      21.17       |      22.19      
   42071     |      17.17       |      20.44      
   42072     |      17.52       |      22.11      
   42073     |      15.45       |      21.93      
   42074     |      18.36       |      26.38      
   42075     |      19.41       |      29.43      
   42076     |      22.33       |      32.44      
   42077     |      21.66       |      31.59      
   42078     |      29.19       |      39.33      
   42079     |      27.42       |      37.11      
   42080     |      35.18       |      45.16      
   42081     |      34.57       |      44.41      
   42082     |      37.48       |      47.41      
   42083     |      35.59       |      44.85      
   42084     |      28.34       |      36.77      
   42085     |      28.37       |      36.51      
   42086     |      29.09       |      37.35      
   42087     |      29.59       |      36.76      
   42088     |      34.10       |      42.26      
   42089     |      35.49       |      41.68      
   42090     |      30.59       |      32.81      
   42091     |      23.42       |      30.16      
   42092     |      20.61       |      25.05      
   42093     |      17.24       |      25.33      
   42094     |      21.88       |      30.87      
   42095     |      22.10       |      31.32      
   42096     |      20.91       |      29.99      
   42097     |      20.57       |      28.92      
   42098     |      17.91       |      25.44      
   42099     |      18.00       |      25.34      
   42100     |      19.24       |      27.03      
   42101     |      21.91       |      31.83      
   42102     |       6.54       |      13.99      
   42103     |       6.53       |      16.31      
   42104     |       7.87       |       4.21      
   42105     |       8.33       |       4.26      
   42106     |       4.04       |       8.16      
   42107     |      12.34       |      19.78      
   42108     |      11.11       |      12.98      
   42109     |      19.68       |      17.22      
   42110     |      21.91       |      17.66      
   42111     |      22.52       |      18.17      
   42112     |      23.15       |      18.42      
   42113     |      25.47       |      25.49      
   42114     |      32.88       |      27.78      
   42115     |      32.88       |      28.45      
   42116     |      34.09       |      29.19      
   42117     |      34.97       |      28.12      
   42118     |      27.41       |      23.07      
   42119     |      29.46       |      21.59      
   42120     |      20.86       |      15.61      
   42121     |      25.27       |      16.13      
   42122     |      17.55       |       9.50      
   42123     |      18.08       |       9.62      
   42124     |      15.80       |       7.96      
   42125     |      17.14       |       8.27      
   42126     |      18.23       |       9.24      
   42127     |      20.15       |      10.64      
   42128     |      14.35       |       5.19      
   42129     |      19.57       |      11.03      
   42130     |      14.90       |       7.63      
   42131     |      18.70       |      11.45      
   42132     |      19.07       |      11.70      
   42133     |      25.95       |      18.72      
   42134     |      27.77       |      20.18      
   42135     |      29.59       |      22.06      
   42136     |      38.93       |      30.36      
   42137     |      34.94       |      26.23      
   42138     |      30.31       |      21.99      
   42139     |      39.16       |      31.15      
   42140     |      33.95       |      26.64      
   42141     |      32.29       |      24.98      
   42142     |      32.48       |      25.14      
   42143     |      42.06       |      34.80      
   42144     |      33.22       |      27.87      
   42145     |      49.02       |      43.11      
   42146     |      45.45       |      40.30      
   42147     |      45.43       |      41.60      
   42148     |      55.70       |      49.66      
   42149     |      56.23       |      49.71      
   42150     |      65.45       |      57.93      
   42151     |      68.39       |      59.95      
   42152     |      52.77       |      45.52      
   42153     |      51.75       |      45.19      
   42154     |      41.31       |      36.94      
   42155     |      42.95       |      41.22      
   42156     |      49.87       |      45.78      
   42157     |      49.87       |      45.68      
   42158     |      59.34       |      53.31      
   42159     |      63.30       |      55.26      
   42160     |      60.70       |      52.86      
   42161     |      51.14       |      43.14      
   42162     |      56.97       |      48.61      
   42163     |      50.74       |      42.24      
   42164     |      61.57       |      52.68      
   42165     |      54.84       |      45.83      
   42166     |      57.98       |      48.93      
   42167     |      54.95       |      45.85      
   42168     |      47.63       |      38.64      
   42169     |      40.74       |      31.58      
   42170     |      30.58       |      21.58      
   42171     |      32.14       |      23.22      
   42172     |      44.17       |      35.08      
   42173     |      49.45       |      40.50      
   42174     |      48.89       |      39.96      
   42175     |      49.68       |      40.78      
   42176     |      45.40       |      36.60      
   42177     |      52.90       |      44.37      
   42178     |      54.06       |      45.50      
   42179     |      64.35       |      56.11      
   42180     |      63.19       |      55.00      
   42181     |      63.78       |      55.63      
   42183     |      67.91       |      59.44      
   42184     |      62.94       |      54.62      
   42185     |      58.75       |      50.31      
   42186     |      56.14       |      47.78      
   42187     |      54.63       |      46.23      
   42278     |      41.29       |      51.64      
   42279     |      41.62       |      52.08      
   42280     |      42.18       |      52.64      
   42281     |      40.67       |      50.34      
   42282     |      36.97       |      46.32      
   42283     |      36.90       |      46.03      
   42284     |      33.67       |      42.38      
   42285     |      33.92       |      43.52      
   42286     |      34.55       |      44.19      
   42287     |      34.18       |      42.83      
   42288     |      40.50       |      49.86      
   42289     |      40.41       |      49.66      
   42290     |      37.81       |      46.77      
   42291     |      40.21       |      50.60      
   42292     |      29.97       |      39.87      
   42293     |      33.36       |      44.08      
   42294     |      34.01       |      44.72      
   42295     |      33.28       |      43.92      
   42296     |      35.10       |      45.75      
   42297     |      32.31       |      42.34      
   42298     |      35.07       |      45.21      
   42299     |      34.79       |      44.82      
   42300     |      29.35       |      39.03      
   42301     |      29.31       |      38.95      
   42302     |      16.47       |      22.68      
   42303     |      17.39       |      22.73      
   42304     |      16.85       |      21.01      
   42305     |      14.40       |      20.80      
   42306     |      22.53       |      31.81      
   42307     |      23.43       |      33.44      
   42308     |      27.65       |      37.84      
   42309     |      28.66       |      39.05      
   42310     |      36.00       |      46.50      
   42311     |      31.95       |      41.52      
   42312     |      37.00       |      46.87      
   42313     |      36.13       |      45.64      
   42314     |      28.94       |      37.70      
   42315     |      31.03       |      41.09      
   42316     |      18.51       |      27.42      
   42317     |      18.53       |      27.51      
   42318     |      12.02       |      16.38      
   42319     |       9.60       |      16.85      
   42320     |       9.19       |      15.82      
   42321     |      10.46       |      15.54      
   42322     |      12.79       |      20.75      
   42323     |      13.46       |      20.28      
   42324     |      12.65       |      18.46      
   42325     |      14.96       |      18.65      
   42326     |      15.25       |      16.56      
   42327     |      15.96       |      16.86      
   42328     |      15.73       |      20.11      
   42329     |      15.06       |      20.01      
   42330     |      18.39       |      26.08      
   42331     |      18.22       |      26.26      
   42332     |      24.62       |      33.83      
   42333     |      25.14       |      34.76      
   42334     |      29.64       |      39.48      
   42335     |      30.26       |      40.26      
   42336     |      32.04       |      42.07      
   42337     |      33.20       |      43.38      
   42338     |      34.82       |      45.01      
   42339     |      34.82       |      45.01      
   42340     |      29.93       |      40.02      
   42341     |      27.14       |      35.75      
   42342     |      28.34       |      37.10      
   42343     |      28.27       |      36.65      
   42344     |      27.69       |      35.95      
   42345     |      27.96       |      37.04      
   42346     |      16.24       |      19.82      
   42347     |      17.80       |      20.38      
   42348     |      18.11       |      22.48      
   42349     |      17.57       |      22.36      
   42350     |      22.68       |      30.55      
   42351     |      22.71       |      31.53      
   42352     |      20.28       |      28.65      
   42353     |      20.62       |      29.74      
   42354     |      17.49       |      26.13      
   42355     |      17.63       |      25.20      
   42356     |      15.72       |      22.19      
   42357     |      14.89       |      23.76      
   42358     |      10.24       |      12.15      
   42359     |       5.05       |      13.19      
   42360     |       7.73       |       6.42      
   42361     |       9.20       |       6.71      
   42362     |       8.31       |      17.30      
   42363     |      12.94       |      21.72      
   42364     |       8.57       |      14.21      
   42365     |      12.71       |      14.43      
   42366     |      18.87       |      13.41      
   42367     |      18.68       |      13.26      
   42368     |      13.56       |      13.13      
   42369     |      13.28       |       9.58      
   42370     |      26.63       |      17.80      
   42371     |      19.67       |      10.44      
   42372     |      27.13       |      17.53      
   42373     |      22.09       |      14.76      
   42374     |      28.00       |      19.56      
   42375     |      26.36       |      19.05      
   42376     |      28.56       |      20.82      
   42377     |      29.29       |      21.10      
   42378     |      21.65       |      15.26      
   42379     |      23.12       |      15.13      
   42380     |      19.56       |      12.54      
   42381     |      21.41       |      12.87      
   42382     |      21.40       |      12.88      
   42383     |      20.20       |      12.50      
   42384     |      14.66       |       9.48      
   42385     |      17.60       |      11.95      
   42386     |      17.26       |      11.80      
   42387     |      17.05       |      11.63      
   42388     |      20.61       |      13.61      
   42389     |      19.58       |      12.60      
   42390     |      25.11       |      16.89      
   42391     |      26.74       |      18.60      
   42392     |      31.53       |      22.88      
   42393     |      39.66       |      31.34      
   42394     |      32.96       |      25.43      
   42395     |      32.06       |      24.53      
   42396     |      33.47       |      25.73      
   42397     |      32.83       |      25.09      
   42398     |      28.66       |      21.69      
   42399     |      33.64       |      26.70      
   42400     |      25.92       |      21.35      
   42401     |      34.06       |      28.89      
   42402     |      40.43       |      33.75      
   42403     |      31.78       |      25.21      
   42404     |      52.28       |      43.57      
   42405     |      44.63       |      35.76      
   42406     |      62.40       |      53.13      
   42407     |      58.37       |      49.53      
   42408     |      43.16       |      35.20      
   42409     |      45.05       |      37.13      
   42410     |      27.44       |      23.54      
   42411     |      26.35       |      22.61      
   42412     |      29.98       |      24.55      
   42413     |      39.93       |      34.07      
   42414     |      56.94       |      48.87      
   42415     |      63.65       |      55.68      
   42417     |      56.65       |      47.96      
   42418     |      54.56       |      45.97      
   42419     |      56.15       |      47.61      
   42420     |      61.11       |      52.39      
   42421     |      62.60       |      53.93      
   42422     |      67.56       |      58.75      
   42423     |      58.18       |      49.17      
   42424     |      51.24       |      42.37      
   42425     |      47.76       |      38.80      
   42426     |      38.00       |      29.34      
   42427     |      30.60       |      21.61      
   42428     |      41.47       |      32.34      
   42429     |      44.32       |      35.26      
   42430     |      53.05       |      43.94      
   42431     |      47.72       |      38.57      
   42432     |      42.88       |      33.75      
   42433     |      44.10       |      34.99      
   42434     |      44.34       |      35.24      
   42435     |      52.36       |      43.42      
   42436     |      60.96       |      51.95      
   42437     |      58.77       |      49.74      
   42438     |      60.82       |      51.79      
   42439     |      67.93       |      59.02      
   42440     |      58.56       |      49.77      
   42441     |      60.90       |      52.19      
   42442     |      59.22       |      50.55      
   42443     |      53.92       |      45.11      
   42535     |      43.29       |      53.32      
   42536     |      42.18       |      52.13      
   42537     |      43.00       |      53.33      
   42538     |      37.46       |      47.54      
   42539     |      36.70       |      46.09      
   42540     |      29.69       |      38.14      
   42541     |      29.73       |      39.22      
   42542     |      37.47       |      47.54      
   42543     |      36.52       |      45.78      
   42544     |      45.00       |      54.89      
   42545     |      43.97       |      52.77      
   42546     |      36.16       |      43.71      
   42547     |      36.06       |      45.31      
   42548     |      30.04       |      38.48      
   42549     |      30.65       |      40.41      
   42550     |      30.32       |      40.04      
   42551     |      34.04       |      44.74      
   42552     |      29.66       |      40.29      
   42553     |      32.92       |      43.73      
   42554     |      26.12       |      36.92      
   42555     |      29.28       |      40.04      
   42556     |      23.66       |      34.40      
   42557     |      22.86       |      33.61      
   42558     |      11.37       |      22.10      
   42559     |       8.10       |      16.98      
   42560     |       7.16       |      15.30      
   42561     |       8.70       |      14.70      
   42562     |      23.93       |      34.22      
   42563     |      22.25       |      31.59      
   42564     |      31.38       |      41.42      
   42565     |      30.40       |      40.02      
   42566     |      32.92       |      42.70      
   42567     |      36.26       |      46.72      
   42568     |      36.72       |      47.17      
   42569     |      34.93       |      45.13      
   42570     |      19.67       |      28.80      
   42571     |      21.81       |      32.11      
   42572     |       7.48       |      14.49      
   42573     |      12.40       |      22.78      
   42574     |       8.08       |      18.32      
   42575     |       4.84       |      11.42      
   42576     |      10.68       |      20.73      
   42577     |      11.85       |      17.66      
   42578     |      16.06       |      24.67      
   42579     |      16.94       |      23.79      
   42580     |      16.36       |      22.71      
   42581     |      18.08       |      22.84      
   42582     |      18.04       |      22.71      
   42583     |      23.89       |      25.11      
   42584     |      24.18       |      27.78      
   42585     |      24.38       |      27.87      
   42586     |      24.75       |      28.87      
   42587     |      21.15       |      28.28      
   42588     |      23.74       |      31.70      
   42589     |      23.95       |      33.27      
   42590     |      29.57       |      39.27      
   42591     |      29.86       |      39.66      
   42592     |      34.06       |      43.99      
   42593     |      33.60       |      43.43      
   42594     |      34.74       |      44.60      
   42595     |      35.95       |      46.02      
   42596     |      31.14       |      41.07      
   42597     |      31.17       |      41.10      
   42598     |      24.75       |      34.38      
   42599     |      24.38       |      33.80      
   42600     |      19.22       |      27.98      
   42601     |      20.00       |      29.66      
   42602     |      10.62       |      18.08      
   42603     |      14.25       |      18.03      
   42604     |      17.85       |      25.65      
   42605     |      22.02       |      25.98      
   42606     |      28.44       |      36.10      
   42607     |      29.01       |      35.81      
   42608     |      28.61       |      35.24      
   42609     |      28.41       |      35.28      
   42610     |      25.97       |      31.63      
   42611     |      24.60       |      31.72      
   42612     |      21.07       |      22.23      
   42613     |      13.35       |      20.40      
   42614     |      15.14       |      12.49      
   42615     |       7.75       |       9.80      
   42616     |       9.12       |       8.43      
   42617     |       9.35       |       8.49      
   42618     |      11.83       |      21.00      
   42619     |       8.90       |      18.22      
   42620     |       5.12       |      12.19      
   42621     |       5.53       |      12.69      
   42622     |      13.92       |       6.56      
   42623     |      16.02       |       8.61      
   42624     |      11.83       |       7.37      
   42625     |      13.21       |       5.59      
   42626     |      25.33       |      15.80      
   42627     |      21.70       |      13.55      
   42628     |      20.89       |      12.93      
   42629     |      25.32       |      15.70      
   42630     |      22.05       |      12.55      
   42631     |      16.93       |      12.86      
   42632     |      28.93       |      20.60      
   42633     |      26.26       |      22.57      
   42634     |      30.41       |      24.84      
   42635     |      30.60       |      24.53      
   42636     |      28.95       |      23.45      
   42637     |      30.43       |      22.93      
   42638     |      20.89       |      16.89      
   42639     |      27.02       |      22.05      
   42640     |      20.53       |      20.91      
   42641     |      27.32       |      25.55      
   42642     |      26.92       |      25.50      
   42643     |      30.18       |      28.07      
   42644     |      32.41       |      28.98      
   42645     |      31.45       |      28.15      
   42646     |      38.05       |      32.31      
   42647     |      31.95       |      26.49      
   42648     |      36.08       |      29.53      
   42649     |      36.69       |      30.15      
   42650     |      38.52       |      31.62      
   42651     |      34.69       |      27.80      
   42652     |      34.41       |      27.59      
   42653     |      36.04       |      29.23      
   42654     |      32.21       |      26.31      
   42655     |      31.71       |      25.84      
   42656     |      35.08       |      28.37      
   42657     |      20.97       |      14.56      
   42658     |      41.26       |      32.24      
   42659     |      31.74       |      22.43      
   42660     |      49.10       |      39.67      
   42661     |      47.23       |      37.80      
   42662     |      38.92       |      29.52      
   42663     |      56.77       |      47.69      
   42664     |      39.58       |      31.20      
   42665     |      41.61       |      33.28      
   42666     |      34.45       |      26.85      
   42667     |      17.27       |       9.54      
   42668     |      23.56       |      14.76      
   42669     |      21.88       |      13.01      
   42670     |      39.10       |      29.79      
   42671     |      51.19       |      42.03      
   42672     |      62.48       |      53.21      
   42673     |      65.82       |      56.59      
   42674     |      53.02       |      43.97      
   42675     |      52.46       |      43.41      
   42676     |      53.16       |      44.10      
   42677     |      60.48       |      51.62      
   42678     |      62.07       |      53.18      
   42679     |      68.01       |      59.29      
   42680     |      55.93       |      47.64      
   42681     |      53.09       |      44.72      
   42682     |      49.91       |      41.71      
   42683     |      38.01       |      29.34      
   42684     |      44.99       |      36.13      
   42685     |      42.05       |      33.10      
   42686     |      51.85       |      42.78      
   42687     |      53.46       |      44.43      
   42688     |      53.69       |      44.67      
   42689     |      42.75       |      33.62      
   42690     |      52.82       |      43.72      
   42691     |      44.47       |      35.71      
   42692     |      51.71       |      42.94      
   42693     |      59.46       |      50.42      
   42694     |      47.38       |      38.34      
   42695     |      61.55       |      52.61      
   42696     |      56.11       |      47.23      
   42697     |      58.39       |      49.58      
   42698     |      57.38       |      48.59      
   42699     |      58.85       |      50.11      
   42792     |      39.07       |      48.85      
   42793     |      40.03       |      50.33      
   42794     |      40.84       |      51.16      
   42795     |      39.66       |      49.33      
   42796     |      31.45       |      40.25      
   42797     |      31.69       |      39.72      
   42798     |      36.99       |      45.85      
   42799     |      37.94       |      47.91      
   42800     |      40.19       |      50.27      
   42801     |      41.29       |      51.72      
   42802     |      32.97       |      43.05      
   42803     |      31.82       |      40.12      
   42804     |      35.56       |      44.42      
   42805     |      35.88       |      43.29      
   42806     |      29.30       |      34.14      
   42807     |      27.63       |      37.85      
   42808     |      16.98       |      26.26      
   42809     |      26.87       |      37.49      
   42810     |      25.33       |      35.93      
   42811     |      25.24       |      35.83      
   42812     |      32.06       |      42.70      
   42813     |      24.78       |      35.48      
   42814     |      16.35       |      26.93      
   42815     |      14.72       |      24.52      
   42816     |       8.82       |      16.53      
   42817     |       9.08       |      16.41      
   42818     |      26.58       |      36.97      
   42819     |      25.18       |      35.18      
   42820     |      32.41       |      42.69      
   42821     |      31.35       |      41.38      
   42822     |      31.08       |      41.09      
   42823     |      31.35       |      41.43      
   42824     |      30.88       |      40.92      
   42825     |      35.51       |      46.10      
   42826     |      14.08       |      24.23      
   42827     |      15.03       |      25.45      
   42828     |       9.13       |      19.21      
   42829     |      10.44       |      16.35      
   42830     |      17.26       |      26.67      
   42831     |      16.98       |      24.39      
   42832     |      19.78       |      28.14      
   42833     |      20.28       |      27.57      
   42834     |      24.73       |      33.32      
   42835     |      26.02       |      32.52      
   42836     |      26.46       |      33.16      
   42837     |      29.59       |      33.99      
   42838     |      30.66       |      35.94      
   42839     |      34.55       |      37.70      
   42840     |      34.32       |      37.05      
   42841     |      33.75       |      36.74      
   42842     |      33.19       |      33.51      
   42843     |      24.77       |      28.87      
   42844     |      25.31       |      30.01      
   42845     |      21.94       |      30.23      
   42846     |      31.83       |      41.32      
   42847     |      31.62       |      40.99      
   42848     |      37.56       |      47.24      
   42849     |      37.18       |      46.70      
   42850     |      35.89       |      45.33      
   42851     |      36.33       |      45.97      
   42852     |      33.41       |      42.86      
   42853     |      33.69       |      43.27      
   42854     |      30.75       |      40.13      
   42855     |      30.12       |      38.84      
   42856     |      24.73       |      32.44      
   42857     |      24.76       |      32.42      
   42858     |      19.70       |      23.82      
   42859     |      17.47       |      23.34      
   42860     |      18.60       |      25.36      
   42861     |      17.91       |      25.68      
   42862     |      23.96       |      32.96      
   42863     |      23.77       |      32.24      
   42864     |      25.68       |      34.41      
   42865     |      26.11       |      33.13      
   42866     |      22.15       |      25.33      
   42867     |      17.36       |      24.63      
   42868     |      20.32       |      15.71      
   42869     |       7.40       |       8.55      
   42870     |      12.92       |       6.65      
   42871     |      10.48       |       4.82      
   42872     |       7.39       |       6.17      
   42873     |       7.11       |       7.98      
   42874     |       9.02       |      18.29      
   42875     |      11.51       |      20.64      
   42876     |       7.02       |      13.50      
   42877     |       9.23       |      16.16      
   42878     |      15.55       |       9.65      
   42879     |      15.16       |      10.46      
   42880     |      16.04       |      10.71      
   42881     |      15.71       |      13.24      
   42882     |      23.77       |      16.59      
   42883     |      23.36       |      21.66      
   42884     |      33.57       |      26.91      
   42885     |      33.15       |      27.26      
   42886     |      25.98       |      23.60      
   42887     |      26.17       |      24.13      
   42888     |      28.11       |      24.68      
   42889     |      31.51       |      31.71      
   42890     |      38.91       |      34.39      
   42891     |      38.94       |      34.57      
   42892     |      41.21       |      36.08      
   42893     |      41.98       |      35.17      
   42894     |      29.45       |      27.40      
   42895     |      30.66       |      28.33      
   42896     |      28.04       |      28.90      
   42897     |      28.74       |      29.38      
   42898     |      30.53       |      29.17      
   42899     |      29.56       |      28.41      
   42900     |      31.59       |      28.99      
   42901     |      34.79       |      31.75      
   42902     |      37.16       |      33.06      
   42903     |      43.51       |      38.94      
   42904     |      42.48       |      38.26      
   42905     |      45.18       |      40.80      
   42906     |      46.52       |      41.76      
   42907     |      47.05       |      42.27      
   42908     |      50.29       |      44.74      
   42909     |      39.81       |      34.58      
   42910     |      40.85       |      35.35      
   42911     |      34.43       |      29.15      
   42912     |      37.50       |      31.41      
   42913     |      40.99       |      32.43      
   42914     |      42.86       |      34.21      
   42915     |      41.85       |      33.47      
   42916     |      53.12       |      44.22      
   42917     |      50.29       |      41.97      
   42918     |      45.74       |      37.75      
   42919     |      49.58       |      40.69      
   42920     |      39.62       |      31.24      
   42921     |      39.06       |      30.86      
   42922     |      34.18       |      26.49      
   42923     |      32.72       |      26.22      
   42924     |      31.10       |      25.01      
   42925     |      34.16       |      25.81      
   42926     |      46.40       |      37.46      
   42927     |      40.77       |      31.76      
   42928     |      62.30       |      53.00      
   42929     |      61.85       |      52.55      
   42930     |      56.89       |      47.61      
   42931     |      51.48       |      42.22      
   42932     |      46.94       |      37.68      
   42933     |      52.13       |      42.89      
   42934     |      52.10       |      42.86      
   42935     |      61.03       |      51.94      
   42936     |      47.72       |      38.87      
   42937     |      54.70       |      46.10      
   42938     |      48.34       |      39.98      
   42939     |      49.57       |      41.27      
   42940     |      54.06       |      45.58      
   42941     |      45.29       |      36.53      
   42942     |      58.66       |      49.67      
   42943     |      51.65       |      42.54      
   42944     |      54.97       |      45.86      
   42945     |      52.99       |      43.86      
   42946     |      59.43       |      50.32      
   42947     |      52.74       |      43.69      
   42948     |      48.45       |      39.40      
   42949     |      51.81       |      42.72      
   42950     |      39.89       |      30.81      
   42951     |      48.70       |      39.79      
   42952     |      52.49       |      43.55      
   42953     |      56.37       |      47.55      
   42954     |      55.29       |      46.49      
   42955     |      57.69       |      48.96      
   43048     |      36.82       |      46.92      
   43049     |      36.95       |      47.11      
   43050     |      44.80       |      55.25      
   43051     |      43.30       |      53.20      
   43052     |      34.15       |      43.32      
   43053     |      34.11       |      42.36      
   43054     |      31.43       |      39.14      
   43055     |      31.73       |      41.67      
   43056     |      32.29       |      42.25      
   43057     |      35.51       |      46.26      
   43058     |      39.80       |      50.58      
   43059     |      35.29       |      44.93      
   43060     |      41.61       |      51.63      
   43061     |      40.23       |      48.30      
   43062     |      28.69       |      31.44      
   43063     |      24.22       |      29.75      
   43064     |      22.63       |      23.11      
   43065     |      12.38       |      23.00      
   43066     |      20.47       |      31.20      
   43067     |      25.43       |      36.14      
   43068     |      33.78       |      44.49      
   43069     |      32.28       |      43.02      
   43070     |      17.43       |      28.17      
   43071     |      15.56       |      26.29      
   43072     |      13.79       |      24.49      
   43073     |      12.92       |      19.26      
   43074     |      35.72       |      46.03      
   43075     |      32.62       |      41.72      
   43076     |      31.24       |      40.16      
   43077     |      33.43       |      43.51      
   43078     |      24.46       |      33.93      
   43079     |      28.33       |      38.86      
   43080     |      26.62       |      37.12      
   43081     |      27.80       |      38.37      
   43082     |      20.65       |      31.13      
   43083     |      17.79       |      26.79      
   43084     |      21.06       |      30.57      
   43085     |      21.99       |      28.07      
   43086     |      24.37       |      31.70      
   43087     |      20.22       |      27.37      
   43088     |      23.27       |      31.65      
   43089     |      23.90       |      31.44      
   43090     |      31.07       |      40.12      
   43091     |      31.69       |      39.03      
   43092     |      30.90       |      37.96      
   43093     |      32.33       |      38.20      
   43094     |      32.51       |      38.47      
   43095     |      34.16       |      39.04      
   43096     |      32.51       |      35.77      
   43097     |      33.70       |      36.44      
   43098     |      34.68       |      32.35      
   43099     |      25.75       |      25.83      
   43100     |      25.47       |      26.65      
   43101     |      17.49       |      23.29      
   43102     |      29.35       |      38.59      
   43103     |      30.10       |      39.85      
   43104     |      35.09       |      45.05      
   43105     |      35.10       |      45.06      
   43106     |      36.46       |      46.44      
   43107     |      35.10       |      44.63      
   43108     |      33.42       |      42.83      
   43109     |      33.47       |      42.91      
   43110     |      36.71       |      46.32      
   43111     |      35.58       |      44.23      
   43112     |      28.46       |      35.55      
   43113     |      28.46       |      35.55      
   43114     |      25.50       |      23.63      
   43115     |      11.03       |      16.46      
   43116     |      11.12       |      14.11      
   43117     |       6.87       |      16.86      
   43118     |      14.46       |      24.60      
   43119     |      16.60       |      26.73      
   43120     |      19.04       |      29.14      
   43121     |      22.81       |      32.92      
   43122     |       3.36       |      11.03      
   43123     |       7.16       |      15.31      
   43124     |      14.36       |       7.56      
   43125     |      16.31       |       9.42      
   43126     |      15.07       |       8.86      
   43127     |      13.25       |       7.33      
   43128     |       8.03       |       8.89      
   43129     |       9.62       |      13.64      
   43130     |      22.15       |      31.74      
   43131     |      21.44       |      27.81      
   43132     |      20.03       |      25.05      
   43133     |      21.08       |      25.29      
   43134     |      23.44       |      21.28      
   43135     |      24.01       |      21.70      
   43136     |      23.35       |      21.71      
   43137     |      24.97       |      25.06      
   43138     |      26.27       |      24.78      
   43139     |      28.15       |      28.32      
   43140     |      36.44       |      31.18      
   43141     |      40.16       |      39.72      
   43142     |      40.94       |      39.85      
   43143     |      40.13       |      38.36      
   43144     |      37.75       |      37.96      
   43145     |      34.07       |      31.28      
   43146     |      37.83       |      33.29      
   43147     |      37.78       |      32.61      
   43148     |      43.31       |      36.75      
   43149     |      42.83       |      38.00      
   43150     |      35.96       |      34.29      
   43151     |      35.66       |      33.65      
   43152     |      32.65       |      32.77      
   43153     |      29.49       |      30.39      
   43154     |      30.96       |      30.14      
   43155     |      32.67       |      31.51      
   43156     |      34.64       |      32.11      
   43157     |      33.41       |      31.07      
   43158     |      33.65       |      31.17      
   43159     |      41.47       |      38.10      
   43160     |      40.85       |      37.72      
   43161     |      46.35       |      42.80      
   43162     |      53.42       |      48.02      
   43163     |      44.78       |      39.63      
   43164     |      54.09       |      47.30      
   43165     |      45.08       |      38.27      
   43166     |      44.27       |      37.58      
   43167     |      37.10       |      30.43      
   43168     |      45.07       |      37.37      
   43169     |      47.80       |      39.24      
   43170     |      42.57       |      34.35      
   43171     |      42.15       |      34.08      
   43172     |      49.40       |      40.89      
   43173     |      47.64       |      39.61      
   43174     |      52.70       |      44.37      
   43175     |      55.74       |      46.87      
   43176     |      39.37       |      31.23      
   43177     |      38.73       |      30.84      
   43178     |      31.22       |      24.30      
   43179     |      32.61       |      24.80      
   43180     |      35.37       |      27.33      
   43181     |      35.08       |      27.16      
   43182     |      48.91       |      40.30      
   43183     |      51.14       |      42.27      
   43184     |      64.13       |      55.22      
   43185     |      67.03       |      57.91      
   43186     |      60.00       |      50.95      
   43187     |      57.96       |      48.86      
   43188     |      54.96       |      45.90      
   43189     |      47.20       |      37.97      
   43190     |      42.60       |      33.40      
   43191     |      53.78       |      44.90      
   43192     |      48.07       |      39.32      
   43193     |      40.11       |      34.62      
   43194     |      53.10       |      46.05      
   43195     |      51.38       |      45.23      
   43196     |      59.92       |      52.98      
   43197     |      65.86       |      57.50      
   43198     |      61.51       |      53.30      
   43199     |      67.05       |      58.25      
   43200     |      57.37       |      48.70      
   43201     |      61.66       |      52.65      
   43202     |      58.20       |      49.23      
   43203     |      61.08       |      52.19      
   43204     |      50.01       |      41.30      
   43205     |      50.94       |      42.27      
   43206     |      45.57       |      37.04      
   43207     |      41.38       |      32.69      
   43208     |      52.96       |      44.10      
   43209     |      46.69       |      38.85      
   43210     |      57.93       |      49.65      
   43211     |      58.43       |      50.08      
   43304     |      35.70       |      46.17      
   43305     |      35.35       |      45.72      
   43306     |      41.66       |      52.21      
   43307     |      42.83       |      53.56      
   43308     |      27.42       |      37.70      
   43309     |      27.95       |      38.42      
   43310     |      20.00       |      29.98      
   43311     |      20.35       |      30.63      
   43312     |      34.18       |      44.89      
   43313     |      31.66       |      41.73      
   43314     |      41.97       |      52.42      
   43315     |      42.11       |      52.58      
   43316     |      38.89       |      49.26      
   43317     |      39.07       |      49.48      
   43318     |      18.72       |      27.05      
   43319     |      25.06       |      28.05      
   43320     |      26.42       |      23.89      
   43321     |      17.82       |      18.05      
   43322     |      17.68       |      22.38      
   43323     |      19.43       |      30.17      
   43324     |      22.25       |      32.98      
   43325     |      34.58       |      44.50      
   43326     |      20.60       |      29.41      
   43327     |      24.63       |      35.00      
   43328     |      24.75       |      35.11      
   43329     |      14.60       |      25.09      
   43330     |      33.43       |      44.11      
   43331     |      33.77       |      44.44      
   43332     |      26.18       |      36.79      
   43333     |      24.38       |      34.81      
   43334     |      23.38       |      33.77      
   43335     |      22.07       |      32.12      
   43336     |      27.73       |      37.99      
   43337     |      27.73       |      38.00      
   43338     |      21.42       |      31.37      
   43339     |      21.98       |      32.14      
   43340     |      19.29       |      29.28      
   43341     |      13.97       |      24.22      
   43342     |      19.50       |      29.94      
   43343     |      17.47       |      25.29      
   43344     |      25.35       |      34.84      
   43345     |      25.34       |      33.27      
   43346     |      29.39       |      38.17      
   43347     |      29.60       |      38.90      
   43348     |      30.34       |      39.69      
   43349     |      31.02       |      38.05      
   43350     |      30.22       |      36.95      
   43351     |      30.91       |      37.04      
   43352     |      27.10       |      28.90      
   43353     |      22.77       |      26.80      
   43354     |      26.71       |      22.22      
   43355     |      23.98       |      19.94      
   43356     |      21.11       |      20.44      
   43357     |      16.83       |      17.99      
   43358     |      24.38       |      33.05      
   43359     |      25.39       |      35.29      
   43360     |      33.31       |      43.45      
   43361     |      33.39       |      43.53      
   43362     |      35.75       |      45.92      
   43363     |      35.26       |      45.36      
   43364     |      29.26       |      39.17      
   43365     |      29.45       |      39.40      
   43366     |      32.86       |      42.89      
   43367     |      33.01       |      43.07      
   43368     |      23.48       |      33.15      
   43369     |      22.82       |      30.86      
   43370     |      20.64       |      18.07      
   43371     |      21.21       |      18.51      
   43372     |      20.47       |      18.56      
   43373     |      10.82       |      13.81      
   43374     |      13.42       |      21.63      
   43375     |      15.13       |      25.14      
   43376     |      23.06       |      33.16      
   43377     |      16.34       |      26.38      
   43378     |       3.37       |      13.33      
   43379     |      13.42       |      23.06      
   43380     |      14.47       |       7.76      
   43381     |      14.08       |      14.30      
   43382     |      15.25       |      13.72      
   43383     |      21.51       |      18.01      
   43384     |      17.98       |      23.66      
   43385     |      22.76       |      25.08      
   43386     |      30.37       |      38.46      
   43387     |      30.40       |      38.30      
   43388     |      29.23       |      36.84      
   43389     |      35.00       |      38.33      
   43390     |      34.69       |      36.47      
   43391     |      43.72       |      42.86      
   43392     |      43.63       |      42.87      
   43393     |      40.00       |      40.18      
   43394     |      39.74       |      40.33      
   43395     |      41.13       |      41.35      
   43396     |      41.72       |      41.30      
   43397     |      40.71       |      39.68      
   43398     |      41.63       |      39.94      
   43399     |      39.81       |      36.00      
   43400     |      37.19       |      34.67      
   43401     |      37.70       |      30.15      
   43402     |      31.94       |      25.58      
   43403     |      33.04       |      25.48      
   43404     |      31.29       |      24.07      
   43405     |      30.45       |      27.74      
   43406     |      30.29       |      27.69      
   43407     |      30.36       |      27.87      
   43408     |      27.99       |      27.33      
   43409     |      26.41       |      26.17      
   43410     |      25.08       |      26.87      
   43411     |      33.61       |      32.98      
   43412     |      33.32       |      32.97      
   43413     |      41.33       |      39.58      
   43414     |      42.46       |      40.10      
   43415     |      38.65       |      36.80      
   43416     |      47.79       |      42.64      
   43417     |      33.87       |      29.36      
   43418     |      52.78       |      44.94      
   43419     |      42.75       |      34.67      
   43420     |      45.69       |      37.39      
   43421     |      48.66       |      40.46      
   43422     |      41.69       |      34.10      
   43423     |      41.01       |      33.42      
   43424     |      49.16       |      40.90      
   43425     |      47.08       |      39.56      
   43426     |      45.42       |      38.08      
   43427     |      48.40       |      40.00      
   43428     |      46.55       |      38.27      
   43429     |      44.25       |      36.81      
   43430     |      58.68       |      50.30      
   43431     |      55.70       |      48.15      
   43432     |      45.09       |      38.63      
   43433     |      50.68       |      42.12      
   43434     |      34.00       |      26.59      
   43435     |      41.20       |      32.05      
   43436     |      31.65       |      22.71      
   43437     |      32.81       |      23.72      
   43438     |      49.25       |      40.06      
   43439     |      48.69       |      39.52      
   43440     |      66.52       |      57.31      
   43441     |      57.97       |      49.52      
   43442     |      62.20       |      53.67      
   43443     |      63.03       |      54.39      
   43444     |      57.36       |      48.87      
   43445     |      61.55       |      52.58      
   43446     |      44.33       |      35.67      
   43447     |      37.93       |      31.84      
   43448     |      37.99       |      31.91      
   43449     |      37.98       |      35.95      
   43450     |      54.46       |      49.01      
   43451     |      54.55       |      49.02      
   43456     |      65.78       |      57.67      
   43458     |      61.06       |      52.73      
   43459     |      60.94       |      52.63      
   43460     |      52.74       |      44.73      
   43461     |      54.33       |      46.00      
   43462     |      47.31       |      39.26      
   43463     |      49.13       |      40.71      
   43464     |      45.09       |      36.82      
   43465     |      45.38       |      37.05      
   43466     |      57.31       |      48.70      
   43467     |      56.04       |      47.59      
   43560     |      30.00       |      40.79      
   43561     |      32.44       |      43.41      
   43562     |      31.77       |      42.73      
   43563     |      37.39       |      48.27      
   43564     |      25.44       |      36.29      
   43565     |      23.42       |      34.36      
   43566     |      24.56       |      35.48      
   43567     |      18.93       |      29.19      
   43568     |      33.09       |      43.79      
   43569     |      33.74       |      44.51      
   43570     |      33.06       |      43.80      
   43571     |      38.00       |      48.88      
   43572     |      35.33       |      46.20      
   43573     |      34.62       |      45.50      
   43574     |      21.83       |      32.68      
   43575     |      17.66       |      26.26      
   43576     |      15.82       |      13.71      
   43577     |      21.66       |      18.02      
   43578     |      19.62       |      18.44      
   43579     |       7.40       |      14.54      
   43580     |      15.87       |      26.07      
   43581     |      22.22       |      32.90      
   43582     |      24.34       |      35.02      
   43583     |      22.63       |      33.18      
   43584     |      24.47       |      35.02      
   43585     |      20.91       |      30.87      
   43586     |      33.59       |      43.87      
   43587     |      28.50       |      37.47      
   43588     |      28.27       |      37.20      
   43589     |      33.58       |      43.83      
   43590     |      22.41       |      32.38      
   43591     |      29.39       |      40.01      
   43592     |      25.25       |      35.86      
   43593     |      26.06       |      36.67      
   43594     |      18.32       |      28.93      
   43595     |      18.63       |      29.23      
   43596     |      12.70       |      23.29      
   43597     |       7.70       |      17.49      
   43598     |      18.79       |      28.95      
   43599     |      25.65       |      36.19      
   43600     |      27.16       |      37.69      
   43601     |      22.30       |      32.42      
   43602     |      30.42       |      40.77      
   43603     |      27.44       |      36.58      
   43604     |      40.59       |      50.60      
   43605     |      38.95       |      46.96      
   43606     |      30.18       |      35.06      
   43607     |      27.34       |      34.49      
   43608     |      24.95       |      22.71      
   43609     |      13.95       |      16.38      
   43610     |      18.91       |      14.01      
   43611     |      23.39       |      17.92      
   43612     |      17.31       |      18.51      
   43613     |      21.81       |      21.19      
   43614     |      25.69       |      33.15      
   43615     |      25.03       |      33.56      
   43616     |      35.72       |      45.35      
   43617     |      36.08       |      45.87      
   43618     |      39.08       |      48.96      
   43619     |      38.83       |      48.65      
   43620     |      30.23       |      39.53      
   43621     |      30.85       |      40.52      
   43622     |      30.22       |      39.84      
   43623     |      32.28       |      42.37      
   43624     |      26.28       |      36.19      
   43625     |      24.98       |      34.35      
   43626     |      14.51       |      16.49      
   43627     |      24.34       |      22.43      
   43628     |      24.91       |      22.46      
   43629     |      21.86       |      20.18      
   43630     |      19.58       |      22.79      
   43631     |      14.50       |      22.39      
   43632     |      20.61       |      29.85      
   43633     |      20.61       |      29.86      
   43634     |      21.46       |      30.78      
   43635     |      21.06       |      28.63      
   43636     |      18.01       |      23.51      
   43637     |      26.94       |      27.39      
   43638     |      26.69       |      27.75      
   43639     |      30.93       |      30.52      
   43640     |      30.10       |      32.79      
   43641     |      27.29       |      31.51      
   43642     |      28.05       |      33.15      
   43643     |      26.03       |      34.93      
   43644     |      31.33       |      40.64      
   43645     |      30.52       |      37.90      
   43646     |      29.94       |      37.13      
   43647     |      39.95       |      41.56      
   43648     |      40.32       |      40.54      
   43649     |      44.19       |      43.43      
   43650     |      48.35       |      44.59      
   43651     |      27.81       |      28.35      
   43652     |      29.42       |      27.88      
   43653     |      28.69       |      21.49      
   43654     |      25.91       |      19.50      
   43655     |      25.65       |      19.83      
   43656     |      35.64       |      27.56      
   43657     |      35.13       |      27.36      
   43658     |      33.40       |      25.92      
   43659     |      33.51       |      25.95      
   43660     |      24.53       |      19.53      
   43661     |      21.42       |      16.84      
   43662     |      21.43       |      16.84      
   43663     |      20.65       |      16.19      
   43664     |      17.35       |      15.46      
   43665     |      17.83       |      15.80      
   43666     |      15.02       |      17.32      
   43667     |      15.70       |      17.62      
   43668     |      15.69       |      17.62      
   43669     |      24.36       |      23.16      
   43670     |      30.90       |      25.95      
   43671     |      28.82       |      24.02      
   43672     |      44.97       |      37.04      
   43673     |      36.81       |      28.60      
   43674     |      51.32       |      42.35      
   43675     |      48.16       |      39.10      
   43676     |      40.79       |      31.99      
   43677     |      44.56       |      35.91      
   43678     |      35.36       |      27.37      
   43679     |      41.01       |      33.21      
   43680     |      44.76       |      36.65      
   43681     |      43.51       |      35.89      
   43682     |      49.80       |      41.70      
   43683     |      46.90       |      40.06      
   43684     |      47.08       |      40.24      
   43685     |      47.14       |      40.26      
   43686     |      55.44       |      47.83      
   43687     |      54.63       |      47.32      
   43688     |      56.47       |      49.03      
   43689     |      59.35       |      51.11      
   43690     |      48.12       |      40.52      
   43691     |      51.26       |      42.84      
   43692     |      37.37       |      29.68      
   43693     |      47.25       |      37.99      
   43694     |      48.10       |      38.85      
   43695     |      45.71       |      36.58      
   43696     |      54.82       |      45.66      
   43697     |      48.66       |      40.12      
   43698     |      62.38       |      53.58      
   43699     |      63.11       |      54.25      
   43700     |      62.23       |      53.39      
   43701     |      57.02       |      48.99      
   43702     |      36.53       |      29.99      
   43703     |      35.20       |      30.42      
   43704     |      30.35       |      26.92      
   43705     |      30.30       |      26.38      
   43706     |      48.68       |      41.69      
   43707     |      50.09       |      42.55      
   43714     |      63.37       |      55.63      
   43715     |      67.89       |      59.37      
   43716     |      55.02       |      46.86      
   43717     |      57.26       |      48.74      
   43718     |      49.62       |      41.31      
   43719     |      48.74       |      40.62      
   43720     |      46.60       |      38.59      
   43721     |      52.82       |      43.96      
   43722     |      54.13       |      45.27      
   43723     |      52.16       |      43.46      
   43816     |      22.59       |      32.98      
   43817     |      28.10       |      39.09      
   43818     |      23.59       |      34.57      
   43819     |      31.00       |      41.58      
   43820     |      29.36       |      39.89      
   43821     |      25.45       |      36.25      
   43822     |      32.40       |      43.21      
   43823     |      25.62       |      36.47      
   43824     |      26.13       |      36.97      
   43825     |      30.88       |      41.75      
   43826     |      23.13       |      33.99      
   43827     |      31.53       |      41.85      
   43828     |      35.18       |      45.56      
   43829     |      32.20       |      42.04      
   43830     |      27.21       |      36.73      
   43831     |      22.47       |      32.38      
   43832     |       9.04       |      13.50      
   43833     |       9.90       |       2.59      
   43834     |       7.60       |       4.11      
   43835     |      10.34       |       4.84      
   43836     |      10.13       |      20.51      
   43837     |      13.53       |      24.26      
   43838     |      13.53       |      24.25      
   43839     |      23.87       |      33.72      
   43840     |      21.48       |      31.18      
   43841     |      20.57       |      29.73      
   43842     |      26.87       |      36.51      
   43843     |      28.23       |      38.22      
   43844     |      33.82       |      43.96      
   43845     |      31.48       |      41.17      
   43846     |      30.96       |      40.60      
   43847     |      33.88       |      44.04      
   43848     |      26.72       |      36.71      
   43849     |      28.08       |      38.28      
   43850     |      19.18       |      29.18      
   43851     |      19.79       |      29.91      
   43852     |       7.96       |      17.57      
   43853     |      14.59       |      25.14      
   43854     |      25.68       |      36.24      
   43855     |      31.05       |      41.56      
   43856     |      33.13       |      43.63      
   43857     |      30.06       |      40.25      
   43858     |      33.18       |      43.44      
   43859     |      32.22       |      42.29      
   43860     |      33.93       |      44.04      
   43861     |      36.75       |      47.18      
   43862     |      10.68       |      19.75      
   43863     |      10.73       |      19.45      
   43864     |       9.78       |       9.60      
   43865     |      18.03       |      14.25      
   43866     |      15.97       |      14.56      
   43867     |      23.38       |      19.83      
   43868     |      19.94       |      23.07      
   43869     |      24.14       |      25.28      
   43870     |      29.71       |      37.11      
   43871     |      30.48       |      37.15      
   43872     |      40.87       |      49.65      
   43873     |      40.91       |      49.78      
   43874     |      40.03       |      48.80      
   43875     |      41.03       |      50.66      
   43876     |      35.23       |      44.45      
   43877     |      34.81       |      43.36      
   43878     |      32.53       |      40.72      
   43879     |      32.89       |      42.07      
   43880     |      24.51       |      32.29      
   43881     |      26.14       |      36.06      
   43882     |      10.56       |      15.71      
   43883     |      14.72       |      16.67      
   43884     |      16.76       |      15.15      
   43885     |      21.98       |      18.91      
   43886     |      18.16       |      21.29      
   43887     |      17.80       |      21.16      
   43888     |      28.25       |      37.26      
   43889     |      28.15       |      35.78      
   43890     |      31.92       |      40.34      
   43891     |      32.30       |      39.45      
   43892     |      28.12       |      33.06      
   43893     |      29.90       |      33.74      
   43894     |      29.55       |      32.54      
   43895     |      34.63       |      35.54      
   43896     |      34.51       |      36.18      
   43897     |      32.48       |      35.00      
   43898     |      32.77       |      33.11      
   43899     |      22.18       |      28.19      
   43900     |      24.10       |      31.12      
   43901     |      27.56       |      37.42      
   43902     |      22.75       |      32.52      
   43903     |      20.44       |      29.52      
   43904     |      12.69       |      12.39      
   43905     |      12.51       |      11.60      
   43906     |      25.56       |      17.29      
   43907     |      26.79       |      17.88      
   43908     |      24.76       |      16.09      
   43909     |      22.07       |      18.15      
   43910     |      25.76       |      19.95      
   43911     |      25.93       |      23.03      
   43912     |      37.63       |      30.48      
   43913     |      36.51       |      31.82      
   43914     |      40.51       |      34.63      
   43915     |      40.34       |      35.95      
   43916     |      36.63       |      33.89      
   43917     |      36.00       |      31.44      
   43918     |      38.75       |      33.32      
   43919     |      23.26       |      19.22      
   43920     |      20.85       |      18.56      
   43921     |      18.65       |      16.99      
   43922     |      16.67       |      17.76      
   43923     |      14.49       |      16.79      
   43924     |      27.07       |      20.09      
   43925     |       4.60       |       6.06      
   43926     |      24.32       |      14.74      
   43927     |      22.46       |      13.06      
   43928     |      30.37       |      20.88      
   43929     |      40.53       |      31.09      
   43930     |      42.27       |      32.83      
   43931     |      50.57       |      41.41      
   43932     |      34.05       |      25.51      
   43933     |      42.70       |      34.52      
   43934     |      35.62       |      28.14      
   43935     |      36.94       |      29.50      
   43936     |      42.26       |      34.29      
   43937     |      43.88       |      35.39      
   43938     |      40.89       |      32.59      
   43939     |      37.79       |      30.99      
   43940     |      44.30       |      36.77      
   43941     |      43.41       |      36.34      
   43942     |      52.24       |      44.44      
   43943     |      51.27       |      43.81      
   43944     |      60.56       |      52.53      
   43945     |      59.75       |      51.93      
   43946     |      55.45       |      47.89      
   43947     |      59.10       |      50.68      
   43948     |      52.60       |      44.41      
   43949     |      57.50       |      48.59      
   43950     |      47.54       |      38.81      
   43951     |      49.89       |      40.90      
   43952     |      47.14       |      38.20      
   43953     |      51.76       |      42.53      
   43954     |      61.04       |      51.81      
   43955     |      55.94       |      46.98      
   43956     |      53.31       |      44.38      
   43957     |      42.26       |      36.93      
   43958     |      37.06       |      32.70      
   43959     |      37.33       |      35.14      
   43960     |      37.93       |      35.55      
   43961     |      38.61       |      32.51      
   43962     |      51.12       |      43.84      
   43963     |      51.12       |      43.85      
   43965     |      65.78       |      58.74      
   43972     |      59.08       |      50.99      
   43973     |      57.89       |      50.06      
   43974     |      51.13       |      43.63      
   43975     |      52.15       |      44.35      
   43976     |      56.59       |      48.62      
   43977     |      61.58       |      52.90      
   43978     |      52.93       |      44.40      
   43979     |      51.15       |      42.89      
   44072     |      20.91       |      31.41      
   44073     |      21.42       |      32.08      
   44074     |      21.56       |      32.21      
   44075     |      24.03       |      34.98      
   44076     |      25.47       |      36.40      
   44077     |      29.17       |      40.07      
   44078     |      29.82       |      40.70      
   44079     |      32.40       |      43.16      
   44080     |      28.01       |      38.73      
   44081     |      25.07       |      35.93      
   44082     |      22.22       |      33.06      
   44083     |      23.08       |      33.88      
   44084     |      30.76       |      41.55      
   44085     |      25.50       |      35.79      
   44086     |      22.71       |      32.90      
   44087     |      26.50       |      36.36      
   44088     |      12.88       |      20.66      
   44089     |       2.78       |      11.29      
   44090     |       4.42       |       7.52      
   44091     |       7.59       |       4.06      
   44092     |       1.87       |      12.14      
   44093     |      10.64       |      19.96      
   44094     |      11.48       |      20.94      
   44095     |      16.57       |      25.47      
   44096     |      20.13       |      29.50      
   44097     |      21.55       |      31.56      
   44098     |      27.83       |      38.01      
   44099     |      31.44       |      41.98      
   44100     |      29.88       |      40.41      
   44101     |      28.42       |      38.84      
   44102     |      33.41       |      43.84      
   44103     |      33.88       |      44.33      
   44104     |      27.79       |      38.22      
   44105     |      28.24       |      38.69      
   44106     |      19.42       |      29.82      
   44107     |      22.65       |      33.22      
   44108     |      14.33       |      24.90      
   44109     |      31.74       |      41.74      
   44110     |      35.28       |      45.40      
   44111     |      34.30       |      44.18      
   44112     |      30.43       |      40.07      
   44113     |      33.97       |      44.38      
   44114     |      26.04       |      36.29      
   44115     |      30.53       |      41.04      
   44116     |      29.21       |      39.70      
   44117     |      30.11       |      40.58      
   44118     |      15.19       |      25.66      
   44119     |      11.99       |      20.59      
   44120     |       9.57       |      15.71      
   44121     |      17.52       |      17.87      
   44122     |      16.78       |      20.49      
   44123     |      25.76       |      25.27      
   44124     |      25.10       |      28.88      
   44125     |      27.57       |      30.14      
   44126     |      30.36       |      36.25      
   44127     |      28.54       |      36.11      
   44128     |      36.08       |      44.97      
   44129     |      36.58       |      45.99      
   44130     |      34.48       |      43.71      
   44131     |      34.91       |      44.42      
   44132     |      33.75       |      43.17      
   44133     |      33.78       |      43.22      
   44134     |      28.60       |      37.54      
   44135     |      28.55       |      37.39      
   44136     |      19.10       |      24.23      
   44137     |      16.76       |      26.28      
   44138     |       9.81       |      16.93      
   44139     |      11.87       |      16.71      
   44140     |      13.32       |      13.32      
   44141     |      16.90       |      15.29      
   44142     |      15.23       |      21.43      
   44143     |      19.39       |      22.38      
   44144     |      32.29       |      41.42      
   44145     |      31.81       |      40.13      
   44146     |      31.19       |      39.38      
   44147     |      31.26       |      39.78      
   44148     |      22.57       |      28.00      
   44149     |      22.14       |      27.96      
   44150     |      21.41       |      26.44      
   44151     |      23.56       |      27.08      
   44152     |      23.64       |      27.39      
   44153     |      26.89       |      28.87      
   44154     |      27.76       |      27.39      
   44155     |      25.92       |      26.22      
   44156     |      25.38       |      28.22      
   44157     |      19.87       |      27.79      
   44158     |      16.18       |      22.08      
   44159     |      21.23       |      31.16      
   44160     |       6.42       |       4.06      
   44161     |       5.61       |      10.54      
   44162     |      25.86       |      16.55      
   44163     |      22.18       |      20.93      
   44164     |      24.87       |      21.44      
   44165     |      28.24       |      28.63      
   44166     |      31.20       |      28.83      
   44167     |      31.46       |      29.40      
   44168     |      36.79       |      32.14      
   44169     |      36.80       |      31.97      
   44170     |      37.23       |      32.28      
   44171     |      37.76       |      31.59      
   44172     |      33.70       |      28.66      
   44173     |      37.47       |      29.11      
   44174     |      31.29       |      23.69      
   44175     |      31.63       |      23.83      
   44176     |      19.24       |      15.54      
   44177     |      17.10       |      13.90      
   44178     |      20.07       |      14.89      
   44179     |       6.04       |       6.72      
   44180     |      30.89       |      21.49      
   44181     |      22.99       |      13.40      
   44182     |      25.76       |      16.18      
   44183     |      24.46       |      14.95      
   44184     |      22.15       |      12.71      
   44185     |      30.24       |      20.86      
   44186     |      30.13       |      20.76      
   44187     |      44.53       |      35.87      
   44188     |      29.27       |      21.94      
   44189     |      37.85       |      30.72      
   44190     |      37.02       |      30.03      
   44191     |      36.47       |      29.88      
   44192     |      46.89       |      39.12      
   44193     |      44.77       |      38.13      
   44194     |      41.00       |      34.96      
   44195     |      40.39       |      35.54      
   44196     |      47.76       |      41.62      
   44197     |      47.31       |      41.62      
   44198     |      55.43       |      48.77      
   44199     |      58.97       |      51.00      
   44200     |      59.11       |      51.15      
   44201     |      61.96       |      53.43      
   44202     |      59.09       |      50.65      
   44203     |      61.46       |      52.68      
   44204     |      58.66       |      49.95      
   44205     |      62.49       |      53.42      
   44206     |      50.23       |      41.31      
   44207     |      55.45       |      46.21      
   44208     |      51.83       |      42.61      
   44209     |      51.14       |      41.95      
   44210     |      54.77       |      45.59      
   44211     |      43.04       |      35.60      
   44212     |      36.60       |      29.70      
   44213     |      34.36       |      30.33      
   44214     |      31.44       |      28.24      
   44215     |      31.46       |      27.54      
   44216     |      40.39       |      34.81      
   44217     |      39.88       |      35.06      
   44218     |      54.22       |      47.70      
   44219     |      54.01       |      47.60      
   44220     |      65.44       |      58.31      
   44221     |      67.57       |      59.87      
   44228     |      57.03       |      48.97      
   44229     |      58.81       |      50.44      
   44230     |      50.91       |      42.77      
   44231     |      56.38       |      47.57      
   44232     |      60.89       |      52.06      
   44233     |      53.82       |      45.87      
   44234     |      52.57       |      44.68      
   44329     |      21.04       |      31.49      
   44330     |      19.33       |      29.66      
   44331     |      20.86       |      31.67      
   44332     |      20.05       |      30.82      
   44333     |      24.88       |      35.79      
   44334     |      30.55       |      41.45      
   44335     |      29.89       |      40.80      
   44336     |      29.50       |      40.39      
   44337     |      28.21       |      39.12      
   44338     |      22.35       |      33.24      
   44339     |      22.42       |      33.30      
   44340     |      27.30       |      38.16      
   44341     |      25.43       |      36.27      
   44342     |      27.69       |      38.52      
   44343     |      24.17       |      34.65      
   44344     |      15.72       |      25.60      
   44345     |      15.78       |      24.08      
   44346     |      14.40       |      13.80      
   44347     |       8.76       |      11.99      
   44348     |       9.30       |      11.03      
   44349     |       2.58       |      12.35      
   44350     |       9.90       |      20.57      
   44351     |      10.09       |      20.78      
   44352     |      20.59       |      31.31      
   44353     |      22.39       |      33.07      
   44354     |      31.61       |      42.29      
   44355     |      30.54       |      41.22      
   44356     |      28.38       |      39.04      
   44357     |      29.69       |      40.34      
   44358     |      34.06       |      44.70      
   44359     |      27.41       |      37.92      
   44360     |      28.20       |      38.69      
   44361     |      31.81       |      42.41      
   44362     |      22.72       |      33.31      
   44363     |      31.40       |      41.83      
   44364     |      33.84       |      44.29      
   44365     |      31.27       |      41.36      
   44366     |      33.23       |      43.37      
   44367     |      34.22       |      44.52      
   44368     |      21.22       |      30.93      
   44369     |      25.53       |      36.04      
   44370     |      27.76       |      38.26      
   44371     |      25.31       |      35.67      
   44372     |      34.74       |      45.18      
   44373     |      32.01       |      42.19      
   44374     |      20.52       |      30.04      
   44375     |      20.33       |      29.61      
   44376     |      14.85       |      22.68      
   44377     |      18.52       |      22.74      
   44378     |      19.90       |      26.13      
   44379     |      25.04       |      27.93      
   44380     |      25.10       |      28.27      
   44381     |      23.81       |      27.69      
   44382     |      25.18       |      30.76      
   44383     |      23.67       |      30.60      
   44384     |      26.43       |      34.30      
   44385     |      28.41       |      38.48      
   44386     |      28.33       |      38.38      
   44387     |      28.67       |      38.77      
   44388     |      32.58       |      42.74      
   44389     |      30.80       |      40.66      
   44390     |      30.27       |      40.09      
   44391     |      28.80       |      37.69      
   44392     |      18.67       |      22.99      
   44393     |      17.23       |      22.65      
   44394     |      16.99       |      18.64      
   44395     |      10.54       |      17.40      
   44396     |      10.98       |      12.17      
   44397     |      12.98       |      12.93      
   44398     |      13.08       |      20.63      
   44399     |      13.81       |      20.35      
   44400     |      27.89       |      37.55      
   44401     |      28.46       |      38.25      
   44402     |      23.64       |      33.20      
   44403     |      23.87       |      33.49      
   44404     |      14.53       |      22.90      
   44405     |      15.03       |      22.07      
   44406     |      17.05       |      25.05      
   44407     |      18.74       |      24.23      
   44408     |      18.44       |      23.46      
   44409     |      19.25       |      23.59      
   44410     |      20.03       |      19.89      
   44411     |      21.18       |      20.57      
   44412     |      20.47       |      21.10      
   44413     |      14.98       |      19.11      
   44414     |      15.82       |      21.79      
   44415     |       9.20       |      12.82      
   44416     |       9.19       |      12.88      
   44417     |      11.29       |      16.17      
   44418     |      14.17       |      12.06      
   44419     |      18.31       |      21.19      
   44420     |      19.10       |      19.61      
   44421     |      18.89       |      19.18      
   44422     |      22.23       |      19.08      
   44423     |      23.92       |      16.09      
   44424     |      25.42       |      17.34      
   44425     |      26.19       |      17.69      
   44426     |      29.57       |      20.77      
   44427     |      34.41       |      24.81      
   44428     |      36.73       |      27.13      
   44429     |      33.66       |      23.98      
   44430     |      14.37       |       5.17      
   44431     |      30.79       |      22.64      
   44432     |      20.13       |      14.73      
   44433     |      16.41       |      11.53      
   44434     |      27.61       |      19.34      
   44435     |      15.40       |       6.08      
   44436     |      29.94       |      20.37      
   44437     |      30.69       |      21.17      
   44438     |      23.93       |      14.48      
   44439     |      25.80       |      16.49      
   44440     |      16.68       |       7.90      
   44441     |      23.19       |      15.06      
   44442     |      20.82       |      13.09      
   44443     |      34.79       |      27.56      
   44444     |      26.60       |      21.19      
   44445     |      34.09       |      28.44      
   44446     |      37.39       |      31.05      
   44447     |      36.99       |      31.10      
   44448     |      43.59       |      36.65      
   44449     |      42.44       |      36.54      
   44450     |      38.83       |      33.66      
   44451     |      38.66       |      34.29      
   44452     |      46.41       |      40.53      
   44453     |      48.68       |      41.28      
   44454     |      58.85       |      50.85      
   44455     |      63.12       |      54.34      
   44456     |      61.00       |      52.27      
   44457     |      63.24       |      54.27      
   44458     |      60.68       |      51.76      
   44459     |      60.87       |      51.93      
   44460     |      63.28       |      54.32      
   44461     |      61.96       |      53.14      
   44462     |      58.41       |      49.66      
   44463     |      59.04       |      50.22      
   44464     |      53.48       |      44.76      
   44465     |      49.94       |      41.84      
   44466     |      42.18       |      34.46      
   44467     |      38.92       |      32.90      
   44468     |      31.81       |      27.11      
   44469     |      33.34       |      26.75      
   44470     |      26.72       |      21.25      
   44471     |      29.56       |      21.89      
   44472     |      31.19       |      23.43      
   44473     |      29.58       |      22.67      
   44474     |      47.79       |      39.72      
   44475     |      50.70       |      42.14      
   44476     |      62.95       |      54.22      
   44477     |      66.40       |      57.43      
   44484     |      62.19       |      54.64      
   44485     |      63.31       |      55.50      
   44486     |      61.04       |      53.33      
   44487     |      60.41       |      52.84      
   44488     |      56.09       |      48.73      
   44489     |      53.83       |      47.26      
   44585     |      18.56       |      29.48      
   44586     |      21.23       |      32.13      
   44587     |      17.08       |      28.00      
   44588     |      23.70       |      34.63      
   44589     |      20.89       |      31.44      
   44590     |      27.70       |      38.42      
   44591     |      31.00       |      41.92      
   44592     |      25.11       |      36.00      
   44593     |      29.44       |      40.27      
   44594     |      26.16       |      36.97      
   44595     |      22.47       |      33.35      
   44596     |      35.47       |      46.34      
   44597     |      29.53       |      40.00      
   44598     |      27.75       |      38.14      
   44599     |      28.89       |      39.50      
   44600     |      15.93       |      25.85      
   44601     |      15.86       |      25.68      
   44602     |      10.86       |      10.59      
   44603     |      12.24       |      11.18      
   44604     |      11.38       |      11.84      
   44605     |       9.63       |      11.33      
   44606     |      12.29       |      21.41      
   44607     |      12.38       |      22.16      
   44608     |      23.32       |      33.77      
   44609     |      23.85       |      34.26      
   44610     |      31.46       |      42.00      
   44611     |      30.05       |      40.63      
   44612     |      30.22       |      40.79      
   44613     |      28.98       |      39.57      
   44614     |      28.02       |      38.59      
   44615     |      25.98       |      36.58      
   44616     |      32.12       |      42.73      
   44617     |      30.68       |      41.29      
   44618     |      30.29       |      40.89      
   44619     |      28.03       |      38.61      
   44620     |      32.44       |      43.00      
   44621     |      29.32       |      39.78      
   44622     |      29.93       |      40.37      
   44623     |      31.61       |      42.10      
   44624     |      17.46       |      27.97      
   44625     |      20.09       |      30.61      
   44626     |      36.31       |      46.80      
   44627     |      29.80       |      40.01      
   44628     |      36.53       |      46.86      
   44629     |      36.07       |      46.36      
   44630     |      22.46       |      32.22      
   44631     |      21.84       |      31.03      
   44632     |      17.90       |      26.28      
   44633     |      18.84       |      25.65      
   44634     |      20.42       |      28.01      
   44635     |      22.05       |      27.87      
   44636     |      23.37       |      30.04      
   44637     |      29.15       |      31.98      
   44638     |      29.37       |      32.66      
   44639     |      25.74       |      31.22      
   44640     |      25.51       |      30.77      
   44641     |      22.68       |      31.26      
   44642     |      24.11       |      32.93      
   44643     |      27.23       |      37.42      
   44644     |      30.98       |      41.19      
   44645     |      31.57       |      41.81      
   44646     |      33.02       |      43.25      
   44647     |      29.87       |      39.74      
   44648     |      13.27       |      19.97      
   44649     |      15.17       |      20.02      
   44650     |      16.64       |      15.85      
   44651     |      11.90       |      13.70      
   44652     |      11.37       |      16.69      
   44653     |      17.34       |      18.46      
   44654     |      17.51       |      23.17      
   44655     |      16.57       |      23.16      
   44656     |      21.07       |      29.52      
   44657     |      25.25       |      35.33      
   44658     |      21.27       |      31.29      
   44659     |      20.36       |      30.39      
   44660     |      10.63       |      20.35      
   44661     |      26.58       |      35.67      
   44662     |      26.48       |      35.55      
   44663     |      27.00       |      32.84      
   44664     |      24.83       |      27.80      
   44665     |      22.86       |      27.11      
   44666     |      23.41       |      23.31      
   44667     |      22.30       |      21.05      
   44668     |      21.05       |      21.66      
   44669     |      18.96       |      16.60      
   44670     |      16.17       |      18.56      
   44671     |      13.55       |      12.71      
   44672     |      11.75       |      16.49      
   44673     |       9.84       |       2.78      
   44674     |       2.18       |      10.70      
   44675     |       1.28       |       9.10      
   44676     |       4.67       |       5.52      
   44677     |       7.38       |       2.68      
   44678     |      20.65       |      10.83      
   44679     |      26.69       |      17.10      
   44680     |      23.93       |      14.46      
   44681     |      27.10       |      17.81      
   44682     |      33.88       |      24.37      
   44683     |      31.03       |      21.41      
   44684     |      36.19       |      26.54      
   44685     |      24.00       |      14.87      
   44686     |      15.35       |       7.62      
   44687     |      14.89       |       7.75      
   44688     |      18.37       |      10.12      
   44689     |      16.16       |       7.75      
   44690     |      24.11       |      14.89      
   44691     |      26.40       |      17.36      
   44692     |      30.45       |      21.27      
   44693     |      30.44       |      21.27      
   44694     |      21.38       |      12.73      
   44695     |      25.20       |      16.88      
   44696     |      18.32       |      11.32      
   44697     |      18.33       |      11.32      
   44698     |      20.94       |      13.29      
   44699     |      18.73       |      14.98      
   44700     |      20.31       |      15.66      
   44701     |      27.31       |      22.13      
   44702     |      40.15       |      32.50      
   44703     |      31.23       |      23.26      
   44704     |      34.23       |      25.99      
   44705     |      41.26       |      31.89      
   44706     |      24.21       |      15.08      
   44707     |      30.06       |      20.65      
   44708     |      40.81       |      31.40      
   44709     |      37.19       |      27.82      
   44710     |      59.32       |      49.95      
   44711     |      50.80       |      41.96      
   44712     |      63.10       |      54.10      
   44713     |      59.63       |      51.03      
   44714     |      62.51       |      53.86      
   44715     |      59.75       |      51.53      
   44716     |      64.62       |      56.27      
   44717     |      60.86       |      53.31      
   44718     |      64.65       |      56.93      
   44719     |      61.92       |      54.99      
   44720     |      56.66       |      50.13      
   44721     |      55.01       |      49.44      
   44722     |      46.20       |      41.86      
   44723     |      48.91       |      42.33      
   44724     |      37.56       |      32.30      
   44725     |      41.17       |      33.68      
   44726     |      31.65       |      25.03      
   44727     |      38.34       |      29.65      
   44728     |      26.98       |      18.63      
   44729     |      35.95       |      26.79      
   44730     |      48.41       |      39.27      
   44731     |      51.18       |      42.04      
   44732     |      64.41       |      55.28      
   44733     |      63.15       |      54.02      
   44735     |      60.09       |      51.29      
   44737     |      61.40       |      54.07      
   44739     |      66.86       |      59.77      
   44740     |      66.53       |      59.47      
   44742     |      61.28       |      53.91      
   44743     |      59.61       |      52.76      
   44744     |      54.09       |      47.59      
   44745     |      52.65       |      46.87      
   44841     |      11.34       |      22.28      
   44842     |      22.59       |      33.57      
   44843     |      21.79       |      32.73      
   44844     |      29.60       |      40.54      
   44845     |      25.71       |      36.22      
   44846     |      25.11       |      35.58      
   44847     |      27.15       |      37.97      
   44848     |      19.65       |      30.32      
   44849     |      24.70       |      35.57      
   44850     |      26.18       |      37.04      
   44851     |      30.61       |      41.47      
   44852     |      35.60       |      46.47      
   44853     |      36.83       |      47.68      
   44854     |      21.12       |      31.86      
   44855     |      25.09       |      35.91      
   44856     |       8.22       |      19.03      
   44857     |      13.13       |      23.43      
   44858     |       5.11       |       8.46      
   44859     |       6.82       |       4.02      
   44860     |       1.50       |       9.27      
   44861     |       7.50       |       7.29      
   44862     |       9.40       |      19.59      
   44863     |       9.46       |      19.69      
   44864     |      23.10       |      33.71      
   44865     |      25.62       |      36.10      
   44866     |      30.20       |      40.75      
   44867     |      33.57       |      43.98      
   44868     |      30.18       |      40.50      
   44869     |      28.99       |      39.35      
   44870     |      27.31       |      37.61      
   44871     |      27.09       |      37.39      
   44872     |      32.00       |      42.40      
   44873     |      26.29       |      36.86      
   44874     |      28.48       |      39.05      
   44875     |      21.42       |      31.92      
   44876     |      29.32       |      39.79      
   44877     |      26.82       |      37.13      
   44878     |      31.69       |      42.00      
   44879     |      36.77       |      47.28      
   44880     |      32.36       |      42.86      
   44881     |      24.00       |      33.70      
   44882     |      39.36       |      49.65      
   44883     |      39.15       |      49.41      
   44884     |      35.07       |      45.22      
   44885     |      36.49       |      46.82      
   44886     |      24.09       |      34.05      
   44887     |      23.29       |      32.86      
   44888     |      21.24       |      30.57      
   44889     |      21.39       |      28.92      
   44890     |      23.03       |      31.08      
   44891     |      23.78       |      30.66      
   44892     |      28.33       |      36.57      
   44893     |      30.80       |      36.30      
   44894     |      29.08       |      33.08      
   44895     |      30.71       |      33.88      
   44896     |      30.76       |      34.00      
   44897     |      27.78       |      32.73      
   44898     |      31.53       |      38.41      
   44899     |      31.03       |      38.56      
   44900     |      34.02       |      42.16      
   44901     |      35.31       |      44.95      
   44902     |      29.27       |      38.46      
   44903     |      33.39       |      43.58      
   44904     |      14.74       |      24.28      
   44905     |      16.09       |      22.08      
   44906     |      15.43       |      17.81      
   44907     |      21.14       |      20.75      
   44908     |      21.41       |      27.13      
   44909     |      25.03       |      28.41      
   44910     |      25.20       |      29.06      
   44911     |      23.85       |      28.47      
   44912     |      27.13       |      34.25      
   44913     |       9.92       |      14.98      
   44914     |      22.12       |      31.77      
   44915     |      24.23       |      33.79      
   44916     |      32.22       |      42.06      
   44917     |      28.69       |      37.30      
   44918     |      28.85       |      37.47      
   44919     |      28.78       |      37.33      
   44920     |      19.31       |      23.07      
   44921     |      19.59       |      23.15      
   44922     |      21.51       |      20.18      
   44923     |      20.63       |      16.50      
   44924     |      18.58       |      16.14      
   44925     |      18.44       |      14.49      
   44926     |      15.34       |      14.61      
   44927     |      15.17       |      13.98      
   44928     |      16.61       |      13.69      
   44929     |      16.66       |      14.00      
   44930     |      13.31       |      16.07      
   44931     |      16.54       |       6.70      
   44932     |       7.33       |       2.51      
   44933     |      27.39       |      19.39      
   44934     |      28.86       |      20.60      
   44935     |      26.18       |      17.88      
   44936     |      28.14       |      19.55      
   44937     |      22.79       |      14.00      
   44938     |      31.29       |      21.89      
   44939     |      26.58       |      16.98      
   44940     |      23.01       |      13.52      
   44941     |      17.09       |       7.36      
   44942     |      13.29       |       3.58      
   44943     |      15.48       |       5.89      
   44944     |      17.58       |       7.98      
   44945     |      17.61       |       8.01      
   44946     |      18.22       |       8.63      
   44947     |      23.96       |      14.57      
   44948     |      24.06       |      14.68      
   44949     |      30.98       |      22.15      
   44950     |      25.20       |      16.78      
   44951     |      21.28       |      12.54      
   44952     |      19.98       |      11.38      
   44953     |      16.63       |       7.60      
   44954     |      13.00       |       4.49      
   44955     |      16.25       |       6.73      
   44956     |      15.23       |       5.73      
   44957     |      14.97       |       5.49      
   44958     |      37.04       |      27.57      
   44959     |      35.86       |      26.38      
   44960     |      43.46       |      33.99      
   44961     |      40.78       |      31.35      
   44962     |      30.13       |      20.76      
   44963     |      31.53       |      22.24      
   44964     |      36.97       |      27.64      
   44965     |      30.69       |      21.32      
   44966     |      48.36       |      39.00      
   44967     |      40.04       |      31.34      
   44968     |      57.78       |      48.80      
   44969     |      53.34       |      44.93      
   44970     |      58.38       |      49.87      
   44971     |      54.89       |      47.04      
   44972     |      58.83       |      50.85      
   44973     |      55.85       |      48.63      
   44974     |      59.66       |      52.25      
   44975     |      57.49       |      50.80      
   44976     |      52.18       |      46.01      
   44977     |      51.44       |      45.78      
   44978     |      52.44       |      46.69      
   44979     |      51.96       |      46.56      
   44980     |      49.86       |      44.72      
   44981     |      51.06       |      45.07      
   44982     |      47.77       |      42.13      
   44983     |      51.53       |      44.22      
   44984     |      42.18       |      35.53      
   44985     |      52.17       |      43.38      
   44986     |      53.13       |      44.34      
   44987     |      58.43       |      49.38      
   44988     |      64.28       |      55.23      
   44989     |      60.90       |      51.98      
   44990     |      59.61       |      50.71      
   44991     |      48.64       |      41.38      
   44992     |      59.34       |      51.48      
   44993     |      53.61       |      48.35      
   44998     |      58.10       |      50.84      
   44999     |      54.89       |      48.77      
   45000     |      52.23       |      46.33      
   45097     |      13.44       |      22.31      
   45098     |      28.95       |      39.51      
   45099     |      27.41       |      37.30      
   45100     |      29.58       |      39.62      
   45101     |      31.43       |      42.06      
   45102     |      20.47       |      30.58      
   45103     |      23.37       |      34.22      
   45104     |      20.60       |      31.40      
   45105     |      19.65       |      30.30      
   45106     |      30.69       |      41.49      
   45107     |      31.01       |      41.83      
   45108     |      30.71       |      41.51      
   45109     |      36.26       |      47.07      
   45110     |      19.59       |      30.39      
   45111     |      20.33       |      31.08      
   45112     |       5.99       |      16.64      
   45113     |       8.79       |      18.99      
   45114     |       3.48       |      11.50      
   45115     |       2.76       |       8.03      
   45116     |       0.65       |      10.11      
   45117     |       1.67       |       9.38      
   45118     |       7.72       |      18.46      
   45119     |      12.96       |      23.49      
   45120     |      24.86       |      35.56      
   45121     |      31.97       |      42.49      
   45122     |      33.09       |      43.62      
   45123     |      34.50       |      44.97      
   45124     |      29.11       |      39.44      
   45125     |      30.40       |      40.67      
   45126     |      27.65       |      37.80      
   45127     |      27.85       |      37.98      
   45128     |      28.14       |      38.27      
   45129     |      30.10       |      40.14      
   45130     |      24.90       |      34.61      
   45131     |      22.17       |      32.00      
   45132     |      28.59       |      38.75      
   45133     |      21.17       |      31.62      
   45134     |      37.04       |      47.58      
   45135     |      38.13       |      48.65      
   45136     |      44.18       |      54.71      
   45137     |      37.75       |      47.65      
   45138     |      41.70       |      51.74      
   45139     |      41.42       |      51.39      
   45140     |      31.67       |      41.10      
   45141     |      34.44       |      44.68      
   45142     |      23.88       |      33.68      
   45143     |      24.20       |      34.12      
   45144     |      17.85       |      27.14      
   45145     |      18.67       |      28.63      
   45146     |      24.66       |      34.85      
   45147     |      22.35       |      30.54      
   45148     |      31.25       |      40.70      
   45149     |      30.80       |      38.59      
   45150     |      27.14       |      33.73      
   45151     |      30.98       |      34.79      
   45152     |      31.24       |      35.32      
   45153     |      33.22       |      36.23      
   45154     |      33.94       |      37.84      
   45155     |      29.71       |      36.85      
   45156     |      31.31       |      38.90      
   45157     |      31.19       |      39.81      
   45158     |      32.52       |      41.29      
   45159     |      32.45       |      41.07      
   45160     |      26.69       |      34.11      
   45161     |      27.26       |      33.93      
   45162     |      23.72       |      25.55      
   45163     |      23.52       |      25.45      
   45164     |      24.41       |      29.34      
   45165     |      23.87       |      29.19      
   45166     |      22.85       |      26.65      
   45167     |      22.40       |      26.50      
   45168     |      22.13       |      23.04      
   45169     |      18.51       |      21.64      
   45170     |      23.29       |      30.83      
   45171     |      24.76       |      34.19      
   45172     |      32.62       |      42.37      
   45173     |      24.41       |      34.38      
   45174     |      23.13       |      33.08      
   45175     |      17.18       |      27.22      
   45176     |       2.91       |      12.58      
   45177     |       2.94       |      12.60      
   45178     |      13.48       |       4.39      
   45179     |      11.67       |       5.01      
   45180     |      12.85       |       5.42      
   45181     |      11.38       |       7.43      
   45182     |      10.05       |       7.72      
   45183     |      11.50       |       4.97      
   45184     |      10.02       |       4.85      
   45185     |      12.24       |       3.13      
   45186     |      16.79       |       7.24      
   45187     |      20.36       |      10.50      
   45188     |      24.47       |      14.63      
   45189     |      29.94       |      20.24      
   45190     |      24.31       |      14.80      
   45191     |      25.33       |      15.89      
   45192     |      22.29       |      13.06      
   45193     |      18.70       |       9.23      
   45194     |      26.52       |      16.82      
   45195     |      19.89       |      10.28      
   45196     |      17.29       |       7.71      
   45197     |      19.04       |       9.33      
   45198     |      15.60       |       5.89      
   45199     |      18.61       |       8.99      
   45200     |      17.65       |       8.10      
   45201     |      17.79       |       8.26      
   45202     |      18.29       |       8.75      
   45203     |      19.06       |       9.58      
   45204     |      24.25       |      14.67      
   45205     |      24.60       |      15.04      
   45206     |      24.38       |      14.84      
   45207     |      30.31       |      21.01      
   45208     |      21.36       |      12.82      
   45209     |      22.42       |      13.93      
   45210     |      18.96       |      11.26      
   45211     |      17.13       |       9.46      
   45212     |      17.12       |       9.46      
   45213     |      17.82       |      10.16      
   45214     |      37.93       |      28.55      
   45215     |      34.69       |      25.27      
   45216     |      43.42       |      33.96      
   45217     |      39.07       |      29.67      
   45218     |      31.59       |      22.19      
   45219     |      25.46       |      16.92      
   45220     |      32.25       |      23.50      
   45221     |      30.24       |      22.05      
   45222     |      40.45       |      31.86      
   45223     |      39.32       |      30.97      
   45224     |      52.35       |      43.70      
   45225     |      50.96       |      42.52      
   45226     |      52.30       |      43.85      
   45227     |      54.41       |      45.68      
   45228     |      49.48       |      40.83      
   45229     |      48.07       |      39.62      
   45230     |      48.97       |      40.52      
   45231     |      43.62       |      36.34      
   45232     |      45.23       |      37.90      
   45233     |      43.20       |      36.74      
   45234     |      46.62       |      39.92      
   45235     |      43.65       |      39.07      
   45236     |      52.71       |      47.09      
   45237     |      52.36       |      46.96      
   45238     |      57.55       |      51.69      
   45239     |      60.69       |      53.67      
   45240     |      59.11       |      52.18      
   45241     |      63.61       |      55.67      
   45242     |      63.52       |      55.59      
   45243     |      65.13       |      56.96      
   45244     |      64.79       |      56.65      
   45245     |      61.95       |      54.24      
   45246     |      48.64       |      41.37      
   45247     |      45.55       |      39.18      
   45248     |      49.05       |      42.55      
   45249     |      50.84       |      43.70      
   45254     |      54.82       |      48.66      
   45255     |      59.12       |      51.70      
   45353     |      21.35       |      30.46      
   45354     |      35.61       |      45.97      
   45355     |      34.00       |      43.43      
   45356     |      29.35       |      38.15      
   45357     |      30.07       |      39.99      
   45358     |      21.15       |      29.85      
   45359     |      21.41       |      31.24      
   45360     |      21.86       |      31.71      
   45361     |      22.55       |      32.84      
   45362     |      28.67       |      39.19      
   45363     |      30.76       |      41.54      
   45364     |      28.58       |      39.32      
   45365     |      30.36       |      41.20      
   45366     |      17.27       |      27.99      
   45367     |      19.70       |      30.53      
   45368     |       7.84       |      18.63      
   45369     |       6.80       |      17.24      
   45370     |       3.38       |      10.96      
   45371     |       2.17       |      11.68      
   45372     |       2.22       |      10.53      
   45373     |       1.98       |       9.39      
   45374     |      12.27       |      23.00      
   45375     |      19.52       |      30.02      
   45376     |      31.21       |      41.89      
   45377     |      35.31       |      45.88      
   45378     |      34.17       |      44.71      
   45379     |      35.27       |      45.78      
   45380     |      29.95       |      40.34      
   45381     |      30.28       |      40.64      
   45382     |      27.39       |      37.65      
   45383     |      33.10       |      43.10      
   45384     |      30.78       |      40.64      
   45385     |      34.80       |      44.49      
   45386     |      26.02       |      34.76      
   45387     |      15.60       |      24.81      
   45388     |      22.80       |      32.80      
   45389     |      19.39       |      29.56      
   45390     |      38.35       |      48.85      
   45391     |      39.86       |      50.33      
   45392     |      43.12       |      53.60      
   45393     |      44.35       |      54.85      
   45394     |      40.31       |      50.79      
   45395     |      38.86       |      49.28      
   45396     |      28.51       |      38.75      
   45397     |      27.94       |      38.08      
   45398     |      25.66       |      35.69      
   45399     |      24.63       |      34.25      
   45400     |      19.44       |      28.38      
   45401     |      19.43       |      28.28      
   45402     |      27.69       |      37.44      
   45403     |      27.44       |      37.08      
   45404     |      26.18       |      35.71      
   45405     |      27.71       |      37.76      
   45406     |      22.33       |      32.13      
   45407     |      21.38       |      29.08      
   45408     |      24.70       |      33.23      
   45409     |      28.26       |      32.65      
   45410     |      27.54       |      30.93      
   45411     |      25.24       |      30.11      
   45412     |      28.05       |      34.66      
   45413     |      27.18       |      35.49      
   45414     |      33.66       |      42.80      
   45415     |      33.28       |      41.91      
   45416     |      28.96       |      36.80      
   45417     |      29.55       |      36.46      
   45418     |      25.13       |      27.32      
   45419     |      26.17       |      27.89      
   45420     |      26.75       |      26.63      
   45421     |      15.67       |      22.11      
   45422     |      14.48       |      18.79      
   45423     |      13.44       |      18.72      
   45424     |      13.97       |      14.71      
   45425     |      13.37       |      14.51      
   45426     |      19.09       |      27.74      
   45427     |       2.19       |      11.66      
   45428     |      23.87       |      33.93      
   45429     |      15.57       |      24.60      
   45430     |      18.83       |      28.07      
   45431     |      16.96       |      24.69      
   45432     |      12.01       |      16.80      
   45433     |      11.96       |      21.28      
   45434     |      11.32       |       3.57      
   45435     |       9.57       |       2.51      
   45436     |       9.29       |       2.62      
   45437     |      20.99       |      12.93      
   45438     |      14.82       |      10.48      
   45439     |      15.30       |      10.80      
   45440     |      15.91       |      10.82      
   45441     |      16.68       |      11.41      
   45442     |      22.53       |      14.45      
   45443     |      19.58       |      11.50      
   45444     |      30.36       |      20.91      
   45445     |      24.37       |      14.65      
   45446     |      24.96       |      15.24      
   45447     |      22.84       |      13.06      
   45448     |      18.56       |       8.85      
   45449     |      14.69       |       5.02      
   45450     |      19.82       |      10.16      
   45451     |      16.22       |       7.57      
   45452     |      20.00       |      10.99      
   45453     |      23.60       |      13.98      
   45454     |      18.63       |       9.00      
   45455     |      18.45       |       8.85      
   45456     |      17.54       |       7.96      
   45457     |      16.29       |       6.93      
   45458     |      18.68       |       9.30      
   45459     |      22.64       |      13.00      
   45460     |      24.33       |      14.71      
   45461     |      35.40       |      26.08      
   45462     |      30.88       |      21.78      
   45463     |      34.35       |      25.39      
   45464     |      24.23       |      16.60      
   45465     |      27.43       |      19.81      
   45466     |      21.64       |      16.06      
   45467     |      21.55       |      16.00      
   45468     |      21.90       |      16.16      
   45469     |      22.71       |      16.89      
   45470     |      36.67       |      27.92      
   45471     |      32.21       |      23.36      
   45472     |      39.39       |      30.19      
   45473     |      26.44       |      17.01      
   45474     |      23.88       |      14.46      
   45475     |      19.80       |      10.82      
   45476     |      28.32       |      19.23      
   45477     |      27.39       |      18.46      
   45478     |      37.32       |      28.30      
   45479     |      35.69       |      26.88      
   45480     |      49.03       |      40.09      
   45481     |      52.20       |      43.04      
   45482     |      52.56       |      43.42      
   45483     |      54.70       |      45.48      
   45484     |      44.86       |      35.64      
   45485     |      43.83       |      34.66      
   45486     |      37.54       |      28.36      
   45487     |      33.83       |      24.93      
   45488     |      36.01       |      27.13      
   45489     |      28.71       |      21.88      
   45490     |      34.32       |      27.04      
   45491     |      31.75       |      26.13      
   45492     |      46.09       |      39.10      
   45493     |      46.72       |      39.52      
   45494     |      58.14       |      50.48      
   45495     |      58.41       |      50.70      
   45496     |      63.96       |      56.10      
   45497     |      65.06       |      57.02      
   45498     |      65.66       |      57.62      
   45499     |      64.21       |      56.40      
   45500     |      61.88       |      54.13      
   45501     |      56.40       |      49.90      
   45502     |      47.11       |      41.15      
   45503     |      49.67       |      42.78      
   45504     |      51.54       |      44.60      
   45505     |      54.12       |      46.53      
   45506     |      67.23       |      59.39      
   45507     |      66.65       |      58.92      
   45510     |      58.50       |      50.91      
   45609     |      28.55       |      38.67      
   45610     |      35.93       |      46.39      
   45611     |      35.58       |      45.94      
   45612     |      31.23       |      41.36      
   45613     |      30.05       |      38.67      
   45614     |      27.55       |      35.62      
   45615     |      28.20       |      35.21      
   45616     |      24.57       |      29.40      
   45617     |      21.62       |      31.52      
   45618     |      20.86       |      30.68      
   45619     |      26.59       |      37.46      
   45620     |      28.63       |      39.49      
   45621     |      27.80       |      38.65      
   45622     |      20.10       |      30.91      
   45623     |      17.93       |      28.46      
   45624     |      10.14       |      19.90      
   45625     |       9.38       |      19.20      
   45626     |       6.11       |      12.26      
   45627     |       5.95       |       5.03      
   45628     |       1.61       |       9.29      
   45629     |       5.48       |      14.50      
   45630     |      19.00       |      29.65      
   45631     |      28.24       |      38.50      
   45632     |      35.82       |      46.29      
   45633     |      34.81       |      45.31      
   45634     |      35.34       |      45.83      
   45635     |      32.14       |      42.72      
   45636     |      29.59       |      40.12      
   45637     |      29.20       |      39.74      
   45638     |      30.87       |      41.41      
   45639     |      35.14       |      45.55      
   45640     |      32.15       |      42.47      
   45641     |      24.89       |      35.44      
   45642     |      13.08       |      23.30      
   45643     |      12.17       |      22.45      
   45644     |      18.41       |      28.88      
   45645     |      32.65       |      42.49      
   45646     |      39.29       |      49.40      
   45647     |      40.85       |      51.16      
   45648     |      37.78       |      48.02      
   45649     |      42.55       |      53.06      
   45650     |      44.24       |      54.74      
   45651     |      41.11       |      51.50      
   45652     |      34.55       |      44.84      
   45653     |      31.63       |      41.27      
   45654     |      25.04       |      34.00      
   45655     |      26.36       |      36.23      
   45656     |      22.25       |      31.81      
   45657     |      21.64       |      30.00      
   45658     |      25.83       |      34.90      
   45659     |      27.14       |      36.99      
   45660     |      29.44       |      39.38      
   45661     |      27.81       |      37.00      
   45662     |      31.33       |      40.80      
   45663     |      30.43       |      38.52      
   45664     |      30.95       |      39.14      
   45665     |      31.25       |      38.52      
   45666     |      26.45       |      31.38      
   45667     |      29.21       |      32.42      
   45668     |      30.10       |      34.45      
   45669     |      27.10       |      33.86      
   45670     |      29.40       |      36.91      
   45671     |      30.58       |      40.24      
   45672     |      20.44       |      29.03      
   45673     |      21.09       |      30.57      
   45674     |      11.31       |      17.40      
   45675     |      14.77       |      17.72      
   45676     |      17.66       |      15.09      
   45677     |      14.15       |      12.99      
   45678     |      12.69       |      14.30      
   45679     |       8.16       |      14.04      
   45680     |      11.54       |       8.84      
   45681     |       6.93       |       7.80      
   45682     |       5.23       |      12.75      
   45683     |      10.17       |       3.55      
   45684     |      14.16       |      23.84      
   45685     |      12.14       |      19.11      
   45686     |      15.74       |      23.94      
   45687     |      15.61       |      23.39      
   45688     |      15.76       |      23.57      
   45689     |      16.47       |      21.97      
   45690     |      16.93       |      13.97      
   45691     |      19.41       |      15.58      
   45692     |      23.65       |      16.93      
   45693     |      27.34       |      20.38      
   45694     |      21.08       |      18.16      
   45695     |      21.31       |      18.33      
   45696     |      21.89       |      18.29      
   45697     |      14.10       |      13.79      
   45698     |      21.15       |      14.07      
   45699     |      21.79       |      14.69      
   45700     |      26.57       |      18.20      
   45701     |      22.33       |      13.87      
   45702     |      24.22       |      15.44      
   45703     |      19.71       |      10.72      
   45704     |      15.54       |       7.64      
   45705     |      14.43       |       6.56      
   45706     |      15.91       |       7.46      
   45707     |      13.51       |       4.98      
   45708     |      23.50       |      13.85      
   45709     |      20.46       |      10.74      
   45710     |      18.36       |       8.66      
   45711     |      23.22       |      13.75      
   45712     |      17.15       |       8.34      
   45713     |      18.05       |       9.31      
   45714     |      23.32       |      13.99      
   45715     |      16.03       |       6.40      
   45716     |      33.97       |      24.43      
   45717     |      36.56       |      26.96      
   45718     |      31.99       |      22.41      
   45719     |      43.99       |      34.60      
   45720     |      25.92       |      17.72      
   45721     |      33.14       |      25.07      
   45722     |      23.22       |      18.18      
   45723     |      25.41       |      20.09      
   45724     |      25.01       |      19.91      
   45725     |      23.03       |      18.23      
   45726     |      33.98       |      25.78      
   45727     |      24.74       |      16.37      
   45728     |      27.60       |      18.86      
   45729     |      19.07       |       9.88      
   45730     |      19.49       |      10.29      
   45731     |      21.18       |      12.10      
   45732     |      26.68       |      17.38      
   45733     |      24.24       |      14.88      
   45734     |      34.23       |      24.87      
   45735     |      35.82       |      26.47      
   45736     |      51.27       |      41.94      
   45737     |      52.82       |      43.49      
   45738     |      53.95       |      44.64      
   45739     |      48.37       |      39.16      
   45740     |      43.71       |      34.50      
   45741     |      41.07       |      32.00      
   45742     |      33.41       |      24.34      
   45743     |      30.62       |      21.87      
   45744     |      25.28       |      16.59      
   45745     |      23.76       |      15.48      
   45746     |      25.79       |      17.46      
   45747     |      27.38       |      18.70      
   45748     |      42.20       |      33.42      
   45749     |      40.72       |      32.11      
   45750     |      54.90       |      46.20      
   45751     |      51.12       |      42.83      
   45752     |      63.41       |      54.98      
   45753     |      61.97       |      53.71      
   45754     |      62.36       |      54.11      
   45755     |      60.94       |      52.89      
   45756     |      51.57       |      43.68      
   45757     |      46.74       |      40.07      
   45758     |      49.95       |      43.14      
   45759     |      47.80       |      41.77      
   45760     |      58.05       |      51.51      
   45761     |      61.64       |      54.21      
   45762     |      67.47       |      59.91      
   45764     |      68.00       |      59.90      
   45765     |      64.73       |      57.17      
   45865     |      23.68       |      33.60      
   45866     |      36.78       |      47.35      
   45867     |      36.12       |      46.53      
   45868     |      30.45       |      40.58      
   45869     |      30.72       |      40.95      
   45870     |      24.36       |      34.10      
   45871     |      24.03       |      32.95      
   45872     |      16.91       |      22.29      
   45873     |      15.50       |      22.26      
   45874     |      17.68       |      25.73      
   45875     |      18.62       |      29.08      
   45876     |      28.50       |      39.20      
   45877     |      29.34       |      40.11      
   45878     |      21.20       |      31.84      
   45879     |      20.97       |      31.57      
   45880     |       9.80       |      19.43      
   45881     |       6.01       |      16.01      
   45882     |       7.18       |       6.67      
   45883     |       7.54       |      10.43      
   45884     |       7.17       |      15.25      
   45885     |      20.58       |      28.64      
   45886     |      30.30       |      40.03      
   45887     |      33.58       |      43.16      
   45888     |      37.64       |      47.51      
   45889     |      29.54       |      39.73      
   45890     |      33.30       |      43.62      
   45891     |      26.33       |      36.89      
   45892     |      29.00       |      39.59      
   45893     |      33.80       |      44.23      
   45894     |      35.00       |      45.44      
   45895     |      28.73       |      39.33      
   45896     |      24.90       |      35.46      
   45897     |      15.92       |      26.19      
   45898     |      12.21       |      22.40      
   45899     |      24.94       |      35.26      
   45900     |      30.18       |      40.61      
   45901     |      42.47       |      52.49      
   45902     |      38.21       |      48.03      
   45903     |      39.37       |      49.45      
   45904     |      37.43       |      47.43      
   45905     |      38.25       |      48.39      
   45906     |      46.68       |      56.98      
   45907     |      46.42       |      56.69      
   45908     |      40.24       |      50.38      
   45909     |      38.13       |      47.79      
   45910     |      24.46       |      32.47      
   45911     |      24.64       |      33.68      
   45912     |      24.07       |      33.01      
   45913     |      24.17       |      33.25      
   45914     |      28.61       |      38.13      
   45915     |      27.71       |      36.37      
   45916     |      36.39       |      45.89      
   45917     |      35.42       |      44.26      
   45918     |      34.77       |      43.52      
   45919     |      34.84       |      43.67      
   45920     |      26.11       |      33.11      
   45921     |      26.08       |      35.22      
   45922     |      18.58       |      26.09      
   45923     |      19.62       |      25.68      
   45924     |      19.13       |      24.73      
   45925     |      18.65       |      24.74      
   45926     |      20.41       |      27.56      
   45927     |      20.47       |      29.86      
   45928     |      15.19       |      23.67      
   45929     |      16.10       |      25.83      
   45930     |       7.28       |      13.65      
   45931     |       6.29       |      14.27      
   45932     |       9.11       |       6.98      
   45933     |      13.34       |       9.14      
   45934     |      12.06       |       9.30      
   45935     |       5.77       |       7.99      
   45936     |      12.16       |       5.08      
   45937     |       8.46       |       2.90      
   45938     |      12.48       |       3.21      
   45939     |       9.39       |       0.82      
   45940     |       6.55       |      16.53      
   45941     |       7.95       |      11.28      
   45942     |      13.32       |      22.02      
   45943     |      14.22       |      19.34      
   45944     |      15.04       |      20.96      
   45945     |      22.49       |      22.44      
   45946     |      24.19       |      21.25      
   45947     |      25.83       |      22.46      
   45948     |      30.06       |      23.95      
   45949     |      25.91       |      20.27      
   45950     |      22.32       |      19.52      
   45951     |      19.60       |      17.78      
   45952     |      18.80       |      18.63      
   45953     |      14.72       |      17.30      
   45954     |      22.18       |      15.29      
   45955     |       9.48       |       5.68      
   45956     |      20.97       |      11.45      
   45957     |      21.02       |      11.52      
   45958     |      19.33       |       9.97      
   45959     |      23.76       |      14.69      
   45960     |      15.47       |       8.75      
   45961     |      18.43       |      11.45      
   45962     |      16.27       |      10.60      
   45963     |      16.48       |      10.78      
   45964     |      22.28       |      14.06      
   45965     |      16.52       |       8.18      
   45966     |      23.38       |      14.02      
   45967     |      22.05       |      12.62      
   45968     |      17.75       |       8.75      
   45969     |      24.34       |      15.67      
   45970     |      19.00       |      11.67      
   45971     |      28.88       |      21.37      
   45972     |      39.55       |      30.71      
   45973     |      33.74       |      24.72      
   45974     |      44.02       |      34.64      
   45975     |      35.27       |      25.71      
   45976     |      28.99       |      19.50      
   45977     |      28.19       |      18.69      
   45978     |      17.65       |       8.68      
   45979     |      22.95       |      14.29      
   45980     |      17.44       |      10.29      
   45981     |      19.36       |      12.14      
   45982     |      24.46       |      15.95      
   45983     |      15.65       |       6.64      
   45984     |      18.96       |       9.67      
   45985     |      21.36       |      12.23      
   45986     |      21.15       |      12.04      
   45987     |      23.34       |      14.39      
   45988     |      24.71       |      15.67      
   45989     |      26.29       |      17.35      
   45990     |      35.96       |      26.71      
   45991     |      41.95       |      32.90      
   45992     |      52.66       |      43.43      
   45993     |      45.78       |      36.45      
   45994     |      47.70       |      38.39      
   45995     |      37.79       |      28.81      
   45996     |      41.42       |      32.45      
   45997     |      37.51       |      29.05      
   45998     |      31.68       |      23.38      
   45999     |      30.82       |      22.78      
   46000     |      24.72       |      17.03      
   46001     |      27.65       |      19.05      
   46002     |      27.57       |      18.98      
   46003     |      29.80       |      20.89      
   46004     |      40.03       |      31.13      
   46005     |      40.23       |      31.32      
   46006     |      49.15       |      40.25      
   46007     |      49.38       |      40.47      
   46008     |      59.43       |      50.53      
   46009     |      54.62       |      46.09      
   46010     |      59.06       |      50.51      
   46011     |      52.37       |      44.80      
   46012     |      44.74       |      37.41      
   46013     |      42.11       |      35.70      
   46014     |      45.83       |      39.21      
   46015     |      46.65       |      39.76      
   46016     |      61.79       |      54.39      
   46017     |      63.89       |      56.11      
   46020     |      64.50       |      56.88      
   46121     |      26.04       |      35.83      
   46122     |      36.82       |      47.23      
   46123     |      37.14       |      47.63      
   46124     |      25.89       |      35.75      
   46125     |      28.13       |      38.80      
   46126     |      14.43       |      24.20      
   46127     |      19.77       |      30.69      
   46128     |       8.82       |      19.72      
   46129     |       6.74       |      15.70      
   46130     |      21.02       |      31.73      
   46131     |      18.94       |      26.61      
   46132     |      31.19       |      41.04      
   46133     |      31.53       |      41.55      
   46134     |      18.28       |      26.09      
   46135     |      20.88       |      31.59      
   46136     |       6.89       |      16.41      
   46137     |       4.10       |      13.91      
   46138     |       4.58       |       8.44      
   46139     |      18.60       |      25.97      
   46140     |      20.33       |      28.46      
   46141     |      28.14       |      36.17      
   46142     |      31.38       |      40.06      
   46143     |      32.56       |      42.38      
   46144     |      31.33       |      41.05      
   46145     |      28.39       |      38.22      
   46146     |      28.90       |      38.77      
   46147     |      32.54       |      42.22      
   46148     |      39.62       |      49.67      
   46149     |      37.80       |      47.25      
   46150     |      32.69       |      41.63      
   46151     |      33.32       |      42.73      
   46152     |      23.44       |      31.22      
   46153     |      17.88       |      25.76      
   46154     |      27.38       |      36.99      
   46155     |      30.21       |      39.68      
   46156     |      42.64       |      52.74      
   46157     |      42.32       |      52.36      
   46158     |      38.97       |      48.87      
   46159     |      38.44       |      48.21      
   46160     |      40.96       |      50.83      
   46161     |      39.75       |      49.26      
   46162     |      44.35       |      54.09      
   46163     |      47.20       |      57.42      
   46164     |      36.41       |      46.31      
   46165     |      39.11       |      49.41      
   46166     |      24.87       |      34.73      
   46167     |      23.39       |      31.64      
   46168     |      26.57       |      35.35      
   46169     |      26.42       |      34.82      
   46170     |      34.97       |      44.35      
   46171     |      33.95       |      42.40      
   46172     |      34.65       |      43.18      
   46173     |      36.02       |      45.57      
   46174     |      23.95       |      32.03      
   46175     |      27.25       |      37.39      
   46176     |       9.57       |      17.38      
   46177     |      12.89       |      23.22      
   46178     |       9.60       |      19.91      
   46179     |       9.58       |      19.89      
   46180     |      14.48       |      24.77      
   46181     |      10.69       |      18.52      
   46182     |      18.62       |      28.18      
   46183     |      17.95       |      25.67      
   46184     |      15.56       |      21.90      
   46185     |      14.57       |      23.23      
   46186     |      12.31       |      11.04      
   46187     |       2.85       |      11.50      
   46188     |       7.75       |       4.27      
   46189     |       7.63       |       4.27      
   46190     |       9.34       |       3.25      
   46191     |       8.91       |       3.11      
   46192     |      14.60       |       5.07      
   46193     |      11.37       |       1.26      
   46194     |      13.75       |       3.66      
   46195     |      12.49       |       2.64      
   46196     |       2.25       |       8.72      
   46197     |       8.21       |       6.66      
   46198     |       7.07       |      15.14      
   46199     |      16.09       |      14.97      
   46200     |      15.52       |      15.48      
   46201     |      28.04       |      23.81      
   46202     |      26.76       |      23.55      
   46203     |      25.75       |      22.79      
   46204     |      28.44       |      23.45      
   46205     |      17.49       |      15.17      
   46206     |      17.35       |      15.23      
   46207     |      10.82       |      12.86      
   46208     |      10.71       |      14.04      
   46209     |      12.53       |      14.15      
   46210     |      14.06       |      11.96      
   46211     |       9.34       |      10.63      
   46212     |      21.72       |      12.80      
   46213     |      21.74       |      12.84      
   46214     |      23.66       |      14.53      
   46215     |      21.06       |      11.79      
   46216     |      16.63       |       8.08      
   46217     |      19.74       |      11.35      
   46218     |      15.23       |       8.68      
   46219     |      20.20       |      13.25      
   46220     |      19.02       |      12.64      
   46221     |      18.43       |      12.13      
   46222     |      23.75       |      15.54      
   46223     |      15.48       |       7.00      
   46224     |      22.84       |      13.39      
   46225     |      23.19       |      13.77      
   46226     |      24.37       |      14.91      
   46227     |      37.44       |      28.49      
   46228     |      34.61       |      25.88      
   46229     |      32.70       |      23.93      
   46230     |      37.14       |      28.08      
   46231     |      23.42       |      13.88      
   46232     |      27.97       |      18.42      
   46233     |      28.60       |      19.06      
   46234     |      21.58       |      12.14      
   46235     |      27.61       |      18.47      
   46236     |      18.47       |      10.69      
   46237     |      17.78       |      10.01      
   46238     |      17.12       |       9.61      
   46239     |      16.55       |       9.06      
   46240     |      21.83       |      13.04      
   46241     |      22.14       |      13.38      
   46242     |      23.43       |      14.54      
   46243     |      22.96       |      14.06      
   46244     |      26.04       |      16.94      
   46245     |      30.46       |      21.59      
   46246     |      41.56       |      32.34      
   46247     |      42.11       |      32.91      
   46248     |      45.79       |      36.55      
   46249     |      38.02       |      28.70      
   46250     |      36.73       |      27.42      
   46251     |      29.43       |      20.52      
   46252     |      36.18       |      27.25      
   46253     |      30.42       |      22.80      
   46254     |      31.78       |      24.09      
   46255     |      32.66       |      24.66      
   46256     |      29.26       |      21.47      
   46257     |      32.61       |      23.98      
   46258     |      30.41       |      21.83      
   46259     |      34.91       |      25.86      
   46260     |      39.95       |      30.93      
   46261     |      41.61       |      32.53      
   46262     |      48.89       |      39.83      
   46263     |      47.28       |      38.30      
   46264     |      53.28       |      44.32      
   46265     |      44.87       |      36.72      
   46266     |      50.23       |      42.00      
   46267     |      43.63       |      37.07      
   46268     |      42.04       |      35.60      
   46269     |      42.16       |      35.67      
   46270     |      47.08       |      40.31      
   46271     |      49.02       |      41.71      
   46272     |      64.31       |      56.62      
   46273     |      63.75       |      56.16      
   46378     |      30.20       |      40.75      
   46379     |      33.94       |      44.89      
   46380     |      22.55       |      33.42      
   46381     |      22.28       |      33.10      
   46382     |       9.42       |      19.60      
   46383     |      11.41       |      22.32      
   46384     |      10.88       |      21.76      
   46385     |       9.56       |      20.19      
   46386     |      24.94       |      35.80      
   46387     |      21.82       |      32.30      
   46388     |      26.80       |      37.41      
   46389     |      27.55       |      38.25      
   46390     |       9.98       |      19.53      
   46391     |      10.75       |      21.25      
   46392     |       4.92       |      14.21      
   46393     |       8.09       |      17.12      
   46394     |      11.41       |      21.34      
   46395     |      26.07       |      35.12      
   46396     |      29.44       |      38.92      
   46397     |      29.09       |      36.88      
   46398     |      32.33       |      40.80      
   46399     |      32.32       |      40.76      
   46400     |      33.78       |      42.44      
   46401     |      33.70       |      42.17      
   46402     |      35.96       |      44.73      
   46403     |      35.99       |      44.80      
   46404     |      35.39       |      44.11      
   46405     |      38.93       |      49.14      
   46406     |      29.62       |      39.38      
   46407     |      27.51       |      37.36      
   46408     |      16.79       |      25.05      
   46409     |      29.52       |      37.39      
   46410     |      35.06       |      43.81      
   46411     |      34.73       |      43.00      
   46412     |      45.26       |      54.61      
   46413     |      45.54       |      55.00      
   46414     |      45.92       |      55.39      
   46415     |      44.38       |      53.10      
   46416     |      46.26       |      55.16      
   46417     |      46.16       |      54.98      
   46418     |      42.41       |      50.83      
   46419     |      44.84       |      54.48      
   46420     |      31.03       |      39.41      
   46421     |      34.99       |      45.14      
   46422     |      21.80       |      31.27      
   46423     |      23.64       |      33.78      
   46424     |      28.43       |      38.66      
   46425     |      25.03       |      34.16      
   46426     |      34.16       |      43.93      
   46427     |      33.67       |      43.28      
   46428     |      27.94       |      37.10      
   46429     |      28.90       |      38.57      
   46430     |      15.44       |      22.51      
   46431     |      16.53       |      26.55      
   46432     |       8.14       |      16.95      
   46433     |       8.25       |      16.58      
   46434     |      14.86       |      24.60      
   46435     |      14.06       |      22.86      
   46436     |      18.61       |      28.07      
   46437     |      18.36       |      27.64      
   46438     |      18.83       |      28.13      
   46439     |      19.03       |      28.47      
   46440     |      10.14       |      16.63      
   46441     |       9.16       |      17.52      
   46442     |      14.90       |       8.01      
   46443     |       7.63       |       3.38      
   46444     |      11.48       |       2.31      
   46445     |       7.78       |       3.17      
   46446     |       7.46       |       3.44      
   46447     |       9.07       |       1.06      
   46448     |      11.28       |       1.18      
   46449     |      14.65       |       5.26      
   46450     |      13.95       |       4.70      
   46451     |      13.94       |       4.69      
   46452     |      13.79       |       4.59      
   46453     |       7.27       |       5.61      
   46454     |       7.55       |       5.36      
   46455     |      21.76       |      14.99      
   46456     |      20.63       |      14.39      
   46457     |      24.74       |      18.18      
   46458     |      20.28       |      16.38      
   46459     |      12.91       |      11.98      
   46460     |      14.17       |      11.19      
   46461     |       3.52       |      11.27      
   46462     |       4.12       |       7.89      
   46463     |       9.16       |       7.11      
   46464     |       7.30       |       9.72      
   46465     |      12.41       |      10.44      
   46466     |      11.01       |      12.18      
   46467     |      16.67       |      14.38      
   46468     |      24.24       |      16.84      
   46469     |      20.95       |      13.67      
   46470     |      23.00       |      15.09      
   46471     |      22.05       |      14.16      
   46472     |      20.90       |      13.35      
   46473     |      18.82       |      11.31      
   46474     |      19.14       |      11.51      
   46475     |      20.45       |      12.83      
   46476     |      17.97       |      11.41      
   46477     |      22.17       |      15.34      
   46478     |      19.64       |      14.10      
   46479     |      22.55       |      16.67      
   46480     |      26.98       |      19.45      
   46481     |      23.31       |      15.85      
   46482     |      36.71       |      27.53      
   46483     |      25.50       |      15.94      
   46484     |      30.34       |      20.75      
   46485     |      28.69       |      19.10      
   46486     |      23.40       |      13.85      
   46487     |      33.49       |      24.32      
   46488     |      30.20       |      21.22      
   46489     |      37.31       |      28.60      
   46490     |      30.65       |      22.68      
   46491     |      26.51       |      18.46      
   46492     |      20.64       |      14.47      
   46493     |      16.83       |      11.09      
   46494     |      18.00       |      11.52      
   46495     |      18.06       |      11.58      
   46496     |      22.98       |      14.76      
   46497     |      19.64       |      11.31      
   46498     |      23.04       |      14.20      
   46499     |      21.78       |      12.87      
   46500     |      29.72       |      20.45      
   46501     |      28.34       |      19.04      
   46502     |      41.87       |      32.52      
   46503     |      37.55       |      28.26      
   46504     |      38.25       |      28.97      
   46505     |      30.84       |      22.37      
   46506     |      30.54       |      22.09      
   46507     |      28.19       |      20.60      
   46508     |      30.18       |      22.45      
   46509     |      30.78       |      22.83      
   46510     |      32.61       |      24.59      
   46511     |      38.31       |      29.34      
   46512     |      31.98       |      23.04      
   46513     |      40.78       |      31.57      
   46514     |      34.72       |      25.55      
   46515     |      39.69       |      30.64      
   46516     |      41.70       |      32.63      
   46517     |      38.81       |      29.69      
   46518     |      46.88       |      37.75      
   46519     |      42.53       |      33.41      
   46520     |      42.43       |      33.32      
   46521     |      35.83       |      27.05      
   46522     |      37.52       |      28.75      
   46523     |      32.62       |      24.70      
   46524     |      37.78       |      29.72      
   46525     |      33.53       |      26.95      
   46526     |      48.67       |      41.24      
   46527     |      49.01       |      41.51      
   46528     |      62.97       |      55.16      
   46529     |      67.11       |      58.80      
   46634     |      24.60       |      34.56      
   46635     |      28.56       |      39.46      
   46636     |      12.87       |      23.47      
   46637     |      22.46       |      33.04      
   46638     |       9.38       |      19.21      
   46639     |      10.59       |      21.23      
   46640     |      11.05       |      21.68      
   46641     |      17.10       |      27.94      
   46642     |      22.88       |      33.74      
   46643     |      24.67       |      35.54      
   46644     |      23.93       |      34.79      
   46645     |      25.43       |      36.26      
   46646     |      11.75       |      22.56      
   46647     |       8.30       |      18.62      
   46648     |       6.34       |      16.32      
   46649     |      13.15       |      22.47      
   46650     |      26.59       |      37.03      
   46651     |      24.41       |      33.90      
   46652     |      30.85       |      40.83      
   46653     |      29.81       |      39.18      
   46654     |      30.05       |      39.43      
   46655     |      29.80       |      38.88      
   46656     |      32.44       |      41.80      
   46657     |      32.11       |      41.18      
   46658     |      33.99       |      43.26      
   46659     |      26.22       |      35.84      
   46660     |      30.91       |      40.84      
   46661     |      18.07       |      28.65      
   46662     |      25.12       |      35.74      
   46663     |      25.99       |      36.57      
   46664     |      20.94       |      31.47      
   46665     |      37.44       |      47.19      
   46666     |      41.82       |      51.74      
   46667     |      38.25       |      46.20      
   46668     |      46.03       |      54.85      
   46669     |      46.51       |      55.58      
   46670     |      43.96       |      52.80      
   46671     |      45.58       |      55.11      
   46672     |      42.13       |      51.43      
   46673     |      42.84       |      52.39      
   46674     |      36.04       |      45.07      
   46675     |      37.04       |      46.55      
   46676     |      29.08       |      37.86      
   46677     |      29.09       |      37.89      
   46678     |      22.64       |      30.15      
   46679     |      22.98       |      32.12      
   46680     |      29.42       |      39.08      
   46681     |      30.17       |      40.05      
   46682     |      35.30       |      45.33      
   46683     |      34.10       |      43.87      
   46684     |      28.23       |      37.64      
   46685     |      27.84       |      37.00      
   46686     |      18.26       |      25.10      
   46687     |      18.75       |      24.94      
   46688     |      17.33       |      21.31      
   46689     |      14.74       |      21.30      
   46690     |      15.55       |      22.70      
   46691     |      15.71       |      25.18      
   46692     |      11.37       |      20.01      
   46693     |      15.45       |      25.73      
   46694     |      10.66       |      20.91      
   46695     |      15.27       |      25.33      
   46696     |       3.90       |      12.65      
   46697     |       3.76       |      12.51      
   46698     |       9.83       |       3.12      
   46699     |      13.59       |       3.60      
   46700     |       9.88       |       1.37      
   46701     |      11.58       |       3.02      
   46702     |      10.45       |       2.78      
   46703     |       7.11       |       3.04      
   46704     |       8.45       |       1.68      
   46705     |      11.42       |       2.61      
   46706     |      14.68       |       5.04      
   46707     |      13.79       |       4.01      
   46708     |      19.37       |       9.41      
   46709     |      14.13       |       5.01      
   46710     |      20.37       |      10.60      
   46711     |      18.26       |       9.40      
   46712     |      17.13       |       8.54      
   46713     |      19.18       |       9.49      
   46714     |       7.17       |       5.36      
   46715     |       4.25       |       6.35      
   46716     |       2.10       |      10.90      
   46717     |       3.86       |       9.47      
   46718     |       7.40       |       4.61      
   46719     |      12.57       |       6.65      
   46720     |      10.04       |       7.38      
   46721     |       5.42       |       7.46      
   46722     |       9.57       |       3.72      
   46723     |      12.38       |       5.54      
   46724     |      18.60       |       9.49      
   46725     |      23.98       |      15.21      
   46726     |      21.38       |      13.06      
   46727     |      23.16       |      14.90      
   46728     |      19.31       |      12.15      
   46729     |      18.03       |      10.93      
   46730     |      20.11       |      12.27      
   46731     |      13.33       |       5.37      
   46732     |      18.72       |       9.48      
   46733     |      24.16       |      15.33      
   46734     |      18.93       |      11.20      
   46735     |      22.87       |      15.16      
   46736     |      22.83       |      15.13      
   46737     |      16.51       |       8.96      
   46738     |      26.15       |      16.90      
   46739     |      20.15       |      10.62      
   46740     |      28.72       |      19.12      
   46741     |      31.28       |      21.73      
   46742     |      32.31       |      22.77      
   46743     |      38.29       |      28.93      
   46744     |      35.35       |      26.07      
   46745     |      35.36       |      26.09      
   46746     |      25.10       |      16.46      
   46747     |      23.87       |      15.19      
   46748     |      15.73       |       9.38      
   46749     |      18.39       |      11.86      
   46750     |      18.15       |      11.75      
   46751     |      15.10       |       9.02      
   46752     |      19.82       |      11.62      
   46753     |      20.24       |      12.08      
   46754     |      22.27       |      13.74      
   46755     |      24.93       |      16.54      
   46756     |      29.18       |      20.40      
   46757     |      23.28       |      14.18      
   46758     |      37.40       |      28.07      
   46759     |      30.52       |      21.27      
   46760     |      29.14       |      19.91      
   46761     |      29.37       |      20.13      
   46762     |      24.89       |      15.67      
   46763     |      24.17       |      15.01      
   46764     |      28.17       |      19.03      
   46765     |      32.37       |      23.12      
   46766     |      37.57       |      28.34      
   46767     |      44.90       |      35.75      
   46768     |      41.14       |      32.05      
   46769     |      47.81       |      38.92      
   46770     |      40.85       |      32.21      
   46771     |      40.18       |      31.52      
   46772     |      40.02       |      31.39      
   46773     |      39.63       |      30.99      
   46774     |      43.56       |      34.80      
   46775     |      42.33       |      33.53      
   46776     |      36.76       |      28.16      
   46777     |      31.86       |      23.05      
   46778     |      31.34       |      22.56      
   46779     |      28.31       |      19.39      
   46780     |      28.91       |      20.00      
   46781     |      28.29       |      19.36      
   46782     |      45.15       |      36.12      
   46783     |      46.31       |      37.30      
   46784     |      64.55       |      55.55      
   46890     |      17.21       |      27.17      
   46891     |      21.01       |      31.96      
   46892     |       3.94       |      14.43      
   46893     |      13.54       |      23.44      
   46894     |      12.25       |      21.96      
   46895     |      13.58       |      24.14      
   46896     |      17.15       |      27.75      
   46897     |      24.59       |      35.46      
   46898     |      24.68       |      35.53      
   46899     |      23.23       |      34.00      
   46900     |      19.96       |      30.66      
   46901     |      23.90       |      34.75      
   46902     |      13.24       |      24.07      
   46903     |      11.92       |      22.71      
   46904     |      16.28       |      27.08      
   46905     |      12.77       |      22.24      
   46906     |      31.11       |      41.67      
   46907     |      28.49       |      38.43      
   46908     |      26.74       |      36.55      
   46909     |      28.86       |      39.31      
   46910     |      26.35       |      36.71      
   46911     |      23.45       |      33.95      
   46912     |      28.06       |      38.64      
   46913     |      30.59       |      41.06      
   46914     |      24.17       |      34.48      
   46915     |      24.30       |      34.60      
   46916     |      19.29       |      29.35      
   46917     |      24.24       |      33.96      
   46918     |      31.52       |      41.61      
   46919     |      29.63       |      39.06      
   46920     |      34.20       |      43.92      
   46921     |      35.97       |      46.11      
   46922     |      40.62       |      50.86      
   46923     |      40.57       |      50.79      
   46924     |      40.85       |      51.07      
   46925     |      40.52       |      50.69      
   46926     |      38.49       |      48.59      
   46927     |      33.03       |      43.33      
   46928     |      37.09       |      47.45      
   46929     |      36.87       |      47.21      
   46930     |      31.12       |      41.35      
   46931     |      30.66       |      40.83      
   46932     |      30.02       |      40.15      
   46933     |      27.17       |      36.39      
   46934     |      28.50       |      37.82      
   46935     |      27.89       |      34.24      
   46936     |      32.62       |      40.22      
   46937     |      33.23       |      42.05      
   46938     |      34.84       |      43.81      
   46939     |      36.72       |      46.47      
   46940     |      22.56       |      31.04      
   46941     |      25.38       |      35.46      
   46942     |      11.80       |      20.69      
   46943     |       6.36       |      15.59      
   46944     |       4.85       |      11.15      
   46945     |       3.67       |      11.91      
   46946     |       4.28       |       8.76      
   46947     |       7.82       |      17.16      
   46948     |       4.70       |      10.21      
   46949     |      12.81       |      19.65      
   46950     |      12.27       |      18.60      
   46951     |      17.77       |      24.35      
   46952     |      17.04       |      23.10      
   46953     |      10.00       |      15.10      
   46954     |      10.06       |      12.98      
   46955     |       9.51       |       2.36      
   46956     |       3.06       |       8.40      
   46957     |      10.79       |       5.40      
   46958     |       7.83       |       6.87      
   46959     |      13.40       |       9.49      
   46960     |      12.27       |       9.62      
   46961     |      17.54       |       7.53      
   46962     |      23.05       |      13.01      
   46963     |      15.83       |       7.49      
   46964     |      20.33       |      11.11      
   46965     |      20.38       |      11.14      
   46966     |      17.00       |       8.35      
   46967     |      20.16       |      10.24      
   46968     |      12.79       |       3.36      
   46969     |      15.91       |       5.97      
   46970     |       3.95       |       6.16      
   46971     |       9.96       |       4.05      
   46972     |       4.38       |       9.71      
   46973     |      11.58       |       9.79      
   46974     |      14.06       |       9.17      
   46975     |       0.33       |      10.06      
   46976     |       3.89       |       6.14      
   46977     |       3.61       |       6.54      
   46978     |      11.46       |       2.14      
   46979     |      25.23       |      16.27      
   46980     |      23.93       |      15.12      
   46981     |      22.37       |      13.50      
   46982     |      22.26       |      13.41      
   46983     |      16.63       |       7.34      
   46984     |      15.99       |       6.79      
   46985     |      21.07       |      12.31      
   46986     |      14.38       |       7.79      
   46987     |      22.71       |      15.75      
   46988     |      26.01       |      18.20      
   46989     |      23.23       |      15.34      
   46990     |      22.76       |      14.99      
   46991     |      21.19       |      13.41      
   46992     |      18.13       |      11.68      
   46993     |      19.24       |      12.66      
   46994     |      23.01       |      15.19      
   46995     |      23.18       |      15.36      
   46996     |      29.40       |      20.69      
   46997     |      31.99       |      22.67      
   46998     |      35.72       |      26.34      
   46999     |      37.65       |      28.14      
   47000     |      32.16       |      22.72      
   47001     |      34.26       |      24.74      
   47002     |      25.62       |      16.15      
   47003     |      23.14       |      14.10      
   47004     |      16.14       |       8.19      
   47005     |      20.55       |      12.81      
   47006     |      15.81       |      10.15      
   47007     |      16.16       |      10.46      
   47008     |      20.40       |      12.36      
   47009     |      23.61       |      15.62      
   47010     |      25.17       |      16.94      
   47011     |      30.82       |      22.80      
   47012     |      26.27       |      19.03      
   47013     |      24.24       |      17.00      
   47014     |      32.11       |      23.73      
   47015     |      23.95       |      15.12      
   47016     |      29.50       |      20.43      
   47017     |      36.30       |      27.58      
   47018     |      26.06       |      18.22      
   47019     |      35.09       |      27.64      
   47020     |      36.19       |      28.61      
   47021     |      37.55       |      30.03      
   47022     |      47.31       |      38.99      
   47023     |      48.01       |      39.72      
   47024     |      49.48       |      41.10      
   47025     |      46.34       |      37.89      
   47026     |      41.55       |      33.39      
   47027     |      41.80       |      33.65      
   47028     |      41.16       |      33.07      
   47029     |      44.05       |      36.07      
   47030     |      44.73       |      36.71      
   47031     |      42.12       |      34.02      
   47032     |      35.30       |      27.82      
   47033     |      32.92       |      25.37      
   47034     |      31.87       |      24.45      
   47035     |      28.65       |      21.11      
   47036     |      30.90       |      23.10      
   47037     |      39.53       |      32.12      
   47038     |      49.26       |      41.17      
   47039     |      49.93       |      41.87      
   47040     |      60.06       |      51.56      
   47146     |      18.38       |      29.34      
   47147     |      14.59       |      25.46      
   47148     |       5.84       |      16.43      
   47149     |       5.72       |      15.09      
   47150     |      12.60       |      23.09      
   47151     |      13.61       |      24.38      
   47152     |      24.77       |      35.58      
   47153     |      24.84       |      35.65      
   47154     |      23.78       |      34.58      
   47155     |      24.74       |      35.57      
   47156     |      15.41       |      26.18      
   47157     |      19.27       |      30.09      
   47158     |      14.70       |      25.49      
   47159     |      13.25       |      24.07      
   47160     |      23.45       |      34.25      
   47161     |      18.02       |      28.26      
   47162     |      34.77       |      45.38      
   47163     |      32.30       |      42.57      
   47164     |      25.12       |      35.10      
   47165     |      25.54       |      35.66      
   47166     |      24.02       |      34.05      
   47167     |      24.57       |      34.77      
   47168     |      31.69       |      42.03      
   47169     |      31.20       |      41.47      
   47170     |      30.89       |      41.14      
   47171     |      27.72       |      36.87      
   47172     |      29.06       |      38.32      
   47173     |      28.22       |      36.65      
   47174     |      30.52       |      39.25      
   47175     |      32.52       |      42.30      
   47176     |      31.21       |      40.92      
   47177     |      32.89       |      43.00      
   47178     |      32.88       |      42.97      
   47179     |      39.21       |      49.79      
   47180     |      39.43       |      49.99      
   47181     |      36.94       |      47.52      
   47182     |      36.17       |      46.73      
   47183     |      32.51       |      42.98      
   47184     |      33.17       |      43.63      
   47185     |      35.55       |      46.07      
   47186     |      37.06       |      47.57      
   47187     |      31.39       |      41.56      
   47188     |      35.48       |      45.70      
   47189     |      32.33       |      41.96      
   47190     |      31.27       |      40.83      
   47191     |      30.10       |      39.03      
   47192     |      31.00       |      40.00      
   47193     |      30.36       |      38.41      
   47194     |      32.82       |      41.23      
   47195     |      33.67       |      42.87      
   47196     |      18.99       |      24.71      
   47197     |      18.52       |      28.18      
   47198     |      10.15       |       8.94      
   47199     |       5.23       |      15.08      
   47200     |       6.31       |       6.11      
   47201     |       6.85       |      10.59      
   47202     |      12.37       |       6.56      
   47203     |      13.40       |      14.18      
   47204     |      12.86       |      15.37      
   47205     |      12.43       |      14.62      
   47206     |      13.78       |      20.74      
   47207     |      11.20       |      18.03      
   47208     |      10.83       |      17.15      
   47209     |      15.35       |      22.02      
   47210     |      14.31       |      19.85      
   47211     |       8.25       |      11.83      
   47212     |       8.98       |      16.39      
   47213     |       2.86       |       8.36      
   47214     |       6.17       |       4.83      
   47215     |       6.76       |       3.75      
   47216     |      20.00       |      10.02      
   47217     |      17.90       |       8.44      
   47218     |      23.85       |      14.06      
   47219     |      23.60       |      13.86      
   47220     |      18.91       |       9.48      
   47221     |      19.74       |      10.05      
   47222     |      13.39       |       4.58      
   47223     |      15.82       |       5.86      
   47224     |       6.79       |       3.33      
   47225     |      13.31       |       5.09      
   47226     |       8.79       |       5.05      
   47227     |      10.74       |       5.85      
   47228     |      14.99       |       6.84      
   47229     |       6.87       |       3.14      
   47230     |       6.87       |       3.12      
   47231     |       6.36       |      11.83      
   47232     |      10.42       |       7.93      
   47233     |      10.84       |      12.91      
   47234     |      25.24       |      17.01      
   47235     |      25.89       |      17.33      
   47236     |      21.15       |      13.46      
   47237     |      22.62       |      13.94      
   47238     |      18.03       |      10.32      
   47239     |      20.44       |      12.79      
   47240     |      26.67       |      17.98      
   47241     |      24.27       |      17.38      
   47242     |      23.41       |      16.80      
   47243     |      27.64       |      20.95      
   47244     |      26.52       |      20.16      
   47245     |      23.49       |      17.23      
   47246     |      26.57       |      19.43      
   47247     |      25.86       |      20.38      
   47248     |      23.03       |      18.68      
   47249     |      23.13       |      17.85      
   47250     |      21.88       |      17.25      
   47251     |      23.30       |      15.55      
   47252     |      29.64       |      21.04      
   47253     |      29.65       |      21.05      
   47254     |      30.68       |      22.01      
   47255     |      35.43       |      25.97      
   47256     |      27.01       |      17.70      
   47257     |      31.60       |      22.07      
   47258     |      28.06       |      18.55      
   47259     |      25.67       |      16.23      
   47260     |      23.48       |      14.09      
   47261     |      19.86       |      11.77      
   47262     |      17.91       |      10.24      
   47263     |      16.79       |      11.36      
   47264     |      26.65       |      19.03      
   47265     |      25.27       |      18.41      
   47266     |      28.57       |      21.11      
   47267     |      30.33       |      22.08      
   47268     |      23.95       |      16.55      
   47269     |      22.85       |      15.43      
   47270     |      25.47       |      17.61      
   47271     |      27.37       |      19.62      
   47272     |      40.13       |      31.46      
   47273     |      37.87       |      29.76      
   47274     |      45.56       |      37.05      
   47275     |      40.20       |      34.26      
   47276     |      44.77       |      38.17      
   47277     |      43.84       |      38.14      
   47278     |      47.37       |      41.16      
   47279     |      50.18       |      42.51      
   47280     |      46.87       |      39.40      
   47281     |      48.23       |      40.40      
   47282     |      43.50       |      36.04      
   47283     |      43.67       |      36.14      
   47284     |      45.16       |      37.52      
   47285     |      39.55       |      31.72      
   47286     |      42.35       |      34.33      
   47287     |      32.09       |      23.55      
   47288     |      30.67       |      22.21      
   47289     |      27.73       |      19.10      
   47290     |      26.59       |      18.03      
   47291     |      29.98       |      21.67      
   47292     |      36.11       |      27.52      
   47293     |      45.02       |      36.90      
   47294     |      49.13       |      40.85      
   47295     |      49.17       |      40.89      
   47296     |      44.96       |      36.83      
   47402     |      29.94       |      40.42      
   47403     |      18.49       |      29.46      
   47404     |      15.46       |      26.42      
   47405     |      12.64       |      20.03      
   47406     |      15.37       |      23.94      
   47407     |      15.39       |      24.76      
   47408     |      23.45       |      33.57      
   47409     |      25.48       |      36.10      
   47410     |      18.28       |      28.70      
   47411     |      23.32       |      34.20      
   47412     |       9.31       |      20.17      
   47413     |      15.77       |      26.16      
   47414     |      16.14       |      26.53      
   47415     |      15.19       |      25.65      
   47416     |      29.77       |      40.44      
   47417     |      23.57       |      34.36      
   47418     |      36.31       |      47.09      
   47419     |      34.14       |      44.86      
   47420     |      27.56       |      38.25      
   47421     |      24.19       |      34.41      
   47422     |      24.24       |      34.46      
   47423     |      23.81       |      33.89      
   47424     |      33.45       |      43.78      
   47425     |      32.31       |      42.46      
   47426     |      33.73       |      43.90      
   47427     |      32.21       |      42.04      
   47428     |      26.97       |      36.48      
   47429     |      27.54       |      37.28      
   47430     |      25.69       |      35.29      
   47431     |      26.66       |      36.60      
   47432     |      29.31       |      39.34      
   47433     |      29.85       |      39.98      
   47434     |      30.95       |      41.09      
   47435     |      32.15       |      42.45      
   47436     |      38.96       |      49.34      
   47437     |      38.09       |      48.39      
   47438     |      36.58       |      46.85      
   47439     |      37.28       |      47.60      
   47440     |      36.29       |      46.59      
   47441     |      34.74       |      44.86      
   47442     |      46.77       |      57.03      
   47443     |      42.22       |      51.81      
   47444     |      39.28       |      48.73      
   47445     |      39.29       |      48.74      
   47446     |      31.75       |      40.67      
   47447     |      32.40       |      41.69      
   47448     |      31.92       |      41.16      
   47449     |      31.41       |      40.31      
   47450     |      27.53       |      35.94      
   47451     |      28.50       |      37.89      
   47452     |      14.16       |      19.03      
   47453     |      12.04       |      19.83      
   47454     |      15.58       |       9.17      
   47455     |       7.07       |       4.66      
   47456     |      12.90       |       3.35      
   47457     |       7.02       |       6.70      
   47458     |      14.36       |       5.82      
   47459     |      13.08       |       7.68      
   47460     |      10.00       |       8.55      
   47461     |      12.32       |      14.98      
   47462     |      14.43       |      22.00      
   47463     |      12.46       |      20.01      
   47464     |      10.91       |      16.56      
   47465     |      12.00       |      17.83      
   47466     |      11.63       |      15.47      
   47467     |      15.98       |      20.99      
   47468     |      15.63       |      19.56      
   47469     |      17.24       |      21.59      
   47470     |      18.53       |      17.77      
   47471     |      18.31       |      17.25      
   47472     |      19.80       |      17.11      
   47473     |      21.91       |      13.29      
   47474     |      18.59       |      10.77      
   47475     |      23.56       |      13.61      
   47476     |      16.12       |       6.38      
   47477     |      18.25       |       8.21      
   47478     |      11.94       |       1.93      
   47479     |      12.84       |       2.85      
   47480     |       7.28       |       2.83      
   47481     |       6.75       |       3.25      
   47482     |       3.10       |       6.90      
   47483     |       8.71       |       4.90      
   47484     |      19.94       |      10.34      
   47485     |      14.05       |       4.20      
   47486     |      18.18       |       8.33      
   47487     |      12.29       |      10.76      
   47488     |      20.22       |      13.20      
   47489     |      19.57       |      18.61      
   47490     |      24.51       |      19.93      
   47491     |      26.36       |      18.69      
   47492     |      23.58       |      16.60      
   47493     |      23.27       |      16.71      
   47494     |      26.51       |      19.10      
   47495     |      25.27       |      19.84      
   47496     |      27.28       |      21.15      
   47497     |      28.68       |      20.95      
   47498     |      24.91       |      18.00      
   47499     |      25.51       |      17.95      
   47500     |      22.16       |      15.48      
   47501     |      22.24       |      15.43      
   47502     |      23.87       |      16.65      
   47503     |      24.66       |      16.68      
   47504     |      19.96       |      13.01      
   47505     |      19.29       |      13.80      
   47506     |      15.63       |      12.64      
   47507     |      16.44       |       9.54      
   47508     |      16.55       |       9.62      
   47509     |      27.18       |      17.71      
   47510     |      18.11       |       8.89      
   47511     |      30.20       |      21.87      
   47512     |      25.83       |      18.06      
   47513     |      28.86       |      21.21      
   47514     |      33.16       |      24.99      
   47515     |      29.19       |      20.83      
   47516     |      37.36       |      28.48      
   47517     |      23.23       |      13.77      
   47518     |      27.68       |      18.25      
   47519     |      19.68       |      13.02      
   47520     |      28.34       |      20.30      
   47521     |      27.09       |      19.67      
   47522     |      27.67       |      20.19      
   47523     |      28.03       |      20.35      
   47524     |      23.84       |      16.91      
   47525     |      23.80       |      16.91      
   47526     |      31.95       |      23.92      
   47527     |      29.74       |      23.01      
   47528     |      45.46       |      37.21      
   47529     |      43.35       |      35.75      
   47530     |      51.05       |      42.96      
   47531     |      49.13       |      41.64      
   47532     |      47.52       |      40.18      
   47533     |      45.74       |      39.39      
   47534     |      43.89       |      37.80      
   47535     |      44.93       |      38.11      
   47536     |      45.86       |      38.96      
   47537     |      47.04       |      39.64      
   47538     |      44.21       |      37.06      
   47539     |      44.34       |      37.14      
   47540     |      42.29       |      35.32      
   47541     |      30.86       |      23.51      
   47542     |      34.07       |      26.38      
   47543     |      17.95       |       8.99      
   47544     |      27.06       |      18.00      
   47545     |      22.03       |      13.06      
   47546     |      28.73       |      19.73      
   47547     |      41.52       |      32.76      
   47548     |      49.56       |      40.71      
   47549     |      44.69       |      36.48      
   47550     |      48.90       |      40.55      
   47551     |      32.41       |      23.39      
   47552     |      42.97       |      33.97      
   47553     |      35.62       |      26.86      
   47658     |      33.16       |      43.93      
   47659     |      28.84       |      39.78      
   47660     |      24.21       |      35.11      
   47661     |      16.70       |      27.20      
   47662     |      16.68       |      27.16      
   47663     |      15.31       |      23.88      
   47664     |      17.36       |      26.40      
   47665     |      21.17       |      31.97      
   47666     |       8.23       |      18.72      
   47667     |      17.60       |      28.03      
   47668     |       8.78       |      18.16      
   47669     |      12.45       |      21.44      
   47670     |      19.65       |      29.65      
   47671     |      16.35       |      26.63      
   47672     |      33.09       |      43.72      
   47673     |      29.66       |      40.41      
   47674     |      35.82       |      46.57      
   47675     |      36.12       |      46.85      
   47676     |      33.45       |      44.16      
   47677     |      27.41       |      38.12      
   47678     |      34.45       |      45.15      
   47679     |      26.83       |      36.26      
   47680     |      38.62       |      48.60      
   47681     |      36.58       |      46.01      
   47682     |      31.69       |      40.76      
   47683     |      34.31       |      44.31      
   47684     |      25.22       |      34.77      
   47685     |      25.97       |      35.81      
   47686     |      26.81       |      36.68      
   47687     |      25.91       |      35.42      
   47688     |      30.76       |      40.53      
   47689     |      30.39       |      40.05      
   47690     |      34.18       |      43.99      
   47691     |      33.06       |      42.54      
   47692     |      42.22       |      52.03      
   47693     |      41.59       |      51.27      
   47694     |      41.96       |      51.64      
   47695     |      40.46       |      49.73      
   47696     |      37.29       |      46.38      
   47697     |      39.08       |      48.72      
   47698     |      44.79       |      54.59      
   47699     |      47.38       |      57.53      
   47700     |      40.08       |      50.10      
   47701     |      38.21       |      47.88      
   47702     |      29.67       |      38.86      
   47703     |      29.95       |      39.28      
   47704     |      25.15       |      34.04      
   47705     |      28.26       |      38.34      
   47706     |      16.26       |      25.78      
   47707     |      20.09       |      30.46      
   47708     |       2.85       |      12.84      
   47709     |       2.83       |      12.73      
   47710     |      10.92       |       1.10      
   47711     |      13.38       |       4.03      
   47712     |      13.27       |       3.97      
   47713     |      12.94       |       3.61      
   47714     |      15.21       |       5.33      
   47715     |      13.12       |       2.91      
   47716     |      13.53       |       3.32      
   47717     |       8.52       |       7.13      
   47718     |       6.37       |       9.20      
   47719     |      17.47       |      23.90      
   47720     |      16.13       |      20.27      
   47721     |      15.75       |      19.77      
   47722     |      15.96       |      20.79      
   47723     |      12.24       |      15.90      
   47724     |      12.23       |      16.78      
   47725     |      12.80       |      17.53      
   47726     |      14.16       |      13.83      
   47727     |      13.99       |      13.26      
   47728     |      14.52       |      13.04      
   47729     |      14.35       |      10.47      
   47730     |      13.23       |      10.57      
   47731     |      16.69       |       7.21      
   47732     |      16.65       |       7.19      
   47733     |      16.40       |       7.07      
   47734     |      14.41       |       5.45      
   47735     |      13.16       |       5.82      
   47736     |      14.44       |       6.49      
   47737     |      12.91       |      10.96      
   47738     |      12.42       |      11.13      
   47739     |      13.73       |      15.13      
   47740     |      20.08       |      14.95      
   47741     |      21.96       |      13.89      
   47742     |      24.56       |      16.09      
   47743     |      22.59       |      15.88      
   47744     |      20.64       |      14.66      
   47745     |      20.98       |      14.39      
   47746     |      19.59       |      13.56      
   47747     |      19.72       |      13.44      
   47748     |      20.92       |      14.21      
   47749     |      21.96       |      14.15      
   47750     |      27.29       |      18.70      
   47751     |      25.75       |      18.03      
   47752     |      26.16       |      18.39      
   47753     |      25.21       |      18.30      
   47754     |      20.65       |      15.39      
   47755     |      22.66       |      14.61      
   47756     |      19.89       |      12.44      
   47757     |      20.17       |      12.44      
   47758     |      22.36       |      14.24      
   47759     |      22.20       |      14.19      
   47760     |      20.72       |      13.02      
   47761     |      20.02       |      13.13      
   47762     |      13.79       |      10.63      
   47763     |      13.80       |      10.28      
   47764     |       9.58       |      14.73      
   47765     |      14.59       |       6.14      
   47766     |       5.57       |       7.80      
   47767     |      24.62       |      19.13      
   47768     |      26.73       |      20.46      
   47769     |      28.73       |      22.42      
   47770     |      34.96       |      27.42      
   47771     |      34.49       |      26.94      
   47772     |      52.52       |      43.66      
   47773     |      36.82       |      27.40      
   47774     |      46.48       |      37.03      
   47775     |      31.52       |      23.47      
   47776     |      26.33       |      18.81      
   47777     |      27.82       |      19.58      
   47778     |      32.29       |      23.79      
   47779     |      28.88       |      21.88      
   47780     |      26.40       |      19.86      
   47781     |      25.94       |      19.92      
   47782     |      33.68       |      26.31      
   47783     |      33.68       |      26.32      
   47784     |      47.25       |      38.93      
   47785     |      46.11       |      38.06      
   47786     |      50.28       |      42.05      
   47787     |      50.39       |      42.14      
   47788     |      44.83       |      36.85      
   47789     |      45.03       |      37.00      
   47790     |      41.81       |      33.99      
   47791     |      40.09       |      32.99      
   47792     |      41.59       |      34.37      
   47793     |      42.90       |      35.17      
   47794     |      40.71       |      33.16      
   47795     |      41.68       |      33.79      
   47796     |      29.64       |      23.01      
   47797     |      30.69       |      23.28      
   47798     |      22.27       |      16.59      
   47799     |      13.40       |       7.90      
   47800     |      22.87       |      14.76      
   47801     |      22.64       |      14.52      
   47802     |      46.89       |      38.02      
   47803     |      42.84       |      34.51      
   47804     |      40.76       |      32.53      
   47805     |      48.97       |      39.95      
   47806     |      32.50       |      23.55      
   47807     |      20.68       |      15.82      
   47808     |      38.03       |      30.12      
   47914     |      27.71       |      38.11      
   47915     |      32.79       |      43.73      
   47916     |      21.03       |      31.94      
   47917     |      24.10       |      35.06      
   47918     |      16.42       |      27.35      
   47919     |      15.42       |      26.35      
   47920     |       8.25       |      19.16      
   47921     |      12.92       |      23.49      
   47922     |       4.95       |      14.09      
   47923     |      11.30       |      19.84      
   47924     |      11.98       |      20.77      
   47925     |       9.42       |      18.43      
   47926     |      24.07       |      34.55      
   47927     |      18.05       |      28.84      
   47928     |      30.42       |      41.21      
   47929     |      32.89       |      43.62      
   47930     |      34.41       |      45.14      
   47931     |      35.91       |      46.58      
   47932     |      40.63       |      51.32      
   47933     |      33.64       |      44.39      
   47934     |      39.16       |      49.89      
   47935     |      35.10       |      45.64      
   47936     |      40.69       |      51.26      
   47937     |      37.51       |      47.79      
   47938     |      31.32       |      41.46      
   47939     |      29.58       |      39.27      
   47940     |      26.79       |      36.30      
   47941     |      26.22       |      35.42      
   47942     |      33.07       |      42.70      
   47943     |      31.00       |      39.49      
   47944     |      40.66       |      49.94      
   47945     |      38.06       |      45.72      
   47946     |      38.40       |      46.09      
   47947     |      39.17       |      47.57      
   47948     |      38.43       |      46.74      
   47949     |      42.39       |      52.15      
   47950     |      41.93       |      51.66      
   47951     |      41.82       |      51.53      
   47952     |      38.09       |      47.64      
   47953     |      36.87       |      46.05      
   47954     |      35.83       |      44.93      
   47955     |      42.38       |      52.68      
   47956     |      34.90       |      45.11      
   47957     |      37.98       |      48.40      
   47958     |      27.15       |      37.51      
   47959     |      25.69       |      35.90      
   47960     |      18.95       |      28.98      
   47961     |      20.23       |      30.48      
   47962     |      13.13       |      23.21      
   47963     |      14.06       |      24.33      
   47964     |       6.19       |      16.16      
   47965     |       6.13       |      14.07      
   47966     |       7.58       |       6.68      
   47967     |      13.89       |       9.10      
   47968     |      16.47       |       9.45      
   47969     |      14.72       |       7.91      
   47970     |      17.99       |       9.44      
   47971     |      15.78       |       7.15      
   47972     |      12.88       |       6.07      
   47973     |      14.75       |       7.68      
   47974     |      10.14       |       8.76      
   47975     |       4.33       |       9.15      
   47976     |       5.08       |       7.73      
   47977     |       4.40       |      14.03      
   47978     |       3.06       |       9.67      
   47979     |       8.83       |      16.42      
   47980     |       7.91       |      13.28      
   47981     |       9.03       |      14.79      
   47982     |       9.51       |      11.97      
   47983     |       8.68       |       8.57      
   47984     |      10.55       |       7.53      
   47985     |      10.45       |       8.53      
   47986     |       8.82       |       9.66      
   47987     |       9.27       |       5.05      
   47988     |      11.91       |       4.88      
   47989     |      16.16       |       6.11      
   47990     |      23.90       |      13.88      
   47991     |      16.78       |      10.18      
   47992     |      20.28       |      12.45      
   47993     |      18.87       |      13.83      
   47994     |      20.66       |      14.72      
   47995     |      21.68       |      21.10      
   47996     |      26.21       |      22.18      
   47997     |      26.29       |      22.78      
   47998     |      25.27       |      22.40      
   47999     |      26.51       |      18.99      
   48000     |      19.85       |      14.53      
   48001     |      20.20       |      14.04      
   48002     |      21.47       |      14.86      
   48003     |      20.87       |      15.41      
   48004     |      21.09       |      15.55      
   48005     |      21.51       |      15.12      
   48006     |      23.96       |      16.85      
   48007     |      26.76       |      17.91      
   48008     |      27.07       |      18.21      
   48009     |      25.41       |      17.29      
   48010     |      14.17       |      10.49      
   48011     |      16.27       |       8.31      
   48012     |      16.52       |       8.52      
   48013     |      17.95       |       8.98      
   48014     |      20.01       |      10.90      
   48015     |      20.65       |      11.36      
   48016     |      16.02       |       7.08      
   48017     |      18.32       |       8.75      
   48018     |      10.88       |       1.61      
   48019     |       9.26       |       2.89      
   48020     |       3.28       |       7.77      
   48021     |       6.09       |      12.76      
   48022     |       6.57       |       9.57      
   48023     |       6.17       |       7.95      
   48024     |      14.00       |       6.47      
   48025     |      21.73       |      12.29      
   48026     |      32.73       |      23.23      
   48027     |      31.63       |      22.13      
   48028     |      55.52       |      46.03      
   48029     |      52.85       |      43.42      
   48030     |      51.37       |      41.95      
   48031     |      47.94       |      38.67      
   48032     |      30.21       |      21.09      
   48033     |      25.66       |      17.87      
   48034     |      30.32       |      22.12      
   48035     |      31.88       |      23.24      
   48036     |      26.69       |      18.35      
   48037     |      24.66       |      17.41      
   48038     |      34.03       |      25.82      
   48039     |      32.69       |      24.99      
   48040     |      42.64       |      34.30      
   48041     |      45.49       |      36.67      
   48042     |      45.25       |      36.46      
   48043     |      47.43       |      38.42      
   48044     |      41.50       |      32.58      
   48045     |      41.67       |      32.74      
   48046     |      42.45       |      33.52      
   48047     |      39.65       |      31.13      
   48048     |      40.39       |      31.86      
   48049     |      38.69       |      30.56      
   48050     |      35.97       |      28.02      
   48051     |      37.91       |      29.44      
   48052     |      26.68       |      18.94      
   48053     |      26.88       |      19.04      
   48054     |      14.82       |      10.38      
   48055     |      18.08       |      13.36      
   48056     |      24.79       |      17.92      
   48057     |      29.64       |      22.98      
   48058     |      43.63       |      35.66      
   48059     |      47.48       |      38.79      
   48060     |      39.98       |      31.47      
   48061     |      23.82       |      15.05      
   48062     |      14.86       |       6.95      
   48063     |      13.83       |      10.85      
   48064     |      27.10       |      19.24      
   48170     |      30.44       |      40.80      
   48171     |      29.11       |      39.05      
   48172     |      20.08       |      29.10      
   48173     |      22.22       |      32.67      
   48174     |       7.41       |      14.97      
   48175     |      17.78       |      28.10      
   48176     |       8.71       |      17.11      
   48177     |      13.22       |      21.40      
   48178     |      12.80       |      20.74      
   48179     |       6.48       |      14.60      
   48180     |      12.33       |      22.49      
   48181     |       8.90       |      19.44      
   48182     |      23.52       |      34.30      
   48183     |      23.44       |      34.21      
   48184     |      31.05       |      41.84      
   48185     |      30.42       |      41.20      
   48186     |      35.77       |      46.54      
   48187     |      34.41       |      45.19      
   48188     |      38.77       |      49.54      
   48189     |      40.58       |      51.33      
   48190     |      37.16       |      47.89      
   48191     |      39.02       |      49.71      
   48192     |      38.27       |      48.95      
   48193     |      40.47       |      51.09      
   48194     |      30.12       |      40.65      
   48195     |      33.76       |      44.45      
   48196     |      32.86       |      43.54      
   48197     |      24.44       |      34.80      
   48198     |      38.39       |      48.87      
   48199     |      32.83       |      42.52      
   48200     |      44.65       |      54.65      
   48201     |      40.88       |      50.08      
   48202     |      38.67       |      47.74      
   48203     |      36.84       |      44.92      
   48204     |      36.59       |      44.62      
   48205     |      37.39       |      45.97      
   48206     |      35.66       |      44.07      
   48207     |      40.91       |      50.90      
   48208     |      32.15       |      41.90      
   48209     |      35.42       |      45.66      
   48210     |      28.25       |      38.36      
   48211     |      30.82       |      41.19      
   48212     |      25.50       |      35.82      
   48213     |      33.18       |      43.66      
   48214     |      27.36       |      37.81      
   48215     |      26.46       |      36.92      
   48216     |      23.80       |      34.24      
   48217     |      17.96       |      28.26      
   48218     |      13.05       |      23.27      
   48219     |      12.84       |      23.01      
   48220     |       5.73       |      15.55      
   48221     |       6.03       |      16.08      
   48222     |       3.94       |      13.77      
   48223     |      11.53       |      11.18      
   48224     |      13.29       |       9.76      
   48225     |      19.23       |      13.96      
   48226     |      20.11       |      14.18      
   48227     |      21.43       |      15.36      
   48228     |      16.28       |      15.82      
   48229     |      21.36       |      18.86      
   48230     |      20.05       |      19.65      
   48231     |      19.29       |      19.26      
   48232     |      21.53       |      18.21      
   48233     |      11.49       |      13.16      
   48234     |      15.17       |      10.45      
   48235     |       1.68       |       9.60      
   48236     |       6.64       |       3.68      
   48237     |       5.21       |      12.04      
   48238     |       7.32       |       7.91      
   48239     |       7.90       |      10.80      
   48240     |      10.35       |       8.67      
   48241     |      10.44       |       7.41      
   48242     |       7.64       |       9.25      
   48243     |       7.55       |       8.58      
   48244     |       6.00       |      11.16      
   48245     |      11.01       |       2.38      
   48246     |      27.13       |      17.11      
   48247     |      23.97       |      13.98      
   48248     |      30.43       |      20.46      
   48249     |      21.77       |      14.83      
   48250     |      22.83       |      15.59      
   48251     |      21.87       |      16.45      
   48252     |      22.30       |      16.70      
   48253     |      22.15       |      17.09      
   48254     |      17.61       |      15.72      
   48255     |      17.55       |      12.80      
   48256     |      19.57       |      13.76      
   48257     |      19.43       |      13.96      
   48258     |      20.87       |      14.78      
   48259     |      21.23       |      14.53      
   48260     |      21.50       |      14.73      
   48261     |      20.86       |      15.25      
   48262     |      23.95       |      17.25      
   48263     |      24.18       |      17.20      
   48264     |      22.41       |      15.94      
   48265     |      26.59       |      17.50      
   48266     |      12.52       |       6.94      
   48267     |      12.22       |       7.55      
   48268     |      14.04       |       7.93      
   48269     |      15.92       |       7.27      
   48270     |      19.23       |      10.21      
   48271     |      19.86       |      10.63      
   48272     |      11.98       |       4.02      
   48273     |      15.44       |       5.79      
   48274     |      11.88       |       2.25      
   48275     |      10.85       |       1.44      
   48276     |      12.50       |       3.03      
   48277     |       9.49       |      11.78      
   48278     |      11.53       |      10.33      
   48279     |      13.00       |      14.75      
   48280     |      18.59       |      14.64      
   48281     |      18.73       |      13.92      
   48282     |      41.10       |      32.56      
   48283     |      38.64       |      30.93      
   48284     |      53.85       |      45.30      
   48285     |      57.87       |      48.76      
   48286     |      43.30       |      34.45      
   48287     |      51.22       |      41.79      
   48288     |      36.44       |      27.02      
   48289     |      30.77       |      21.88      
   48290     |      29.57       |      20.73      
   48291     |      29.06       |      20.35      
   48292     |      29.63       |      20.91      
   48293     |      27.41       |      19.43      
   48294     |      34.08       |      25.65      
   48295     |      33.69       |      25.37      
   48296     |      39.42       |      30.86      
   48297     |      41.14       |      32.31      
   48298     |      40.53       |      31.73      
   48299     |      44.08       |      34.95      
   48300     |      38.33       |      29.27      
   48301     |      40.55       |      31.36      
   48302     |      41.09       |      31.91      
   48303     |      41.53       |      32.34      
   48304     |      44.82       |      35.64      
   48305     |      39.55       |      30.77      
   48306     |      38.18       |      29.44      
   48307     |      35.40       |      27.26      
   48308     |      27.60       |      20.12      
   48309     |      27.43       |      20.07      
   48310     |      17.84       |      13.03      
   48311     |      25.18       |      20.10      
   48312     |      29.59       |      23.41      
   48313     |      29.91       |      23.36      
   48314     |      38.01       |      30.51      
   48315     |      41.80       |      33.27      
   48316     |      25.47       |      17.81      
   48317     |      25.26       |      17.73      
   48318     |      12.28       |      10.02      
   48319     |      14.40       |      11.60      
   48320     |      30.52       |      22.87      
   48426     |      29.14       |      40.10      
   48427     |      36.62       |      47.47      
   48428     |      14.95       |      25.44      
   48429     |      15.80       |      26.51      
   48430     |       4.21       |       9.22      
   48431     |       2.40       |      13.09      
   48432     |       4.24       |      15.04      
   48433     |       5.22       |      15.87      
   48434     |       9.83       |      20.63      
   48435     |       7.71       |      18.58      
   48436     |      11.97       |      22.82      
   48437     |      11.40       |      22.22      
   48438     |      24.40       |      35.21      
   48439     |      23.79       |      34.57      
   48440     |      35.74       |      46.51      
   48441     |      32.23       |      42.79      
   48442     |      33.04       |      43.59      
   48443     |      36.11       |      46.84      
   48444     |      28.10       |      38.81      
   48445     |      39.15       |      49.70      
   48446     |      36.64       |      47.15      
   48447     |      37.88       |      48.34      
   48448     |      39.02       |      49.47      
   48449     |      40.14       |      50.68      
   48450     |      34.58       |      45.04      
   48451     |      35.55       |      46.09      
   48452     |      33.53       |      44.04      
   48453     |      35.30       |      45.91      
   48454     |      38.34       |      48.95      
   48455     |      42.49       |      53.14      
   48456     |      46.00       |      56.65      
   48457     |      42.84       |      53.44      
   48458     |      36.71       |      47.29      
   48459     |      34.28       |      44.77      
   48460     |      30.68       |      41.13      
   48461     |      29.14       |      39.46      
   48462     |      31.54       |      41.87      
   48463     |      29.78       |      39.91      
   48464     |      28.21       |      38.28      
   48465     |      30.14       |      40.45      
   48466     |      21.52       |      31.69      
   48467     |      26.65       |      37.17      
   48468     |      18.52       |      29.02      
   48469     |      24.79       |      35.16      
   48470     |      28.12       |      38.51      
   48471     |      27.41       |      37.82      
   48472     |      25.69       |      36.07      
   48473     |      23.80       |      34.23      
   48474     |      16.54       |      26.88      
   48475     |      12.37       |      22.80      
   48476     |      10.83       |      21.24      
   48477     |       7.58       |      16.40      
   48478     |       7.46       |      16.21      
   48479     |       7.72       |      15.46      
   48480     |       7.93       |       7.93      
   48481     |      13.14       |       9.53      
   48482     |      15.92       |       9.45      
   48483     |      18.68       |      11.90      
   48484     |      14.04       |      11.83      
   48485     |      11.97       |      10.95      
   48486     |      12.59       |      10.45      
   48487     |      11.47       |      10.01      
   48488     |      19.28       |      11.08      
   48489     |      13.42       |       5.15      
   48490     |      14.26       |       5.57      
   48491     |      11.96       |       3.14      
   48492     |      14.51       |       4.83      
   48493     |       7.89       |       5.03      
   48494     |      13.56       |       5.15      
   48495     |      12.27       |      12.40      
   48496     |      15.35       |      11.73      
   48497     |      15.80       |      14.62      
   48498     |      13.67       |      16.43      
   48499     |      12.03       |      13.09      
   48500     |      11.18       |      14.47      
   48501     |      11.41       |      14.85      
   48502     |      29.25       |      20.85      
   48503     |      30.03       |      21.25      
   48504     |      35.02       |      25.91      
   48505     |      33.69       |      25.02      
   48506     |      25.27       |      17.80      
   48507     |      24.49       |      18.01      
   48508     |      19.73       |      15.42      
   48509     |      20.39       |      14.01      
   48510     |      15.38       |      11.97      
   48511     |      15.41       |      13.16      
   48512     |      17.43       |      13.47      
   48513     |      18.27       |      11.80      
   48514     |      18.25       |      11.81      
   48515     |      18.78       |      11.57      
   48516     |      20.25       |      12.63      
   48517     |      20.14       |      12.63      
   48518     |      19.96       |      12.52      
   48519     |      20.99       |      12.70      
   48520     |      14.23       |       8.20      
   48521     |      18.18       |       8.74      
   48522     |      14.12       |       5.02      
   48523     |      11.86       |       5.60      
   48524     |      14.77       |       6.95      
   48525     |      13.80       |       7.51      
   48526     |      19.68       |      11.42      
   48527     |      19.93       |      11.51      
   48528     |      17.09       |       9.24      
   48529     |      15.49       |      10.58      
   48530     |      13.05       |      10.15      
   48531     |      13.94       |       7.47      
   48532     |      13.07       |       7.12      
   48533     |      13.83       |       6.48      
   48534     |      15.02       |       7.28      
   48535     |      13.34       |      12.32      
   48536     |      29.39       |      21.61      
   48537     |      27.27       |      24.84      
   48538     |      51.23       |      43.67      
   48539     |      49.48       |      42.91      
   48540     |      52.08       |      45.24      
   48541     |      55.52       |      47.35      
   48542     |      35.42       |      29.05      
   48543     |      42.68       |      33.67      
   48544     |      34.50       |      25.69      
   48545     |      37.20       |      28.02      
   48546     |      32.80       |      23.69      
   48547     |      30.06       |      21.46      
   48548     |      27.22       |      18.80      
   48549     |      29.19       |      20.28      
   48550     |      32.31       |      23.34      
   48551     |      32.61       |      23.61      
   48552     |      38.71       |      29.63      
   48553     |      38.08       |      29.08      
   48554     |      37.29       |      28.31      
   48555     |      39.39       |      30.24      
   48556     |      29.66       |      20.61      
   48557     |      37.52       |      28.27      
   48558     |      40.13       |      30.89      
   48559     |      40.66       |      31.44      
   48560     |      53.23       |      44.00      
   48561     |      45.14       |      36.05      
   48562     |      43.50       |      34.43      
   48563     |      38.77       |      30.25      
   48564     |      31.94       |      23.72      
   48565     |      29.20       |      22.41      
   48566     |      25.97       |      19.80      
   48567     |      25.47       |      20.51      
   48568     |      26.12       |      20.96      
   48569     |      27.37       |      20.37      
   48570     |      35.60       |      27.78      
   48571     |      36.32       |      28.26      
   48572     |      28.97       |      21.46      
   48573     |      27.76       |      21.18      
   48574     |      16.58       |      14.40      
   48575     |      21.48       |      18.52      
   48576     |      34.55       |      28.00      
   48577     |      34.28       |      27.98      
   48682     |      38.95       |      49.61      
   48683     |      37.94       |      48.40      
   48684     |      19.35       |      28.20      
   48685     |      19.44       |      28.94      
   48686     |      14.32       |      22.43      
   48687     |       2.47       |       8.54      
   48688     |      12.19       |      23.11      
   48689     |       9.02       |      17.48      
   48690     |      12.46       |      21.94      
   48691     |      12.60       |      22.40      
   48692     |      13.79       |      23.68      
   48693     |      14.02       |      24.10      
   48694     |      24.76       |      35.21      
   48695     |      25.41       |      35.96      
   48696     |      35.59       |      46.21      
   48697     |      36.24       |      46.90      
   48698     |      30.55       |      41.17      
   48699     |      32.31       |      43.02      
   48700     |      20.80       |      31.49      
   48701     |      28.00       |      38.64      
   48702     |      31.52       |      42.18      
   48703     |      36.86       |      47.30      
   48704     |      40.40       |      50.88      
   48705     |      41.84       |      52.42      
   48706     |      35.72       |      46.23      
   48707     |      36.57       |      47.14      
   48708     |      35.63       |      46.17      
   48709     |      34.79       |      45.26      
   48710     |      43.29       |      53.83      
   48711     |      42.19       |      52.65      
   48712     |      46.89       |      57.38      
   48713     |      48.04       |      58.59      
   48714     |      37.69       |      48.15      
   48715     |      40.29       |      50.88      
   48716     |      30.85       |      41.37      
   48717     |      30.62       |      41.12      
   48718     |      31.47       |      41.97      
   48719     |      32.85       |      43.40      
   48720     |      31.70       |      42.22      
   48721     |      26.45       |      37.00      
   48722     |      16.76       |      27.29      
   48723     |      20.31       |      30.81      
   48724     |      15.88       |      26.32      
   48725     |      18.72       |      29.01      
   48726     |      31.14       |      41.57      
   48727     |      28.00       |      38.48      
   48728     |      30.14       |      40.61      
   48729     |      26.11       |      36.52      
   48730     |      16.33       |      26.72      
   48731     |      16.70       |      27.10      
   48732     |       8.83       |      19.22      
   48733     |      10.76       |      21.15      
   48734     |       3.33       |      13.43      
   48735     |       5.01       |      14.86      
   48736     |       3.55       |       9.31      
   48737     |       5.44       |       4.92      
   48738     |       9.84       |       0.55      
   48739     |      13.75       |       4.26      
   48740     |      14.82       |       5.08      
   48741     |       9.01       |       2.77      
   48742     |       9.76       |       2.49      
   48743     |       8.91       |       3.97      
   48744     |      10.86       |       3.62      
   48745     |      17.98       |       8.05      
   48746     |      18.37       |       8.43      
   48747     |      13.99       |       3.85      
   48748     |      20.97       |      10.84      
   48749     |      16.50       |       8.35      
   48750     |      19.10       |      10.37      
   48751     |      17.24       |      11.38      
   48752     |      18.94       |      12.27      
   48753     |      18.36       |      15.47      
   48754     |      16.46       |      15.55      
   48755     |      19.27       |      21.32      
   48756     |      21.86       |      20.31      
   48757     |      25.75       |      27.55      
   48758     |      35.98       |      30.82      
   48759     |      36.31       |      30.09      
   48760     |      33.92       |      28.36      
   48761     |      36.92       |      28.49      
   48762     |      24.22       |      18.22      
   48763     |      25.27       |      17.82      
   48764     |      17.04       |      12.94      
   48765     |      17.30       |      12.09      
   48766     |      17.28       |      12.10      
   48767     |      16.96       |      14.00      
   48768     |      20.59       |      15.30      
   48769     |      20.30       |      17.17      
   48770     |      20.26       |      17.17      
   48771     |      20.52       |      15.20      
   48772     |      16.73       |      13.90      
   48773     |      19.27       |      10.98      
   48774     |      16.38       |       8.83      
   48775     |      18.11       |       9.21      
   48776     |      15.50       |       7.05      
   48777     |      13.87       |       7.55      
   48778     |      14.73       |       7.96      
   48779     |      15.19       |       7.73      
   48780     |      14.01       |       7.10      
   48781     |      14.70       |       6.82      
   48782     |      18.57       |       9.89      
   48783     |      18.98       |      10.10      
   48784     |      20.02       |      11.08      
   48785     |      17.80       |      10.46      
   48786     |      16.40       |       9.55      
   48787     |      15.38       |      12.98      
   48788     |      17.64       |      13.52      
   48789     |      17.61       |      13.77      
   48790     |      25.41       |      18.58      
   48791     |      24.27       |      20.35      
   48792     |      45.44       |      37.49      
   48793     |      41.71       |      36.88      
   48794     |      53.97       |      47.17      
   48795     |      54.26       |      47.28      
   48796     |      46.44       |      40.49      
   48797     |      48.91       |      41.38      
   48798     |      32.37       |      27.27      
   48799     |      33.69       |      26.86      
   48800     |      29.55       |      23.47      
   48801     |      34.68       |      25.95      
   48802     |      28.91       |      20.46      
   48803     |      32.64       |      23.47      
   48804     |      22.45       |      13.52      
   48805     |      25.57       |      16.24      
   48806     |      28.92       |      19.60      
   48807     |      31.39       |      22.03      
   48808     |      43.00       |      33.66      
   48809     |      38.29       |      29.09      
   48810     |      39.59       |      30.40      
   48811     |      37.24       |      28.26      
   48812     |      30.18       |      21.35      
   48813     |      30.16       |      21.35      
   48814     |      43.25       |      34.25      
   48815     |      41.71       |      32.88      
   48816     |      54.13       |      45.17      
   48817     |      54.75       |      45.75      
   48818     |      43.68       |      34.79      
   48819     |      44.01       |      35.10      
   48820     |      37.10       |      28.29      
   48821     |      32.98       |      25.18      
   48822     |      28.10       |      20.81      
   48823     |      26.78       |      20.93      
   48824     |      23.47       |      18.60      
   48825     |      23.87       |      17.92      
   48826     |      34.04       |      26.52      
   48827     |      35.15       |      27.18      
   48828     |      28.54       |      21.15      
   48829     |      28.82       |      21.27      
   48830     |      16.64       |      12.08      
   48831     |      18.36       |      13.71      
   48832     |      38.10       |      30.18      
   48833     |      35.15       |      28.80      
   48938     |      39.36       |      49.52      
   48939     |      39.05       |      49.06      
   48940     |      24.21       |      32.35      
   48941     |      24.07       |      33.36      
   48942     |      17.13       |      24.28      
   48943     |      16.63       |      26.67      
   48944     |      22.36       |      32.75      
   48945     |      12.27       |      23.16      
   48946     |       7.91       |      18.79      
   48947     |       8.70       |      19.58      
   48948     |      14.41       |      25.27      
   48949     |      11.85       |      22.47      
   48950     |      26.68       |      37.39      
   48951     |      24.71       |      35.16      
   48952     |      32.03       |      42.56      
   48953     |      34.98       |      45.73      
   48954     |      29.45       |      40.17      
   48955     |      30.03       |      40.77      
   48956     |      18.70       |      29.42      
   48957     |      20.47       |      31.23      
   48958     |      26.51       |      37.25      
   48959     |      31.58       |      42.21      
   48960     |      41.49       |      52.16      
   48961     |      38.42       |      48.87      
   48962     |      37.29       |      47.70      
   48963     |      40.02       |      50.64      
   48964     |      34.43       |      44.99      
   48965     |      33.60       |      44.09      
   48966     |      41.77       |      52.32      
   48967     |      38.26       |      48.49      
   48968     |      48.87       |      59.25      
   48969     |      47.32       |      57.55      
   48970     |      42.60       |      52.71      
   48971     |      44.06       |      54.36      
   48972     |      32.80       |      42.81      
   48973     |      36.13       |      46.58      
   48974     |      33.50       |      43.90      
   48975     |      32.94       |      43.29      
   48976     |      31.26       |      41.57      
   48977     |      32.35       |      42.61      
   48978     |      23.79       |      33.76      
   48979     |      16.87       |      27.23      
   48980     |      20.26       |      30.66      
   48981     |      15.84       |      26.34      
   48982     |      30.75       |      41.24      
   48983     |      31.24       |      41.72      
   48984     |      36.38       |      46.85      
   48985     |      31.26       |      41.51      
   48986     |      16.16       |      26.23      
   48987     |      16.91       |      27.10      
   48988     |       2.60       |       9.65      
   48989     |      10.25       |      19.68      
   48990     |       6.71       |      13.27      
   48991     |       8.35       |      15.21      
   48992     |       9.33       |      17.39      
   48993     |       2.49       |       9.03      
   48994     |       6.86       |       4.62      
   48995     |       9.81       |       0.68      
   48996     |      13.86       |       3.56      
   48997     |      14.67       |       4.41      
   48998     |      13.21       |       3.03      
   48999     |       9.76       |       2.51      
   49000     |      12.37       |       3.20      
   49001     |      11.08       |       4.16      
   49002     |      21.11       |      11.50      
   49003     |      19.99       |      10.89      
   49004     |      23.16       |      13.79      
   49005     |      22.70       |      13.54      
   49006     |      19.97       |      11.15      
   49007     |      19.53       |      11.10      
   49008     |      18.50       |      10.34      
   49009     |      17.78       |      10.46      
   49010     |      16.23       |       9.58      
   49011     |      15.53       |      14.55      
   49012     |      22.31       |      16.47      
   49013     |      22.63       |      21.17      
   49014     |      28.41       |      23.46      
   49015     |      29.21       |      22.34      
   49016     |      24.35       |      19.07      
   49017     |      26.38       |      18.35      
   49018     |      18.41       |      12.81      
   49019     |      20.17       |      12.09      
   49020     |      14.26       |       8.54      
   49021     |      14.17       |       8.66      
   49022     |      15.28       |       9.08      
   49023     |      15.34       |       9.02      
   49024     |      18.75       |      11.13      
   49025     |      17.94       |      11.36      
   49026     |      16.68       |      10.70      
   49027     |      16.12       |      11.85      
   49028     |      15.10       |      11.67      
   49029     |      15.08       |      11.83      
   49030     |      16.59       |      12.16      
   49031     |      17.49       |      10.83      
   49032     |      17.55       |      10.89      
   49033     |      17.49       |      10.92      
   49034     |      15.89       |      10.11      
   49035     |      15.91       |      10.08      
   49036     |      14.61       |       9.63      
   49037     |      15.00       |       8.98      
   49038     |      13.28       |       8.42      
   49039     |      17.81       |       8.37      
   49040     |      20.93       |      11.46      
   49041     |      19.66       |      10.46      
   49042     |      23.45       |      14.15      
   49043     |      18.43       |      12.67      
   49044     |      25.27       |      17.70      
   49045     |      23.51       |      20.62      
   49046     |      38.69       |      31.56      
   49047     |      36.95       |      32.76      
   49048     |      52.07       |      45.15      
   49049     |      51.73       |      45.04      
   49050     |      49.19       |      42.84      
   49051     |      50.80       |      43.42      
   49052     |      37.38       |      31.93      
   49053     |      39.62       |      32.20      
   49054     |      25.95       |      21.34      
   49055     |      27.09       |      20.49      
   49056     |      24.21       |      18.26      
   49057     |      25.71       |      18.16      
   49058     |      25.43       |      17.94      
   49059     |      28.30       |      19.57      
   49060     |      22.20       |      13.90      
   49061     |      22.90       |      14.31      
   49062     |      28.64       |      19.79      
   49063     |      29.55       |      20.55      
   49064     |      44.82       |      35.66      
   49065     |      44.04       |      34.94      
   49066     |      46.39       |      37.29      
   49067     |      41.75       |      33.21      
   49068     |      41.15       |      32.64      
   49069     |      36.40       |      29.74      
   49070     |      47.12       |      39.53      
   49071     |      47.69       |      39.92      
   49072     |      47.10       |      39.38      
   49073     |      54.24       |      45.32      
   49074     |      41.76       |      33.02      
   49075     |      43.51       |      34.58      
   49076     |      40.61       |      31.74      
   49077     |      37.98       |      29.50      
   49078     |      32.91       |      24.66      
   49079     |      29.86       |      23.26      
   49080     |      25.38       |      19.73      
   49081     |      25.09       |      20.74      
   49082     |      32.61       |      26.35      
   49083     |      34.16       |      26.70      
   49084     |      29.49       |      22.61      
   49085     |      29.58       |      22.63      
   49086     |      19.60       |      15.28      
   49087     |      19.59       |      15.44      
   49088     |      36.24       |      28.85      
   49089     |      37.88       |      29.89      
   49194     |      36.66       |      47.16      
   49195     |      35.59       |      45.57      
   49196     |      25.75       |      34.60      
   49197     |      25.68       |      34.95      
   49198     |      21.50       |      29.84      
   49199     |      23.23       |      31.49      
   49200     |      27.45       |      36.74      
   49201     |      23.75       |      33.30      
   49202     |      18.55       |      26.95      
   49203     |      10.31       |      19.30      
   49204     |      19.68       |      30.09      
   49205     |      14.38       |      25.16      
   49206     |      35.07       |      45.91      
   49207     |      27.82       |      38.23      
   49208     |      31.63       |      42.06      
   49209     |      32.15       |      42.64      
   49210     |      22.58       |      32.95      
   49211     |      29.04       |      39.83      
   49212     |      18.43       |      29.19      
   49213     |      18.53       |      29.28      
   49214     |      24.53       |      35.27      
   49215     |      26.38       |      37.09      
   49216     |      32.74       |      43.46      
   49217     |      37.27       |      47.91      
   49218     |      39.91       |      50.56      
   49219     |      40.01       |      50.65      
   49220     |      33.20       |      43.78      
   49221     |      36.54       |      47.22      
   49222     |      33.40       |      44.07      
   49223     |      36.34       |      46.96      
   49224     |      45.11       |      55.74      
   49225     |      39.23       |      49.49      
   49226     |      43.92       |      54.26      
   49227     |      40.37       |      50.03      
   49228     |      39.93       |      49.56      
   49229     |      40.88       |      50.77      
   49230     |      36.52       |      46.19      
   49231     |      39.02       |      49.30      
   49232     |      38.36       |      48.62      
   49233     |      31.21       |      41.71      
   49234     |      29.70       |      40.17      
   49235     |      22.94       |      33.45      
   49236     |      26.67       |      37.16      
   49237     |      21.85       |      31.90      
   49238     |      24.48       |      34.55      
   49239     |      30.74       |      41.22      
   49240     |      27.44       |      37.90      
   49241     |      36.43       |      46.75      
   49242     |      24.44       |      34.45      
   49243     |      14.99       |      25.42      
   49244     |       3.49       |      13.15      
   49245     |       1.34       |       9.31      
   49246     |       3.11       |       7.34      
   49247     |       3.40       |      12.07      
   49248     |       4.63       |      14.32      
   49249     |       6.89       |      16.34      
   49250     |       7.59       |       7.62      
   49251     |       7.89       |       5.90      
   49252     |      13.75       |       5.76      
   49253     |      14.62       |       5.56      
   49254     |      14.60       |       5.57      
   49255     |      14.18       |       5.59      
   49256     |      17.79       |       8.51      
   49257     |      15.28       |       9.06      
   49258     |      19.44       |      11.58      
   49259     |      21.51       |      12.17      
   49260     |      19.89       |      10.73      
   49261     |      22.12       |      12.21      
   49262     |      22.34       |      12.45      
   49263     |      19.67       |      10.69      
   49264     |      17.98       |       9.26      
   49265     |      17.94       |       9.24      
   49266     |      19.12       |      10.25      
   49267     |      16.73       |      10.43      
   49268     |      20.03       |      12.48      
   49269     |      19.66       |      12.56      
   49270     |      20.86       |      13.40      
   49271     |      21.05       |      13.39      
   49272     |      21.76       |      13.95      
   49273     |      20.81       |      14.08      
   49274     |      16.25       |      11.91      
   49275     |      16.97       |      10.57      
   49276     |      13.49       |       9.46      
   49277     |      14.06       |       8.22      
   49278     |      13.02       |       7.97      
   49279     |      14.11       |       6.81      
   49280     |      13.24       |       6.43      
   49281     |      16.72       |       7.08      
   49282     |      12.72       |       3.39      
   49283     |      13.51       |       3.84      
   49284     |      14.08       |       4.41      
   49285     |      10.80       |       4.69      
   49286     |      17.22       |       8.47      
   49287     |      14.63       |       9.24      
   49288     |      14.44       |       9.19      
   49289     |      16.01       |       8.06      
   49290     |      12.46       |       6.13      
   49291     |      13.55       |       5.48      
   49292     |       9.46       |       4.27      
   49293     |      11.41       |       2.53      
   49294     |      14.72       |       5.38      
   49295     |      11.79       |       5.68      
   49296     |      23.47       |      14.49      
   49297     |      22.41       |      13.85      
   49298     |      23.74       |      15.08      
   49299     |      24.29       |      15.44      
   49300     |      29.64       |      20.56      
   49301     |      25.61       |      18.20      
   49302     |      42.22       |      33.45      
   49303     |      38.02       |      30.76      
   49304     |      44.44       |      36.56      
   49305     |      45.58       |      37.32      
   49306     |      38.80       |      31.07      
   49307     |      40.18       |      31.94      
   49308     |      25.31       |      19.18      
   49309     |      27.96       |      19.79      
   49310     |      14.19       |      10.63      
   49311     |      17.06       |       8.61      
   49312     |      19.81       |      11.03      
   49313     |      20.87       |      12.21      
   49314     |      26.05       |      17.12      
   49315     |      23.99       |      15.72      
   49316     |      23.91       |      15.68      
   49317     |      23.05       |      15.30      
   49318     |      26.93       |      18.76      
   49319     |      28.80       |      20.04      
   49320     |      38.55       |      29.57      
   49321     |      44.09       |      34.78      
   49322     |      49.51       |      40.21      
   49323     |      46.05       |      36.89      
   49324     |      49.42       |      40.25      
   49325     |      41.95       |      33.70      
   49326     |      45.73       |      37.34      
   49327     |      44.69       |      36.53      
   49328     |      41.39       |      33.43      
   49329     |      44.36       |      35.75      
   49330     |      39.83       |      31.38      
   49331     |      41.67       |      32.92      
   49332     |      38.86       |      30.19      
   49333     |      40.55       |      31.67      
   49334     |      33.69       |      24.94      
   49335     |      32.30       |      23.82      
   49336     |      26.51       |      18.35      
   49337     |      23.90       |      17.67      
   49338     |      32.29       |      24.81      
   49339     |      31.15       |      24.43      
   49340     |      28.83       |      22.51      
   49341     |      29.44       |      22.55      
   49342     |      19.70       |      15.44      
   49343     |      18.85       |      14.68      
   49344     |      35.43       |      27.72      
   49345     |      25.22       |      16.73      
   49450     |      30.70       |      41.69      
   49451     |      25.31       |      35.45      
   49452     |      18.87       |      28.20      
   49453     |      27.31       |      36.18      
   49454     |      24.91       |      33.18      
   49455     |      21.28       |      29.68      
   49456     |      25.23       |      34.53      
   49457     |      27.96       |      37.09      
   49458     |      27.64       |      36.70      
   49459     |      15.04       |      25.00      
   49460     |      27.83       |      38.48      
   49461     |      19.16       |      29.97      
   49462     |      42.11       |      52.89      
   49463     |      37.14       |      47.52      
   49464     |      40.00       |      50.39      
   49465     |      35.61       |      44.97      
   49466     |      25.98       |      34.59      
   49467     |      26.45       |      35.57      
   49468     |      16.64       |      24.21      
   49469     |      19.41       |      29.79      
   49470     |      20.43       |      30.81      
   49471     |      24.58       |      35.29      
   49472     |      34.25       |      44.93      
   49473     |      32.68       |      43.30      
   49474     |      38.33       |      48.94      
   49475     |      39.33       |      49.96      
   49476     |      40.78       |      51.40      
   49477     |      36.60       |      47.01      
   49478     |      30.43       |      40.79      
   49479     |      33.26       |      43.81      
   49480     |      24.43       |      34.97      
   49481     |      38.21       |      48.68      
   49482     |      36.89       |      47.33      
   49483     |      36.70       |      47.12      
   49484     |      41.54       |      52.01      
   49485     |      37.66       |      48.20      
   49486     |      39.97       |      50.52      
   49487     |      37.64       |      48.21      
   49488     |      40.76       |      51.32      
   49489     |      37.54       |      48.09      
   49490     |      35.89       |      46.43      
   49491     |      30.57       |      40.90      
   49492     |      30.38       |      40.70      
   49493     |      28.19       |      38.26      
   49494     |      18.37       |      28.22      
   49495     |      23.18       |      33.63      
   49496     |      11.16       |      21.61      
   49497     |      29.32       |      39.05      
   49498     |      24.20       |      33.46      
   49499     |      27.00       |      36.14      
   49500     |      21.53       |      29.56      
   49501     |       6.15       |      14.00      
   49502     |       6.60       |      15.07      
   49503     |       3.09       |       7.30      
   49504     |       1.00       |       9.41      
   49505     |       5.00       |      14.42      
   49506     |       6.11       |       7.66      
   49507     |       6.30       |       6.45      
   49508     |      14.33       |       5.78      
   49509     |      13.83       |       5.96      
   49510     |      16.53       |       7.80      
   49511     |      15.71       |       7.91      
   49512     |      19.81       |      11.02      
   49513     |      19.12       |      10.90      
   49514     |      17.22       |       9.54      
   49515     |      18.18       |       9.50      
   49516     |      15.83       |       7.74      
   49517     |      18.86       |       8.96      
   49518     |      24.32       |      14.36      
   49519     |      22.72       |      13.06      
   49520     |      24.21       |      14.52      
   49521     |      19.85       |      12.51      
   49522     |      23.80       |      15.59      
   49523     |      22.34       |      15.56      
   49524     |      21.55       |      15.05      
   49525     |      21.63       |      15.00      
   49526     |      18.46       |      13.25      
   49527     |      20.09       |      12.17      
   49528     |      18.26       |      10.87      
   49529     |      20.19       |      11.25      
   49530     |      17.12       |       8.71      
   49531     |      14.98       |      10.04      
   49532     |      12.11       |       9.97      
   49533     |      12.52       |       7.93      
   49534     |       7.53       |      10.49      
   49535     |      10.65       |       1.35      
   49536     |       8.30       |       1.93      
   49537     |      12.01       |       2.67      
   49538     |      12.55       |       3.08      
   49539     |      12.70       |       3.27      
   49540     |      16.41       |       6.65      
   49541     |      14.02       |       4.19      
   49542     |      18.84       |       9.04      
   49543     |      16.62       |       7.13      
   49544     |      17.75       |       8.23      
   49545     |      13.63       |       7.83      
   49546     |      13.62       |       7.84      
   49547     |      13.46       |       8.07      
   49548     |      11.92       |       7.83      
   49549     |      11.78       |       8.35      
   49550     |      20.98       |      13.04      
   49551     |      19.22       |      13.58      
   49552     |      23.79       |      16.69      
   49553     |      25.08       |      16.98      
   49554     |      23.40       |      15.57      
   49555     |      24.28       |      15.93      
   49556     |      30.05       |      21.27      
   49557     |      30.26       |      21.43      
   49558     |      38.80       |      29.69      
   49559     |      40.13       |      30.87      
   49560     |      40.05       |      30.80      
   49561     |      39.21       |      30.06      
   49562     |      33.98       |      24.98      
   49563     |      34.25       |      25.21      
   49564     |      18.38       |      10.69      
   49565     |      20.03       |      11.33      
   49566     |      11.73       |       5.52      
   49567     |      11.32       |       6.14      
   49568     |      21.20       |      12.61      
   49569     |      21.04       |      12.52      
   49570     |      28.19       |      19.25      
   49571     |      26.70       |      18.14      
   49572     |      24.48       |      16.12      
   49573     |      24.03       |      15.88      
   49574     |      27.16       |      18.75      
   49575     |      26.74       |      18.50      
   49576     |      38.85       |      30.05      
   49577     |      39.03       |      30.21      
   49578     |      46.60       |      37.65      
   49579     |      50.12       |      40.93      
   49580     |      50.73       |      41.55      
   49581     |      49.63       |      40.52      
   49582     |      48.22       |      39.13      
   49583     |      44.48       |      35.76      
   49584     |      40.70       |      32.10      
   49585     |      39.85       |      31.42      
   49586     |      34.82       |      26.64      
   49587     |      38.54       |      29.66      
   49588     |      37.95       |      29.09      
   49589     |      38.21       |      29.33      
   49590     |      37.95       |      29.10      
   49591     |      34.81       |      26.51      
   49592     |      32.47       |      24.31      
   49593     |      29.80       |      23.08      
   49594     |      32.70       |      25.61      
   49595     |      32.93       |      25.69      
   49596     |      23.08       |      17.71      
   49597     |      25.36       |      17.58      
   49598     |      17.06       |      10.94      
   49599     |      16.66       |      11.51      
   49600     |      25.29       |      17.93      
   49601     |      26.20       |      18.34      
   49602     |      34.37       |      26.07      
   49706     |      16.56       |      27.54      
   49707     |      23.01       |      33.77      
   49708     |      14.26       |      24.51      
   49709     |      16.93       |      26.93      
   49710     |      20.27       |      30.59      
   49711     |      17.74       |      28.24      
   49712     |      19.89       |      30.48      
   49713     |      21.93       |      32.37      
   49714     |      26.19       |      36.79      
   49715     |      22.56       |      33.33      
   49716     |      34.50       |      45.35      
   49717     |      28.00       |      38.73      
   49718     |      41.69       |      52.41      
   49719     |      42.24       |      52.98      
   49720     |      41.69       |      52.42      
   49721     |      39.27       |      49.85      
   49722     |      25.14       |      35.65      
   49723     |      22.17       |      32.00      
   49724     |       8.95       |      16.93      
   49725     |      10.34       |      20.83      
   49726     |      19.27       |      29.81      
   49727     |      19.93       |      30.52      
   49728     |      35.42       |      46.01      
   49729     |      34.50       |      45.03      
   49730     |      38.11       |      48.63      
   49731     |      38.45       |      48.98      
   49732     |      40.35       |      50.88      
   49733     |      40.83       |      51.37      
   49734     |      24.48       |      34.99      
   49735     |      30.22       |      40.89      
   49736     |      23.58       |      34.22      
   49737     |      24.64       |      35.26      
   49738     |      40.60       |      51.23      
   49739     |      35.22       |      45.74      
   49740     |      43.98       |      54.49      
   49741     |      40.88       |      51.23      
   49742     |      42.75       |      53.09      
   49743     |      40.42       |      50.56      
   49744     |      38.15       |      48.26      
   49745     |      41.32       |      51.68      
   49746     |      36.39       |      46.74      
   49747     |      36.51       |      46.86      
   49748     |      32.89       |      43.22      
   49749     |      30.98       |      41.13      
   49750     |      16.07       |      25.94      
   49751     |      17.45       |      27.64      
   49752     |       5.89       |      15.68      
   49753     |      11.20       |      21.61      
   49754     |       6.11       |      16.27      
   49755     |      24.75       |      33.83      
   49756     |      21.94       |      30.46      
   49757     |      19.98       |      28.51      
   49758     |      20.86       |      29.61      
   49759     |       5.19       |      14.55      
   49760     |       4.18       |      12.10      
   49761     |       2.65       |       9.64      
   49762     |       6.27       |       5.77      
   49763     |       5.84       |       7.47      
   49764     |      12.85       |       5.43      
   49765     |      14.00       |       4.99      
   49766     |      16.94       |       7.46      
   49767     |      16.24       |       7.21      
   49768     |      19.83       |      10.39      
   49769     |      19.27       |      10.11      
   49770     |      18.24       |       9.24      
   49771     |      16.96       |       9.12      
   49772     |      18.03       |       9.90      
   49773     |      17.19       |      10.15      
   49774     |      23.47       |      14.93      
   49775     |      25.40       |      16.01      
   49776     |      30.47       |      20.88      
   49777     |      26.77       |      18.50      
   49778     |      26.38       |      18.18      
   49779     |      25.40       |      17.98      
   49780     |      18.35       |      13.57      
   49781     |      19.73       |      12.25      
   49782     |      12.90       |       9.34      
   49783     |      14.63       |       6.82      
   49784     |      13.19       |       6.09      
   49785     |      16.22       |       6.54      
   49786     |      15.26       |       5.66      
   49787     |      16.13       |       6.30      
   49788     |       9.56       |       1.30      
   49789     |       8.15       |       3.29      
   49790     |       1.71       |      10.41      
   49791     |       2.90       |       7.16      
   49792     |       2.80       |       7.24      
   49793     |       9.61       |       5.36      
   49794     |      14.85       |       6.19      
   49795     |      12.85       |       4.08      
   49796     |      23.74       |      13.95      
   49797     |      16.73       |       7.48      
   49798     |      19.36       |       9.96      
   49799     |      19.22       |       9.87      
   49800     |      20.32       |      10.95      
   49801     |      18.52       |       9.86      
   49802     |      18.15       |       9.56      
   49803     |      15.45       |      10.82      
   49804     |      16.96       |      11.41      
   49805     |      16.55       |      14.04      
   49806     |      20.03       |      15.14      
   49807     |      21.64       |      14.09      
   49808     |      19.56       |      12.57      
   49809     |      21.31       |      12.87      
   49810     |      25.13       |      16.35      
   49811     |      23.29       |      15.41      
   49812     |      31.56       |      22.88      
   49813     |      30.87       |      22.41      
   49814     |      35.89       |      27.15      
   49815     |      38.48       |      29.29      
   49816     |      38.22       |      29.05      
   49817     |      39.73       |      30.42      
   49818     |      30.00       |      20.87      
   49819     |      32.65       |      23.24      
   49820     |      21.42       |      12.20      
   49821     |      18.22       |      10.44      
   49822     |      16.91       |       9.49      
   49823     |      15.44       |      11.51      
   49824     |      19.32       |      13.22      
   49825     |      21.57       |      13.25      
   49826     |      28.34       |      19.54      
   49827     |      28.41       |      19.60      
   49828     |      29.64       |      20.80      
   49829     |      26.20       |      18.69      
   49830     |      37.00       |      28.58      
   49831     |      32.81       |      26.47      
   49832     |      43.48       |      35.91      
   49833     |      43.28       |      35.78      
   49834     |      44.18       |      36.63      
   49835     |      48.11       |      39.57      
   49836     |      48.96       |      40.40      
   49837     |      51.88       |      42.96      
   49838     |      47.75       |      38.91      
   49839     |      48.80       |      39.86      
   49840     |      39.19       |      30.44      
   49841     |      39.88       |      31.03      
   49842     |      31.99       |      23.37      
   49843     |      33.11       |      24.29      
   49844     |      43.01       |      34.06      
   49845     |      39.23       |      30.81      
   49846     |      43.50       |      34.97      
   49847     |      40.87       |      32.98      
   49848     |      34.57       |      27.15      
   49849     |      34.55       |      27.15      
   49850     |      28.33       |      21.74      
   49851     |      30.40       |      22.47      
   49852     |      20.74       |      14.15      
   49853     |      20.64       |      14.18      
   49854     |      16.48       |      11.57      
   49855     |      16.98       |      10.82      
   49856     |      22.62       |      15.20      
   49857     |      24.00       |      15.86      
   49858     |      41.32       |      32.67      
   49962     |      13.02       |      23.83      
   49963     |      18.57       |      28.93      
   49964     |      22.97       |      33.56      
   49965     |      12.53       |      23.35      
   49966     |      23.43       |      34.25      
   49967     |      20.04       |      30.15      
   49968     |      20.79       |      30.91      
   49969     |      20.79       |      30.90      
   49970     |      20.18       |      30.24      
   49971     |      25.34       |      36.20      
   49972     |      31.57       |      42.40      
   49973     |      34.44       |      45.30      
   49974     |      39.28       |      50.13      
   49975     |      41.27       |      52.11      
   49976     |      35.68       |      46.49      
   49977     |      41.93       |      52.60      
   49978     |      26.09       |      36.36      
   49979     |      26.38       |      36.63      
   49980     |      18.35       |      27.87      
   49981     |       4.91       |      15.57      
   49982     |      25.29       |      36.03      
   49983     |      19.78       |      30.06      
   49984     |      35.87       |      46.27      
   49985     |      35.83       |      46.22      
   49986     |      36.29       |      46.67      
   49987     |      38.12       |      48.62      
   49988     |      33.48       |      43.96      
   49989     |      40.29       |      50.98      
   49990     |      24.77       |      35.44      
   49991     |      24.50       |      35.17      
   49992     |      29.48       |      40.13      
   49993     |      23.63       |      34.07      
   49994     |      40.32       |      50.77      
   49995     |      40.61       |      51.07      
   49996     |      47.30       |      57.75      
   49997     |      44.39       |      54.67      
   49998     |      48.34       |      58.63      
   49999     |      43.99       |      53.85      
   50000     |      43.47       |      53.31      
   50001     |      40.63       |      49.94      
   50002     |      33.64       |      42.64      
   50003     |      37.72       |      47.64      
   50004     |      27.87       |      37.59      
   50005     |      32.79       |      43.15      
   50006     |      17.49       |      27.79      
   50007     |      15.81       |      25.79      
   50008     |       4.12       |      12.10      
   50009     |       4.95       |      15.36      
   50010     |       1.99       |       8.47      
   50011     |       8.22       |      17.12      
   50012     |      14.34       |      24.40      
   50013     |      18.10       |      27.95      
   50014     |      19.02       |      28.94      
   50015     |      17.46       |      27.43      
   50016     |      10.45       |      19.02      
   50017     |       3.36       |      11.85      
   50018     |       6.10       |       7.04      
   50019     |       6.40       |       5.91      
   50020     |      13.00       |       4.72      
   50021     |      12.63       |       4.93      
   50022     |      16.17       |       7.24      
   50023     |      16.95       |       7.50      
   50024     |      18.24       |       8.69      
   50025     |      19.26       |       9.38      
   50026     |      21.67       |      11.74      
   50027     |      18.62       |       9.93      
   50028     |      21.19       |      12.17      
   50029     |      19.23       |      11.92      
   50030     |      22.37       |      14.28      
   50031     |      23.20       |      14.52      
   50032     |      31.01       |      21.70      
   50033     |      31.05       |      21.73      
   50034     |      22.98       |      14.35      
   50035     |      24.37       |      15.12      
   50036     |      11.53       |       6.17      
   50037     |      13.31       |       4.70      
   50038     |       5.43       |       6.28      
   50039     |       9.18       |       1.04      
   50040     |       1.53       |      10.20      
   50041     |      16.42       |      11.20      
   50042     |      14.92       |      11.19      
   50043     |      21.92       |      16.48      
   50044     |      26.14       |      18.85      
   50045     |      11.63       |       6.33      
   50046     |      12.26       |       6.27      
   50047     |       2.01       |      10.46      
   50048     |       3.68       |      13.32      
   50049     |       4.25       |       7.83      
   50050     |      20.64       |      10.81      
   50051     |      14.43       |       5.43      
   50052     |      26.09       |      16.50      
   50053     |      24.39       |      15.13      
   50054     |      17.76       |       9.12      
   50055     |      19.38       |      10.03      
   50056     |      18.63       |       9.34      
   50057     |      20.08       |      10.47      
   50058     |      20.31       |      10.72      
   50059     |      17.86       |       8.99      
   50060     |      20.76       |      11.65      
   50061     |      16.93       |      11.39      
   50062     |      16.99       |      11.43      
   50063     |      17.24       |      11.13      
   50064     |      16.47       |      10.76      
   50065     |      18.07       |      10.10      
   50066     |      22.07       |      13.50      
   50067     |      24.24       |      15.00      
   50068     |      28.95       |      19.61      
   50069     |      29.65       |      20.24      
   50070     |      35.30       |      25.85      
   50071     |      34.00       |      24.67      
   50072     |      35.50       |      26.16      
   50073     |      37.14       |      27.69      
   50074     |      26.66       |      17.33      
   50075     |      28.94       |      19.45      
   50076     |      22.84       |      13.37      
   50077     |      21.30       |      12.01      
   50078     |      20.67       |      11.42      
   50079     |      16.98       |       9.64      
   50080     |      16.03       |       9.02      
   50081     |      16.69       |       8.90      
   50082     |      20.10       |      11.72      
   50083     |      27.00       |      17.58      
   50084     |      34.34       |      24.93      
   50085     |      28.93       |      19.78      
   50086     |      41.77       |      32.52      
   50087     |      36.36       |      27.74      
   50088     |      37.87       |      29.21      
   50089     |      39.01       |      30.16      
   50090     |      41.06       |      32.18      
   50091     |      40.01       |      31.30      
   50092     |      50.84       |      41.92      
   50093     |      48.57       |      39.93      
   50094     |      43.97       |      35.48      
   50095     |      47.32       |      38.39      
   50096     |      31.93       |      23.37      
   50097     |      37.72       |      28.51      
   50098     |      36.52       |      27.33      
   50099     |      31.76       |      23.06      
   50100     |      47.34       |      38.40      
   50101     |      44.33       |      35.76      
   50102     |      41.48       |      33.00      
   50103     |      42.85       |      34.16      
   50104     |      33.50       |      25.06      
   50105     |      32.49       |      24.34      
   50106     |      27.78       |      19.99      
   50107     |      26.83       |      19.65      
   50108     |      24.46       |      17.69      
   50109     |      23.56       |      18.26      
   50110     |      17.39       |      15.20      
   50111     |      17.29       |      12.79      
   50112     |      16.42       |      12.41      
   50113     |      20.93       |      12.18      
   50114     |      39.02       |      30.14      
   50218     |      11.67       |      21.24      
   50219     |      12.99       |      23.64      
   50220     |      20.39       |      31.12      
   50221     |      21.73       |      32.60      
   50222     |      26.48       |      37.33      
   50223     |      24.02       |      34.57      
   50224     |      23.65       |      34.18      
   50225     |      21.59       |      31.39      
   50226     |      18.85       |      28.43      
   50227     |      19.88       |      30.06      
   50228     |      23.51       |      33.79      
   50229     |      31.57       |      42.44      
   50230     |      33.65       |      44.50      
   50231     |      39.75       |      50.50      
   50232     |      33.47       |      44.15      
   50233     |      36.84       |      47.39      
   50234     |      27.95       |      38.22      
   50235     |      25.71       |      36.09      
   50236     |      27.98       |      38.42      
   50237     |      14.73       |      25.44      
   50238     |      31.78       |      42.44      
   50239     |      26.54       |      36.68      
   50240     |      42.04       |      52.34      
   50241     |      37.63       |      47.32      
   50242     |      38.96       |      48.67      
   50243     |      38.27       |      47.83      
   50244     |      27.71       |      36.80      
   50245     |      33.71       |      44.08      
   50246     |      20.26       |      30.48      
   50247     |      24.60       |      35.22      
   50248     |      29.93       |      40.53      
   50249     |      29.41       |      39.99      
   50250     |      43.12       |      53.67      
   50251     |      40.35       |      50.78      
   50253     |      47.74       |      57.98      
   50254     |      49.23       |      59.47      
   50255     |      48.58       |      58.75      
   50256     |      40.91       |      51.02      
   50257     |      42.27       |      52.50      
   50258     |      28.67       |      38.78      
   50259     |      29.98       |      40.23      
   50260     |      24.70       |      34.88      
   50261     |      26.16       |      36.49      
   50262     |      20.38       |      30.67      
   50263     |      18.33       |      28.24      
   50264     |       6.19       |       7.61      
   50265     |       1.02       |      11.47      
   50266     |       0.69       |      11.11      
   50267     |       2.98       |       8.75      
   50268     |      17.04       |      27.16      
   50269     |      15.16       |      24.80      
   50270     |      19.77       |      29.57      
   50271     |      19.41       |      29.11      
   50272     |       5.96       |      10.16      
   50273     |       7.20       |      17.51      
   50274     |      11.26       |       3.89      
   50275     |       9.72       |      10.29      
   50276     |      13.51       |       9.28      
   50277     |      14.31       |       7.54      
   50278     |      15.18       |       7.96      
   50279     |      16.33       |       7.60      
   50280     |      18.15       |       9.07      
   50281     |      18.49       |       9.20      
   50282     |      25.13       |      15.40      
   50283     |      23.08       |      14.08      
   50284     |      23.03       |      14.06      
   50285     |      22.12       |      13.73      
   50286     |      21.28       |      13.07      
   50287     |      21.64       |      13.15      
   50288     |      23.12       |      14.43      
   50289     |      29.27       |      19.21      
   50290     |      27.15       |      17.11      
   50291     |      22.33       |      13.29      
   50292     |      11.79       |       6.72      
   50293     |      11.80       |       6.69      
   50294     |       7.95       |      16.96      
   50295     |       5.79       |       6.42      
   50296     |      11.96       |      21.55      
   50297     |      13.66       |      16.73      
   50298     |      13.67       |      15.65      
   50299     |      21.63       |      19.22      
   50300     |      26.21       |      20.13      
   50301     |      28.93       |      22.59      
   50302     |      32.17       |      24.80      
   50303     |      12.93       |       7.48      
   50304     |      17.85       |       9.49      
   50305     |       9.22       |      15.87      
   50306     |      24.18       |      16.20      
   50307     |      23.55       |      16.08      
   50308     |      22.57       |      15.37      
   50309     |      26.49       |      17.19      
   50310     |      17.96       |       9.45      
   50311     |      17.90       |       9.43      
   50312     |      21.49       |      12.55      
   50313     |      19.95       |      11.91      
   50314     |      20.72       |      12.55      
   50315     |      21.45       |      12.84      
   50316     |      19.87       |      11.51      
   50317     |      20.98       |      12.07      
   50318     |      18.01       |       9.48      
   50319     |      15.90       |       9.72      
   50320     |      16.86       |      10.24      
   50321     |      16.42       |      10.69      
   50322     |      19.40       |      12.43      
   50323     |      21.77       |      13.02      
   50324     |      26.39       |      17.34      
   50325     |      28.70       |      19.28      
   50326     |      29.32       |      19.90      
   50327     |      34.62       |      25.02      
   50328     |      31.02       |      21.44      
   50329     |      34.36       |      24.86      
   50330     |      31.90       |      22.43      
   50331     |      26.16       |      16.64      
   50332     |      23.87       |      14.38      
   50333     |      22.88       |      13.45      
   50334     |      15.54       |       6.25      
   50335     |      20.28       |      10.89      
   50336     |      17.83       |       8.52      
   50337     |      14.04       |       4.66      
   50338     |      19.28       |       9.89      
   50339     |      18.93       |       9.57      
   50340     |      26.79       |      17.41      
   50341     |      34.33       |      25.07      
   50342     |      40.35       |      31.05      
   50343     |      40.90       |      31.63      
   50344     |      38.94       |      29.70      
   50345     |      35.36       |      26.02      
   50346     |      49.55       |      40.22      
   50347     |      40.33       |      31.26      
   50348     |      51.05       |      41.90      
   50349     |      50.08       |      40.99      
   50350     |      35.50       |      26.64      
   50351     |      41.05       |      31.80      
   50352     |      25.64       |      16.45      
   50353     |      30.04       |      20.82      
   50354     |      44.86       |      35.64      
   50355     |      37.01       |      27.98      
   50356     |      52.33       |      43.22      
   50357     |      48.01       |      39.24      
   50358     |      38.22       |      29.69      
   50359     |      40.20       |      31.37      
   50360     |      33.87       |      25.20      
   50361     |      33.22       |      24.68      
   50362     |      31.31       |      22.86      
   50363     |      28.70       |      21.33      
   50364     |      26.89       |      19.76      
   50365     |      25.94       |      19.80      
   50366     |      18.25       |      15.07      
   50367     |      18.60       |      16.66      
   50368     |      19.90       |      17.05      
   50369     |      11.74       |      10.71      
   50370     |      32.71       |      24.83      
   50371     |      38.96       |      30.06      
   50474     |      15.17       |      24.88      
   50475     |      15.13       |      23.13      
   50476     |      17.64       |      26.26      
   50477     |      20.46       |      31.14      
   50478     |      24.97       |      35.68      
   50479     |      26.48       |      37.32      
   50480     |      29.77       |      40.60      
   50481     |      24.95       |      34.94      
   50482     |      24.08       |      34.02      
   50483     |      22.47       |      30.62      
   50484     |      23.44       |      31.73      
   50485     |      24.86       |      34.56      
   50486     |      23.17       |      32.75      
   50487     |      33.63       |      44.48      
   50488     |      25.36       |      36.19      
   50489     |      33.73       |      44.35      
   50490     |      27.90       |      38.37      
   50491     |      27.05       |      37.56      
   50492     |      30.11       |      40.68      
   50493     |      27.07       |      37.73      
   50494     |      34.31       |      45.03      
   50495     |      32.04       |      42.79      
   50496     |      40.45       |      51.19      
   50497     |      41.71       |      52.45      
   50498     |      39.45       |      50.17      
   50499     |      37.02       |      47.74      
   50500     |      22.70       |      33.38      
   50501     |      24.48       |      35.10      
   50502     |      21.52       |      32.09      
   50503     |      19.85       |      30.47      
   50504     |      33.40       |      44.06      
   50505     |      29.93       |      40.56      
   50506     |      45.60       |      56.20      
   50507     |      43.14       |      53.67      
   50510     |      45.86       |      56.40      
   50511     |      48.62       |      59.21      
   50512     |      37.67       |      48.25      
   50513     |      40.11       |      50.69      
   50514     |      27.53       |      38.08      
   50515     |      28.10       |      38.63      
   50516     |      23.87       |      34.37      
   50517     |      24.44       |      34.90      
   50518     |      22.27       |      32.70      
   50519     |      20.20       |      30.68      
   50520     |       5.36       |      14.88      
   50521     |       5.06       |       6.79      
   50522     |       4.62       |      13.71      
   50523     |       5.31       |      12.16      
   50524     |      16.87       |      26.58      
   50525     |      17.56       |      27.45      
   50526     |      16.89       |      26.75      
   50527     |      18.83       |      29.00      
   50528     |       4.35       |       6.17      
   50529     |       2.15       |       8.53      
   50530     |      16.46       |       6.60      
   50531     |      13.04       |       7.62      
   50532     |      12.67       |       7.57      
   50533     |      12.56       |       7.89      
   50534     |      16.59       |       9.26      
   50535     |      16.17       |       9.70      
   50536     |      20.79       |      12.63      
   50537     |      20.24       |      12.71      
   50538     |      22.03       |      14.03      
   50539     |      25.24       |      15.59      
   50540     |      19.83       |      10.60      
   50541     |      21.72       |      11.86      
   50542     |      22.86       |      12.98      
   50543     |      20.17       |      11.20      
   50544     |      21.70       |      12.57      
   50545     |      22.14       |      12.83      
   50546     |      26.23       |      16.70      
   50547     |      27.60       |      17.81      
   50548     |      15.71       |       6.68      
   50549     |      13.15       |       8.94      
   50550     |      12.41       |      21.46      
   50551     |       7.17       |      16.60      
   50552     |      14.22       |      24.13      
   50553     |      11.22       |      21.23      
   50554     |       5.97       |      15.89      
   50555     |       5.03       |       9.33      
   50556     |       6.36       |       6.94      
   50557     |      24.58       |      17.88      
   50558     |      31.95       |      23.42      
   50559     |      29.27       |      20.70      
   50560     |      36.81       |      27.53      
   50561     |      16.98       |       7.83      
   50562     |      21.78       |      12.33      
   50563     |      22.02       |      12.52      
   50564     |      23.62       |      14.08      
   50565     |      20.67       |      12.22      
   50566     |      19.58       |      11.34      
   50567     |      18.90       |      11.27      
   50568     |      18.60       |      11.08      
   50569     |      21.22       |      12.06      
   50570     |      18.70       |       9.79      
   50571     |      19.50       |      10.28      
   50572     |      16.99       |       8.02      
   50573     |      18.67       |       9.17      
   50574     |      17.13       |       7.71      
   50575     |      17.19       |       7.76      
   50576     |      15.98       |       6.63      
   50577     |      14.67       |       5.97      
   50578     |      16.34       |       7.40      
   50579     |      16.69       |       7.59      
   50580     |      19.62       |      10.35      
   50581     |      25.14       |      15.53      
   50582     |      26.13       |      16.54      
   50583     |      28.73       |      19.24      
   50584     |      32.75       |      23.25      
   50585     |      30.98       |      21.43      
   50586     |      33.62       |      24.09      
   50587     |      31.94       |      22.39      
   50588     |      24.35       |      14.83      
   50589     |      23.75       |      14.23      
   50590     |      14.34       |       4.86      
   50591     |      15.35       |       5.97      
   50592     |      23.41       |      13.95      
   50593     |      18.27       |       9.27      
   50594     |      25.74       |      16.52      
   50595     |      21.64       |      13.93      
   50596     |      22.40       |      14.58      
   50597     |      27.03       |      17.77      
   50598     |      38.50       |      29.18      
   50599     |      40.57       |      31.20      
   50600     |      49.33       |      39.98      
   50601     |      40.99       |      32.15      
   50602     |      53.73       |      44.68      
   50603     |      52.01       |      43.12      
   50604     |      47.00       |      38.22      
   50605     |      51.07       |      41.94      
   50606     |      34.23       |      25.31      
   50607     |      35.03       |      26.02      
   50608     |      33.79       |      24.81      
   50609     |      28.99       |      21.41      
   50610     |      46.70       |      38.12      
   50611     |      47.65       |      38.94      
   50612     |      54.40       |      45.58      
   50613     |      54.13       |      45.35      
   50614     |      43.77       |      35.23      
   50615     |      40.84       |      33.10      
   50616     |      37.49       |      30.02      
   50617     |      37.50       |      30.03      
   50618     |      30.29       |      23.71      
   50619     |      32.48       |      24.50      
   50620     |      23.35       |      16.37      
   50621     |      24.98       |      16.94      
   50622     |      19.29       |      11.95      
   50623     |      17.73       |      14.42      
   50624     |      20.49       |      15.80      
   50625     |      22.94       |      23.07      
   50626     |      36.50       |      31.21      
   50627     |      37.23       |      30.94      
   50730     |      20.17       |      31.00      
   50731     |      12.74       |      23.58      
   50732     |      21.09       |      31.95      
   50733     |      17.07       |      25.91      
   50734     |      26.41       |      36.18      
   50735     |      26.92       |      36.93      
   50736     |      31.45       |      41.60      
   50737     |      31.31       |      41.41      
   50738     |      28.50       |      38.49      
   50739     |      26.63       |      35.57      
   50740     |      22.96       |      31.35      
   50741     |      22.98       |      31.43      
   50742     |      17.39       |      24.25      
   50743     |      21.10       |      31.70      
   50744     |      25.36       |      35.97      
   50745     |      16.27       |      26.55      
   50746     |      27.14       |      37.79      
   50747     |      24.76       |      34.85      
   50748     |      31.03       |      41.39      
   50749     |      30.22       |      40.37      
   50750     |      37.91       |      48.34      
   50751     |      35.58       |      46.07      
   50752     |      35.71       |      46.19      
   50753     |      43.30       |      53.52      
   50754     |      42.39       |      52.56      
   50755     |      39.59       |      48.74      
   50756     |      31.79       |      39.97      
   50757     |      33.11       |      42.76      
   50758     |      26.76       |      35.83      
   50759     |      31.72       |      42.28      
   50760     |      38.42       |      49.02      
   50761     |      33.34       |      43.99      
   50762     |      44.72       |      55.35      
   50763     |      45.77       |      56.40      
   50764     |      48.00       |      58.62      
   50766     |      42.63       |      53.22      
   50767     |      46.27       |      56.81      
   50768     |      38.72       |      49.19      
   50769     |      36.74       |      47.05      
   50770     |      36.89       |      47.20      
   50771     |      27.54       |      38.08      
   50772     |      30.07       |      40.61      
   50773     |      23.48       |      33.92      
   50774     |      15.82       |      26.23      
   50775     |      22.02       |      32.50      
   50776     |       7.65       |      17.65      
   50777     |       4.04       |      14.38      
   50778     |      10.09       |      20.55      
   50779     |       5.38       |      13.94      
   50780     |       9.37       |      18.92      
   50781     |      15.34       |      25.78      
   50782     |       5.19       |      15.42      
   50783     |      18.29       |      27.81      
   50784     |      11.88       |      16.74      
   50785     |       8.44       |       9.56      
   50786     |      14.37       |       8.47      
   50787     |      16.75       |       7.29      
   50788     |      13.18       |       4.71      
   50789     |      11.95       |       6.33      
   50790     |      15.38       |       7.48      
   50791     |      15.59       |       7.38      
   50792     |      19.86       |      10.66      
   50793     |      19.57       |      10.55      
   50794     |      20.85       |      11.67      
   50795     |      20.51       |      11.52      
   50796     |      20.99       |      11.95      
   50797     |      20.45       |      11.74      
   50798     |      22.07       |      13.14      
   50799     |      23.39       |      13.93      
   50800     |      22.85       |      13.44      
   50801     |      21.89       |      12.91      
   50802     |      21.11       |      12.25      
   50803     |      25.37       |      15.36      
   50804     |      24.02       |      14.04      
   50805     |      18.44       |      11.78      
   50806     |      11.10       |      11.28      
   50807     |      24.43       |      30.02      
   50808     |      23.86       |      28.77      
   50809     |      30.09       |      35.75      
   50810     |      29.84       |      35.29      
   50811     |      23.11       |      27.48      
   50812     |      23.11       |      27.47      
   50813     |      15.84       |      16.33      
   50814     |      25.64       |      19.38      
   50815     |      30.66       |      21.39      
   50816     |      35.11       |      25.72      
   50817     |      36.53       |      26.93      
   50818     |      20.76       |      11.82      
   50819     |      21.87       |      12.52      
   50820     |      23.72       |      14.30      
   50821     |      22.04       |      12.48      
   50822     |      18.51       |       9.12      
   50823     |      19.78       |      10.55      
   50824     |      17.16       |       8.22      
   50825     |      17.41       |       8.51      
   50826     |      18.58       |       9.54      
   50827     |      14.45       |       4.90      
   50828     |      14.31       |       4.79      
   50829     |      16.51       |       6.77      
   50830     |      17.81       |       8.09      
   50831     |      16.96       |       7.27      
   50832     |      13.69       |       4.02      
   50833     |      15.73       |       6.12      
   50834     |      15.04       |       5.46      
   50835     |      15.85       |       6.37      
   50836     |      23.47       |      13.88      
   50837     |      19.28       |       9.76      
   50838     |      27.43       |      17.87      
   50839     |      26.45       |      16.96      
   50840     |      30.77       |      21.27      
   50841     |      32.92       |      23.35      
   50842     |      30.88       |      21.33      
   50843     |      33.63       |      24.09      
   50844     |      24.04       |      14.54      
   50845     |      24.35       |      14.87      
   50846     |      24.46       |      15.00      
   50847     |      15.99       |       8.36      
   50848     |      28.80       |      19.83      
   50849     |      26.17       |      18.09      
   50850     |      32.50       |      23.94      
   50851     |      30.10       |      22.67      
   50852     |      29.75       |      22.39      
   50853     |      28.33       |      22.86      
   50854     |      35.84       |      28.81      
   50855     |      40.48       |      31.71      
   50856     |      49.34       |      40.36      
   50857     |      50.67       |      41.57      
   50858     |      51.02       |      41.94      
   50859     |      52.98       |      43.78      
   50860     |      44.38       |      35.27      
   50861     |      45.33       |      36.17      
   50862     |      42.36       |      33.23      
   50863     |      36.25       |      28.05      
   50864     |      45.81       |      37.25      
   50865     |      40.74       |      33.87      
   50866     |      47.88       |      40.41      
   50867     |      49.24       |      41.32      
   50868     |      55.12       |      46.94      
   50869     |      56.36       |      47.94      
   50870     |      48.63       |      40.50      
   50871     |      47.24       |      39.55      
   50872     |      35.22       |      28.73      
   50873     |      36.81       |      29.17      
   50874     |      24.80       |      19.00      
   50875     |      26.86       |      18.99      
   50876     |      20.48       |      13.57      
   50877     |      21.71       |      13.81      
   50878     |      20.16       |      12.47      
   50879     |      19.51       |      12.34      
   50880     |      27.46       |      19.44      
   50881     |      24.42       |      20.99      
   50882     |      36.84       |      30.44      
   50883     |      36.07       |      30.70      
   50987     |      19.88       |      30.75      
   50988     |      27.83       |      38.71      
   50989     |      23.31       |      33.32      
   50990     |      26.48       |      36.62      
   50991     |      25.97       |      35.89      
   50992     |      25.05       |      34.91      
   50993     |      30.08       |      40.87      
   50994     |      27.14       |      37.90      
   50995     |      24.56       |      35.43      
   50996     |      18.35       |      29.21      
   50997     |      17.86       |      28.72      
   50998     |      10.16       |      21.02      
   50999     |       8.98       |      19.80      
   51000     |      14.37       |      25.20      
   51001     |      11.68       |      21.43      
   51002     |      22.98       |      33.51      
   51003     |      21.23       |      31.10      
   51004     |      29.51       |      39.83      
   51005     |      29.39       |      39.68      
   51006     |      37.58       |      48.07      
   51007     |      36.28       |      46.57      
   51008     |      36.26       |      46.54      
   51009     |      36.76       |      47.01      
   51010     |      35.28       |      45.47      
   51011     |      34.66       |      44.68      
   51012     |      32.22       |      42.11      
   51013     |      33.40       |      43.61      
   51014     |      33.39       |      43.58      
   51015     |      37.83       |      48.45      
   51016     |      42.54       |      53.17      
   51017     |      37.80       |      48.45      
   51018     |      39.99       |      50.63      
   51019     |      45.15       |      55.75      
   51020     |      42.95       |      53.54      
   51021     |      49.12       |      59.57      
   51022     |      47.29       |      57.71      
   51023     |      43.14       |      53.65      
   51024     |      36.13       |      46.57      
   51025     |      35.46       |      45.84      
   51026     |      36.49       |      46.88      
   51027     |      35.00       |      45.22      
   51028     |      32.06       |      42.20      
   51029     |      35.28       |      45.73      
   51030     |      21.01       |      31.21      
   51031     |      16.20       |      26.61      
   51032     |      13.43       |      23.76      
   51033     |       6.78       |      17.10      
   51034     |      15.04       |      25.43      
   51035     |      11.47       |      21.05      
   51036     |       5.53       |       9.37      
   51037     |       8.41       |      18.69      
   51038     |       7.78       |       5.16      
   51039     |      11.28       |      18.48      
   51040     |      11.40       |      15.87      
   51041     |      12.22       |      16.99      
   51042     |      14.80       |      13.22      
   51043     |      14.56       |       8.80      
   51044     |      16.57       |       9.55      
   51045     |      16.17       |      10.49      
   51046     |      16.40       |      10.58      
   51047     |      16.70       |       9.94      
   51048     |      16.19       |       9.73      
   51049     |      19.28       |       9.57      
   51050     |      20.17       |      10.41      
   51051     |      17.83       |       7.84      
   51052     |      22.28       |      12.20      
   51053     |      20.24       |      10.57      
   51054     |      23.02       |      13.23      
   51055     |      21.45       |      12.07      
   51056     |      25.33       |      15.79      
   51057     |      23.68       |      14.83      
   51058     |      20.67       |      12.35      
   51059     |      21.22       |      12.46      
   51060     |      20.83       |      12.16      
   51061     |      24.14       |      14.25      
   51062     |      24.85       |      14.97      
   51063     |      21.61       |      21.68      
   51064     |      22.19       |      21.51      
   51065     |      32.99       |      36.61      
   51066     |      33.01       |      36.71      
   51067     |      37.33       |      41.74      
   51068     |      36.68       |      39.54      
   51069     |      38.03       |      40.34      
   51070     |      40.09       |      39.22      
   51071     |      38.24       |      34.67      
   51072     |      33.81       |      32.25      
   51073     |      35.99       |      26.97      
   51074     |      23.11       |      15.86      
   51075     |      15.42       |       8.01      
   51076     |      22.64       |      13.65      
   51077     |      16.02       |       6.30      
   51078     |      19.40       |       9.64      
   51079     |      15.77       |       6.11      
   51080     |      17.08       |       7.40      
   51081     |      16.29       |       6.80      
   51082     |      14.77       |       5.43      
   51083     |      17.16       |       7.40      
   51084     |      14.29       |       4.54      
   51085     |      16.08       |       6.41      
   51086     |      17.55       |       7.89      
   51087     |      17.82       |       8.15      
   51088     |      18.39       |       8.73      
   51089     |      14.67       |       6.60      
   51090     |      19.11       |      10.20      
   51091     |      17.25       |       9.91      
   51092     |      25.44       |      16.65      
   51093     |      25.24       |      16.53      
   51094     |      26.45       |      17.66      
   51095     |      28.20       |      18.98      
   51096     |      29.44       |      20.20      
   51097     |      30.98       |      21.56      
   51098     |      24.72       |      15.45      
   51099     |      30.75       |      21.21      
   51100     |      23.15       |      13.64      
   51101     |      24.04       |      14.57      
   51102     |      32.43       |      22.95      
   51103     |      25.04       |      15.77      
   51104     |      32.05       |      22.75      
   51105     |      29.16       |      20.35      
   51106     |      35.93       |      26.89      
   51107     |      33.14       |      24.81      
   51108     |      31.91       |      23.71      
   51109     |      30.23       |      23.06      
   51110     |      29.44       |      22.43      
   51111     |      31.73       |      23.37      
   51112     |      40.76       |      31.96      
   51113     |      47.62       |      38.29      
   51114     |      51.53       |      42.21      
   51115     |      49.99       |      40.71      
   51116     |      45.20       |      35.96      
   51117     |      44.04       |      34.85      
   51118     |      48.99       |      39.79      
   51119     |      43.61       |      34.81      
   51120     |      45.62       |      36.81      
   51121     |      45.08       |      36.35      
   51122     |      45.43       |      36.70      
   51123     |      43.83       |      35.41      
   51124     |      61.89       |      53.06      
   51125     |      56.65       |      48.81      
   51126     |      51.42       |      43.90      
   51127     |      51.42       |      43.90      
   51128     |      32.15       |      27.24      
   51129     |      33.23       |      26.20      
   51130     |      24.45       |      19.31      
   51131     |      24.62       |      18.78      
   51132     |      23.30       |      17.89      
   51133     |      23.37       |      17.76      
   51134     |      22.77       |      17.36      
   51135     |      23.10       |      17.06      
   51136     |      30.92       |      23.80      
   51137     |      30.39       |      23.71      
   51138     |      34.53       |      27.35      
   51139     |      34.61       |      27.45      
   51243     |      25.68       |      36.40      
   51244     |      26.62       |      37.33      
   51245     |      27.94       |      38.77      
   51246     |      25.51       |      36.32      
   51247     |      24.52       |      35.22      
   51248     |      23.98       |      34.65      
   51249     |      23.61       |      34.29      
   51250     |      24.58       |      35.26      
   51251     |      18.30       |      29.18      
   51252     |      18.30       |      29.16      
   51253     |      15.51       |      25.61      
   51254     |      12.25       |      21.89      
   51255     |      12.62       |      22.87      
   51256     |      10.91       |      20.97      
   51257     |      12.14       |      22.84      
   51258     |      17.80       |      28.55      
   51259     |      19.14       |      29.94      
   51260     |      26.57       |      37.36      
   51261     |      24.92       |      35.67      
   51262     |      33.11       |      43.86      
   51263     |      28.37       |      38.77      
   51264     |      35.66       |      46.08      
   51265     |      34.86       |      45.15      
   51266     |      33.73       |      43.98      
   51267     |      36.64       |      47.24      
   51268     |      31.97       |      42.52      
   51269     |      35.42       |      46.11      
   51270     |      42.36       |      53.04      
   51271     |      37.17       |      47.78      
   51272     |      43.03       |      53.63      
   51273     |      41.89       |      52.45      
   51274     |      36.61       |      47.15      
   51275     |      39.92       |      50.54      
   51276     |      36.95       |      47.56      
   51277     |      42.85       |      53.45      
   51278     |      45.08       |      55.67      
   51279     |      46.44       |      57.00      
   51280     |      34.71       |      45.24      
   51281     |      32.81       |      43.21      
   51282     |      34.15       |      44.55      
   51283     |      28.77       |      37.79      
   51284     |      39.08       |      48.76      
   51285     |      39.19       |      48.90      
   51286     |      26.45       |      35.17      
   51287     |      31.15       |      41.40      
   51288     |      15.48       |      25.07      
   51289     |      27.05       |      37.41      
   51290     |      15.39       |      25.56      
   51291     |       9.63       |      20.09      
   51292     |       2.28       |       8.21      
   51293     |      12.09       |       6.27      
   51294     |       9.32       |       7.47      
   51295     |       9.35       |       7.47      
   51296     |       8.46       |      13.92      
   51297     |      11.82       |      13.87      
   51298     |      13.41       |      11.67      
   51299     |      15.24       |      12.67      
   51300     |      18.62       |      12.83      
   51301     |      18.52       |      12.75      
   51302     |      17.68       |      12.50      
   51303     |      13.87       |       9.71      
   51304     |      16.36       |      10.05      
   51305     |       9.52       |       5.45      
   51306     |      18.24       |       8.74      
   51307     |      17.59       |       8.04      
   51308     |      22.46       |      12.53      
   51309     |      21.23       |      11.23      
   51310     |      22.71       |      12.68      
   51311     |      25.03       |      15.12      
   51312     |      24.77       |      14.90      
   51313     |      26.83       |      17.10      
   51314     |      19.71       |      10.69      
   51315     |      22.83       |      14.04      
   51316     |      21.15       |      12.70      
   51317     |      22.41       |      14.03      
   51318     |      25.13       |      16.31      
   51319     |      26.05       |      16.78      
   51320     |      18.13       |      10.32      
   51321     |      18.46       |      17.69      
   51322     |      18.55       |      24.70      
   51323     |      27.12       |      27.78      
   51324     |      26.93       |      30.04      
   51325     |      28.98       |      30.99      
   51326     |      29.97       |      28.87      
   51327     |      24.86       |      26.14      
   51328     |      25.85       |      23.24      
   51329     |      14.15       |      16.49      
   51330     |      18.78       |      13.83      
   51331     |       9.11       |       7.71      
   51332     |      16.84       |       8.48      
   51333     |      11.70       |       2.81      
   51334     |      15.62       |       6.02      
   51335     |      16.13       |       6.61      
   51336     |      16.05       |       6.55      
   51337     |      13.51       |       3.73      
   51338     |      17.14       |       7.36      
   51339     |      19.09       |       9.43      
   51340     |      16.12       |       6.57      
   51341     |      20.36       |      11.22      
   51342     |      17.97       |       9.14      
   51343     |      19.46       |      10.74      
   51344     |      19.60       |      10.86      
   51345     |      24.49       |      16.07      
   51346     |      20.87       |      13.16      
   51347     |      29.68       |      22.14      
   51348     |      25.81       |      19.20      
   51349     |      27.10       |      19.09      
   51350     |      27.93       |      19.81      
   51351     |      21.63       |      13.27      
   51352     |      29.79       |      20.71      
   51353     |      28.19       |      19.04      
   51354     |      25.23       |      16.24      
   51355     |      17.46       |       7.97      
   51356     |      23.26       |      13.74      
   51357     |      19.40       |       9.98      
   51358     |      32.43       |      22.99      
   51359     |      40.28       |      30.81      
   51360     |      31.81       |      22.44      
   51361     |      44.38       |      35.50      
   51362     |      36.70       |      28.22      
   51363     |      37.19       |      28.56      
   51364     |      27.71       |      19.97      
   51365     |      30.24       |      21.42      
   51366     |      25.83       |      17.32      
   51367     |      26.89       |      18.46      
   51368     |      45.31       |      36.19      
   51369     |      41.46       |      32.88      
   51370     |      53.68       |      44.74      
   51371     |      53.53       |      44.61      
   51372     |      44.98       |      36.32      
   51373     |      46.63       |      37.73      
   51374     |      49.99       |      41.04      
   51375     |      49.61       |      40.65      
   51376     |      40.60       |      31.97      
   51377     |      43.97       |      34.84      
   51378     |      47.68       |      38.54      
   51379     |      44.74       |      35.87      
   51380     |      67.57       |      58.45      
   51381     |      62.76       |      54.08      
   51382     |      51.69       |      43.35      
   51383     |      49.93       |      42.11      
   51384     |      34.34       |      28.25      
   51385     |      34.20       |      29.70      
   51386     |      31.60       |      27.96      
   51387     |      31.63       |      28.04      
   51388     |      31.05       |      27.69      
   51389     |      30.95       |      27.31      
   51390     |      31.02       |      27.36      
   51391     |      24.60       |      21.82      
   51392     |      33.20       |      27.02      
   51393     |      31.53       |      25.33      
   51394     |      35.49       |      28.66      
   51395     |      34.02       |      27.14      
   51396     |      33.71       |      26.88      
   51499     |      22.97       |      33.96      
   51500     |      22.00       |      32.98      
   51501     |      26.19       |      37.12      
   51502     |      25.63       |      36.55      
   51503     |      24.64       |      35.49      
   51504     |      24.39       |      35.21      
   51505     |      25.00       |      35.87      
   51506     |      18.81       |      29.60      
   51507     |      18.62       |      29.39      
   51508     |      13.82       |      24.45      
   51509     |      14.75       |      25.56      
   51510     |      11.19       |      21.92      
   51511     |      13.83       |      24.66      
   51512     |      11.44       |      22.25      
   51513     |      16.71       |      27.05      
   51514     |      19.14       |      29.56      
   51515     |      19.17       |      29.58      
   51516     |      24.29       |      34.80      
   51517     |      17.41       |      28.19      
   51518     |      26.35       |      37.11      
   51519     |      23.31       |      33.89      
   51520     |      33.27       |      43.89      
   51521     |      32.75       |      43.33      
   51522     |      36.78       |      47.36      
   51523     |      41.26       |      51.97      
   51524     |      42.46       |      53.17      
   51525     |      35.18       |      45.69      
   51526     |      40.91       |      51.43      
   51527     |      41.98       |      52.55      
   51528     |      41.86       |      52.41      
   51529     |      43.02       |      53.60      
   51530     |      36.78       |      47.35      
   51531     |      36.60       |      47.15      
   51532     |      37.81       |      48.35      
   51533     |      36.95       |      47.45      
   51534     |      35.05       |      45.53      
   51535     |      45.14       |      55.71      
   51536     |      32.06       |      42.60      
   51537     |      27.84       |      37.97      
   51538     |      24.81       |      34.83      
   51539     |      25.50       |      35.66      
   51540     |      36.14       |      46.47      
   51541     |      37.81       |      48.25      
   51542     |      30.59       |      40.96      
   51543     |      33.35       |      43.84      
   51544     |      27.44       |      37.90      
   51545     |      24.59       |      34.85      
   51546     |      11.52       |      21.26      
   51547     |      11.78       |      17.98      
   51548     |      14.39       |      10.20      
   51549     |      13.86       |       9.90      
   51550     |      12.23       |      10.97      
   51551     |       8.05       |      10.63      
   51552     |       8.01       |      10.76      
   51553     |      10.40       |      10.83      
   51554     |      12.31       |       8.94      
   51555     |      15.47       |      10.89      
   51556     |      17.51       |      11.24      
   51557     |      14.64       |       8.86      
   51558     |      13.28       |       8.84      
   51559     |      14.02       |       9.34      
   51560     |      12.37       |       9.72      
   51561     |       9.13       |       8.69      
   51562     |      18.28       |       9.51      
   51563     |      13.68       |       4.60      
   51564     |      21.20       |      11.18      
   51565     |      23.28       |      13.40      
   51566     |      24.97       |      15.03      
   51567     |      24.02       |      14.04      
   51568     |      26.29       |      16.26      
   51569     |      19.59       |       9.57      
   51570     |      21.00       |      10.99      
   51571     |      24.14       |      14.03      
   51572     |      19.98       |       9.89      
   51573     |      34.85       |      25.61      
   51574     |      26.43       |      18.24      
   51575     |      23.76       |      15.51      
   51576     |      19.56       |      12.64      
   51577     |      21.21       |      14.21      
   51578     |      13.08       |      14.30      
   51579     |      19.38       |      17.31      
   51580     |      17.48       |      20.52      
   51581     |      16.49       |      20.35      
   51582     |      16.22       |      17.87      
   51583     |      12.51       |      17.63      
   51584     |      11.90       |      14.48      
   51585     |      11.15       |      14.43      
   51586     |      12.11       |      11.43      
   51587     |      10.58       |      10.96      
   51588     |      14.26       |       9.19      
   51589     |      11.36       |       7.29      
   51590     |      17.05       |       8.91      
   51591     |      19.99       |      11.97      
   51592     |      15.83       |       9.59      
   51593     |      21.39       |      14.73      
   51594     |      22.28       |      15.28      
   51595     |      19.57       |      12.69      
   51596     |      22.13       |      14.40      
   51597     |      21.87       |      14.15      
   51598     |      21.10       |      13.61      
   51599     |      25.49       |      18.00      
   51600     |      26.11       |      18.48      
   51601     |      27.13       |      19.52      
   51602     |      28.67       |      20.77      
   51603     |      29.93       |      22.07      
   51604     |      25.19       |      18.37      
   51605     |      24.92       |      18.11      
   51606     |      24.86       |      18.07      
   51607     |      24.58       |      17.81      
   51608     |      30.88       |      22.84      
   51609     |      24.59       |      16.35      
   51610     |      20.34       |      13.02      
   51611     |      13.92       |       6.75      
   51612     |      20.34       |      11.51      
   51613     |      20.77       |      11.98      
   51614     |      40.49       |      31.06      
   51615     |      44.63       |      35.30      
   51616     |      42.74       |      33.45      
   51617     |      42.09       |      32.80      
   51618     |      34.65       |      25.52      
   51619     |      33.05       |      23.86      
   51620     |      25.26       |      16.39      
   51621     |      31.19       |      22.67      
   51622     |      27.47       |      19.32      
   51623     |      33.34       |      25.44      
   51624     |      46.84       |      38.09      
   51625     |      39.00       |      29.99      
   51626     |      52.35       |      43.15      
   51627     |      45.57       |      36.26      
   51628     |      42.35       |      33.06      
   51629     |      47.52       |      38.33      
   51630     |      48.48       |      39.30      
   51631     |      43.04       |      33.77      
   51632     |      38.17       |      28.94      
   51633     |      41.94       |      32.81      
   51634     |      55.10       |      45.89      
   51635     |      49.58       |      40.80      
   51636     |      68.49       |      59.43      
   51637     |      68.32       |      59.28      
   51638     |      52.33       |      43.53      
   51639     |      50.66       |      42.13      
   51640     |      31.15       |      23.91      
   51641     |      30.91       |      23.90      
   51642     |      25.27       |      19.45      
   51643     |      25.12       |      20.16      
   51644     |      29.20       |      23.11      
   51645     |      29.05       |      25.39      
   51646     |      26.64       |      24.21      
   51647     |      28.95       |      26.21      
   51648     |      35.27       |      30.15      
   51649     |      34.34       |      29.25      
   51650     |      37.42       |      31.61      
   51651     |      34.49       |      28.67      
   51652     |      31.27       |      26.24      
   51755     |      26.36       |      36.90      
   51756     |      24.14       |      34.57      
   51757     |      23.08       |      33.01      
   51758     |      27.15       |      37.34      
   51759     |      28.31       |      38.83      
   51760     |      26.87       |      37.33      
   51761     |      29.39       |      40.21      
   51762     |      19.08       |      29.74      
   51763     |      18.46       |      28.95      
   51764     |      16.38       |      26.75      
   51765     |      16.25       |      26.55      
   51766     |      16.23       |      26.51      
   51767     |      19.43       |      30.28      
   51768     |      16.66       |      27.48      
   51769     |      23.60       |      34.12      
   51770     |      19.20       |      29.59      
   51771     |      17.60       |      28.12      
   51772     |      17.29       |      27.78      
   51773     |      10.69       |      21.36      
   51774     |      22.68       |      33.39      
   51775     |      21.96       |      32.61      
   51776     |      32.29       |      42.95      
   51777     |      32.23       |      42.88      
   51778     |      42.01       |      52.67      
   51779     |      43.46       |      54.15      
   51780     |      42.84       |      53.52      
   51781     |      45.63       |      56.33      
   51782     |      41.30       |      51.98      
   51783     |      41.85       |      52.53      
   51784     |      43.73       |      54.39      
   51785     |      41.88       |      52.51      
   51786     |      41.94       |      52.56      
   51787     |      36.91       |      47.33      
   51788     |      30.63       |      40.98      
   51789     |      38.00       |      48.62      
   51790     |      35.23       |      45.84      
   51791     |      29.49       |      39.88      
   51792     |      26.97       |      37.32      
   51793     |      26.64       |      36.94      
   51794     |      25.18       |      35.43      
   51795     |      28.88       |      39.41      
   51796     |      37.13       |      47.65      
   51797     |      40.83       |      51.35      
   51798     |      32.82       |      43.33      
   51799     |      29.20       |      39.70      
   51800     |      23.61       |      34.08      
   51801     |      17.50       |      24.64      
   51802     |      14.99       |      20.33      
   51803     |      16.77       |      20.26      
   51804     |      18.10       |      15.44      
   51805     |      10.15       |      12.76      
   51806     |      10.22       |      12.44      
   51807     |       7.91       |      12.79      
   51808     |       8.77       |       9.24      
   51809     |       8.17       |       9.24      
   51810     |      12.66       |       6.24      
   51811     |      16.12       |       9.11      
   51812     |      14.58       |       8.77      
   51813     |      16.15       |      10.04      
   51814     |      14.36       |       9.87      
   51815     |      12.13       |       8.55      
   51816     |      10.17       |       9.83      
   51817     |      12.62       |      10.66      
   51818     |      16.37       |      10.26      
   51819     |      13.53       |       8.07      
   51820     |      23.81       |      14.33      
   51821     |      24.37       |      14.94      
   51822     |      24.72       |      15.26      
   51823     |      22.82       |      13.25      
   51824     |      20.60       |      11.33      
   51825     |      10.58       |       1.25      
   51826     |      24.23       |      14.24      
   51827     |      26.71       |      16.61      
   51828     |      32.36       |      22.29      
   51829     |      37.13       |      27.07      
   51830     |      21.36       |      11.62      
   51831     |      26.78       |      17.42      
   51832     |      19.37       |      11.30      
   51833     |      21.09       |      13.05      
   51834     |      13.76       |      10.56      
   51835     |      13.07       |      10.21      
   51836     |      11.02       |      16.07      
   51837     |      11.21       |      16.02      
   51838     |      11.52       |      16.92      
   51839     |      12.11       |      16.77      
   51840     |      11.76       |      14.96      
   51841     |      13.22       |      15.16      
   51842     |      13.53       |      14.05      
   51843     |      15.34       |      14.78      
   51844     |      16.23       |      14.11      
   51845     |      19.54       |      16.31      
   51846     |      23.47       |      17.47      
   51847     |      26.39       |      20.19      
   51848     |      24.50       |      19.18      
   51849     |      25.51       |      20.09      
   51850     |      24.32       |      19.53      
   51851     |      20.35       |      16.26      
   51852     |      24.48       |      18.09      
   51853     |      27.59       |      21.06      
   51854     |      27.72       |      21.15      
   51855     |      30.57       |      23.91      
   51856     |      30.12       |      23.59      
   51857     |      32.65       |      26.05      
   51858     |      33.31       |      26.54      
   51859     |      27.90       |      21.31      
   51860     |      26.64       |      20.45      
   51861     |      20.93       |      15.17      
   51862     |      24.07       |      17.10      
   51863     |      21.53       |      14.64      
   51864     |      25.37       |      17.52      
   51865     |      21.44       |      13.49      
   51866     |      15.72       |       9.97      
   51867     |      21.95       |      15.65      
   51868     |      24.09       |      17.08      
   51869     |      39.68       |      32.58      
   51870     |      49.34       |      41.15      
   51871     |      35.59       |      27.06      
   51872     |      43.45       |      34.49      
   51873     |      25.89       |      16.43      
   51874     |      32.11       |      22.67      
   51875     |      39.78       |      30.43      
   51876     |      29.54       |      20.39      
   51877     |      42.94       |      34.36      
   51878     |      35.38       |      27.36      
   51879     |      34.48       |      26.96      
   51880     |      41.77       |      33.56      
   51881     |      26.18       |      17.28      
   51882     |      45.87       |      36.60      
   51883     |      43.80       |      34.50      
   51884     |      46.82       |      37.52      
   51885     |      57.27       |      48.17      
   51886     |      45.07       |      36.23      
   51887     |      47.11       |      38.34      
   51888     |      45.77       |      37.07      
   51889     |      44.73       |      36.25      
   51890     |      60.65       |      51.72      
   51891     |      58.52       |      49.86      
   51892     |      65.68       |      56.86      
   51893     |      68.40       |      59.34      
   51894     |      46.58       |      37.88      
   51895     |      50.49       |      41.40      
   51896     |      26.58       |      17.98      
   51897     |      27.06       |      18.34      
   51898     |      25.40       |      16.77      
   51899     |      22.54       |      15.70      
   51900     |      33.19       |      25.01      
   51901     |      30.17       |      24.38      
   51902     |      24.10       |      20.49      
   51903     |      34.10       |      29.74      
   51904     |      35.55       |      30.76      
   51905     |      34.07       |      29.33      
   51906     |      36.33       |      31.01      
   51907     |      36.58       |      31.27      
   51908     |      34.69       |      29.85      
   52010     |      31.17       |      40.46      
   52011     |      32.44       |      42.58      
   52012     |      24.62       |      34.12      
   52013     |      26.24       |      36.69      
   52014     |      28.41       |      38.91      
   52015     |      32.48       |      43.41      
   52016     |      28.96       |      39.86      
   52017     |      29.87       |      40.79      
   52018     |      17.02       |      27.89      
   52019     |      15.53       |      26.18      
   52020     |      15.22       |      25.83      
   52021     |      15.84       |      26.59      
   52022     |      19.94       |      30.72      
   52023     |      17.72       |      27.91      
   52024     |      25.62       |      36.12      
   52025     |      26.04       |      36.61      
   52026     |      19.63       |      30.02      
   52027     |      24.33       |      35.13      
   52028     |      10.05       |      20.83      
   52029     |      16.70       |      26.84      
   52030     |      21.23       |      31.57      
   52031     |      18.63       |      29.17      
   52032     |      31.13       |      41.79      
   52033     |      25.80       |      36.51      
   52034     |      43.40       |      54.10      
   52035     |      41.43       |      52.07      
   52036     |      46.63       |      57.28      
   52037     |      45.29       |      55.87      
   52038     |      43.40       |      53.96      
   52039     |      43.11       |      53.65      
   52040     |      45.28       |      55.81      
   52041     |      48.10       |      58.74      
   52042     |      42.78       |      53.40      
   52043     |      42.77       |      53.38      
   52044     |      31.28       |      41.84      
   52045     |      25.97       |      35.28      
   52046     |      32.68       |      42.38      
   52047     |      33.69       |      43.67      
   52048     |      28.82       |      38.62      
   52049     |      38.42       |      48.99      
   52050     |      28.45       |      39.01      
   52051     |      29.14       |      39.69      
   52052     |      40.88       |      51.41      
   52053     |      38.23       |      48.75      
   52054     |      29.15       |      39.66      
   52055     |      28.47       |      38.95      
   52056     |       8.50       |      18.90      
   52057     |       7.70       |      14.56      
   52058     |       7.35       |      13.23      
   52059     |      11.13       |      12.79      
   52060     |      10.96       |      13.47      
   52061     |       8.96       |      13.68      
   52062     |       8.95       |      13.51      
   52063     |       8.63       |      13.60      
   52064     |       9.24       |      10.25      
   52065     |       9.89       |      10.32      
   52066     |      15.75       |       8.45      
   52067     |      14.13       |       7.03      
   52068     |      14.55       |       7.15      
   52069     |      15.84       |       8.35      
   52070     |      11.79       |       8.07      
   52071     |      11.52       |       7.96      
   52072     |      10.77       |       8.33      
   52073     |      14.72       |      10.43      
   52074     |      14.99       |      10.41      
   52075     |      17.19       |      12.04      
   52076     |      25.52       |      16.81      
   52077     |      20.67       |      11.75      
   52078     |      23.14       |      13.81      
   52079     |      23.09       |      13.78      
   52080     |      13.41       |       8.43      
   52081     |      20.98       |      14.63      
   52082     |      29.31       |      20.54      
   52083     |      28.48       |      19.70      
   52084     |      38.59       |      29.00      
   52085     |      30.78       |      20.87      
   52086     |      26.10       |      16.36      
   52087     |      26.05       |      16.32      
   52088     |      19.63       |      10.51      
   52089     |      22.22       |      13.27      
   52090     |      12.19       |       9.03      
   52091     |      16.48       |      11.77      
   52092     |      12.86       |      17.30      
   52093     |      15.74       |      17.71      
   52094     |      16.08       |      19.98      
   52095     |      15.97       |      19.97      
   52096     |      15.54       |      17.33      
   52097     |      17.82       |      18.17      
   52098     |      18.05       |      17.73      
   52099     |      19.94       |      18.77      
   52100     |      21.15       |      18.32      
   52101     |      24.58       |      20.92      
   52102     |      27.92       |      22.26      
   52103     |      27.64       |      22.03      
   52104     |      26.55       |      21.47      
   52105     |      25.64       |      20.69      
   52106     |      23.21       |      19.88      
   52107     |      18.34       |      16.40      
   52108     |      26.43       |      19.47      
   52109     |      29.06       |      22.05      
   52110     |      29.33       |      22.25      
   52111     |      37.74       |      30.56      
   52112     |      33.90       |      27.65      
   52113     |      29.73       |      23.72      
   52114     |      29.75       |      23.73      
   52115     |      25.73       |      20.01      
   52116     |      23.77       |      18.98      
   52117     |      21.03       |      16.67      
   52118     |      23.97       |      18.08      
   52119     |      22.24       |      16.51      
   52120     |      24.36       |      17.80      
   52121     |      25.56       |      18.97      
   52122     |      29.01       |      21.59      
   52123     |      27.83       |      23.30      
   52124     |      39.45       |      31.96      
   52125     |      39.10       |      31.87      
   52126     |      39.80       |      32.48      
   52127     |      27.27       |      19.85      
   52128     |      29.68       |      21.85      
   52129     |      35.33       |      27.65      
   52130     |      44.49       |      36.00      
   52131     |      43.80       |      35.52      
   52132     |      44.06       |      35.78      
   52133     |      39.60       |      31.19      
   52134     |      35.23       |      27.17      
   52135     |      30.71       |      22.49      
   52136     |      28.29       |      20.36      
   52137     |      31.35       |      23.54      
   52138     |      47.36       |      38.54      
   52139     |      46.58       |      37.89      
   52140     |      58.78       |      49.79      
   52141     |      58.18       |      49.25      
   52142     |      54.43       |      45.60      
   52143     |      50.41       |      42.39      
   52144     |      53.17       |      45.02      
   52145     |      51.14       |      43.65      
   52146     |      61.31       |      53.22      
   52147     |      63.21       |      54.75      
   52148     |      59.70       |      51.38      
   52149     |      64.55       |      55.57      
   52150     |      42.30       |      33.86      
   52151     |      45.33       |      36.38      
   52152     |      32.86       |      24.27      
   52153     |      30.02       |      22.76      
   52154     |      33.51       |      25.86      
   52155     |      32.02       |      25.83      
   52156     |      37.83       |      30.73      
   52157     |      37.54       |      30.66      
   52158     |      36.86       |      30.10      
   52159     |      35.96       |      31.96      
   52160     |      36.63       |      32.44      
   52161     |      37.03       |      32.83      
   52162     |      39.07       |      34.33      
   52163     |      41.90       |      37.12      
   52164     |      44.42       |      39.10      
   52165     |      51.38       |      46.05      
   52266     |      33.91       |      43.72      
   52267     |      33.68       |      43.35      
   52268     |      30.55       |      39.92      
   52269     |      31.88       |      42.08      
   52270     |      35.50       |      45.83      
   52271     |      38.75       |      49.55      
   52272     |      31.37       |      42.08      
   52273     |      29.34       |      39.62      
   52274     |      19.39       |      28.88      
   52275     |      19.98       |      30.11      
   52276     |      18.52       |      28.51      
   52277     |      20.74       |      31.48      
   52278     |      16.20       |      26.83      
   52279     |      15.70       |      26.18      
   52280     |      25.54       |      36.22      
   52281     |      25.37       |      36.02      
   52282     |      25.55       |      36.19      
   52283     |      31.10       |      41.88      
   52284     |      16.15       |      26.89      
   52285     |      27.05       |      36.91      
   52286     |      20.67       |      29.95      
   52287     |      14.56       |      24.48      
   52288     |      25.53       |      35.93      
   52289     |      19.56       |      30.28      
   52290     |      40.53       |      51.25      
   52291     |      38.43       |      49.13      
   52292     |      44.21       |      54.90      
   52293     |      41.87       |      52.49      
   52294     |      42.56       |      53.17      
   52295     |      42.42       |      53.02      
   52296     |      48.51       |      59.11      
   52297     |      46.54       |      57.04      
   52298     |      43.99       |      54.47      
   52299     |      38.18       |      47.59      
   52300     |      28.38       |      37.09      
   52301     |      28.33       |      36.97      
   52302     |      36.92       |      46.21      
   52303     |      39.07       |      49.04      
   52304     |      42.50       |      52.53      
   52305     |      45.88       |      56.27      
   52306     |      31.69       |      41.92      
   52307     |      36.09       |      46.61      
   52308     |      38.50       |      49.01      
   52309     |      35.14       |      45.49      
   52310     |      29.83       |      40.10      
   52311     |      29.77       |      40.03      
   52312     |       7.50       |      14.46      
   52313     |       7.11       |      17.18      
   52314     |       4.63       |       7.23      
   52315     |       8.58       |       6.59      
   52316     |       5.74       |      11.68      
   52317     |       7.73       |      11.07      
   52318     |       7.57       |      12.93      
   52319     |       7.95       |      12.80      
   52320     |       8.98       |       9.42      
   52321     |       9.91       |       9.54      
   52322     |      14.56       |       7.90      
   52323     |      15.82       |       8.99      
   52324     |      16.25       |       9.14      
   52325     |      13.82       |       7.04      
   52326     |      11.08       |       7.30      
   52327     |      11.57       |       7.54      
   52328     |      12.71       |       7.28      
   52329     |      11.73       |       6.67      
   52330     |      14.08       |       6.79      
   52331     |      19.36       |      11.79      
   52332     |      21.48       |      13.17      
   52333     |      22.01       |      13.73      
   52334     |      23.94       |      15.20      
   52335     |      24.34       |      15.63      
   52336     |      19.47       |      12.32      
   52337     |      23.11       |      15.80      
   52338     |      28.67       |      19.98      
   52339     |      22.30       |      13.39      
   52340     |      31.14       |      21.39      
   52341     |      30.79       |      21.04      
   52342     |      26.45       |      16.95      
   52343     |      32.78       |      23.63      
   52344     |      24.15       |      16.41      
   52345     |      25.47       |      17.74      
   52346     |      18.38       |      14.41      
   52347     |      17.12       |      13.52      
   52348     |      14.35       |      16.46      
   52349     |      12.92       |      16.20      
   52350     |      13.26       |      17.80      
   52351     |      12.28       |      17.96      
   52352     |      12.06       |      12.28      
   52353     |      11.84       |      12.23      
   52354     |      13.21       |      10.89      
   52355     |      16.86       |      13.06      
   52356     |      18.94       |      13.43      
   52357     |      21.94       |      16.04      
   52358     |      24.28       |      17.39      
   52359     |      24.05       |      17.19      
   52360     |      22.25       |      16.08      
   52361     |      24.25       |      17.95      
   52362     |      18.02       |      16.05      
   52363     |      27.49       |      23.33      
   52364     |      31.87       |      25.79      
   52365     |      34.19       |      28.01      
   52366     |      37.97       |      30.86      
   52367     |      32.49       |      25.48      
   52368     |      29.32       |      23.21      
   52369     |      22.73       |      17.17      
   52370     |      24.22       |      18.00      
   52371     |      22.54       |      16.45      
   52372     |      19.90       |      15.21      
   52373     |      19.78       |      15.12      
   52374     |      21.95       |      16.13      
   52375     |      21.77       |      15.97      
   52376     |      25.59       |      18.54      
   52377     |      25.31       |      18.64      
   52378     |      31.66       |      23.75      
   52379     |      30.46       |      23.55      
   52380     |      37.54       |      29.55      
   52381     |      25.47       |      17.09      
   52382     |      25.17       |      16.84      
   52383     |      31.25       |      23.18      
   52384     |      39.37       |      30.67      
   52385     |      36.27       |      28.87      
   52386     |      44.36       |      36.14      
   52387     |      44.87       |      36.49      
   52388     |      40.82       |      32.75      
   52389     |      35.17       |      26.91      
   52390     |      31.58       |      23.70      
   52391     |      23.39       |      15.11      
   52392     |      28.95       |      20.20      
   52393     |      28.81       |      20.07      
   52394     |      45.71       |      36.52      
   52395     |      41.92       |      32.66      
   52396     |      56.36       |      47.06      
   52397     |      53.04       |      43.73      
   52398     |      51.00       |      41.70      
   52399     |      57.93       |      48.69      
   52400     |      55.08       |      45.87      
   52401     |      50.05       |      41.25      
   52402     |      57.09       |      48.16      
   52403     |      56.88       |      47.97      
   52404     |      53.84       |      45.00      
   52405     |      55.67       |      46.66      
   52406     |      47.41       |      38.54      
   52407     |      43.66       |      35.55      
   52408     |      43.36       |      35.28      
   52409     |      40.54       |      34.04      
   52410     |      40.10       |      33.67      
   52411     |      39.82       |      33.78      
   52412     |      37.30       |      31.72      
   52413     |      38.39       |      31.44      
   52414     |      38.81       |      31.84      
   52415     |      38.20       |      31.80      
   52416     |      37.08       |      30.87      
   52417     |      36.67       |      32.42      
   52418     |      40.38       |      35.26      
   52419     |      40.37       |      35.30      
   52420     |      48.97       |      42.68      
   52421     |      48.53       |      42.67      
   52522     |      35.59       |      44.84      
   52523     |      35.48       |      44.57      
   52524     |      36.52       |      45.70      
   52525     |      37.51       |      47.39      
   52526     |      42.57       |      52.69      
   52527     |      41.64       |      51.39      
   52528     |      34.38       |      43.56      
   52529     |      36.56       |      46.88      
   52530     |      22.82       |      32.20      
   52531     |      25.08       |      35.67      
   52532     |      21.86       |      32.35      
   52533     |      20.52       |      30.27      
   52534     |      18.96       |      28.51      
   52535     |      25.30       |      36.14      
   52536     |      24.00       |      34.83      
   52537     |      29.06       |      39.65      
   52538     |      35.98       |      46.61      
   52539     |      31.88       |      41.98      
   52540     |      27.04       |      36.90      
   52541     |      21.80       |      32.09      
   52542     |      14.67       |      24.53      
   52543     |      10.55       |      20.93      
   52544     |      19.46       |      30.07      
   52545     |      22.20       |      32.61      
   52546     |      37.63       |      48.22      
   52547     |      35.98       |      46.62      
   52548     |      40.27       |      50.91      
   52549     |      38.78       |      49.45      
   52550     |      40.90       |      51.56      
   52551     |      35.11       |      45.70      
   52552     |      45.59       |      56.20      
   52553     |      41.13       |      51.38      
   52554     |      34.69       |      44.80      
   52555     |      33.76       |      43.61      
   52556     |      25.20       |      34.60      
   52557     |      26.80       |      36.90      
   52558     |      37.31       |      47.60      
   52559     |      36.11       |      46.22      
   52560     |      46.87       |      57.13      
   52561     |      47.34       |      57.63      
   52562     |      38.66       |      48.82      
   52563     |      42.73       |      53.21      
   52564     |      34.63       |      45.06      
   52565     |      34.19       |      44.58      
   52566     |      29.39       |      39.73      
   52567     |      28.27       |      38.47      
   52568     |      10.43       |      19.04      
   52569     |      11.04       |      20.96      
   52570     |       8.14       |       5.93      
   52571     |       6.19       |       6.10      
   52572     |       4.15       |       8.65      
   52573     |       3.74       |       8.84      
   52574     |       3.20       |      10.30      
   52575     |       4.10       |       9.79      
   52576     |       6.72       |       5.87      
   52577     |       4.16       |       6.92      
   52578     |      13.59       |       3.41      
   52579     |      12.61       |       2.30      
   52580     |      12.12       |       1.84      
   52581     |      16.31       |       6.67      
   52582     |       9.83       |       4.30      
   52583     |      16.39       |       9.28      
   52584     |      13.01       |       8.80      
   52585     |      16.24       |      11.07      
   52586     |      19.69       |      12.36      
   52587     |      19.93       |      12.60      
   52588     |      22.20       |      14.04      
   52589     |      23.38       |      15.25      
   52590     |      24.75       |      16.28      
   52591     |      20.81       |      12.24      
   52592     |      20.98       |      12.38      
   52593     |      17.79       |       9.08      
   52594     |      21.63       |      12.19      
   52595     |      20.81       |      11.32      
   52596     |      30.37       |      20.41      
   52597     |      33.27       |      23.44      
   52598     |      31.45       |      21.69      
   52599     |      34.07       |      24.45      
   52600     |      23.74       |      15.04      
   52601     |      21.18       |      12.34      
   52602     |      13.57       |       8.25      
   52603     |       8.08       |       5.55      
   52604     |       5.11       |      10.57      
   52605     |       4.03       |      11.23      
   52606     |       5.24       |      13.70      
   52607     |      10.92       |      11.86      
   52608     |      11.09       |      11.48      
   52609     |      12.42       |      11.82      
   52610     |      15.15       |      10.65      
   52611     |      14.17       |      10.01      
   52612     |      19.12       |      11.63      
   52613     |      18.25       |      10.81      
   52614     |      21.47       |      13.13      
   52615     |      22.44       |      14.14      
   52616     |      21.09       |      13.09      
   52617     |      28.11       |      20.25      
   52618     |      21.75       |      15.79      
   52619     |      38.33       |      31.66      
   52620     |      35.33       |      29.46      
   52621     |      35.03       |      29.18      
   52622     |      35.79       |      29.72      
   52623     |      22.67       |      17.67      
   52624     |      23.30       |      17.95      
   52625     |      16.09       |      12.16      
   52626     |      20.88       |      14.06      
   52627     |      16.91       |      10.37      
   52628     |      16.31       |      10.10      
   52629     |      24.16       |      17.41      
   52630     |      20.44       |      15.17      
   52631     |      20.76       |      14.56      
   52632     |      21.52       |      15.05      
   52633     |      23.11       |      14.96      
   52634     |      27.93       |      19.25      
   52635     |      28.85       |      19.90      
   52636     |      27.65       |      18.79      
   52637     |      25.94       |      17.80      
   52638     |      29.96       |      21.41      
   52639     |      35.03       |      26.69      
   52640     |      41.01       |      32.29      
   52641     |      40.12       |      31.63      
   52642     |      45.79       |      37.03      
   52643     |      44.00       |      35.70      
   52644     |      35.41       |      27.97      
   52645     |      36.23       |      28.32      
   52646     |      27.35       |      20.88      
   52647     |      16.92       |      10.59      
   52648     |      29.08       |      20.46      
   52649     |      15.70       |       6.44      
   52650     |      41.08       |      31.79      
   52651     |      40.27       |      31.01      
   52652     |      52.43       |      43.18      
   52653     |      58.04       |      48.74      
   52654     |      56.77       |      47.48      
   52655     |      55.00       |      45.73      
   52656     |      53.64       |      44.37      
   52657     |      54.94       |      45.67      
   52658     |      53.82       |      44.57      
   52659     |      56.60       |      47.35      
   52660     |      55.13       |      45.89      
   52661     |      51.70       |      42.55      
   52662     |      52.80       |      43.66      
   52663     |      48.03       |      39.29      
   52664     |      46.64       |      37.95      
   52665     |      43.66       |      35.67      
   52666     |      38.47       |      30.83      
   52667     |      37.49       |      30.48      
   52668     |      31.03       |      25.03      
   52669     |      31.77       |      24.79      
   52670     |      35.99       |      28.56      
   52671     |      36.35       |      28.72      
   52672     |      40.92       |      32.98      
   52673     |      37.94       |      31.95      
   52674     |      39.29       |      33.11      
   52675     |      38.80       |      33.36      
   52676     |      46.03       |      39.59      
   52677     |      46.55       |      39.75      
   52777     |      22.73       |      31.84      
   52778     |      31.25       |      41.26      
   52779     |      31.58       |      41.76      
   52780     |      35.40       |      45.73      
   52781     |      37.14       |      47.82      
   52782     |      36.98       |      47.64      
   52783     |      34.95       |      45.18      
   52784     |      36.75       |      47.04      
   52785     |      37.57       |      48.04      
   52786     |      27.52       |      37.57      
   52787     |      28.09       |      38.38      
   52788     |      20.64       |      30.37      
   52789     |      22.89       |      33.57      
   52790     |      26.53       |      37.26      
   52791     |      28.91       |      39.75      
   52792     |      29.48       |      40.31      
   52793     |      28.76       |      39.57      
   52794     |      35.26       |      46.06      
   52795     |      36.69       |      47.47      
   52796     |      22.38       |      33.06      
   52797     |      25.01       |      35.80      
   52798     |      10.41       |      21.18      
   52799     |      16.31       |      26.59      
   52800     |      22.16       |      32.61      
   52801     |      21.65       |      32.12      
   52802     |      35.94       |      46.55      
   52803     |      30.86       |      41.58      
   52804     |      39.20       |      49.90      
   52805     |      33.22       |      43.64      
   52806     |      36.22       |      46.67      
   52807     |      35.65       |      46.02      
   52808     |      40.08       |      50.50      
   52809     |      38.44       |      48.62      
   52810     |      33.05       |      43.05      
   52811     |      35.94       |      46.43      
   52812     |      25.86       |      36.18      
   52813     |      30.23       |      40.83      
   52814     |      32.71       |      43.31      
   52815     |      31.55       |      42.13      
   52816     |      44.71       |      55.27      
   52817     |      42.12       |      52.63      
   52818     |      42.61       |      53.11      
   52819     |      44.16       |      54.69      
   52820     |      33.55       |      44.04      
   52821     |      33.33       |      43.81      
   52822     |      27.14       |      37.56      
   52823     |      25.70       |      35.97      
   52824     |      12.25       |      21.73      
   52825     |      13.21       |      23.33      
   52826     |       7.01       |       7.14      
   52827     |       2.51       |       8.60      
   52828     |       2.71       |       8.34      
   52829     |       0.46       |      10.07      
   52830     |       1.72       |       8.72      
   52831     |       3.19       |      11.93      
   52832     |       5.07       |       7.24      
   52833     |       5.45       |       5.96      
   52834     |      12.98       |       3.64      
   52835     |      13.17       |       3.65      
   52836     |      16.12       |       6.20      
   52837     |      21.68       |      11.48      
   52838     |      14.34       |       4.61      
   52839     |      19.95       |      10.87      
   52840     |      13.99       |       7.33      
   52841     |      18.47       |      11.40      
   52842     |      19.56       |      12.01      
   52843     |      16.46       |       8.98      
   52844     |      21.91       |      12.85      
   52845     |      17.99       |       8.61      
   52846     |      19.58       |       9.99      
   52847     |      19.32       |       9.72      
   52848     |      17.33       |       8.05      
   52849     |      25.60       |      16.77      
   52850     |      22.50       |      14.34      
   52851     |      32.03       |      24.00      
   52852     |      36.13       |      27.52      
   52853     |      30.75       |      21.96      
   52854     |      35.10       |      25.91      
   52855     |      25.61       |      15.91      
   52856     |      20.65       |      11.31      
   52857     |      19.18       |       9.71      
   52858     |       8.33       |       5.99      
   52859     |       5.50       |       6.12      
   52860     |       3.15       |      10.90      
   52861     |       6.60       |       9.54      
   52862     |       7.25       |       8.27      
   52863     |      14.69       |      10.89      
   52864     |      12.63       |      12.08      
   52865     |      13.70       |      12.47      
   52866     |      15.36       |      11.76      
   52867     |      13.24       |      10.57      
   52868     |      18.89       |      11.94      
   52869     |      15.39       |       8.76      
   52870     |      21.94       |      13.29      
   52871     |      19.78       |      11.02      
   52872     |      25.48       |      16.20      
   52873     |      27.98       |      18.86      
   52874     |      31.01       |      21.75      
   52875     |      36.59       |      27.61      
   52876     |      28.00       |      19.80      
   52877     |      26.44       |      18.20      
   52878     |      19.56       |      13.28      
   52879     |      13.69       |       8.23      
   52880     |      13.44       |       8.19      
   52881     |      10.72       |       6.56      
   52882     |      14.85       |       7.35      
   52883     |      15.26       |       7.28      
   52884     |      24.03       |      14.90      
   52885     |      21.40       |      13.36      
   52886     |      22.48       |      14.29      
   52887     |      20.24       |      14.92      
   52888     |      23.67       |      17.07      
   52889     |      23.24       |      17.46      
   52890     |      22.68       |      17.14      
   52891     |      27.09       |      18.05      
   52892     |      27.23       |      18.21      
   52893     |      27.25       |      18.23      
   52894     |      39.64       |      30.31      
   52895     |      34.82       |      26.43      
   52896     |      46.27       |      37.31      
   52897     |      43.01       |      34.81      
   52898     |      46.02       |      37.64      
   52899     |      46.67       |      38.14      
   52900     |      31.74       |      24.46      
   52901     |      33.28       |      25.16      
   52902     |      17.42       |      13.62      
   52903     |      17.74       |      11.94      
   52904     |      19.79       |      13.20      
   52905     |      19.47       |      13.55      
   52906     |      42.99       |      34.21      
   52907     |      43.14       |      34.34      
   52908     |      61.67       |      52.56      
   52909     |      60.92       |      51.88      
   52910     |      58.10       |      49.12      
   52911     |      54.63       |      45.57      
   52912     |      57.46       |      48.37      
   52913     |      49.34       |      40.12      
   52914     |      57.96       |      48.72      
   52915     |      57.24       |      48.03      
   52916     |      59.49       |      50.28      
   52917     |      56.70       |      47.60      
   52918     |      57.36       |      48.26      
   52919     |      54.51       |      45.63      
   52920     |      50.05       |      41.25      
   52921     |      47.94       |      39.50      
   52922     |      35.95       |      28.08      
   52923     |      36.58       |      28.46      
   52924     |      26.71       |      19.47      
   52925     |      26.84       |      19.49      
   52926     |      39.31       |      31.03      
   52927     |      36.74       |      29.53      
   52928     |      45.27       |      37.42      
   52929     |      43.62       |      36.43      
   52930     |      37.46       |      30.95      
   52931     |      37.57       |      30.97      
   52932     |      40.00       |      33.15      
   52933     |      41.49       |      33.94      
   52934     |      42.71       |      35.10      
   53033     |      16.08       |      27.05      
   53034     |      26.74       |      37.68      
   53035     |      23.59       |      34.57      
   53036     |      34.86       |      45.83      
   53037     |      32.67       |      43.58      
   53038     |      31.44       |      42.33      
   53039     |      31.80       |      42.70      
   53040     |      34.84       |      45.73      
   53041     |      30.88       |      41.38      
   53042     |      27.75       |      38.13      
   53043     |      28.00       |      38.44      
   53044     |      24.75       |      35.02      
   53045     |      30.48       |      41.35      
   53046     |      28.69       |      39.55      
   53047     |      23.82       |      34.20      
   53048     |      30.27       |      40.84      
   53049     |      27.97       |      37.61      
   53050     |      38.65       |      48.88      
   53051     |      37.91       |      47.90      
   53052     |      30.88       |      40.44      
   53053     |      36.89       |      47.65      
   53054     |      17.09       |      27.66      
   53055     |      23.70       |      34.30      
   53056     |      21.60       |      32.14      
   53057     |      14.99       |      25.67      
   53058     |      31.02       |      41.74      
   53059     |      26.07       |      36.36      
   53060     |      33.10       |      43.55      
   53061     |      33.69       |      44.20      
   53062     |      34.78       |      45.29      
   53063     |      40.70       |      51.36      
   53064     |      34.28       |      44.93      
   53065     |      32.21       |      42.86      
   53066     |      34.50       |      45.14      
   53067     |      29.64       |      39.76      
   53068     |      33.14       |      43.37      
   53069     |      34.05       |      44.43      
   53070     |      33.36       |      43.72      
   53071     |      36.30       |      46.86      
   53072     |      41.71       |      52.26      
   53073     |      40.77       |      51.28      
   53074     |      44.45       |      54.97      
   53075     |      41.68       |      52.06      
   53076     |      34.91       |      45.18      
   53077     |      38.65       |      49.16      
   53078     |      25.10       |      35.49      
   53079     |      25.37       |      35.78      
   53080     |      13.36       |      23.44      
   53081     |      13.91       |      24.16      
   53082     |       5.08       |       9.99      
   53083     |       2.84       |      13.29      
   53084     |       0.34       |      10.10      
   53085     |       5.08       |       7.57      
   53086     |       3.75       |      12.52      
   53087     |      10.06       |      11.14      
   53088     |      10.18       |      10.92      
   53089     |      13.64       |      11.89      
   53090     |      17.07       |      11.69      
   53091     |      16.08       |      10.92      
   53092     |      23.96       |      15.43      
   53093     |      20.58       |      11.90      
   53094     |      20.47       |      11.82      
   53095     |      15.87       |       6.86      
   53096     |      16.21       |       7.12      
   53097     |      15.14       |       5.94      
   53098     |      15.03       |       5.87      
   53099     |      17.68       |       8.83      
   53100     |      18.35       |       9.37      
   53101     |      21.32       |      12.60      
   53102     |      20.51       |      11.98      
   53103     |      27.47       |      19.26      
   53104     |      26.98       |      18.92      
   53105     |      31.57       |      23.46      
   53106     |      31.76       |      23.62      
   53107     |      33.83       |      25.73      
   53108     |      32.73       |      24.81      
   53109     |      25.96       |      17.89      
   53110     |      27.75       |      19.37      
   53111     |      23.16       |      14.56      
   53112     |      20.67       |      12.61      
   53113     |      20.60       |      12.55      
   53114     |       9.97       |      10.79      
   53115     |      15.01       |      13.07      
   53116     |      12.94       |      15.05      
   53117     |      16.29       |      16.50      
   53118     |      18.30       |      15.65      
   53119     |      14.18       |      13.11      
   53120     |      14.20       |      13.06      
   53121     |      14.61       |      13.20      
   53122     |      15.14       |      13.01      
   53123     |      15.12       |      13.02      
   53124     |      18.21       |      13.34      
   53125     |      17.82       |      13.04      
   53126     |      22.49       |      15.59      
   53127     |      20.33       |      13.51      
   53128     |      29.06       |      20.50      
   53129     |      27.99       |      19.39      
   53130     |      36.26       |      27.15      
   53131     |      31.37       |      22.01      
   53132     |      25.04       |      15.96      
   53133     |      21.69       |      12.33      
   53134     |      11.99       |       4.49      
   53135     |      15.66       |       8.20      
   53136     |      16.93       |       8.92      
   53137     |      14.62       |      12.06      
   53138     |      22.22       |      15.30      
   53139     |      20.89       |      16.42      
   53140     |      26.08       |      19.62      
   53141     |      27.36       |      19.76      
   53142     |      23.98       |      17.04      
   53143     |      24.32       |      17.04      
   53144     |      22.87       |      15.94      
   53145     |      22.86       |      15.94      
   53146     |      21.67       |      15.09      
   53147     |      21.37       |      15.36      
   53148     |      29.18       |      21.45      
   53149     |      29.61       |      21.62      
   53150     |      43.01       |      34.18      
   53151     |      42.31       |      33.67      
   53152     |      47.14       |      38.27      
   53153     |      46.86       |      38.04      
   53154     |      42.31       |      33.66      
   53155     |      43.77       |      34.87      
   53156     |      28.83       |      20.72      
   53157     |      29.14       |      20.90      
   53158     |      19.82       |      13.10      
   53159     |      18.99       |      15.71      
   53160     |      31.45       |      24.18      
   53161     |      29.98       |      26.56      
   53162     |      48.57       |      41.52      
   53163     |      49.04       |      41.73      
   53164     |      64.86       |      56.66      
   53165     |      65.78       |      57.36      
   53166     |      59.91       |      51.73      
   53167     |      59.75       |      51.62      
   53168     |      52.54       |      45.01      
   53169     |      55.13       |      46.89      
   53170     |      59.76       |      51.36      
   53171     |      62.33       |      53.60      
   53172     |      62.84       |      54.11      
   53173     |      63.25       |      54.48      
   53174     |      61.23       |      52.50      
   53175     |      60.58       |      51.94      
   53176     |      54.44       |      45.96      
   53177     |      53.13       |      44.91      
   53178     |      35.96       |      28.75      
   53179     |      36.75       |      29.11      
   53180     |      30.79       |      23.71      
   53181     |      29.97       |      23.86      
   53182     |      46.66       |      38.87      
   53183     |      45.00       |      38.14      
   53184     |      46.68       |      39.66      
   53185     |      47.38       |      40.04      
   53186     |      35.65       |      29.55      
   53187     |      36.46       |      29.69      
   53188     |      35.07       |      28.49      
   53189     |      37.16       |      29.49      
   53190     |      42.14       |      34.22      
   53289     |      17.45       |      28.36      
   53290     |      23.02       |      33.91      
   53291     |      21.27       |      32.24      
   53292     |      29.52       |      40.46      
   53293     |      31.79       |      42.75      
   53294     |      31.95       |      42.90      
   53295     |      30.97       |      41.90      
   53296     |      25.06       |      35.99      
   53297     |      28.33       |      39.24      
   53298     |      29.72       |      40.62      
   53299     |      24.90       |      35.78      
   53300     |      26.45       |      37.31      
   53301     |      30.73       |      41.61      
   53302     |      21.80       |      32.62      
   53303     |      18.68       |      28.32      
   53304     |      25.39       |      35.63      
   53305     |      26.32       |      36.85      
   53306     |      34.99       |      45.69      
   53307     |      34.12       |      44.82      
   53308     |      38.05       |      48.79      
   53309     |      37.03       |      47.78      
   53310     |      25.39       |      35.95      
   53311     |      24.82       |      35.39      
   53312     |      16.35       |      26.08      
   53313     |      19.47       |      29.14      
   53314     |      26.30       |      36.56      
   53315     |      25.59       |      35.56      
   53316     |      34.55       |      44.94      
   53317     |      35.23       |      45.72      
   53318     |      44.47       |      55.07      
   53319     |      42.08       |      52.70      
   53320     |      39.43       |      50.02      
   53321     |      31.95       |      42.61      
   53322     |      16.97       |      27.52      
   53323     |      30.28       |      40.29      
   53324     |      35.24       |      45.45      
   53325     |      33.73       |      43.07      
   53326     |      45.35       |      55.43      
   53327     |      38.91       |      49.14      
   53328     |      41.10       |      51.42      
   53329     |      43.03       |      53.32      
   53330     |      42.67       |      52.94      
   53331     |      40.85       |      50.81      
   53332     |      42.62       |      52.64      
   53333     |      44.46       |      54.76      
   53334     |      33.72       |      43.65      
   53335     |      26.99       |      37.11      
   53336     |      20.77       |      30.43      
   53337     |      15.05       |      24.94      
   53338     |      11.38       |      20.65      
   53339     |       3.98       |      13.78      
   53340     |       5.15       |       7.49      
   53341     |       5.13       |       7.62      
   53342     |      10.88       |       4.27      
   53343     |       9.95       |      11.04      
   53344     |      16.69       |      11.01      
   53345     |      16.48       |      15.09      
   53346     |      18.73       |      15.12      
   53347     |      18.72       |      14.62      
   53348     |      18.75       |      14.64      
   53349     |      20.72       |      12.16      
   53350     |      15.80       |       8.97      
   53351     |      16.59       |       8.46      
   53352     |      16.29       |       8.28      
   53353     |      16.18       |       8.31      
   53354     |      18.54       |       9.99      
   53355     |      18.26       |       9.98      
   53356     |      21.40       |      12.53      
   53357     |      21.24       |      12.48      
   53358     |      24.19       |      15.11      
   53359     |      25.11       |      15.68      
   53360     |      28.38       |      18.90      
   53361     |      28.92       |      19.36      
   53362     |      30.64       |      21.04      
   53363     |      26.61       |      16.77      
   53364     |      23.58       |      13.83      
   53365     |      24.28       |      14.60      
   53366     |      22.01       |      12.44      
   53367     |      26.89       |      17.79      
   53368     |      20.76       |      12.33      
   53369     |      20.42       |      12.24      
   53370     |      17.46       |      10.09      
   53371     |      16.41       |      14.77      
   53372     |      16.85       |      14.79      
   53373     |      18.05       |      18.33      
   53374     |      17.61       |      18.48      
   53375     |      16.61       |      15.88      
   53376     |      17.95       |      16.31      
   53377     |      17.84       |      16.84      
   53378     |      19.46       |      17.07      
   53379     |      19.51       |      18.12      
   53380     |      21.91       |      18.74      
   53381     |      21.94       |      18.53      
   53382     |      23.88       |      19.45      
   53383     |      24.13       |      18.99      
   53384     |      26.98       |      20.96      
   53385     |      29.39       |      21.46      
   53386     |      23.62       |      16.70      
   53387     |      30.99       |      21.44      
   53388     |      23.92       |      14.44      
   53389     |      22.01       |      12.95      
   53390     |      22.91       |      13.84      
   53391     |      18.22       |      12.83      
   53392     |      19.75       |      13.97      
   53393     |      20.35       |      14.01      
   53394     |      24.67       |      17.40      
   53395     |      23.58       |      17.20      
   53396     |      28.05       |      20.83      
   53397     |      26.84       |      20.64      
   53398     |      24.81       |      19.16      
   53399     |      25.33       |      18.94      
   53400     |      23.21       |      17.37      
   53401     |      23.72       |      17.17      
   53402     |      30.65       |      22.99      
   53403     |      28.24       |      23.73      
   53404     |      37.80       |      31.25      
   53405     |      37.00       |      31.51      
   53406     |      44.47       |      37.88      
   53407     |      46.97       |      39.10      
   53408     |      45.98       |      38.17      
   53409     |      49.06       |      40.60      
   53410     |      39.95       |      31.91      
   53411     |      42.39       |      33.77      
   53412     |      36.64       |      28.27      
   53413     |      32.93       |      26.27      
   53414     |      36.32       |      29.24      
   53415     |      34.50       |      31.74      
   53416     |      43.72       |      38.75      
   53417     |      43.50       |      39.08      
   53418     |      52.54       |      46.72      
   53419     |      52.93       |      46.78      
   53420     |      64.89       |      57.76      
   53421     |      66.84       |      59.01      
   53422     |      63.84       |      56.15      
   53423     |      63.23       |      55.72      
   53424     |      60.31       |      52.89      
   53425     |      57.40       |      50.71      
   53426     |      63.97       |      56.89      
   53427     |      65.43       |      57.96      
   53428     |      62.85       |      55.52      
   53429     |      66.28       |      58.09      
   53430     |      60.74       |      52.75      
   53431     |      63.05       |      54.60      
   53432     |      55.37       |      47.13      
   53433     |      55.52       |      47.25      
   53434     |      37.90       |      30.49      
   53435     |      37.07       |      30.17      
   53436     |      34.81       |      28.21      
   53437     |      34.32       |      28.29      
   53438     |      41.98       |      35.07      
   53439     |      45.22       |      37.11      
   53440     |      38.03       |      30.16      
   53441     |      41.12       |      32.64      
   53442     |      31.91       |      23.72      
   53443     |      30.50       |      22.76      
   53444     |      32.69       |      24.83      
   53445     |      31.99       |      24.40      
   53446     |      36.85       |      28.98      
   53546     |      23.33       |      34.05      
   53547     |      24.54       |      35.44      
   53548     |      29.96       |      40.90      
   53549     |      30.59       |      41.51      
   53550     |      30.22       |      41.12      
   53551     |      33.45       |      44.28      
   53552     |      25.24       |      35.85      
   53553     |      27.81       |      38.32      
   53554     |      38.39       |      49.17      
   53555     |      29.55       |      40.46      
   53556     |      21.88       |      32.74      
   53557     |      28.39       |      39.06      
   53558     |      17.69       |      27.79      
   53559     |      16.98       |      27.12      
   53560     |      28.31       |      38.98      
   53561     |      25.14       |      35.90      
   53562     |      32.74       |      43.54      
   53563     |      34.37       |      45.14      
   53564     |      31.20       |      41.93      
   53565     |      39.53       |      50.04      
   53566     |      22.57       |      31.50      
   53567     |      33.53       |      42.33      
   53568     |      30.58       |      38.62      
   53569     |      23.75       |      31.59      
   53570     |      28.63       |      37.78      
   53571     |      29.68       |      38.81      
   53572     |      38.58       |      48.55      
   53573     |      37.10       |      45.09      
   53576     |      48.38       |      57.70      
   53578     |      29.15       |      36.89      
   53579     |      28.99       |      38.63      
   53580     |      30.30       |      40.05      
   53581     |      31.95       |      41.64      
   53582     |      44.91       |      55.27      
   53583     |      43.04       |      53.42      
   53584     |      37.71       |      47.89      
   53585     |      42.83       |      52.92      
   53586     |      39.77       |      49.69      
   53587     |      41.44       |      51.32      
   53588     |      46.25       |      56.33      
   53589     |      45.98       |      56.00      
   53590     |      36.63       |      46.05      
   53591     |      37.76       |      47.70      
   53592     |      30.88       |      40.28      
   53593     |      20.72       |      30.40      
   53594     |      20.56       |      30.21      
   53595     |       8.97       |      19.21      
   53596     |       5.48       |       8.70      
   53597     |       5.49       |       7.79      
   53598     |      14.68       |       6.43      
   53599     |      13.07       |       8.73      
   53600     |      16.08       |       9.61      
   53601     |      15.94       |       9.79      
   53602     |      16.72       |      10.17      
   53603     |      16.10       |      11.60      
   53604     |      16.54       |      11.72      
   53605     |      16.57       |      11.62      
   53606     |      16.41       |      11.58      
   53607     |      16.78       |      10.69      
   53608     |      18.00       |      11.32      
   53609     |      17.97       |      11.34      
   53610     |      19.75       |      12.46      
   53611     |      19.90       |      12.40      
   53612     |      19.52       |      12.16      
   53613     |      21.30       |      12.38      
   53614     |      18.66       |      10.12      
   53615     |      22.94       |      12.95      
   53616     |      21.77       |      11.80      
   53617     |      27.38       |      17.26      
   53618     |      26.42       |      16.33      
   53619     |      24.50       |      14.56      
   53620     |      24.29       |      14.38      
   53621     |      27.67       |      17.59      
   53622     |      25.71       |      15.66      
   53623     |      26.26       |      16.21      
   53624     |      22.01       |      11.98      
   53625     |      19.38       |       9.48      
   53626     |      23.27       |      13.39      
   53627     |      17.47       |      10.13      
   53628     |      19.63       |      11.76      
   53629     |      17.38       |      15.45      
   53630     |      16.68       |      15.33      
   53631     |      17.55       |      18.44      
   53632     |      18.87       |      18.47      
   53633     |      18.70       |      17.19      
   53634     |      19.80       |      17.51      
   53635     |      19.80       |      17.49      
   53636     |      21.19       |      17.98      
   53637     |      21.21       |      17.90      
   53638     |      23.13       |      18.85      
   53639     |      23.24       |      18.65      
   53640     |      22.16       |      18.07      
   53641     |      24.22       |      17.07      
   53642     |      15.81       |      11.76      
   53643     |      20.46       |      11.46      
   53644     |      22.65       |      13.57      
   53645     |      24.05       |      14.69      
   53646     |      32.73       |      23.38      
   53647     |      25.80       |      18.38      
   53648     |      19.32       |      13.02      
   53649     |      19.09       |      13.04      
   53650     |      19.90       |      13.64      
   53651     |      22.60       |      14.39      
   53652     |      29.42       |      20.78      
   53653     |      26.83       |      19.17      
   53654     |      26.46       |      18.87      
   53655     |      24.45       |      18.69      
   53656     |      31.44       |      24.38      
   53657     |      29.42       |      25.22      
   53658     |      42.03       |      35.40      
   53659     |      40.73       |      35.56      
   53660     |      42.70       |      37.20      
   53661     |      42.70       |      37.19      
   53662     |      46.24       |      40.27      
   53663     |      46.49       |      40.32      
   53664     |      47.11       |      40.89      
   53665     |      48.95       |      41.79      
   53666     |      37.94       |      31.91      
   53667     |      41.07       |      33.34      
   53668     |      42.63       |      34.82      
   53669     |      41.02       |      33.86      
   53670     |      49.76       |      42.02      
   53671     |      45.38       |      40.29      
   53672     |      50.80       |      45.00      
   53673     |      49.45       |      45.41      
   53674     |      56.26       |      51.24      
   53675     |      56.37       |      51.23      
   53676     |      60.96       |      55.33      
   53677     |      64.26       |      57.02      
   53678     |      62.74       |      55.59      
   53679     |      64.26       |      56.64      
   53680     |      64.76       |      57.13      
   53681     |      62.46       |      55.43      
   53683     |      65.72       |      58.94      
   53684     |      60.87       |      54.42      
   53685     |      63.10       |      55.83      
   53686     |      56.97       |      50.06      
   53687     |      60.50       |      52.47      
   53688     |      50.57       |      42.94      
   53689     |      54.23       |      45.77      
   53690     |      34.39       |      26.75      
   53691     |      35.58       |      27.49      
   53692     |      29.02       |      21.38      
   53693     |      30.18       |      22.06      
   53694     |      31.72       |      23.55      
   53695     |      35.32       |      26.50      
   53696     |      29.46       |      20.70      
   53697     |      34.16       |      25.09      
   53698     |      31.87       |      22.81      
   53699     |      29.95       |      20.97      
   53700     |      30.30       |      21.33      
   53701     |      30.03       |      21.09      
   53702     |      28.78       |      19.85      
   53703     |      33.52       |      24.51      
   53802     |      23.66       |      34.67      
   53803     |      21.56       |      32.45      
   53804     |      26.95       |      37.89      
   53805     |      30.67       |      41.51      
   53806     |      23.65       |      34.31      
   53807     |      33.89       |      44.17      
   53808     |      28.36       |      38.20      
   53809     |      29.00       |      38.81      
   53810     |      38.43       |      48.85      
   53811     |      41.29       |      51.62      
   53812     |      31.45       |      41.09      
   53813     |      26.97       |      36.74      
   53814     |      26.42       |      36.12      
   53815     |      17.87       |      27.92      
   53816     |      27.88       |      38.52      
   53817     |      28.67       |      39.28      
   53818     |      28.61       |      39.20      
   53819     |      35.61       |      45.97      
   53820     |      31.69       |      41.82      
   53821     |      35.14       |      45.15      
   53822     |      25.83       |      34.53      
   53823     |      23.49       |      32.19      
   53824     |      25.23       |      34.35      
   53825     |      25.39       |      34.50      
   53826     |      23.64       |      32.32      
   53827     |      31.07       |      39.74      
   53828     |      29.66       |      38.00      
   53829     |      35.18       |      43.52      
   53830     |      49.05       |      58.93      
   53831     |      47.95       |      57.20      
   53834     |      42.70       |      49.95      
   53835     |      42.27       |      51.32      
   53836     |      37.86       |      46.24      
   53837     |      39.06       |      49.08      
   53838     |      46.43       |      56.76      
   53839     |      45.11       |      55.44      
   53840     |      38.73       |      48.79      
   53841     |      38.53       |      48.59      
   53842     |      39.96       |      50.08      
   53843     |      38.26       |      48.40      
   53844     |      39.74       |      49.94      
   53845     |      45.50       |      55.60      
   53846     |      41.88       |      51.80      
   53847     |      37.47       |      47.46      
   53848     |      36.73       |      46.68      
   53849     |      27.08       |      37.27      
   53850     |      24.10       |      34.11      
   53851     |      18.40       |      28.61      
   53852     |       8.96       |      13.27      
   53853     |       7.82       |      10.51      
   53854     |      15.05       |       9.04      
   53855     |      15.58       |       8.39      
   53856     |      11.66       |       7.23      
   53857     |      14.02       |       5.01      
   53858     |      15.24       |       5.98      
   53859     |      14.68       |       5.91      
   53860     |      18.59       |       9.17      
   53861     |      15.36       |       9.91      
   53862     |      16.01       |      10.17      
   53863     |      15.77       |      10.64      
   53864     |      16.79       |      11.05      
   53865     |      17.43       |      10.39      
   53866     |      19.47       |      11.77      
   53867     |      19.33       |      11.79      
   53868     |      19.14       |      11.67      
   53869     |      19.21       |      11.66      
   53870     |      19.13       |      11.62      
   53871     |      19.46       |      11.61      
   53872     |      20.20       |      12.22      
   53873     |      22.54       |      13.31      
   53874     |      18.45       |       9.61      
   53875     |      24.22       |      14.15      
   53876     |      27.53       |      17.49      
   53877     |      27.67       |      17.64      
   53878     |      24.82       |      14.80      
   53879     |      26.26       |      16.21      
   53880     |      20.39       |      10.35      
   53881     |      22.11       |      12.13      
   53882     |      31.43       |      21.42      
   53883     |      23.77       |      14.35      
   53884     |      26.33       |      16.88      
   53885     |      20.98       |      14.04      
   53886     |      17.45       |      11.66      
   53887     |      16.34       |      14.96      
   53888     |      16.43       |      14.99      
   53889     |      16.51       |      15.98      
   53890     |      18.90       |      16.46      
   53891     |      18.89       |      16.47      
   53892     |      18.58       |      16.38      
   53893     |      18.91       |      15.12      
   53894     |      22.00       |      16.81      
   53895     |      21.72       |      17.03      
   53896     |      22.51       |      17.53      
   53897     |      22.10       |      18.01      
   53898     |      19.04       |      16.62      
   53899     |      19.10       |      16.11      
   53900     |      23.48       |      18.62      
   53901     |      25.85       |      18.60      
   53902     |      37.35       |      29.19      
   53903     |      36.69       |      28.74      
   53904     |      27.85       |      20.60      
   53905     |      24.94       |      20.56      
   53906     |      22.75       |      19.16      
   53907     |      23.33       |      18.34      
   53908     |      32.28       |      25.54      
   53909     |      33.32       |      25.98      
   53910     |      34.09       |      26.69      
   53911     |      31.99       |      26.13      
   53912     |      42.92       |      35.71      
   53913     |      40.25       |      35.20      
   53914     |      50.78       |      44.33      
   53915     |      49.40       |      44.13      
   53916     |      45.98       |      41.24      
   53917     |      46.08       |      41.18      
   53918     |      46.86       |      41.85      
   53919     |      47.52       |      41.80      
   53920     |      44.75       |      39.41      
   53921     |      46.09       |      39.69      
   53922     |      35.35       |      30.49      
   53923     |      36.66       |      30.33      
   53924     |      40.80       |      34.02      
   53925     |      42.95       |      35.23      
   53926     |      53.04       |      44.89      
   53927     |      50.76       |      43.24      
   53928     |      50.66       |      43.16      
   53929     |      47.97       |      41.66      
   53930     |      53.34       |      46.60      
   53931     |      51.61       |      45.82      
   53932     |      57.44       |      51.18      
   53933     |      57.36       |      51.14      
   53934     |      61.23       |      54.74      
   53935     |      63.00       |      55.89      
   53936     |      65.93       |      58.70      
   53937     |      66.34       |      59.01      
   53938     |      65.54       |      58.26      
   53939     |      66.10       |      58.67      
   53940     |      59.20       |      52.12      
   53941     |      58.54       |      51.68      
   53942     |      53.81       |      47.30      
   53943     |      55.38       |      48.22      
   53944     |      40.39       |      34.61      
   53945     |      47.30       |      38.88      
   53946     |      24.12       |      17.13      
   53947     |      30.66       |      21.64      
   53948     |      22.03       |      13.05      
   53949     |      25.67       |      16.51      
   53950     |      30.71       |      21.57      
   53951     |      29.49       |      20.39      
   53952     |      28.71       |      19.62      
   53953     |      28.60       |      19.53      
   53954     |      28.59       |      19.54      
   53955     |      31.73       |      22.65      
   53956     |      32.45       |      23.39      
   53957     |      30.10       |      21.06      
   53958     |      32.00       |      22.98      
   53959     |      28.95       |      20.12      
   54058     |      20.40       |      31.39      
   54059     |      17.21       |      28.07      
   54060     |      21.84       |      32.77      
   54061     |      28.35       |      39.08      
   54062     |      18.73       |      28.87      
   54063     |      27.54       |      37.35      
   54064     |      31.44       |      41.60      
   54065     |      26.08       |      36.41      
   54066     |      30.78       |      41.34      
   54067     |      39.19       |      49.49      
   54068     |      30.34       |      39.95      
   54069     |      31.87       |      41.42      
   54070     |      32.47       |      42.08      
   54071     |      25.98       |      35.78      
   54072     |      28.48       |      38.51      
   54073     |      31.50       |      41.42      
   54074     |      31.17       |      41.06      
   54075     |      32.33       |      42.17      
   54076     |      35.00       |      45.05      
   54077     |      31.64       |      41.78      
   54078     |      27.08       |      36.78      
   54079     |      21.22       |      31.08      
   54080     |      18.27       |      27.56      
   54081     |      25.02       |      34.19      
   54082     |      21.89       |      30.19      
   54083     |      25.18       |      33.51      
   54084     |      32.29       |      41.92      
   54085     |      22.75       |      32.63      
   54086     |      32.61       |      43.06      
   54087     |      41.71       |      51.94      
   54088     |      42.34       |      52.58      
   54089     |      40.40       |      49.77      
   54090     |      40.47       |      49.83      
   54091     |      40.65       |      50.18      
   54092     |      41.80       |      51.41      
   54093     |      42.16       |      51.98      
   54094     |      48.05       |      58.18      
   54095     |      46.47       |      55.92      
   54096     |      44.21       |      53.42      
   54097     |      45.17       |      55.03      
   54098     |      48.13       |      58.15      
   54099     |      39.86       |      49.99      
   54100     |      40.20       |      50.35      
   54101     |      40.22       |      50.36      
   54102     |      40.42       |      50.56      
   54103     |      40.36       |      50.48      
   54104     |      38.15       |      48.17      
   54105     |      36.01       |      46.07      
   54106     |      25.37       |      34.32      
   54107     |      29.16       |      38.07      
   54108     |      22.12       |      25.70      
   54109     |      19.67       |      22.26      
   54110     |      19.40       |      23.96      
   54111     |      13.75       |       6.52      
   54112     |       4.25       |      11.18      
   54113     |      10.10       |       2.85      
   54114     |      19.05       |       8.74      
   54115     |      14.88       |       4.84      
   54116     |      20.40       |      10.27      
   54117     |      18.42       |       8.81      
   54118     |      15.19       |       6.00      
   54119     |      13.92       |       6.06      
   54120     |      15.29       |       6.94      
   54121     |      14.61       |       7.12      
   54122     |      18.04       |       9.53      
   54123     |      18.27       |       9.59      
   54124     |      19.39       |      10.56      
   54125     |      18.37       |      10.32      
   54126     |      19.53       |      11.26      
   54127     |      18.88       |      11.20      
   54128     |      20.31       |      12.33      
   54129     |      20.25       |      12.32      
   54130     |      17.61       |      10.37      
   54131     |      18.86       |      10.47      
   54132     |      25.14       |      16.10      
   54133     |      27.94       |      18.26      
   54134     |      24.47       |      14.87      
   54135     |      25.12       |      15.41      
   54136     |      23.83       |      14.16      
   54137     |      21.24       |      12.29      
   54138     |      31.73       |      22.34      
   54139     |      32.25       |      22.79      
   54140     |      22.79       |      13.59      
   54141     |      25.92       |      16.17      
   54142     |      18.12       |       8.39      
   54143     |      14.68       |       6.34      
   54144     |      14.61       |       6.31      
   54145     |      11.30       |       8.68      
   54146     |      15.79       |      10.02      
   54147     |      14.74       |      11.21      
   54148     |      16.47       |      11.86      
   54149     |      15.85       |      13.06      
   54150     |      20.52       |      15.23      
   54151     |      20.77       |      15.11      
   54152     |      20.01       |      14.64      
   54153     |      20.33       |      14.52      
   54154     |      22.88       |      16.40      
   54155     |      20.69       |      18.56      
   54156     |      31.99       |      26.12      
   54157     |      30.27       |      26.90      
   54158     |      36.82       |      31.82      
   54159     |      40.35       |      33.04      
   54160     |      29.48       |      23.45      
   54161     |      30.07       |      23.56      
   54162     |      27.68       |      21.57      
   54163     |      26.10       |      23.10      
   54164     |      30.29       |      25.97      
   54165     |      32.34       |      25.64      
   54166     |      34.20       |      27.29      
   54167     |      34.72       |      27.51      
   54168     |      47.65       |      39.63      
   54169     |      44.62       |      37.79      
   54170     |      49.14       |      41.95      
   54171     |      48.46       |      41.60      
   54172     |      44.93       |      38.40      
   54173     |      43.38       |      38.23      
   54174     |      44.45       |      39.15      
   54175     |      44.53       |      39.14      
   54176     |      39.77       |      35.19      
   54177     |      40.98       |      34.91      
   54178     |      31.30       |      26.99      
   54179     |      31.98       |      26.38      
   54180     |      38.50       |      31.98      
   54181     |      39.46       |      32.37      
   54182     |      51.56       |      43.74      
   54183     |      52.97       |      44.81      
   54184     |      48.88       |      40.88      
   54185     |      48.60       |      40.67      
   54186     |      50.68       |      42.69      
   54187     |      49.12       |      41.55      
   54188     |      58.36       |      50.44      
   54189     |      54.46       |      47.66      
   54190     |      60.76       |      53.62      
   54191     |      59.61       |      52.85      
   54192     |      64.17       |      57.16      
   54193     |      65.33       |      58.01      
   54194     |      60.61       |      53.52      
   54195     |      63.01       |      55.30      
   54196     |      56.84       |      49.39      
   54197     |      56.94       |      49.46      
   54198     |      48.48       |      41.51      
   54199     |      49.43       |      42.09      
   54200     |      29.98       |      24.91      
   54201     |      33.07       |      25.40      
   54202     |      19.04       |      13.57      
   54203     |      21.82       |      13.63      
   54204     |      19.89       |      11.88      
   54205     |      22.28       |      13.46      
   54206     |      26.32       |      17.49      
   54207     |      30.73       |      21.60      
   54208     |      28.33       |      19.22      
   54209     |      28.59       |      19.49      
   54210     |      26.35       |      17.26      
   54211     |      28.45       |      19.39      
   54212     |      37.22       |      28.16      
   54213     |      32.84       |      23.90      
   54214     |      42.08       |      33.17      
   54215     |      35.13       |      27.24      
   54314     |      15.85       |      26.73      
   54315     |      17.51       |      28.23      
   54316     |      11.64       |      22.29      
   54317     |      22.14       |      33.01      
   54318     |      12.51       |      22.90      
   54319     |      19.11       |      29.14      
   54320     |      27.38       |      38.00      
   54321     |      29.52       |      40.05      
   54322     |      27.47       |      37.89      
   54323     |      32.52       |      42.76      
   54324     |      23.80       |      33.10      
   54325     |      32.85       |      41.95      
   54326     |      38.21       |      47.94      
   54327     |      30.98       |      40.90      
   54328     |      33.79       |      43.90      
   54329     |      27.14       |      37.45      
   54330     |      28.14       |      38.51      
   54331     |      28.98       |      39.30      
   54332     |      29.83       |      40.19      
   54333     |      34.03       |      44.26      
   54334     |      29.10       |      38.95      
   54335     |      26.13       |      36.05      
   54336     |      19.57       |      28.27      
   54337     |      20.56       |      29.25      
   54338     |      21.97       |      31.05      
   54339     |      18.76       |      27.86      
   54340     |      31.51       |      41.93      
   54341     |      27.59       |      38.10      
   54342     |      25.81       |      36.25      
   54343     |      34.11       |      44.33      
   54344     |      37.48       |      47.84      
   54345     |      33.84       |      44.26      
   54346     |      33.96       |      44.37      
   54347     |      35.26       |      45.64      
   54348     |      26.40       |      36.20      
   54349     |      44.24       |      53.75      
   54350     |      45.48       |      55.10      
   54351     |      45.19       |      54.60      
   54352     |      47.29       |      56.87      
   54353     |      49.60       |      59.90      
   54354     |      47.75       |      57.98      
   54355     |      46.26       |      56.51      
   54356     |      44.69       |      54.88      
   54357     |      39.24       |      49.51      
   54358     |      42.11       |      52.45      
   54359     |      38.28       |      48.67      
   54360     |      32.93       |      43.16      
   54361     |      37.43       |      47.56      
   54362     |      22.60       |      30.73      
   54363     |      28.74       |      36.97      
   54364     |      23.34       |      26.95      
   54365     |      23.00       |      26.50      
   54366     |      23.09       |      27.68      
   54367     |      21.69       |      25.91      
   54368     |      21.69       |      25.70      
   54369     |      19.36       |      22.45      
   54370     |      24.28       |      21.49      
   54371     |      24.48       |      17.94      
   54372     |      19.21       |      15.09      
   54373     |      21.96       |      13.27      
   54374     |      13.22       |       7.78      
   54375     |      15.38       |       6.54      
   54376     |      16.09       |       7.12      
   54377     |      15.32       |       7.04      
   54378     |      19.94       |      10.82      
   54379     |      18.46       |      10.36      
   54380     |      20.34       |      11.87      
   54381     |      20.04       |      11.80      
   54382     |      20.30       |      12.03      
   54383     |      19.91       |      11.95      
   54384     |      18.42       |      10.83      
   54385     |      19.64       |      11.09      
   54386     |      16.20       |       8.38      
   54387     |      16.62       |       8.40      
   54388     |      21.33       |      12.43      
   54389     |      24.28       |      14.55      
   54390     |      27.64       |      17.90      
   54391     |      24.93       |      15.72      
   54392     |      27.93       |      18.63      
   54393     |      25.37       |      16.88      
   54394     |      27.17       |      18.54      
   54395     |      31.40       |      21.83      
   54396     |      20.88       |      11.53      
   54397     |      22.32       |      12.68      
   54398     |      18.80       |       9.21      
   54399     |      18.28       |       8.82      
   54400     |      16.28       |       6.89      
   54401     |      14.48       |       5.99      
   54402     |      16.77       |       7.97      
   54403     |      14.41       |       7.53      
   54404     |      18.23       |      10.33      
   54405     |      15.67       |      10.67      
   54406     |      13.07       |       9.84      
   54407     |      16.31       |       8.29      
   54408     |      14.00       |       6.57      
   54409     |      15.35       |       6.84      
   54410     |      23.33       |      14.32      
   54411     |      20.26       |      12.40      
   54412     |      31.76       |      23.17      
   54413     |      27.74       |      20.58      
   54414     |      30.76       |      23.32      
   54415     |      29.49       |      22.70      
   54416     |      26.50       |      20.14      
   54417     |      27.02       |      20.26      
   54418     |      27.97       |      21.10      
   54419     |      27.18       |      20.94      
   54420     |      25.07       |      19.25      
   54421     |      24.89       |      19.29      
   54422     |      27.84       |      21.65      
   54423     |      30.61       |      22.62      
   54424     |      46.97       |      38.32      
   54425     |      45.81       |      37.41      
   54426     |      47.95       |      39.49      
   54427     |      45.73       |      37.86      
   54428     |      43.87       |      36.11      
   54429     |      42.27       |      35.19      
   54430     |      39.44       |      32.64      
   54431     |      38.87       |      32.45      
   54432     |      32.56       |      27.07      
   54433     |      32.95       |      26.99      
   54434     |      29.35       |      24.07      
   54435     |      29.09       |      24.31      
   54436     |      38.65       |      32.27      
   54437     |      38.74       |      32.29      
   54438     |      46.42       |      39.29      
   54439     |      49.85       |      41.67      
   54440     |      40.94       |      33.14      
   54441     |      45.43       |      36.69      
   54442     |      49.18       |      40.40      
   54443     |      47.82       |      39.23      
   54444     |      61.68       |      52.90      
   54445     |      57.18       |      49.04      
   54446     |      59.00       |      50.83      
   54447     |      57.15       |      49.34      
   54448     |      56.58       |      48.80      
   54449     |      58.01       |      49.95      
   54450     |      54.55       |      46.61      
   54451     |      55.09       |      47.04      
   54452     |      49.47       |      41.64      
   54453     |      52.11       |      43.74      
   54454     |      40.95       |      32.94      
   54455     |      42.33       |      34.01      
   54456     |      25.73       |      18.35      
   54457     |      24.77       |      18.17      
   54458     |      18.36       |      13.41      
   54459     |      18.63       |      13.00      
   54460     |      17.97       |      12.56      
   54461     |      20.17       |      12.34      
   54462     |      18.86       |      11.18      
   54463     |      25.50       |      16.37      
   54464     |      27.16       |      18.05      
   54465     |      28.31       |      19.20      
   54466     |      30.40       |      21.31      
   54467     |      26.79       |      17.89      
   54468     |      42.47       |      33.61      
   54469     |      39.26       |      30.75      
   54470     |      45.48       |      36.94      
   54471     |      44.19       |      35.84      
   54472     |      41.49       |      33.19      
   54570     |      17.50       |      28.24      
   54571     |      11.15       |      21.71      
   54572     |      13.05       |      23.74      
   54573     |      13.21       |      21.08      
   54574     |      16.06       |      25.31      
   54575     |      17.44       |      24.55      
   54576     |      25.60       |      35.37      
   54577     |      32.76       |      42.33      
   54578     |      36.36       |      46.29      
   54579     |      28.94       |      39.07      
   54580     |      23.46       |      32.94      
   54581     |      23.08       |      32.55      
   54582     |      31.67       |      41.97      
   54583     |      35.70       |      45.87      
   54584     |      40.66       |      51.05      
   54585     |      30.80       |      41.44      
   54586     |      24.72       |      35.11      
   54587     |      28.66       |      38.92      
   54588     |      26.04       |      36.09      
   54589     |      32.42       |      42.28      
   54590     |      29.54       |      39.08      
   54591     |      30.78       |      40.29      
   54592     |      24.10       |      32.06      
   54593     |      22.77       |      30.68      
   54594     |      27.40       |      36.61      
   54595     |      21.12       |      30.41      
   54596     |      30.30       |      40.57      
   54597     |      32.90       |      43.09      
   54598     |      30.50       |      40.53      
   54599     |      27.66       |      37.75      
   54600     |      30.90       |      41.17      
   54601     |      39.37       |      49.45      
   54602     |      36.24       |      46.12      
   54603     |      37.74       |      47.58      
   54604     |      30.67       |      39.69      
   54605     |      30.33       |      39.34      
   54606     |      38.18       |      48.07      
   54607     |      42.51       |      52.33      
   54610     |      48.62       |      58.76      
   54611     |      47.83       |      57.74      
   54612     |      47.31       |      57.17      
   54613     |      47.74       |      57.76      
   54614     |      45.89       |      55.79      
   54615     |      46.06       |      56.02      
   54616     |      38.53       |      47.90      
   54617     |      38.39       |      47.75      
   54618     |      30.64       |      38.58      
   54619     |      24.40       |      32.14      
   54620     |      21.65       |      27.00      
   54621     |      17.84       |      22.26      
   54622     |      18.24       |      20.63      
   54623     |      23.90       |      28.40      
   54624     |      23.93       |      28.55      
   54625     |      21.73       |      25.74      
   54626     |      21.78       |      25.29      
   54627     |      16.14       |      10.97      
   54628     |      16.53       |      11.13      
   54629     |      16.48       |      11.22      
   54630     |      14.29       |      10.70      
   54631     |      14.49       |       9.93      
   54632     |      15.20       |      10.13      
   54633     |      16.86       |       8.88      
   54634     |      20.61       |      11.85      
   54635     |      20.44       |      11.78      
   54636     |      20.96       |      12.25      
   54637     |      20.43       |      12.06      
   54638     |      18.08       |      10.22      
   54639     |      19.57       |      10.65      
   54640     |      15.38       |       7.22      
   54641     |      16.93       |       7.67      
   54642     |      17.51       |       8.22      
   54643     |      15.87       |       7.66      
   54644     |      22.76       |      13.66      
   54645     |      21.65       |      13.04      
   54646     |      22.46       |      13.78      
   54647     |      27.49       |      17.64      
   54648     |      20.36       |      10.55      
   54649     |      27.20       |      17.18      
   54650     |      26.14       |      16.15      
   54651     |      25.50       |      15.51      
   54652     |      27.96       |      17.97      
   54653     |      20.63       |      11.00      
   54654     |      17.51       |       7.94      
   54655     |      18.68       |       8.91      
   54656     |      16.57       |       6.81      
   54657     |      16.12       |       6.44      
   54658     |      18.43       |       8.76      
   54659     |      16.49       |       7.32      
   54660     |      21.60       |      12.26      
   54661     |      18.13       |      10.16      
   54662     |       8.78       |       6.11      
   54663     |       9.85       |       4.49      
   54664     |       2.51       |       9.14      
   54665     |      13.29       |       4.76      
   54666     |      22.52       |      12.72      
   54667     |      22.04       |      12.25      
   54668     |      41.88       |      32.19      
   54669     |      31.35       |      22.61      
   54670     |      36.98       |      28.16      
   54671     |      31.21       |      23.92      
   54672     |      32.78       |      25.39      
   54673     |      29.87       |      24.47      
   54674     |      29.71       |      24.35      
   54675     |      30.41       |      24.28      
   54676     |      24.28       |      19.46      
   54677     |      24.89       |      19.04      
   54678     |      30.89       |      24.02      
   54679     |      29.68       |      24.03      
   54680     |      42.61       |      35.34      
   54681     |      47.03       |      38.39      
   54682     |      41.09       |      32.65      
   54683     |      44.88       |      35.79      
   54684     |      40.28       |      31.25      
   54685     |      39.29       |      30.41      
   54686     |      32.54       |      23.82      
   54687     |      32.65       |      23.92      
   54688     |      27.25       |      18.69      
   54689     |      25.47       |      17.62      
   54690     |      31.76       |      23.52      
   54691     |      27.85       |      22.16      
   54692     |      36.46       |      29.53      
   54693     |      36.46       |      29.53      
   54694     |      41.08       |      33.77      
   54695     |      42.91       |      34.96      
   54696     |      38.88       |      31.17      
   54697     |      39.96       |      31.92      
   54698     |      49.49       |      41.13      
   54699     |      50.43       |      41.91      
   54700     |      62.09       |      53.41      
   54701     |      62.18       |      53.49      
   54702     |      53.11       |      44.57      
   54703     |      55.42       |      46.61      
   54704     |      45.20       |      36.52      
   54705     |      49.50       |      40.41      
   54706     |      43.03       |      33.98      
   54707     |      47.13       |      37.88      
   54708     |      41.30       |      32.05      
   54709     |      42.30       |      33.04      
   54710     |      36.44       |      27.19      
   54711     |      35.79       |      26.57      
   54712     |      28.09       |      18.86      
   54713     |      22.88       |      14.26      
   54714     |      19.83       |      11.35      
   54715     |      16.76       |      11.18      
   54716     |      16.85       |      11.25      
   54717     |      16.97       |      11.12      
   54718     |      18.60       |      12.32      
   54719     |      19.50       |      12.22      
   54720     |      29.03       |      21.06      
   54721     |      29.51       |      21.38      
   54722     |      34.37       |      26.12      
   54723     |      33.44       |      25.47      
   54724     |      42.25       |      34.06      
   54725     |      43.87       |      35.40      
   54726     |      46.82       |      38.34      
   54727     |      46.09       |      37.72      
   54728     |      39.87       |      31.59      
   54826     |      13.31       |      23.23      
   54827     |      13.77       |      22.27      
   54828     |      12.95       |      20.92      
   54829     |      13.09       |      20.87      
   54830     |      13.60       |      21.76      
   54831     |      19.13       |      22.50      
   54832     |      23.10       |      31.24      
   54833     |      33.07       |      41.32      
   54834     |      39.58       |      48.96      
   54835     |      40.38       |      50.50      
   54836     |      34.78       |      44.44      
   54837     |      20.94       |      31.06      
   54838     |      26.19       |      36.67      
   54839     |      31.77       |      42.05      
   54840     |      34.95       |      45.38      
   54841     |      41.64       |      51.88      
   54842     |      29.52       |      38.64      
   54843     |      30.72       |      39.81      
   54844     |      30.61       |      39.68      
   54845     |      30.77       |      39.83      
   54846     |      25.74       |      33.40      
   54847     |      38.36       |      46.33      
   54848     |      34.22       |      40.63      
   54849     |      32.76       |      39.07      
   54850     |      40.96       |      49.73      
   54851     |      29.25       |      38.07      
   54852     |      33.75       |      43.25      
   54853     |      34.90       |      44.37      
   54854     |      37.88       |      47.63      
   54855     |      31.40       |      41.27      
   54856     |      34.46       |      44.55      
   54857     |      31.74       |      41.88      
   54858     |      29.33       |      39.29      
   54859     |      36.68       |      46.49      
   54860     |      30.36       |      39.45      
   54861     |      30.37       |      39.45      
   54862     |      36.52       |      46.31      
   54863     |      39.10       |      48.86      
   54864     |      47.65       |      57.87      
   54866     |      47.32       |      57.30      
   54867     |      46.65       |      56.35      
   54868     |      49.19       |      59.04      
   54869     |      48.61       |      58.16      
   54870     |      49.18       |      58.76      
   54871     |      48.84       |      58.14      
   54872     |      43.34       |      51.97      
   54873     |      43.42       |      51.66      
   54874     |      38.00       |      44.73      
   54875     |      37.45       |      44.70      
   54876     |      35.34       |      41.67      
   54877     |      24.16       |      29.11      
   54878     |      24.20       |      29.26      
   54879     |      17.05       |      19.57      
   54880     |      17.06       |      23.43      
   54881     |      15.64       |      21.74      
   54882     |      15.43       |      20.79      
   54883     |      13.78       |      18.59      
   54884     |      16.16       |      15.69      
   54885     |      16.19       |      10.60      
   54886     |      13.65       |      10.02      
   54887     |      13.69       |       9.84      
   54888     |      17.83       |      11.27      
   54889     |      16.95       |      12.76      
   54890     |      21.82       |      15.18      
   54891     |      22.47       |      15.05      
   54892     |      20.65       |      13.78      
   54893     |      21.83       |      13.81      
   54894     |      16.97       |      10.35      
   54895     |      18.04       |      10.17      
   54896     |      15.16       |       8.25      
   54897     |      15.74       |       8.06      
   54898     |      16.04       |       8.29      
   54899     |      17.67       |       8.62      
   54900     |      22.02       |      12.65      
   54901     |      22.36       |      12.90      
   54902     |      21.03       |      11.65      
   54903     |      21.56       |      12.04      
   54904     |      18.43       |       9.08      
   54905     |      20.35       |      10.55      
   54906     |      25.98       |      16.16      
   54907     |      26.13       |      16.31      
   54908     |      28.19       |      18.38      
   54909     |      28.01       |      18.22      
   54910     |      11.83       |       2.18      
   54911     |      17.66       |       7.86      
   54912     |      18.17       |       8.35      
   54913     |      16.54       |       6.66      
   54914     |      22.98       |      13.06      
   54915     |      18.47       |       8.87      
   54916     |      22.31       |      12.71      
   54917     |      21.45       |      11.99      
   54918     |      13.54       |       4.38      
   54919     |       9.23       |       6.79      
   54920     |       3.90       |      11.93      
   54921     |       2.49       |       9.14      
   54922     |      15.44       |       7.41      
   54923     |      22.64       |      12.87      
   54924     |      46.62       |      36.99      
   54925     |      42.94       |      33.51      
   54926     |      46.70       |      37.29      
   54927     |      38.20       |      29.74      
   54928     |      36.58       |      28.18      
   54929     |      33.24       |      26.00      
   54930     |      25.83       |      19.48      
   54931     |      25.88       |      19.48      
   54932     |      17.88       |      13.94      
   54933     |      19.30       |      12.48      
   54934     |      32.27       |      23.98      
   54935     |      29.98       |      22.85      
   54936     |      41.81       |      33.73      
   54937     |      40.76       |      33.07      
   54938     |      33.20       |      26.23      
   54939     |      38.95       |      29.99      
   54940     |      36.36       |      27.47      
   54941     |      39.23       |      29.96      
   54942     |      35.55       |      26.31      
   54943     |      32.40       |      23.65      
   54944     |      22.33       |      13.98      
   54945     |      25.92       |      16.67      
   54946     |      36.39       |      27.14      
   54947     |      31.42       |      23.07      
   54948     |      40.08       |      31.45      
   54949     |      35.61       |      28.46      
   54950     |      34.81       |      27.75      
   54951     |      37.74       |      29.53      
   54952     |      44.38       |      35.94      
   54953     |      40.37       |      33.08      
   54954     |      50.49       |      42.64      
   54955     |      51.09       |      43.10      
   54956     |      47.91       |      40.06      
   54957     |      58.94       |      49.76      
   54958     |      43.40       |      34.25      
   54959     |      48.64       |      39.30      
   54960     |      38.78       |      29.44      
   54961     |      41.06       |      31.73      
   54962     |      31.36       |      22.06      
   54963     |      40.24       |      31.27      
   54964     |      37.85       |      28.97      
   54965     |      40.31       |      31.55      
   54966     |      41.70       |      32.90      
   54967     |      35.58       |      26.54      
   54968     |      33.46       |      24.47      
   54969     |      27.72       |      18.52      
   54970     |      27.55       |      18.37      
   54971     |      19.66       |      11.09      
   54972     |      22.19       |      13.55      
   54973     |      18.06       |      12.97      
   54974     |      20.85       |      14.98      
   54975     |      20.61       |      15.19      
   54976     |      31.24       |      24.28      
   54977     |      31.46       |      24.36      
   54978     |      30.66       |      23.64      
   54979     |      34.03       |      25.69      
   54980     |      37.74       |      29.35      
   54981     |      40.25       |      31.50      
   54982     |      45.71       |      36.96      
   54983     |      45.69       |      36.95      
   54984     |      42.04       |      33.33      
   54985     |      39.53       |      31.16      
   55082     |      14.77       |      23.00      
   55083     |      14.75       |      23.01      
   55084     |      13.79       |      21.40      
   55085     |      13.82       |      21.39      
   55086     |      12.52       |      16.77      
   55087     |      18.60       |      19.09      
   55088     |      17.61       |      23.13      
   55089     |      30.46       |      37.17      
   55090     |      43.94       |      53.48      
   55091     |      43.74       |      52.64      
   55092     |      41.29       |      49.80      
   55093     |      42.56       |      52.79      
   55094     |      31.71       |      41.07      
   55095     |      31.82       |      41.38      
   55096     |      37.39       |      47.41      
   55097     |      36.33       |      45.03      
   55098     |      34.03       |      42.28      
   55099     |      34.04       |      42.26      
   55100     |      34.60       |      42.92      
   55101     |      34.50       |      43.25      
   55102     |      32.94       |      41.38      
   55103     |      23.18       |      31.41      
   55104     |      23.41       |      31.73      
   55105     |      23.90       |      32.21      
   55106     |      31.74       |      41.44      
   55107     |      36.11       |      45.70      
   55108     |      34.40       |      43.79      
   55109     |      34.52       |      44.08      
   55110     |      37.30       |      47.10      
   55111     |      37.72       |      47.50      
   55112     |      40.54       |      50.51      
   55113     |      34.47       |      44.55      
   55114     |      36.15       |      46.32      
   55115     |      27.05       |      37.41      
   55116     |      25.93       |      36.23      
   55117     |      23.80       |      34.14      
   55118     |      24.06       |      34.40      
   55119     |      34.23       |      44.37      
   55120     |      36.91       |      47.19      
   55121     |      49.05       |      59.11      
   55122     |      45.49       |      55.36      
   55123     |      45.19       |      54.92      
   55124     |      46.69       |      56.50      
   55125     |      45.95       |      55.24      
   55126     |      47.82       |      57.27      
   55127     |      47.81       |      57.25      
   55128     |      40.93       |      49.56      
   55129     |      40.96       |      49.30      
   55130     |      36.91       |      44.26      
   55131     |      38.94       |      44.55      
   55132     |      39.28       |      45.09      
   55133     |      38.84       |      44.96      
   55134     |      38.78       |      44.86      
   55135     |      27.91       |      32.46      
   55136     |      30.27       |      37.47      
   55137     |      18.34       |      24.44      
   55138     |      18.64       |      25.12      
   55139     |      14.11       |      19.78      
   55140     |      14.66       |      16.60      
   55141     |      13.18       |      12.43      
   55142     |      13.27       |      12.41      
   55143     |      13.28       |       9.49      
   55144     |      18.15       |      11.19      
   55145     |      17.87       |      11.37      
   55146     |      19.02       |      12.06      
   55147     |      19.83       |      11.95      
   55148     |      18.11       |      10.76      
   55149     |      18.91       |      10.77      
   55150     |      17.14       |       9.51      
   55151     |      16.53       |       9.56      
   55152     |      16.34       |       9.46      
   55153     |      15.93       |       9.75      
   55154     |      13.85       |       8.99      
   55155     |      15.72       |       7.57      
   55156     |      20.20       |      11.26      
   55157     |      21.85       |      12.30      
   55158     |      25.97       |      16.32      
   55159     |      22.14       |      13.78      
   55160     |      22.20       |      13.86      
   55161     |      20.71       |      13.51      
   55162     |      23.63       |      15.80      
   55163     |      26.79       |      17.64      
   55164     |      20.22       |      11.64      
   55165     |      28.07       |      18.11      
   55166     |      11.70       |       1.88      
   55167     |      11.91       |       2.13      
   55168     |      15.11       |       5.15      
   55169     |      18.18       |       8.37      
   55170     |      25.22       |      15.29      
   55171     |      22.98       |      13.07      
   55172     |      26.49       |      16.60      
   55173     |      22.32       |      12.74      
   55174     |      20.51       |      10.96      
   55175     |      15.26       |       8.27      
   55176     |       5.35       |       8.71      
   55177     |       7.12       |      13.38      
   55178     |      16.49       |      11.01      
   55179     |      17.30       |      10.81      
   55180     |      42.48       |      33.62      
   55181     |      47.75       |      38.38      
   55182     |      51.31       |      41.93      
   55183     |      47.70       |      38.53      
   55184     |      40.50       |      31.25      
   55185     |      36.31       |      27.84      
   55186     |      24.08       |      16.51      
   55187     |      23.63       |      16.43      
   55188     |      18.51       |      12.50      
   55189     |      17.91       |      13.99      
   55190     |      29.07       |      21.96      
   55191     |      31.68       |      23.21      
   55192     |      38.67       |      29.93      
   55193     |      38.94       |      30.15      
   55194     |      36.28       |      27.59      
   55195     |      32.50       |      25.36      
   55196     |      36.74       |      29.17      
   55197     |      38.68       |      30.39      
   55198     |      34.09       |      26.08      
   55199     |      37.19       |      28.40      
   55200     |      24.50       |      15.93      
   55201     |      23.08       |      15.19      
   55202     |      39.30       |      30.57      
   55203     |      38.47       |      29.93      
   55204     |      38.22       |      29.71      
   55205     |      39.53       |      30.75      
   55206     |      33.15       |      24.58      
   55207     |      31.59       |      23.48      
   55208     |      41.42       |      32.90      
   55209     |      43.00       |      34.22      
   55210     |      49.21       |      40.33      
   55211     |      47.20       |      38.58      
   55212     |      38.84       |      30.48      
   55213     |      43.11       |      34.12      
   55214     |      36.40       |      27.50      
   55215     |      42.54       |      33.25      
   55216     |      36.17       |      26.87      
   55217     |      38.63       |      29.29      
   55218     |      19.28       |      10.01      
   55219     |      31.84       |      23.47      
   55220     |      29.53       |      21.38      
   55221     |      39.37       |      31.70      
   55222     |      49.12       |      40.74      
   55223     |      41.80       |      33.13      
   55224     |      42.80       |      34.10      
   55225     |      33.50       |      24.40      
   55226     |      31.25       |      22.20      
   55227     |      27.55       |      18.37      
   55228     |      31.38       |      22.19      
   55229     |      22.63       |      14.20      
   55230     |      23.89       |      15.43      
   55231     |      20.18       |      14.08      
   55232     |      27.04       |      20.21      
   55233     |      28.71       |      20.85      
   55234     |      27.64       |      19.86      
   55235     |      28.18       |      20.18      
   55236     |      39.53       |      31.20      
   55237     |      38.60       |      30.49      
   55238     |      45.60       |      37.33      
   55239     |      46.86       |      38.39      
   55240     |      41.87       |      33.48      
   55241     |      42.74       |      34.23      
   55338     |      16.60       |      24.42      
   55339     |      17.45       |      24.40      
   55340     |      17.30       |      24.10      
   55341     |      23.79       |      26.36      
   55342     |      23.84       |      24.76      
   55343     |      26.77       |      26.64      
   55344     |      28.09       |      31.74      
   55345     |      24.85       |      30.45      
   55346     |      40.28       |      49.78      
   55347     |      40.20       |      49.54      
   55348     |      45.55       |      55.32      
   55349     |      47.49       |      58.00      
   55350     |      31.52       |      41.16      
   55351     |      34.89       |      45.64      
   55352     |      25.42       |      35.94      
   55353     |      27.46       |      37.90      
   55354     |      24.19       |      34.45      
   55355     |      23.59       |      31.05      
   55356     |      31.79       |      41.05      
   55357     |      32.50       |      39.41      
   55358     |      36.07       |      43.97      
   55359     |      37.90       |      47.92      
   55360     |      22.62       |      31.13      
   55361     |      23.18       |      33.26      
   55362     |      28.19       |      38.53      
   55363     |      27.68       |      37.85      
   55364     |      31.79       |      42.14      
   55365     |      29.60       |      40.00      
   55366     |      31.65       |      42.10      
   55367     |      33.33       |      43.73      
   55368     |      35.73       |      46.18      
   55369     |      37.26       |      47.68      
   55370     |      35.84       |      46.20      
   55371     |      34.58       |      44.96      
   55372     |      29.34       |      39.52      
   55373     |      26.22       |      36.47      
   55374     |      25.06       |      35.23      
   55375     |      25.23       |      35.46      
   55376     |      36.47       |      46.94      
   55377     |      35.06       |      45.54      
   55378     |      36.17       |      46.66      
   55379     |      39.25       |      49.69      
   55380     |      37.34       |      47.73      
   55381     |      33.99       |      42.78      
   55382     |      44.93       |      54.73      
   55383     |      43.67       |      52.29      
   55384     |      41.49       |      49.76      
   55385     |      42.15       |      49.16      
   55386     |      38.57       |      44.25      
   55387     |      41.94       |      45.54      
   55388     |      45.01       |      50.40      
   55389     |      43.82       |      50.17      
   55390     |      42.17       |      47.85      
   55391     |      40.68       |      48.26      
   55392     |      36.22       |      42.57      
   55393     |      34.71       |      42.63      
   55394     |      28.49       |      33.38      
   55395     |      24.63       |      33.30      
   55396     |      19.21       |      25.40      
   55397     |      10.07       |      12.46      
   55398     |      12.37       |      10.84      
   55399     |      12.42       |      11.46      
   55400     |      16.39       |      11.46      
   55401     |      17.59       |      10.21      
   55402     |      18.18       |      10.58      
   55403     |      14.02       |       6.52      
   55404     |      16.89       |       8.30      
   55405     |      14.00       |       5.21      
   55406     |      15.86       |       6.62      
   55407     |      17.28       |       8.17      
   55408     |      15.08       |       6.62      
   55409     |      17.73       |       9.50      
   55410     |      12.78       |       7.00      
   55411     |       7.09       |       4.34      
   55412     |      19.55       |       9.80      
   55413     |      15.89       |       5.77      
   55414     |      25.63       |      15.56      
   55415     |      27.38       |      17.39      
   55416     |      20.66       |      10.70      
   55417     |      21.95       |      12.12      
   55418     |      16.96       |       7.26      
   55419     |      21.33       |      11.30      
   55420     |       8.38       |       2.64      
   55421     |      21.65       |      13.35      
   55422     |      17.97       |      11.08      
   55423     |      14.41       |       8.17      
   55424     |      19.15       |      10.75      
   55425     |      16.33       |       7.89      
   55426     |      23.09       |      13.54      
   55427     |      26.24       |      16.85      
   55428     |      33.26       |      23.55      
   55429     |      26.38       |      16.49      
   55430     |      29.14       |      19.26      
   55431     |      20.71       |      11.32      
   55432     |      10.16       |       3.12      
   55433     |       7.87       |      10.49      
   55434     |      23.59       |      15.52      
   55435     |      19.89       |      15.69      
   55436     |      47.34       |      38.58      
   55437     |      44.69       |      36.46      
   55438     |      54.24       |      45.49      
   55439     |      41.78       |      32.94      
   55440     |      41.90       |      33.07      
   55441     |      31.84       |      22.52      
   55442     |      24.91       |      15.90      
   55443     |      23.09       |      15.06      
   55444     |      18.63       |      11.62      
   55445     |      18.19       |      12.04      
   55446     |      33.13       |      24.60      
   55447     |      30.17       |      23.44      
   55448     |      40.69       |      32.73      
   55449     |      41.06       |      32.96      
   55450     |      36.35       |      28.63      
   55451     |      37.74       |      29.46      
   55452     |      31.82       |      24.03      
   55453     |      33.41       |      24.98      
   55454     |      30.12       |      21.94      
   55455     |      31.52       |      22.87      
   55456     |      29.80       |      21.30      
   55457     |      27.32       |      20.33      
   55458     |      38.01       |      29.87      
   55459     |      39.65       |      31.05      
   55460     |      38.28       |      29.75      
   55461     |      38.21       |      29.70      
   55462     |      30.83       |      22.76      
   55463     |      32.82       |      24.16      
   55464     |      36.22       |      27.45      
   55465     |      39.18       |      30.02      
   55466     |      48.00       |      38.79      
   55467     |      47.72       |      38.54      
   55468     |      41.72       |      32.61      
   55469     |      37.97       |      29.38      
   55470     |      41.98       |      33.27      
   55471     |      39.26       |      31.18      
   55472     |      32.88       |      25.45      
   55473     |      37.48       |      28.44      
   55474     |       6.50       |       7.43      
   55475     |      20.88       |      13.64      
   55476     |      21.01       |      13.74      
   55477     |      31.33       |      24.48      
   55478     |      53.18       |      44.55      
   55479     |      48.76       |      39.95      
   55480     |      53.31       |      44.41      
   55481     |      43.40       |      34.19      
   55482     |      34.48       |      25.33      
   55483     |      31.68       |      22.47      
   55484     |      34.67       |      25.47      
   55485     |      31.95       |      22.77      
   55486     |      30.36       |      21.19      
   55487     |      24.36       |      16.04      
   55488     |      24.17       |      15.89      
   55489     |      24.43       |      16.05      
   55490     |      35.53       |      26.82      
   55491     |      30.28       |      23.60      
   55492     |      44.10       |      36.27      
   55493     |      42.86       |      35.50      
   55494     |      45.05       |      37.57      
   55495     |      46.77       |      38.79      
   55496     |      45.91       |      37.97      
   55497     |      44.67       |      37.09      
   55594     |      17.62       |      24.55      
   55595     |      16.73       |      24.57      
   55596     |      13.98       |      17.04      
   55597     |      20.43       |      20.18      
   55598     |      20.57       |      19.98      
   55599     |      20.85       |      20.17      
   55600     |      22.43       |      28.46      
   55601     |      20.36       |      28.48      
   55602     |      35.83       |      45.94      
   55603     |      36.11       |      46.35      
   55604     |      46.89       |      57.48      
   55605     |      46.42       |      56.91      
   55606     |      38.71       |      48.93      
   55607     |      43.36       |      54.20      
   55608     |      24.75       |      35.40      
   55609     |      25.99       |      36.77      
   55610     |      13.07       |      23.45      
   55611     |      12.55       |      21.54      
   55612     |      18.06       |      28.07      
   55613     |      17.64       |      26.32      
   55614     |      35.62       |      45.99      
   55615     |      33.12       |      42.01      
   55616     |      30.86       |      39.38      
   55617     |      32.46       |      42.68      
   55618     |      28.64       |      38.65      
   55619     |      28.23       |      37.94      
   55620     |      33.53       |      43.61      
   55621     |      34.80       |      45.21      
   55622     |      35.67       |      46.09      
   55623     |      31.09       |      41.61      
   55624     |      32.53       |      43.06      
   55625     |      35.61       |      46.07      
   55626     |      35.20       |      45.65      
   55627     |      33.87       |      44.06      
   55628     |      30.49       |      40.49      
   55629     |      30.87       |      41.01      
   55630     |      27.11       |      37.01      
   55631     |      28.11       |      38.36      
   55632     |      36.75       |      47.20      
   55633     |      37.62       |      48.13      
   55634     |      36.28       |      46.76      
   55635     |      33.45       |      43.46      
   55636     |      28.72       |      38.42      
   55637     |      28.40       |      36.13      
   55638     |      38.55       |      47.91      
   55639     |      38.54       |      45.93      
   55640     |      38.92       |      46.39      
   55641     |      41.54       |      46.55      
   55642     |      39.70       |      43.52      
   55643     |      38.68       |      43.07      
   55644     |      43.05       |      49.50      
   55645     |      42.57       |      49.53      
   55646     |      43.59       |      50.80      
   55647     |      43.24       |      51.06      
   55648     |      40.29       |      47.43      
   55649     |      39.72       |      47.80      
   55650     |      35.15       |      42.04      
   55651     |      34.67       |      42.05      
   55652     |      29.86       |      34.43      
   55653     |      26.04       |      33.65      
   55654     |      22.15       |      24.45      
   55655     |      18.62       |      17.93      
   55656     |      17.68       |      18.44      
   55657     |      16.44       |      11.56      
   55658     |      16.84       |      11.67      
   55659     |       8.64       |       6.99      
   55660     |      14.62       |       6.90      
   55661     |      10.30       |       3.12      
   55662     |      16.91       |       7.17      
   55663     |      12.89       |       2.69      
   55664     |      16.65       |       6.47      
   55665     |      18.82       |       8.77      
   55666     |       6.88       |       3.78      
   55667     |      14.67       |       7.94      
   55668     |      17.14       |       9.32      
   55669     |       9.95       |       2.07      
   55670     |      27.41       |      17.45      
   55671     |      21.23       |      11.29      
   55672     |      22.21       |      12.26      
   55673     |      24.91       |      14.85      
   55674     |      16.92       |       6.88      
   55675     |      16.94       |       6.91      
   55676     |       6.95       |       3.56      
   55677     |       8.57       |       3.06      
   55678     |      12.84       |       3.38      
   55679     |      15.27       |       6.03      
   55680     |      15.47       |       6.21      
   55681     |      18.35       |       9.28      
   55682     |      23.87       |      14.26      
   55683     |      22.96       |      13.32      
   55684     |      33.02       |      23.15      
   55685     |      28.00       |      18.79      
   55686     |      29.91       |      20.59      
   55687     |      29.93       |      20.60      
   55688     |      28.84       |      19.60      
   55689     |      10.40       |       3.85      
   55690     |      30.25       |      20.68      
   55691     |      23.86       |      15.95      
   55692     |      45.48       |      36.21      
   55693     |      41.80       |      32.42      
   55694     |      40.15       |      30.83      
   55695     |      28.48       |      18.78      
   55696     |      30.75       |      21.04      
   55697     |      24.05       |      14.35      
   55698     |      23.31       |      13.63      
   55699     |      25.24       |      15.50      
   55700     |      26.45       |      16.73      
   55701     |      18.40       |      11.28      
   55702     |      35.38       |      26.37      
   55703     |      33.37       |      24.93      
   55704     |      42.20       |      33.35      
   55705     |      39.76       |      31.58      
   55706     |      33.45       |      25.85      
   55707     |      34.64       |      26.46      
   55708     |      29.98       |      22.28      
   55709     |      30.75       |      22.65      
   55710     |      31.50       |      23.34      
   55711     |      30.91       |      23.03      
   55712     |      34.98       |      26.74      
   55713     |      33.09       |      25.79      
   55714     |      35.87       |      28.25      
   55715     |      37.51       |      29.23      
   55716     |      34.60       |      26.53      
   55717     |      37.34       |      28.53      
   55718     |      26.12       |      17.95      
   55719     |      28.64       |      19.69      
   55720     |      33.92       |      24.87      
   55721     |      34.94       |      25.77      
   55722     |      41.93       |      32.71      
   55723     |      46.71       |      37.31      
   55724     |      43.11       |      33.72      
   55725     |      40.78       |      31.47      
   55726     |      43.97       |      34.66      
   55727     |      40.49       |      31.44      
   55728     |      27.57       |      18.92      
   55729     |      28.28       |      19.44      
   55730     |       7.67       |       7.44      
   55731     |       7.88       |       8.52      
   55732     |      18.03       |      10.63      
   55733     |      20.83       |      11.82      
   55734     |      50.51       |      41.32      
   55735     |      54.60       |      45.34      
   55736     |      57.05       |      47.80      
   55737     |      55.38       |      46.15      
   55738     |      35.18       |      25.96      
   55739     |      35.29       |      26.07      
   55740     |      34.11       |      24.91      
   55741     |      34.91       |      25.72      
   55742     |      33.70       |      24.51      
   55743     |      30.76       |      21.67      
   55744     |      34.82       |      25.73      
   55745     |      27.04       |      20.09      
   55746     |      43.12       |      34.83      
   55747     |      40.08       |      32.84      
   55748     |      43.66       |      36.18      
   55749     |      44.37       |      36.63      
   55750     |      43.74       |      36.04      
   55751     |      43.92       |      36.17      
   55752     |      50.90       |      42.88      
   55753     |      48.44       |      41.12      
   55849     |      31.98       |      40.14      
   55850     |      26.44       |      32.51      
   55851     |      23.46       |      32.58      
   55852     |      16.95       |      16.31      
   55853     |       9.00       |      13.47      
   55854     |      11.95       |       9.36      
   55855     |      10.10       |       8.52      
   55856     |      13.66       |      23.64      
   55857     |      13.92       |      24.25      
   55858     |      32.18       |      43.00      
   55859     |      30.49       |      41.09      
   55860     |      44.08       |      54.85      
   55861     |      41.95       |      52.42      
   55862     |      46.53       |      57.10      
   55863     |      45.68       |      56.08      
   55864     |      32.37       |      42.08      
   55865     |      32.06       |      41.36      
   55866     |      21.71       |      28.30      
   55867     |      22.01       |      32.57      
   55868     |      13.32       |      23.31      
   55869     |      19.84       |      30.52      
   55870     |      21.87       |      32.54      
   55871     |      17.07       |      22.71      
   55872     |      34.36       |      44.28      
   55873     |      33.62       |      41.26      
   55874     |      36.67       |      44.92      
   55875     |      37.35       |      46.98      
   55876     |      39.38       |      49.13      
   55877     |      42.15       |      52.62      
   55878     |      36.53       |      46.84      
   55879     |      37.41       |      47.86      
   55880     |      34.09       |      44.44      
   55881     |      33.50       |      43.73      
   55882     |      33.74       |      43.96      
   55883     |      33.35       |      43.45      
   55884     |      31.75       |      41.76      
   55885     |      31.35       |      41.17      
   55886     |      31.03       |      40.81      
   55887     |      31.25       |      41.15      
   55888     |      40.42       |      50.68      
   55889     |      37.90       |      46.99      
   55890     |      39.23       |      48.44      
   55891     |      39.02       |      47.39      
   55892     |      33.07       |      40.07      
   55893     |      33.29       |      40.07      
   55894     |      36.55       |      44.23      
   55895     |      38.97       |      44.39      
   55896     |      38.82       |      44.16      
   55897     |      39.44       |      44.36      
   55898     |      38.64       |      43.05      
   55899     |      37.59       |      42.66      
   55900     |      42.46       |      49.45      
   55901     |      43.53       |      49.53      
   55902     |      47.88       |      55.14      
   55903     |      47.32       |      55.45      
   55904     |      44.07       |      51.57      
   55905     |      43.69       |      51.86      
   55906     |      38.33       |      45.22      
   55907     |      37.71       |      45.28      
   55908     |      34.23       |      40.58      
   55909     |      33.25       |      40.50      
   55910     |      28.32       |      30.34      
   55911     |      20.78       |      27.56      
   55912     |      19.49       |      20.28      
   55913     |      12.96       |      18.19      
   55914     |      14.60       |      14.06      
   55915     |      10.51       |      12.72      
   55916     |      14.02       |      10.65      
   55917     |      10.32       |       8.87      
   55918     |      14.82       |       8.54      
   55919     |      10.90       |       5.63      
   55920     |      19.32       |      10.09      
   55921     |      15.06       |       5.29      
   55922     |      13.25       |       3.74      
   55923     |      17.46       |       8.56      
   55924     |      10.87       |       5.41      
   55925     |      10.89       |       5.44      
   55926     |      21.37       |      12.07      
   55927     |      16.85       |       7.03      
   55928     |      24.95       |      15.01      
   55929     |      23.37       |      13.36      
   55930     |      16.88       |       6.89      
   55931     |      13.79       |       4.06      
   55932     |      14.09       |       4.35      
   55933     |       7.32       |       4.79      
   55934     |      19.13       |       9.71      
   55935     |      15.02       |       9.09      
   55936     |      13.68       |       8.69      
   55937     |      15.85       |       7.57      
   55938     |      15.24       |       7.16      
   55939     |      23.35       |      13.42      
   55940     |      26.90       |      16.98      
   55941     |      21.53       |      12.21      
   55942     |      29.35       |      19.67      
   55943     |      26.68       |      17.43      
   55944     |      28.69       |      19.34      
   55945     |      33.89       |      24.07      
   55946     |      29.49       |      19.71      
   55947     |      26.53       |      17.00      
   55948     |      40.30       |      30.60      
   55949     |      34.08       |      25.02      
   55950     |      29.66       |      20.86      
   55951     |      34.04       |      24.53      
   55952     |      24.45       |      15.21      
   55953     |      22.95       |      14.15      
   55954     |      25.96       |      16.95      
   55955     |      27.33       |      18.03      
   55956     |      26.61       |      17.35      
   55957     |      45.70       |      36.29      
   55958     |      39.49       |      30.20      
   55959     |      36.37       |      27.69      
   55960     |      39.02       |      30.22      
   55961     |      40.94       |      31.79      
   55962     |      30.72       |      21.95      
   55963     |      30.22       |      21.62      
   55964     |      25.74       |      17.57      
   55965     |      27.18       |      18.42      
   55966     |      26.99       |      18.26      
   55967     |      28.76       |      19.61      
   55968     |      37.01       |      27.71      
   55969     |      33.51       |      24.78      
   55970     |      35.10       |      26.32      
   55971     |      33.52       |      25.17      
   55972     |      26.75       |      19.10      
   55973     |      31.55       |      22.39      
   55974     |      24.55       |      15.61      
   55975     |      24.56       |      15.62      
   55976     |      32.75       |      23.62      
   55977     |      33.43       |      24.22      
   55978     |      33.67       |      24.48      
   55979     |      40.57       |      31.15      
   55980     |      41.75       |      32.34      
   55981     |      42.60       |      33.21      
   55982     |      41.41       |      32.03      
   55983     |      42.82       |      33.47      
   55984     |      28.93       |      19.64      
   55985     |      25.40       |      16.05      
   55986     |      16.10       |       6.76      
   55987     |      12.33       |      11.94      
   55988     |      28.00       |      20.30      
   55989     |      26.39       |      21.55      
   55990     |      47.24       |      39.44      
   55991     |      52.76       |      43.88      
   55992     |      51.15       |      42.30      
   55993     |      57.77       |      48.56      
   55994     |      44.42       |      35.22      
   55995     |      38.43       |      29.74      
   55996     |      34.78       |      26.21      
   55997     |      36.12       |      27.33      
   55998     |      34.54       |      25.80      
   55999     |      35.43       |      26.57      
   56000     |      42.63       |      33.68      
   56001     |      37.83       |      29.65      
   56002     |      51.03       |      42.43      
   56003     |      46.34       |      38.85      
   56004     |      50.78       |      43.04      
   56005     |      47.98       |      41.51      
   56006     |      48.07       |      41.61      
   56007     |      48.32       |      41.70      
   56008     |      58.48       |      51.17      
   56009     |      57.02       |      50.28      
   56105     |      30.31       |      40.60      
   56106     |      21.77       |      31.26      
   56107     |      23.97       |      34.86      
   56108     |       4.98       |      10.58      
   56109     |       2.33       |      13.31      
   56110     |       7.75       |       3.23      
   56111     |       5.88       |       6.91      
   56112     |      11.52       |      22.07      
   56113     |       6.83       |      17.69      
   56114     |      27.71       |      38.61      
   56115     |      24.02       |      34.66      
   56116     |      38.97       |      49.78      
   56117     |      36.36       |      46.86      
   56118     |      43.76       |      54.40      
   56119     |      41.23       |      51.25      
   56120     |      32.05       |      41.36      
   56121     |      35.28       |      45.93      
   56122     |      23.55       |      33.81      
   56123     |      28.74       |      39.56      
   56124     |      20.39       |      31.19      
   56125     |      17.66       |      24.51      
   56126     |      16.60       |      22.35      
   56127     |      18.40       |      22.76      
   56128     |      27.06       |      35.87      
   56129     |      27.06       |      35.83      
   56130     |      36.50       |      46.27      
   56131     |      39.99       |      50.57      
   56132     |      41.10       |      51.68      
   56133     |      42.31       |      52.96      
   56134     |      38.30       |      48.91      
   56135     |      35.44       |      46.08      
   56136     |      34.43       |      45.05      
   56137     |      29.41       |      40.07      
   56138     |      23.09       |      33.72      
   56139     |      30.62       |      41.10      
   56140     |      27.72       |      38.12      
   56141     |      25.64       |      34.17      
   56142     |      33.38       |      42.95      
   56143     |      32.91       |      41.73      
   56144     |      36.77       |      46.04      
   56145     |      36.57       |      44.62      
   56146     |      38.74       |      47.16      
   56147     |      38.90       |      46.78      
   56148     |      34.31       |      40.96      
   56149     |      34.39       |      40.97      
   56150     |      33.34       |      39.46      
   56151     |      35.24       |      40.03      
   56152     |      36.09       |      41.40      
   56153     |      36.96       |      41.70      
   56154     |      37.54       |      42.64      
   56155     |      38.57       |      43.03      
   56156     |      41.97       |      48.17      
   56157     |      42.00       |      48.17      
   56158     |      49.02       |      56.96      
   56159     |      48.92       |      57.09      
   56160     |      46.89       |      54.67      
   56161     |      46.75       |      54.76      
   56162     |      42.30       |      49.28      
   56164     |      39.34       |      45.79      
   56191     |      18.96       |       9.34      
   56193     |      13.01       |       7.54      
   56195     |      15.30       |       7.32      
   56197     |      21.00       |      11.30      
   56198     |      25.99       |      16.24      
   56200     |      33.96       |      24.11      
   56201     |      32.52       |      22.66      
   56202     |      26.24       |      16.39      
   56203     |      23.80       |      14.01      
   56204     |      33.00       |      23.20      
   56205     |      24.38       |      15.84      
   56206     |      34.53       |      25.32      
   56207     |      36.74       |      27.26      
   56208     |      22.87       |      13.99      
   56209     |      28.37       |      18.65      
   56210     |      27.02       |      17.33      
   56211     |      34.31       |      24.64      
   56212     |      44.34       |      34.66      
   56213     |      45.77       |      36.12      
   56214     |      38.22       |      28.62      
   56215     |      48.55       |      39.30      
   56216     |      36.45       |      27.52      
   56217     |      37.67       |      28.52      
   56218     |      30.09       |      21.24      
   56219     |      30.29       |      21.40      
   56220     |      22.99       |      14.71      
   56221     |      24.28       |      15.44      
   56222     |      24.30       |      15.47      
   56223     |      25.89       |      16.67      
   56224     |      35.27       |      25.91      
   56225     |      36.46       |      27.02      
   56226     |      30.01       |      20.64      
   56227     |      32.75       |      23.24      
   56228     |      23.39       |      13.91      
   56229     |      23.06       |      13.60      
   56230     |      27.09       |      17.64      
   56231     |      24.12       |      14.97      
   56232     |      32.58       |      23.32      
   56233     |      32.40       |      23.16      
   56234     |      28.04       |      18.88      
   56235     |      32.66       |      23.23      
   56236     |      35.63       |      26.23      
   56237     |      41.44       |      32.13      
   56238     |      45.96       |      36.64      
   56239     |      41.53       |      32.15      
   56240     |      27.14       |      17.78      
   56241     |      28.95       |      19.65      
   56242     |      22.70       |      13.46      
   56243     |      16.86       |       8.05      
   56244     |      38.25       |      29.03      
   56245     |      30.18       |      23.13      
   56246     |      42.93       |      34.78      
   56247     |      43.99       |      35.58      
   56248     |      42.37       |      34.04      
   56249     |      48.92       |      39.78      
   56250     |      47.14       |      38.02      
   56251     |      45.74       |      36.71      
   56252     |      38.64       |      29.71      
   56253     |      35.50       |      27.13      
   56254     |      36.13       |      27.75      
   56255     |      35.98       |      27.64      
   56256     |      44.81       |      36.19      
   56257     |      44.42       |      35.87      
   56258     |      55.58       |      46.81      
   56259     |      52.42       |      44.11      
   56260     |      58.60       |      50.14      
   56261     |      53.52       |      46.34      
   56262     |      50.89       |      43.91      
   56263     |      49.51       |      43.35      
   56264     |      56.86       |      50.09      
   56265     |      58.31       |      50.98      
   56266     |      67.08       |      59.35      
   56267     |      66.52       |      58.94      
   56360     |      39.03       |      47.99      
   56361     |      39.08       |      48.96      
   56362     |      33.33       |      42.67      
   56363     |      33.83       |      44.13      
   56364     |      15.88       |      21.87      
   56365     |      14.25       |      21.90      
   56366     |      12.64       |      14.93      
   56367     |      12.04       |      14.76      
   56368     |      14.67       |      22.83      
   56369     |      17.28       |      22.77      
   56370     |      29.80       |      39.36      
   56371     |      29.94       |      39.70      
   56372     |      38.22       |      48.46      
   56373     |      39.71       |      50.30      
   56374     |      37.64       |      48.18      
   56375     |      35.82       |      45.76      
   56376     |      39.25       |      49.37      
   56377     |      38.12       |      47.49      
   56378     |      38.70       |      48.11      
   56379     |      39.50       |      49.47      
   56380     |      20.94       |      27.16      
   56381     |      19.61       |      27.24      
   56382     |      16.54       |      21.18      
   56383     |      12.59       |      22.59      
   56384     |      19.10       |      29.56      
   56385     |      22.00       |      32.74      
   56386     |      32.18       |      42.90      
   56387     |      38.45       |      49.15      
   56388     |      39.36       |      50.06      
   56389     |      42.31       |      52.97      
   56390     |      43.19       |      53.84      
   56391     |      36.65       |      47.33      
   56392     |      36.11       |      46.78      
   56393     |      32.80       |      43.47      
   56394     |      22.56       |      33.21      
   56395     |      20.20       |      30.70      
   56396     |      16.87       |      27.26      
   56397     |      19.78       |      24.30      
   56398     |      30.84       |      40.01      
   56399     |      32.63       |      38.95      
   56400     |      37.74       |      45.63      
   56401     |      37.57       |      45.93      
   56402     |      36.74       |      44.95      
   56403     |      36.85       |      44.80      
   56404     |      32.88       |      39.68      
   56406     |      27.83       |      33.51      
   56408     |      30.02       |      35.62      
   56410     |      29.53       |      35.05      
   56468     |      46.88       |      37.46      
   56470     |      46.85       |      37.25      
   56472     |      33.58       |      23.91      
   56473     |      37.36       |      27.72      
   56474     |      32.70       |      23.08      
   56475     |      28.84       |      19.55      
   56476     |      18.89       |      10.20      
   56477     |      21.07       |      11.68      
   56478     |      18.64       |       9.35      
   56479     |      22.63       |      13.05      
   56480     |      34.34       |      24.77      
   56481     |      32.16       |      22.63      
   56482     |      30.21       |      20.71      
   56483     |      29.29       |      19.78      
   56484     |      23.15       |      13.67      
   56485     |      23.24       |      13.78      
   56486     |      30.99       |      21.52      
   56487     |      27.11       |      17.67      
   56488     |      35.86       |      26.42      
   56489     |      32.62       |      23.38      
   56490     |      32.09       |      22.87      
   56491     |      29.18       |      20.49      
   56492     |      38.16       |      29.17      
   56493     |      37.83       |      28.89      
   56494     |      41.18       |      32.19      
   56495     |      46.90       |      37.55      
   56496     |      22.46       |      13.24      
   56497     |      27.02       |      17.71      
   56498     |      25.08       |      15.78      
   56499     |      22.87       |      13.55      
   56500     |      43.02       |      33.71      
   56501     |      38.60       |      29.44      
   56502     |      43.61       |      34.43      
   56503     |      39.84       |      31.06      
   56504     |      40.36       |      31.58      
   56505     |      40.20       |      31.45      
   56506     |      45.05       |      36.21      
   56507     |      47.50       |      38.43      
   56508     |      41.23       |      32.24      
   56509     |      39.37       |      30.61      
   56510     |      40.93       |      32.14      
   56511     |      37.53       |      29.50      
   56512     |      49.62       |      41.08      
   56513     |      47.30       |      39.26      
   56514     |      57.01       |      48.62      
   56515     |      57.38       |      48.93      
   56516     |      58.77       |      50.30      
   56517     |      58.65       |      50.20      
   56518     |      52.21       |      43.95      
   56519     |      48.94       |      41.59      
   56520     |      51.06       |      43.59      
   56521     |      52.03       |      44.26      
   56522     |      65.28       |      57.04      
   56523     |      64.66       |      56.53      
   56524     |      62.26       |      54.22      
   56616     |      49.51       |      58.05      
   56617     |      50.14       |      57.95      
   56618     |      51.11       |      59.09      
   56619     |      54.04       |      59.94      
   56620     |      49.09       |      52.68      
   56621     |      46.93       |      51.45      
   56622     |      43.45       |      45.23      
   56623     |      37.08       |      41.48      
   56624     |      36.02       |      39.60      
   56625     |      31.65       |      37.65      
   56626     |      39.61       |      47.80      
   56627     |      39.43       |      48.78      
   56628     |      45.62       |      55.42      
   56629     |      47.09       |      57.47      
   56630     |      36.31       |      46.19      
   56631     |      35.63       |      44.32      
   56632     |      39.49       |      48.66      
   56633     |      39.44       |      47.69      
   56634     |      45.69       |      54.74      
   56635     |      46.43       |      56.20      
   56636     |      26.75       |      33.07      
   56637     |      26.34       |      36.67      
   56638     |      15.47       |      24.64      
   56639     |      18.77       |      29.53      
   56640     |      22.04       |      32.79      
   56641     |      20.64       |      31.33      
   56642     |      32.75       |      43.47      
   56643     |      27.16       |      36.87      
   56644     |      42.73       |      53.15      
   56645     |      40.62       |      50.52      
   56646     |      48.14       |      58.35      
   56647     |      47.96       |      58.13      
   56648     |      43.73       |      53.71      
   56650     |      30.94       |      39.54      
   56737     |      32.18       |      22.63      
   56739     |      30.21       |      20.73      
   56741     |      23.16       |      13.66      
   56742     |      33.23       |      23.75      
   56743     |      31.18       |      21.71      
   56744     |      35.71       |      26.25      
   56745     |      39.71       |      30.33      
   56746     |      35.19       |      25.86      
   56747     |      32.51       |      23.44      
   56748     |      39.42       |      30.25      
   56749     |      38.03       |      29.01      
   56750     |      37.55       |      28.56      
   56751     |      40.05       |      30.83      
   56752     |      25.46       |      16.50      
   56753     |      24.07       |      15.54      
   56754     |      25.65       |      17.02      
   56755     |      26.73       |      17.81      
   56756     |      39.50       |      30.37      
   56757     |      43.24       |      33.95      
   56758     |      43.81       |      34.53      
   56759     |      42.82       |      33.57      
   56760     |      46.40       |      37.16      
   56761     |      40.43       |      31.68      
   56762     |      48.33       |      39.42      
   56763     |      46.27       |      37.66      
   56764     |      41.95       |      33.50      
   56765     |      42.97       |      34.33      
   56766     |      46.61       |      37.88      
   56767     |      43.76       |      35.60      
   56768     |      51.25       |      42.82      
   56769     |      50.67       |      42.35      
   56770     |      57.93       |      49.41      
   56771     |      57.06       |      48.68      
   56772     |      57.13       |      48.77      
   56773     |      58.27       |      49.73      
   56774     |      55.17       |      46.72      
   56775     |      53.16       |      45.10      
   56776     |      52.93       |      44.89      
   56777     |      50.96       |      43.48      
   56778     |      59.53       |      51.64      
   56779     |      63.32       |      54.79      
   56780     |      61.83       |      53.34      
   56781     |      60.59       |      52.28      
   56871     |      39.58       |      47.66      
   56872     |      42.98       |      51.63      
   56873     |      44.65       |      51.66      
   56874     |      44.29       |      51.20      
   56875     |      46.00       |      51.77      
   56876     |      43.44       |      48.20      
   56877     |      42.58       |      47.77      
   56878     |      40.54       |      44.71      
   56879     |      36.79       |      43.03      
   56880     |      35.18       |      40.79      
   56881     |      31.98       |      40.70      
   56882     |      38.63       |      48.11      
   56883     |      39.17       |      49.20      
   56884     |      47.26       |      57.63      
   56885     |      45.36       |      54.41      
   56886     |      39.09       |      47.26      
   56887     |      40.53       |      46.92      
   56888     |      44.95       |      52.45      
   56889     |      44.63       |      53.63      
   56890     |      49.14       |      58.55      
   56892     |      30.35       |      39.97      
   56893     |      31.50       |      41.78      
   56894     |      24.13       |      33.93      
   56896     |      24.19       |      34.31      
   57007     |      35.71       |      26.35      
   57009     |      26.07       |      17.35      
   57010     |      30.52       |      21.63      
   57011     |      27.82       |      19.93      
   57012     |      45.51       |      36.65      
   57013     |      43.08       |      34.70      
   57014     |      44.04       |      35.63      
   57015     |      46.73       |      37.83      
   57016     |      50.72       |      41.77      
   57017     |      49.55       |      40.74      
   57018     |      52.18       |      43.33      
   57019     |      50.34       |      41.77      
   57020     |      42.65       |      34.38      
   57021     |      42.71       |      34.43      
   57022     |      57.38       |      48.66      
   57023     |      52.36       |      44.73      
   57024     |      56.42       |      48.59      
   57025     |      55.61       |      48.03      
   57026     |      56.89       |      49.25      
   57027     |      59.39       |      51.13      
   57028     |      62.09       |      53.75      
   57029     |      59.95       |      52.09      
   57030     |      63.71       |      55.71      
   57031     |      61.36       |      54.04      
   57032     |      56.78       |      49.78      
   57033     |      57.23       |      50.04      
   57034     |      52.87       |      46.01      
   57035     |      57.55       |      49.31      
   57036     |      59.78       |      51.49      
   57037     |      61.52       |      52.98      
   57127     |      41.30       |      49.04      
   57128     |      40.34       |      47.86      
   57129     |      39.90       |      47.82      
   57130     |      35.74       |      42.57      
   57131     |      35.01       |      42.42      
   57132     |      31.72       |      37.96      
   57133     |      29.98       |      37.54      
   57134     |      28.93       |      36.15      
   57135     |      27.79       |      36.23      
   57136     |      30.84       |      39.75      
   57137     |      31.98       |      42.20      
   57138     |      36.44       |      46.84      
   57139     |      35.13       |      44.75      
   57140     |      39.18       |      49.10      
   57141     |      38.87       |      46.78      
   57142     |      35.48       |      42.54      
   57144     |      40.33       |      49.95      
   57271     |      44.41       |      36.09      
   57272     |      57.44       |      48.69      
   57273     |      54.89       |      46.61      
   57274     |      57.62       |      49.25      
   57275     |      56.66       |      48.52      
   57276     |      51.73       |      43.86      
   57277     |      49.54       |      42.63      
   57278     |      65.53       |      57.58      
   57279     |      64.38       |      56.74      
   57280     |      67.45       |      59.69      
   57281     |      64.15       |      57.71      
   57282     |      64.19       |      57.75      
   57283     |      63.99       |      57.67      
   57288     |      54.31       |      48.13      
   57289     |      56.06       |      48.93      
   57290     |      48.59       |      42.10      
   57291     |      50.41       |      43.04      
   57292     |      55.51       |      47.86      
   57293     |      59.03       |      50.63      
   57382     |      33.82       |      42.64      
   57383     |      35.13       |      42.52      
   57384     |      38.08       |      46.23      
   57385     |      38.58       |      46.26      
   57386     |      36.87       |      44.07      
   57387     |      35.33       |      44.03      
   57388     |      30.23       |      37.76      
   57389     |      30.01       |      37.74      
   57390     |      30.98       |      38.96      
   57533     |      57.72       |      50.85      
   57534     |      65.83       |      58.36      
   57535     |      66.75       |      58.98      
   57538     |      66.51       |      58.94      
   57539     |      64.04       |      57.59      
   57540     |      64.37       |      57.90      
   57541     |      65.95       |      58.71      
   57542     |      59.75       |      52.98      
   57543     |      62.01       |      54.34      
   57544     |      50.49       |      43.59      
   57545     |      50.55       |      43.62      
   57546     |      44.88       |      38.54      
   57547     |      46.05       |      38.99      
   57548     |      52.01       |      44.52      
   57549     |      53.66       |      45.67      
   57638     |      24.27       |      33.40      
   57640     |      31.97       |      40.53      
   57795     |      62.56       |      54.36      
   57796     |      63.37       |      55.15      
   57797     |      60.09       |      52.89      
   57798     |      60.07       |      52.88      
   57799     |      59.31       |      52.47      
   57800     |      57.47       |      50.79      
   57801     |      56.17       |      50.39      
   57802     |      53.15       |      47.75      
   57803     |      52.71       |      47.95      
   57804     |      57.56       |      52.15      
   57805     |      58.58       |      52.35      
   58057     |      63.10       |      57.39      
   58058     |      63.04       |      57.35      
   58059     |      61.79       |      57.79      
   58319     |      62.43       |      57.58      
