=== Visibility Analysis Summary ===
Total patches: 196608
Geometric visible: 10682 (5.4%)
Light illuminated: 10682 (100.0% of geometric)
Reflection conditions met: 10682 (100.0% of geometric)
Light unoccluded: 10682 (100.0% of geometric)
Final visible: 10682 (5.4% of total)
Visible area: 457.06 (5.8% of total area)

=== Detailed Visibility Information ===
Patch Index  | Incidence Angle  |  Viewing Angle  
-------------+------------------+-----------------
   64027     |      40.11       |      48.80      
   64028     |      42.51       |      52.06      
   64029     |      43.15       |      52.71      
   64031     |      37.95       |      47.23      
   64212     |      56.76       |      49.63      
   64213     |      56.98       |      49.86      
   64283     |      36.76       |      46.24      
   64284     |      39.19       |      49.22      
   64285     |      43.72       |      53.79      
   64286     |      39.60       |      48.65      
   64287     |      40.91       |      50.00      
   64288     |      38.96       |      47.07      
   64289     |      39.52       |      47.66      
   64290     |      42.45       |      51.80      
   64291     |      32.74       |      41.74      
   64292     |      34.54       |      44.17      
   64293     |      13.79       |      22.15      
   64295     |      21.99       |      31.60      
   64462     |      62.99       |      55.34      
   64463     |      57.11       |      49.50      
   64464     |      53.15       |      46.09      
   64465     |      54.07       |      47.00      
   64466     |      53.41       |      46.45      
   64467     |      51.31       |      44.38      
   64468     |      58.21       |      50.39      
   64469     |      52.68       |      44.88      
   64538     |      34.62       |      44.40      
   64539     |      38.92       |      48.75      
   64540     |      41.77       |      52.06      
   64541     |      43.86       |      54.14      
   64542     |      39.08       |      48.40      
   64543     |      38.29       |      47.59      
   64544     |      36.34       |      44.90      
   64545     |      29.80       |      37.91      
   64546     |      31.75       |      40.90      
   64547     |      30.65       |      39.75      
   64548     |      27.28       |      33.03      
   64549     |      31.90       |      38.47      
   64550     |      32.90       |      40.58      
   64551     |      25.84       |      32.77      
   64552     |      32.58       |      42.43      
   64553     |      32.51       |      42.36      
   64554     |      34.48       |      44.62      
   64555     |      42.51       |      52.65      
   64556     |      39.35       |      49.01      
   64557     |      38.27       |      47.91      
   64559     |      29.54       |      38.36      
   64561     |      34.55       |      42.73      
   64710     |      50.53       |      45.78      
   64712     |      57.93       |      51.27      
   64713     |      48.66       |      42.18      
   64714     |      55.22       |      47.78      
   64715     |      55.37       |      47.94      
   64716     |      57.88       |      50.19      
   64717     |      62.27       |      54.57      
   64718     |      62.38       |      54.68      
   64719     |      62.71       |      55.01      
   64720     |      59.09       |      51.78      
   64721     |      52.01       |      44.74      
   64722     |      55.75       |      48.04      
   64723     |      49.15       |      41.44      
   64724     |      54.36       |      46.17      
   64725     |      55.97       |      47.80      
   64726     |      48.37       |      40.96      
   64794     |      38.45       |      48.33      
   64795     |      37.15       |      47.02      
   64796     |      41.83       |      52.33      
   64797     |      37.50       |      48.02      
   64798     |      33.52       |      43.50      
   64799     |      29.28       |      39.21      
   64800     |      26.16       |      34.87      
   64801     |      25.56       |      34.22      
   64802     |      27.78       |      37.36      
   64803     |      41.58       |      51.37      
   64804     |      34.19       |      40.45      
   64805     |      41.30       |      48.38      
   64806     |      39.44       |      44.60      
   64807     |      38.65       |      43.69      
   64808     |      43.10       |      51.35      
   64809     |      42.14       |      50.34      
   64810     |      47.47       |      56.97      
   64811     |      42.86       |      52.30      
   64812     |      41.63       |      50.79      
   64813     |      36.56       |      45.59      
   64814     |      34.09       |      42.16      
   64815     |      38.05       |      46.33      
   64816     |      37.09       |      44.90      
   64817     |      37.72       |      45.57      
   64818     |      41.18       |      50.21      
   64819     |      42.89       |      51.96      
   64820     |      41.41       |      50.11      
   64821     |      50.96       |      59.96      
   64823     |      47.06       |      54.39      
   64958     |      50.13       |      43.10      
   64960     |      49.24       |      42.56      
   64961     |      55.75       |      48.96      
   64962     |      51.03       |      45.10      
   64963     |      51.33       |      45.40      
   64964     |      49.25       |      43.79      
   64965     |      44.92       |      39.64      
   64966     |      49.65       |      43.37      
   64967     |      42.31       |      36.24      
   64968     |      52.85       |      45.22      
   64969     |      51.93       |      44.31      
   64970     |      49.79       |      42.41      
   64971     |      55.34       |      47.92      
   64972     |      57.29       |      49.67      
   64973     |      58.36       |      50.74      
   64974     |      60.83       |      52.98      
   64975     |      61.43       |      53.58      
   64976     |      59.37       |      51.73      
   64977     |      57.11       |      49.48      
   64978     |      57.55       |      49.88      
   64979     |      56.06       |      48.39      
   64980     |      55.43       |      47.83      
   64981     |      58.12       |      50.55      
   64982     |      53.36       |      46.33      
   65050     |      35.54       |      45.63      
   65051     |      30.73       |      40.86      
   65052     |      36.37       |      47.02      
   65053     |      33.92       |      44.60      
   65054     |      28.58       |      38.63      
   65055     |      27.32       |      37.36      
   65056     |      24.12       |      33.05      
   65057     |      30.88       |      40.13      
   65058     |      37.07       |      47.45      
   65059     |      39.50       |      49.86      
   65060     |      29.79       |      38.63      
   65061     |      38.17       |      47.26      
   65062     |      31.45       |      37.28      
   65063     |      48.31       |      55.67      
   65064     |      48.27       |      55.62      
   65065     |      46.81       |      54.08      
   65066     |      50.50       |      58.93      
   65067     |      32.37       |      40.17      
   65068     |      36.32       |      45.39      
   65069     |      36.46       |      45.52      
   65070     |      35.30       |      44.00      
   65071     |      37.14       |      45.89      
   65072     |      35.64       |      43.78      
   65073     |      34.97       |      43.05      
   65074     |      39.80       |      49.27      
   65075     |      38.15       |      47.58      
   65076     |      42.59       |      52.56      
   65077     |      48.43       |      58.41      
   65078     |      38.40       |      46.79      
   65079     |      32.43       |      40.52      
   65080     |      28.57       |      34.04      
   65081     |      19.05       |      20.55      
   65082     |      19.77       |      27.85      
   65083     |      19.75       |      27.83      
   65084     |      20.70       |      29.25      
   65085     |      37.27       |      46.35      
   65086     |      35.79       |      44.54      
   65087     |      32.94       |      41.56      
   65089     |      24.33       |      33.06      
   65091     |      24.03       |      33.04      
   65204     |      49.28       |      41.86      
   65206     |      47.59       |      39.89      
   65208     |      46.86       |      39.80      
   65209     |      52.94       |      45.85      
   65210     |      50.42       |      43.66      
   65211     |      47.91       |      41.20      
   65212     |      49.64       |      42.68      
   65213     |      48.60       |      41.68      
   65214     |      49.46       |      42.41      
   65215     |      50.05       |      42.99      
   65216     |      49.95       |      42.91      
   65217     |      47.55       |      40.54      
   65218     |      46.21       |      39.43      
   65219     |      46.34       |      39.57      
   65220     |      48.41       |      41.35      
   65221     |      40.91       |      33.88      
   65222     |      48.66       |      40.75      
   65223     |      41.05       |      33.07      
   65224     |      41.32       |      33.32      
   65225     |      51.18       |      43.27      
   65226     |      42.87       |      35.86      
   65227     |      51.56       |      44.47      
   65228     |      57.08       |      49.44      
   65229     |      57.28       |      49.65      
   65230     |      62.77       |      54.67      
   65231     |      59.25       |      51.16      
   65232     |      56.03       |      48.23      
   65233     |      58.57       |      50.79      
   65234     |      57.01       |      49.39      
   65235     |      57.99       |      50.39      
   65236     |      58.12       |      50.51      
   65237     |      55.23       |      47.59      
   65238     |      53.48       |      46.01      
   65239     |      50.92       |      43.44      
   65306     |      31.55       |      41.56      
   65307     |      22.15       |      32.35      
   65308     |      32.23       |      43.10      
   65309     |      25.14       |      36.12      
   65310     |      21.93       |      32.85      
   65311     |      30.43       |      41.16      
   65312     |      26.47       |      36.50      
   65313     |      35.05       |      45.30      
   65314     |      38.40       |      48.91      
   65315     |      36.18       |      46.68      
   65316     |      31.54       |      41.68      
   65317     |      42.49       |      52.56      
   65318     |      35.37       |      44.58      
   65319     |      43.96       |      53.22      
   65320     |      39.32       |      47.62      
   65321     |      33.34       |      41.42      
   65322     |      32.49       |      40.26      
   65323     |      35.01       |      42.87      
   65324     |      38.24       |      47.02      
   65325     |      42.87       |      51.68      
   65326     |      40.56       |      48.80      
   65327     |      36.17       |      44.27      
   65328     |      35.96       |      43.89      
   65329     |      36.76       |      44.77      
   65330     |      40.89       |      49.93      
   65331     |      30.92       |      39.60      
   65332     |      44.89       |      55.24      
   65333     |      35.88       |      46.29      
   65334     |      25.04       |      34.39      
   65335     |      25.86       |      35.21      
   65336     |      20.33       |      21.79      
   65337     |      23.40       |      26.72      
   65338     |      25.38       |      32.40      
   65339     |      27.50       |      34.70      
   65340     |      35.27       |      44.63      
   65341     |      36.59       |      45.94      
   65342     |      32.81       |      41.44      
   65343     |      28.66       |      37.14      
   65344     |      28.00       |      36.13      
   65345     |      23.29       |      30.73      
   65346     |      25.23       |      33.60      
   65347     |      25.13       |      33.95      
   65348     |      22.58       |      30.46      
   65349     |      22.40       |      30.61      
   65350     |      19.39       |      25.15      
   65351     |      18.10       |      25.01      
   65352     |      17.96       |      24.69      
   65353     |      17.99       |      24.69      
   65354     |      22.32       |      31.23      
   65355     |      23.19       |      30.66      
   65356     |      27.30       |      36.16      
   65451     |      41.13       |      34.28      
   65452     |      41.84       |      34.89      
   65454     |      44.81       |      37.13      
   65455     |      43.51       |      35.88      
   65456     |      48.10       |      39.87      
   65457     |      50.45       |      42.27      
   65458     |      47.31       |      39.39      
   65459     |      54.66       |      46.86      
   65460     |      48.63       |      41.44      
   65461     |      50.49       |      43.32      
   65462     |      50.34       |      43.19      
   65463     |      49.20       |      42.80      
   65464     |      49.81       |      43.32      
   65465     |      50.28       |      43.46      
   65466     |      50.26       |      43.45      
   65467     |      51.43       |      44.07      
   65468     |      47.05       |      40.21      
   65469     |      50.06       |      43.19      
   65470     |      51.20       |      44.18      
   65471     |      49.97       |      43.00      
   65472     |      50.72       |      43.60      
   65473     |      49.65       |      42.55      
   65474     |      47.02       |      40.27      
   65475     |      46.44       |      39.70      
   65476     |      48.67       |      41.65      
   65477     |      48.22       |      41.59      
   65478     |      52.96       |      45.80      
   65479     |      52.22       |      45.52      
   65480     |      49.91       |      43.54      
   65481     |      50.20       |      43.58      
   65482     |      47.26       |      41.05      
   65483     |      49.27       |      41.86      
   65484     |      55.50       |      47.60      
   65485     |      57.50       |      49.17      
   65486     |      62.26       |      53.73      
   65487     |      59.77       |      51.26      
   65488     |      54.85       |      46.77      
   65489     |      54.49       |      46.42      
   65490     |      52.13       |      44.23      
   65491     |      56.00       |      48.19      
   65492     |      55.96       |      48.17      
   65493     |      57.26       |      49.50      
   65494     |      53.12       |      45.66      
   65495     |      53.66       |      46.21      
   131098    |      19.64       |      28.50      
   131099    |      19.80       |      30.46      
   131100    |      21.53       |      32.25      
   131101    |      24.42       |      35.41      
   131102    |      33.81       |      44.77      
   131103    |      29.67       |      40.48      
   131104    |      47.31       |      58.10      
   131105    |      37.99       |      47.73      
   131106    |      40.70       |      50.62      
   131107    |      40.51       |      50.37      
   131108    |      33.94       |      43.14      
   131109    |      37.93       |      48.61      
   131110    |      31.63       |      42.08      
   131111    |      33.47       |      44.23      
   131112    |      27.36       |      37.97      
   131113    |      25.37       |      34.89      
   131114    |      34.68       |      45.01      
   131115    |      33.76       |      41.81      
   131116    |      45.06       |      54.65      
   131117    |      44.83       |      53.35      
   131118    |      40.00       |      47.65      
   131119    |      40.09       |      47.60      
   131120    |      33.37       |      39.64      
   131121    |      34.27       |      42.64      
   131122    |      29.70       |      36.83      
   131123    |      29.64       |      38.52      
   131124    |      33.66       |      43.10      
   131125    |      36.13       |      46.51      
   131126    |      28.45       |      38.36      
   131127    |      27.61       |      36.62      
   131128    |      20.86       |      27.50      
   131129    |      25.59       |      28.74      
   131130    |      30.06       |      37.46      
   131131    |      30.71       |      37.43      
   131132    |      38.17       |      46.92      
   131133    |      38.23       |      47.34      
   131134    |      32.13       |      40.15      
   131135    |      32.20       |      40.07      
   131136    |      29.00       |      36.16      
   131137    |      29.13       |      35.87      
   131138    |      28.34       |      34.66      
   131139    |      27.34       |      35.37      
   131140    |      23.23       |      29.23      
   131141    |      21.78       |      29.77      
   131142    |      18.28       |      22.84      
   131143    |      16.45       |      22.62      
   131144    |      18.04       |      25.60      
   131145    |      18.83       |      25.39      
   131146    |      25.22       |      34.28      
   131147    |      25.22       |      33.63      
   131148    |      31.98       |      41.47      
   131149    |      31.57       |      39.76      
   131150    |      45.18       |      54.92      
   131151    |      45.95       |      55.90      
   131153    |      47.05       |      57.34      
   131154    |      37.37       |      47.33      
   131155    |      26.80       |      36.89      
   131156    |      18.61       |      27.76      
   131157    |       3.12       |      11.52      
   131158    |       3.42       |      12.71      
   131159    |       5.64       |       5.19      
   131160    |      11.48       |       1.20      
   131161    |      10.96       |       1.23      
   131162    |      15.92       |       5.54      
   131163    |      19.23       |       9.06      
   131164    |       4.63       |       5.95      
   131165    |      25.47       |      18.44      
   131166    |      14.41       |      15.88      
   131167    |      27.49       |      24.08      
   131168    |      23.59       |      26.16      
   131169    |      25.31       |      26.93      
   131170    |      25.05       |      29.12      
   131171    |      32.42       |      32.94      
   131172    |      32.66       |      32.83      
   131173    |      34.91       |      34.39      
   131174    |      34.90       |      34.38      
   131175    |      33.31       |      33.27      
   131176    |      33.43       |      33.24      
   131178    |      30.61       |      30.80      
   131180    |      26.54       |      28.58      
   131182    |      24.20       |      29.74      
   131184    |      24.21       |      32.11      
   131222    |      36.87       |      27.23      
   131224    |      29.80       |      20.13      
   131226    |      29.45       |      19.78      
   131228    |      25.37       |      16.28      
   131231    |      18.36       |      12.37      
   131232    |      18.97       |      12.79      
   131233    |      19.31       |      12.63      
   131234    |      39.27       |      30.29      
   131235    |      40.22       |      31.29      
   131236    |      40.99       |      32.05      
   131237    |      50.98       |      42.36      
   131238    |      37.79       |      30.08      
   131239    |      37.10       |      29.70      
   131240    |      34.36       |      27.36      
   131241    |      35.82       |      28.07      
   131242    |      37.12       |      29.25      
   131243    |      38.54       |      30.26      
   131244    |      36.98       |      28.82      
   131245    |      42.23       |      33.18      
   131246    |      38.89       |      29.93      
   131247    |      38.70       |      29.77      
   131248    |      45.04       |      36.08      
   131249    |      41.73       |      33.35      
   131250    |      44.81       |      36.30      
   131251    |      42.88       |      34.90      
   131252    |      44.76       |      36.68      
   131253    |      43.19       |      35.66      
   131254    |      43.80       |      36.23      
   131255    |      41.09       |      35.05      
   131256    |      49.22       |      42.18      
   131257    |      47.11       |      41.36      
   131258    |      54.83       |      48.10      
   131259    |      55.47       |      48.49      
   131260    |      49.52       |      43.16      
   131261    |      53.70       |      45.98      
   131262    |      49.30       |      41.89      
   131263    |      51.73       |      43.89      
   131264    |      47.65       |      39.94      
   131265    |      46.42       |      39.21      
   131266    |      45.28       |      38.18      
   131267    |      44.16       |      37.91      
   131268    |      47.97       |      41.29      
   131269    |      46.35       |      41.70      
   131270    |      56.13       |      50.04      
   131271    |      55.91       |      49.97      
   131272    |      55.06       |      49.22      
   131273    |      58.41       |      50.98      
   131274    |      52.03       |      45.09      
   131275    |      56.88       |      48.67      
   131276    |      58.22       |      49.98      
   131277    |      58.97       |      50.62      
   131278    |      63.20       |      54.76      
   131279    |      60.97       |      52.72      
   131280    |      54.16       |      45.94      
   131281    |      50.45       |      43.35      
   131282    |      54.92       |      47.55      
   131283    |      53.52       |      46.85      
   131284    |      59.68       |      52.56      
   131285    |      61.91       |      54.09      
   131286    |      53.68       |      46.32      
   131354    |      17.40       |      26.19      
   131355    |      17.12       |      26.57      
   131356    |      16.70       |      26.05      
   131357    |      19.70       |      30.66      
   131358    |      33.03       |      44.00      
   131359    |      34.27       |      45.24      
   131361    |      46.24       |      57.12      
   131362    |      37.09       |      47.91      
   131363    |      35.44       |      46.13      
   131364    |      17.51       |      27.04      
   131365    |      23.38       |      34.31      
   131366    |      19.29       |      30.20      
   131367    |      26.65       |      37.20      
   131368    |      23.89       |      34.41      
   131369    |      34.44       |      45.32      
   131370    |      39.88       |      50.75      
   131371    |      33.66       |      44.13      
   131372    |      41.12       |      51.76      
   131373    |      39.47       |      49.84      
   131374    |      33.08       |      43.21      
   131375    |      31.34       |      40.35      
   131376    |      25.56       |      33.64      
   131377    |      25.63       |      33.09      
   131378    |      26.65       |      34.39      
   131379    |      26.68       |      34.30      
   131380    |      25.40       |      32.51      
   131381    |      27.81       |      38.20      
   131382    |      24.25       |      34.47      
   131383    |      25.25       |      35.69      
   131384    |      20.41       |      30.62      
   131385    |      20.17       |      26.93      
   131386    |      24.81       |      33.35      
   131387    |      24.87       |      33.15      
   131388    |      36.56       |      46.42      
   131389    |      35.52       |      44.65      
   131390    |      31.95       |      40.61      
   131391    |      31.92       |      39.95      
   131392    |      25.16       |      30.61      
   131393    |      23.56       |      31.54      
   131394    |      20.36       |      26.95      
   131395    |      19.82       |      27.30      
   131396    |      17.81       |      23.73      
   131397    |      17.01       |      23.91      
   131398    |      15.55       |      18.86      
   131399    |      13.46       |      18.57      
   131400    |      15.36       |      22.99      
   131401    |      15.11       |      23.26      
   131402    |      26.12       |      36.11      
   131403    |      24.88       |      33.98      
   131404    |      34.66       |      44.63      
   131405    |      33.14       |      42.45      
   131406    |      37.88       |      47.54      
   131407    |      40.70       |      50.94      
   131408    |      46.58       |      56.91      
   131409    |      31.87       |      42.36      
   131410    |      24.67       |      35.11      
   131411    |      14.17       |      24.52      
   131412    |       0.27       |      10.72      
   131413    |       6.75       |       5.69      
   131414    |       6.60       |       5.84      
   131415    |       5.94       |       6.14      
   131416    |       6.59       |       5.39      
   131417    |      11.38       |       2.24      
   131418    |       5.71       |       5.09      
   131419    |      18.12       |      11.20      
   131420    |       9.25       |      16.57      
   131421    |      15.19       |      16.54      
   131422    |      16.90       |      24.40      
   131423    |      24.22       |      25.56      
   131424    |      24.20       |      28.03      
   131425    |      26.45       |      28.89      
   131426    |      26.59       |      30.31      
   131427    |      26.23       |      30.18      
   131428    |      26.35       |      28.03      
   131429    |      30.41       |      30.44      
   131430    |      30.87       |      30.31      
   131431    |      31.63       |      30.84      
   131432    |      31.80       |      30.83      
   131433    |      30.02       |      29.61      
   131434    |      30.16       |      29.58      
   131435    |      28.28       |      28.35      
   131436    |      27.93       |      28.51      
   131437    |      24.64       |      26.71      
   131438    |      24.84       |      29.44      
   131439    |      23.64       |      29.24      
   131440    |      25.65       |      32.64      
   131441    |      25.37       |      33.05      
   131442    |      28.80       |      37.31      
   131443    |      28.64       |      36.75      
   131444    |      32.26       |      41.01      
   131445    |      31.94       |      40.32      
   131446    |      28.11       |      35.53      
   131447    |      28.10       |      35.54      
   131448    |      24.55       |      29.85      
   131449    |      25.72       |      30.09      
   131450    |      26.81       |      26.41      
   131451    |      26.10       |      25.98      
   131452    |      31.21       |      27.10      
   131453    |      23.06       |      20.73      
   131454    |      24.68       |      21.15      
   131455    |      22.04       |      19.18      
   131456    |      21.16       |      19.04      
   131457    |      16.27       |      16.26      
   131458    |      15.16       |      20.41      
   131459    |      11.75       |      15.06      
   131460    |      11.98       |      14.43      
   131461    |      11.11       |      11.22      
   131462    |      18.68       |      12.04      
   131463    |      18.68       |      12.04      
   131464    |      28.44       |      19.79      
   131465    |      31.20       |      22.64      
   131466    |      33.12       |      24.41      
   131467    |      31.43       |      22.67      
   131468    |      28.63       |      20.13      
   131469    |      24.67       |      16.04      
   131470    |      21.54       |      13.35      
   131471    |      20.38       |      12.96      
   131472    |      20.43       |      13.01      
   131473    |      24.69       |      15.44      
   131474    |      33.00       |      23.53      
   131475    |      27.54       |      17.86      
   131476    |      34.90       |      25.21      
   131477    |      37.22       |      27.59      
   131478    |      35.81       |      26.20      
   131479    |      37.07       |      27.51      
   131480    |      28.84       |      19.37      
   131481    |      30.34       |      20.95      
   131482    |      20.35       |      11.36      
   131483    |      31.93       |      23.48      
   131484    |      27.41       |      19.44      
   131485    |      25.25       |      18.55      
   131486    |      20.35       |      15.26      
   131487    |      21.97       |      15.01      
   131488    |      19.92       |      13.55      
   131489    |      24.07       |      15.21      
   131490    |      38.38       |      29.13      
   131491    |      37.84       |      28.65      
   131492    |      40.05       |      30.84      
   131493    |      37.50       |      28.63      
   131494    |      33.10       |      24.43      
   131495    |      30.20       |      22.52      
   131496    |      34.66       |      26.53      
   131497    |      37.68       |      28.85      
   131498    |      36.87       |      28.09      
   131499    |      43.14       |      33.78      
   131500    |      40.93       |      31.59      
   131501    |      36.03       |      27.11      
   131502    |      38.63       |      29.67      
   131503    |      34.83       |      26.51      
   131504    |      41.11       |      32.55      
   131505    |      42.09       |      33.38      
   131506    |      40.36       |      31.70      
   131507    |      41.05       |      32.28      
   131508    |      38.92       |      30.24      
   131509    |      34.49       |      27.24      
   131510    |      35.77       |      28.39      
   131511    |      34.70       |      27.92      
   131512    |      39.81       |      32.44      
   131513    |      41.44       |      33.52      
   131514    |      49.03       |      40.74      
   131515    |      48.92       |      40.65      
   131516    |      50.64       |      42.31      
   131517    |      50.23       |      41.97      
   131518    |      49.76       |      41.53      
   131519    |      48.05       |      40.12      
   131520    |      44.00       |      36.26      
   131521    |      43.23       |      35.73      
   131522    |      39.60       |      32.36      
   131523    |      37.55       |      31.72      
   131524    |      38.71       |      32.72      
   131525    |      39.38       |      32.81      
   131526    |      47.95       |      40.61      
   131527    |      49.88       |      41.97      
   131528    |      54.53       |      46.45      
   131529    |      53.52       |      45.65      
   131530    |      58.02       |      49.98      
   131531    |      53.91       |      46.85      
   131532    |      64.09       |      56.50      
   131533    |      63.48       |      56.01      
   131534    |      65.66       |      58.12      
   131536    |      49.28       |      41.93      
   131537    |      50.71       |      42.99      
   131538    |      48.83       |      41.19      
   131539    |      51.61       |      43.37      
   131540    |      58.65       |      50.25      
   131541    |      58.50       |      50.13      
   131542    |      53.72       |      45.47      
   131610    |      23.16       |      28.51      
   131611    |      20.59       |      28.63      
   131612    |      20.95       |      29.07      
   131613    |      20.89       |      29.20      
   131614    |      32.34       |      42.08      
   131615    |      35.74       |      46.44      
   131616    |      37.79       |      48.49      
   131617    |      49.09       |      59.98      
   131618    |      33.68       |      44.50      
   131619    |      34.14       |      44.94      
   131620    |      21.45       |      32.11      
   131621    |      13.08       |      23.81      
   131622    |      21.78       |      32.63      
   131623    |      20.61       |      31.35      
   131624    |      33.87       |      44.71      
   131625    |      34.96       |      45.83      
   131626    |      36.56       |      47.43      
   131627    |      39.56       |      50.41      
   131628    |      35.79       |      46.62      
   131629    |      37.02       |      47.82      
   131630    |      37.42       |      48.21      
   131631    |      29.58       |      40.24      
   131632    |      25.89       |      36.50      
   131633    |      21.73       |      30.59      
   131634    |      20.74       |      29.39      
   131635    |      20.82       |      29.72      
   131636    |      18.61       |      27.01      
   131637    |      18.61       |      27.10      
   131638    |      18.08       |      26.38      
   131639    |      21.74       |      32.39      
   131640    |      18.58       |      29.16      
   131641    |      18.55       |      29.12      
   131642    |      21.36       |      31.96      
   131643    |      18.63       |      28.52      
   131644    |      29.75       |      40.12      
   131645    |      31.40       |      41.95      
   131646    |      24.42       |      34.84      
   131647    |      23.20       |      33.38      
   131648    |      14.44       |      23.91      
   131649    |      14.60       |      21.73      
   131650    |      18.26       |      26.90      
   131651    |      18.82       |      25.66      
   131652    |      19.47       |      26.66      
   131653    |      20.81       |      26.31      
   131654    |      20.04       |      24.22      
   131655    |      21.64       |      24.71      
   131656    |      24.24       |      30.86      
   131657    |      24.79       |      30.80      
   131658    |      30.26       |      38.37      
   131659    |      30.82       |      40.07      
   131660    |      27.42       |      36.20      
   131661    |      31.68       |      42.00      
   131662    |      25.18       |      35.32      
   131663    |      30.29       |      40.80      
   131664    |      31.65       |      42.14      
   131665    |      26.88       |      37.35      
   131666    |      14.34       |      24.82      
   131667    |      14.00       |      24.46      
   131668    |       4.94       |       5.94      
   131669    |       5.62       |       5.58      
   131670    |       2.70       |       8.46      
   131671    |       5.80       |       7.14      
   131672    |       3.59       |      10.16      
   131673    |       8.35       |       9.00      
   131674    |       6.51       |      12.44      
   131675    |      11.68       |      12.25      
   131676    |      12.05       |      19.86      
   131677    |      12.91       |      19.11      
   131678    |      16.23       |      24.64      
   131679    |      16.34       |      23.96      
   131680    |      16.78       |      24.59      
   131681    |      19.49       |      23.76      
   131682    |      19.99       |      25.32      
   131683    |      21.34       |      25.49      
   131684    |      21.19       |      24.32      
   131685    |      23.66       |      25.33      
   131686    |      25.10       |      24.28      
   131687    |      25.81       |      24.75      
   131688    |      25.56       |      24.77      
   131689    |      27.48       |      26.07      
   131690    |      25.87       |      26.42      
   131691    |      29.24       |      28.57      
   131692    |      29.45       |      28.55      
   131693    |      25.56       |      26.05      
   131694    |      24.98       |      26.64      
   131695    |      19.55       |      24.77      
   131696    |      22.44       |      29.99      
   131697    |      19.96       |      27.26      
   131698    |      26.23       |      35.18      
   131699    |      20.92       |      29.81      
   131700    |      27.37       |      36.92      
   131701    |      17.26       |      26.94      
   131702    |      17.06       |      26.73      
   131703    |      12.79       |      22.54      
   131704    |       8.12       |      17.14      
   131705    |      12.61       |      21.65      
   131706    |       8.48       |      14.79      
   131707    |      18.10       |      16.69      
   131708    |      20.69       |      16.91      
   131709    |      27.69       |      22.64      
   131710    |      27.11       |      22.32      
   131711    |      22.91       |      18.87      
   131712    |      23.10       |      18.94      
   131713    |      18.03       |      15.24      
   131714    |      14.43       |      17.38      
   131715    |      13.32       |       8.73      
   131716    |       9.72       |       9.70      
   131717    |      14.31       |       4.99      
   131718    |      22.05       |      12.34      
   131719    |      15.97       |       6.17      
   131720    |      21.11       |      11.28      
   131721    |      26.67       |      16.90      
   131722    |      25.37       |      15.62      
   131723    |      31.57       |      22.12      
   131724    |      22.60       |      13.57      
   131725    |      28.19       |      19.45      
   131726    |      20.25       |      12.72      
   131727    |      22.65       |      13.83      
   131728    |      24.47       |      15.52      
   131729    |      25.22       |      16.33      
   131730    |      33.00       |      23.74      
   131731    |      33.52       |      24.29      
   131732    |      40.91       |      31.53      
   131733    |      35.20       |      25.63      
   131734    |      37.34       |      27.76      
   131735    |      35.79       |      26.18      
   131736    |      23.57       |      14.09      
   131737    |      29.38       |      20.23      
   131738    |      20.82       |      12.24      
   131739    |      17.58       |      11.42      
   131740    |      23.28       |      15.59      
   131741    |      21.17       |      15.31      
   131742    |      23.08       |      16.64      
   131743    |      22.86       |      16.64      
   131744    |      27.45       |      20.26      
   131745    |      30.35       |      21.91      
   131746    |      39.01       |      30.18      
   131747    |      39.21       |      30.35      
   131748    |      37.79       |      28.99      
   131749    |      36.95       |      28.31      
   131750    |      29.16       |      21.05      
   131751    |      28.59       |      20.72      
   131752    |      38.56       |      29.97      
   131753    |      37.55       |      29.19      
   131754    |      46.09       |      37.38      
   131755    |      45.76       |      37.11      
   131756    |      37.97       |      29.62      
   131757    |      39.44       |      30.81      
   131758    |      34.56       |      26.14      
   131759    |      37.14       |      28.27      
   131760    |      41.30       |      32.38      
   131761    |      39.52       |      30.84      
   131762    |      41.28       |      32.57      
   131763    |      38.66       |      30.45      
   131764    |      32.72       |      24.89      
   131765    |      32.35       |      24.68      
   131766    |      31.99       |      24.37      
   131767    |      36.85       |      28.01      
   131768    |      38.08       |      29.24      
   131769    |      38.02       |      29.18      
   131770    |      45.84       |      36.89      
   131771    |      39.75       |      31.68      
   131772    |      49.59       |      41.19      
   131773    |      46.89       |      38.98      
   131774    |      48.02       |      40.08      
   131775    |      47.70       |      39.83      
   131776    |      42.67       |      35.03      
   131777    |      42.01       |      34.58      
   131778    |      33.80       |      27.07      
   131779    |      36.34       |      28.53      
   131780    |      34.87       |      27.16      
   131781    |      40.18       |      31.38      
   131782    |      45.08       |      36.24      
   131783    |      43.62       |      34.93      
   131784    |      48.58       |      39.83      
   131785    |      44.37       |      36.22      
   131786    |      47.58       |      39.34      
   131787    |      47.41       |      39.20      
   131788    |      57.68       |      49.29      
   131789    |      57.73       |      49.33      
   131790    |      64.39       |      55.92      
   131791    |      62.05       |      53.83      
   131792    |      49.45       |      41.46      
   131793    |      55.33       |      46.63      
   131794    |      49.54       |      40.89      
   131795    |      52.63       |      43.77      
   131796    |      55.60       |      46.74      
   131797    |      48.78       |      40.59      
   131867    |      22.28       |      27.74      
   131868    |      24.63       |      31.28      
   131869    |      24.07       |      31.54      
   131870    |      32.40       |      41.33      
   131871    |      32.97       |      42.58      
   131872    |      34.68       |      44.39      
   131873    |      38.35       |      48.98      
   131874    |      33.14       |      43.67      
   131875    |      36.30       |      47.14      
   131876    |      27.56       |      38.33      
   131877    |      25.34       |      35.75      
   131878    |      30.02       |      40.55      
   131879    |      27.72       |      37.42      
   131880    |      33.58       |      43.66      
   131881    |      36.16       |      46.75      
   131882    |      34.31       |      44.85      
   131883    |      37.49       |      48.29      
   131884    |      31.23       |      41.98      
   131885    |      36.02       |      46.86      
   131886    |      34.95       |      45.78      
   131887    |      37.39       |      48.17      
   131888    |      25.29       |      36.03      
   131889    |      23.60       |      34.39      
   131890    |       9.56       |      20.28      
   131891    |      12.02       |      22.53      
   131892    |      12.01       |      22.51      
   131893    |       9.74       |      20.41      
   131894    |      11.02       |      21.70      
   131895    |       9.18       |      19.93      
   131896    |      14.69       |      25.42      
   131897    |      16.91       |      27.56      
   131898    |      19.83       |      30.47      
   131899    |      19.77       |      30.41      
   131900    |      19.08       |      29.70      
   131901    |      26.03       |      36.26      
   131902    |      20.61       |      30.63      
   131903    |      21.82       |      31.75      
   131904    |      21.75       |      31.66      
   131905    |       9.82       |      20.46      
   131906    |      21.35       |      31.99      
   131907    |      15.22       |      24.56      
   131908    |      14.52       |      23.71      
   131909    |      14.48       |      22.68      
   131910    |      12.66       |      19.71      
   131911    |      14.77       |      19.43      
   131912    |      21.74       |      30.72      
   131913    |      22.03       |      28.97      
   131914    |      27.99       |      36.65      
   131915    |      27.91       |      36.39      
   131916    |      23.93       |      31.36      
   131917    |      24.43       |      33.74      
   131918    |      19.30       |      27.68      
   131919    |      23.38       |      33.77      
   131920    |      28.18       |      38.62      
   131921    |      22.64       |      33.13      
   131922    |      14.35       |      24.80      
   131923    |      16.63       |      27.03      
   131924    |       4.89       |      14.05      
   131925    |      10.67       |      12.12      
   131926    |       9.81       |      14.02      
   131927    |      10.53       |      14.00      
   131928    |      10.35       |      15.83      
   131929    |      11.65       |      15.66      
   131930    |      13.34       |      20.98      
   131931    |      16.50       |      20.19      
   131932    |      17.94       |      24.51      
   131933    |      18.19       |      24.41      
   131934    |      17.91       |      23.81      
   131935    |      16.79       |      25.03      
   131936    |      15.88       |      23.74      
   131937    |      15.85       |      23.87      
   131938    |      14.56       |      21.87      
   131939    |      15.21       |      21.38      
   131940    |      14.56       |      19.27      
   131941    |      15.86       |      19.39      
   131942    |      16.97       |      17.20      
   131943    |      20.60       |      19.18      
   131944    |      19.37       |      19.54      
   131945    |      22.50       |      21.35      
   131946    |      22.40       |      21.35      
   131947    |      19.48       |      19.67      
   131948    |      22.57       |      19.54      
   131949    |      19.93       |      17.71      
   131950    |      17.47       |      18.35      
   131951    |      16.04       |      17.80      
   131952    |      18.13       |      25.82      
   131953    |      14.34       |      21.57      
   131954    |      20.00       |      29.09      
   131955    |      12.59       |      21.63      
   131956    |      17.40       |      27.05      
   131957    |       8.44       |      18.34      
   131958    |      11.79       |      21.80      
   131959    |       8.70       |      18.76      
   131960    |       9.26       |      19.32      
   131961    |      11.23       |      21.25      
   131962    |       2.85       |      11.78      
   131963    |       3.45       |      12.42      
   131964    |       8.23       |       4.32      
   131965    |      15.50       |       8.76      
   131966    |      16.47       |       9.27      
   131967    |      21.13       |      13.72      
   131968    |      19.37       |      12.57      
   131969    |      17.71       |      11.06      
   131970    |      16.52       |      10.47      
   131971    |      12.65       |       7.51      
   131972    |      17.85       |       9.97      
   131973    |      15.13       |       7.30      
   131974    |      25.26       |      15.93      
   131975    |      22.23       |      12.72      
   131976    |      23.56       |      14.01      
   131977    |      21.09       |      11.40      
   131978    |      19.89       |      10.24      
   131979    |      26.01       |      16.77      
   131980    |      15.97       |       8.08      
   131981    |      24.48       |      16.71      
   131982    |      22.78       |      15.37      
   131983    |      24.87       |      17.46      
   131984    |      32.54       |      24.09      
   131985    |      24.72       |      15.94      
   131986    |      35.03       |      25.76      
   131987    |      32.77       |      23.41      
   131988    |      34.21       |      24.83      
   131989    |      41.77       |      32.69      
   131990    |      33.84       |      25.11      
   131991    |      40.28       |      31.77      
   131992    |      27.84       |      20.73      
   131993    |      27.18       |      20.58      
   131994    |      21.18       |      16.64      
   131995    |      22.15       |      16.02      
   131996    |      21.30       |      15.47      
   131997    |      20.31       |      16.62      
   131998    |      24.68       |      19.12      
   131999    |      26.23       |      19.18      
   132000    |      31.95       |      24.12      
   132001    |      33.03       |      24.81      
   132002    |      40.12       |      31.53      
   132003    |      39.42       |      30.98      
   132004    |      37.88       |      29.52      
   132005    |      37.52       |      29.26      
   132006    |      29.50       |      21.97      
   132007    |      29.54       |      21.99      
   132008    |      37.81       |      29.52      
   132009    |      38.52       |      30.06      
   132010    |      45.61       |      36.91      
   132011    |      46.68       |      37.84      
   132012    |      39.46       |      30.82      
   132013    |      42.09       |      33.11      
   132014    |      37.15       |      28.27      
   132015    |      37.54       |      28.62      
   132016    |      38.68       |      29.75      
   132017    |      36.21       |      27.67      
   132018    |      37.45       |      28.88      
   132019    |      35.15       |      27.12      
   132020    |      32.08       |      24.29      
   132021    |      34.33       |      25.90      
   132022    |      37.86       |      29.31      
   132023    |      39.66       |      30.85      
   132024    |      38.30       |      29.54      
   132025    |      35.30       |      27.13      
   132026    |      38.87       |      30.55      
   132027    |      37.33       |      29.38      
   132028    |      45.29       |      37.01      
   132029    |      44.39       |      36.28      
   132030    |      46.42       |      38.26      
   132031    |      45.97       |      37.90      
   132032    |      40.41       |      32.58      
   132033    |      40.93       |      32.97      
   132034    |      36.67       |      28.93      
   132035    |      40.23       |      31.71      
   132036    |      41.42       |      32.89      
   132037    |      43.25       |      34.50      
   132038    |      43.40       |      34.66      
   132039    |      43.81       |      35.04      
   132040    |      41.71       |      32.98      
   132041    |      44.56       |      35.60      
   132042    |      43.64       |      34.69      
   132043    |      47.84       |      38.74      
   132044    |      52.66       |      43.59      
   132045    |      45.56       |      36.80      
   132046    |      58.19       |      49.38      
   132047    |      52.52       |      44.20      
   132048    |      57.31       |      48.94      
   132049    |      57.44       |      49.05      
   132050    |      55.61       |      47.26      
   132051    |      52.82       |      44.84      
   132052    |      50.14       |      42.25      
   132053    |      48.00       |      40.55      
   132123    |      18.77       |      22.51      
   132124    |      22.58       |      29.13      
   132125    |      22.22       |      29.30      
   132126    |      30.34       |      39.06      
   132127    |      30.69       |      39.92      
   132128    |      37.13       |      46.77      
   132129    |      36.58       |      45.94      
   132130    |      35.96       |      45.27      
   132131    |      37.10       |      46.95      
   132132    |      25.37       |      34.26      
   132133    |      28.86       |      39.40      
   132134    |      28.35       |      38.87      
   132135    |      29.24       |      39.88      
   132136    |      34.90       |      45.58      
   132137    |      32.13       |      42.45      
   132138    |      37.75       |      48.18      
   132139    |      36.47       |      46.66      
   132140    |      34.44       |      44.57      
   132141    |      34.88       |      45.09      
   132142    |      26.56       |      36.42      
   132143    |      35.31       |      46.14      
   132144    |      16.37       |      27.19      
   132145    |      25.22       |      35.65      
   132146    |      10.60       |      19.66      
   132147    |      11.62       |      20.60      
   132148    |       9.97       |      18.21      
   132149    |      15.63       |      23.73      
   132150    |      18.21       |      27.05      
   132151    |      12.81       |      21.96      
   132152    |      18.15       |      28.08      
   132153    |      14.67       |      24.86      
   132154    |      17.08       |      27.38      
   132155    |      20.15       |      30.21      
   132156    |      15.73       |      25.45      
   132157    |      20.31       |      29.68      
   132158    |      17.37       |      26.31      
   132159    |      23.01       |      31.64      
   132160    |      23.83       |      32.59      
   132161    |      23.46       |      32.22      
   132162    |      31.28       |      40.80      
   132163    |      20.70       |      30.83      
   132164    |      18.38       |      28.41      
   132165    |       8.93       |      19.53      
   132166    |       7.07       |      17.65      
   132167    |       5.32       |      14.71      
   132168    |      17.89       |      28.33      
   132169    |      16.31       |      26.47      
   132170    |      22.04       |      32.38      
   132171    |      20.55       |      30.60      
   132172    |      19.53       |      29.50      
   132173    |      17.97       |      26.62      
   132174    |      17.41       |      25.89      
   132175    |      17.47       |      26.25      
   132176    |      18.09       |      26.99      
   132177    |      23.29       |      33.72      
   132178    |      19.13       |      29.49      
   132179    |      17.66       |      27.83      
   132180    |      14.92       |      24.95      
   132181    |      14.65       |      20.39      
   132182    |      15.46       |      22.16      
   132183    |      19.12       |      22.08      
   132184    |      19.69       |      24.50      
   132185    |      21.08       |      24.65      
   132186    |      21.32       |      25.65      
   132187    |      19.62       |      25.74      
   132188    |      18.92       |      24.20      
   132189    |      17.91       |      24.47      
   132190    |      16.74       |      21.77      
   132191    |      15.66       |      22.01      
   132192    |      15.57       |      21.80      
   132193    |      14.75       |      22.90      
   132194    |      12.23       |      18.27      
   132195    |      11.20       |      19.48      
   132196    |       9.53       |      12.72      
   132197    |       6.76       |      13.40      
   132198    |       8.31       |       9.22      
   132199    |      10.35       |       9.52      
   132200    |      10.57       |       9.38      
   132201    |      10.64       |       9.41      
   132202    |      11.70       |       8.99      
   132203    |      13.33       |       9.84      
   132204    |      12.18       |      10.02      
   132205    |      18.34       |      13.89      
   132206    |      12.62       |      15.90      
   132207    |      16.02       |      16.83      
   132208    |      16.23       |      22.97      
   132209    |      13.38       |      19.44      
   132210    |      15.86       |      23.92      
   132211    |       9.06       |      16.18      
   132212    |      11.48       |      20.26      
   132213    |       6.72       |      15.25      
   132214    |      10.28       |      19.84      
   132215    |       7.23       |      16.88      
   132216    |      11.60       |      21.52      
   132217    |       7.40       |      17.44      
   132218    |       2.24       |      11.99      
   132219    |       3.24       |      12.92      
   132220    |       8.02       |       3.69      
   132221    |       6.45       |      11.20      
   132222    |       9.70       |       7.54      
   132223    |      18.54       |      12.94      
   132224    |      18.00       |      12.70      
   132225    |      21.24       |      15.44      
   132226    |      22.52       |      16.18      
   132227    |      17.13       |      11.48      
   132228    |      23.34       |      15.41      
   132229    |      17.84       |       9.93      
   132230    |      20.44       |      11.95      
   132231    |      26.88       |      18.61      
   132232    |      23.11       |      15.50      
   132233    |      26.44       |      18.84      
   132234    |      22.14       |      15.66      
   132235    |      24.06       |      17.49      
   132236    |      20.13       |      15.15      
   132237    |      20.17       |      15.10      
   132238    |      26.40       |      19.21      
   132239    |      23.28       |      16.15      
   132240    |      33.00       |      24.48      
   132241    |      32.38       |      23.85      
   132242    |      35.20       |      26.48      
   132243    |      36.52       |      27.86      
   132244    |      37.18       |      28.50      
   132245    |      35.80       |      27.07      
   132246    |      34.13       |      25.52      
   132247    |      30.31       |      23.08      
   132248    |      27.14       |      20.51      
   132249    |      26.15       |      20.53      
   132250    |      24.77       |      19.62      
   132251    |      24.19       |      20.36      
   132252    |      22.83       |      19.72      
   132253    |      23.01       |      19.01      
   132254    |      29.09       |      23.08      
   132255    |      33.70       |      25.40      
   132256    |      33.02       |      24.78      
   132257    |      39.13       |      29.88      
   132258    |      37.07       |      27.86      
   132259    |      36.19       |      27.08      
   132260    |      35.21       |      26.13      
   132261    |      30.20       |      22.21      
   132262    |      28.87       |      21.02      
   132263    |      27.33       |      20.24      
   132264    |      39.47       |      31.28      
   132265    |      40.65       |      32.20      
   132266    |      47.44       |      38.77      
   132267    |      48.93       |      40.07      
   132268    |      43.15       |      34.43      
   132269    |      42.60       |      33.97      
   132270    |      39.02       |      30.52      
   132271    |      38.79       |      30.34      
   132272    |      36.84       |      28.48      
   132273    |      36.94       |      28.56      
   132274    |      34.47       |      26.22      
   132275    |      33.84       |      25.77      
   132276    |      35.26       |      27.12      
   132277    |      36.57       |      28.13      
   132278    |      40.68       |      32.13      
   132279    |      38.83       |      30.62      
   132280    |      35.71       |      27.64      
   132281    |      36.22       |      28.03      
   132282    |      36.56       |      28.37      
   132283    |      37.03       |      28.74      
   132284    |      43.04       |      34.60      
   132285    |      43.63       |      35.10      
   132286    |      44.05       |      35.52      
   132287    |      41.83       |      33.67      
   132288    |      40.36       |      32.26      
   132289    |      39.72       |      31.76      
   132290    |      42.28       |      34.25      
   132291    |      44.77       |      36.30      
   132292    |      44.74       |      36.29      
   132293    |      47.29       |      38.55      
   132294    |      44.26       |      35.56      
   132295    |      45.23       |      36.45      
   132296    |      45.68       |      36.91      
   132297    |      48.40       |      39.45      
   132298    |      49.11       |      40.18      
   132299    |      44.55       |      35.98      
   132300    |      46.59       |      38.01      
   132301    |      41.26       |      33.52      
   132302    |      53.82       |      45.74      
   132303    |      49.67       |      42.32      
   132304    |      61.39       |      53.71      
   132305    |      61.53       |      53.83      
   132306    |      55.06       |      47.54      
   132307    |      57.50       |      49.58      
   132308    |      47.16       |      39.50      
   132380    |      23.88       |      34.52      
   132381    |      21.73       |      28.43      
   132382    |      34.41       |      43.41      
   132383    |      33.98       |      42.03      
   132384    |      36.31       |      44.67      
   132385    |      37.66       |      47.20      
   132386    |      32.87       |      42.06      
   132387    |      33.75       |      43.46      
   132388    |      25.79       |      34.84      
   132389    |      25.63       |      34.45      
   132390    |      22.95       |      31.36      
   132391    |      27.72       |      38.35      
   132392    |      37.64       |      48.34      
   132393    |      35.91       |      46.44      
   132394    |      42.62       |      53.21      
   132395    |      39.59       |      49.73      
   132396    |      37.80       |      47.88      
   132397    |      36.65       |      46.38      
   132398    |      24.52       |      33.16      
   132399    |      26.08       |      36.03      
   132400    |      12.11       |      19.40      
   132401    |      16.54       |      27.35      
   132402    |       8.04       |      18.83      
   132403    |       8.80       |      19.59      
   132404    |       7.48       |      18.25      
   132405    |       7.12       |      17.89      
   132406    |      10.28       |      21.04      
   132407    |      15.82       |      26.28      
   132408    |      16.93       |      27.40      
   132409    |      17.58       |      28.00      
   132410    |      15.76       |      26.11      
   132411    |      17.14       |      27.37      
   132412    |      13.64       |      23.65      
   132413    |      15.57       |      25.40      
   132414    |       9.26       |      17.75      
   132415    |      19.03       |      27.10      
   132416    |      19.32       |      27.46      
   132417    |      25.56       |      33.51      
   132418    |      32.32       |      41.26      
   132419    |      35.53       |      45.28      
   132420    |      32.35       |      41.93      
   132421    |      18.21       |      28.59      
   132422    |      15.54       |      25.85      
   132423    |       7.97       |      18.31      
   132424    |      16.38       |      26.89      
   132425    |      17.10       |      27.64      
   132426    |      19.14       |      29.67      
   132427    |      20.19       |      30.73      
   132428    |      16.02       |      26.55      
   132429    |      16.37       |      26.90      
   132430    |      14.41       |      24.91      
   132431    |      11.46       |      21.61      
   132432    |      13.58       |      23.81      
   132433    |      13.36       |      23.54      
   132434    |      23.31       |      33.71      
   132435    |      20.58       |      30.64      
   132436    |      27.50       |      37.74      
   132437    |      22.88       |      30.87      
   132438    |      21.43       |      28.93      
   132439    |      22.84       |      28.08      
   132440    |      21.80       |      25.29      
   132441    |      20.41       |      25.10      
   132442    |      19.92       |      22.25      
   132443    |      16.68       |      21.72      
   132444    |      16.93       |      22.42      
   132445    |      16.80       |      22.45      
   132446    |      16.69       |      22.18      
   132447    |      17.20       |      22.14      
   132448    |      16.97       |      19.78      
   132449    |      13.20       |      19.99      
   132450    |      13.17       |      14.08      
   132451    |       7.13       |      14.82      
   132452    |      12.92       |       7.50      
   132453    |       3.08       |       7.37      
   132454    |       8.07       |       2.60      
   132455    |       5.60       |       4.78      
   132456    |       6.21       |       4.14      
   132457    |       7.49       |       2.76      
   132458    |       4.49       |       5.71      
   132459    |       9.38       |       4.16      
   132460    |       2.97       |      11.12      
   132461    |      12.65       |      10.65      
   132462    |       9.63       |      13.33      
   132463    |      13.41       |      19.40      
   132464    |      13.43       |      19.47      
   132465    |      12.42       |      18.09      
   132466    |      12.55       |      18.56      
   132467    |      10.34       |      15.26      
   132468    |      10.83       |      17.70      
   132469    |       7.06       |      11.67      
   132470    |       9.07       |      17.90      
   132471    |       3.07       |      11.19      
   132472    |       7.83       |      17.71      
   132473    |       3.74       |      13.77      
   132474    |       2.68       |      12.69      
   132475    |       7.70       |      17.44      
   132476    |       3.56       |       9.54      
   132477    |      11.39       |      19.65      
   132478    |      11.49       |       9.94      
   132479    |      11.77       |      13.18      
   132480    |      18.62       |      12.60      
   132481    |      17.21       |      11.43      
   132482    |      22.93       |      15.03      
   132483    |      20.17       |      12.27      
   132484    |      24.22       |      15.58      
   132485    |      22.30       |      13.59      
   132486    |      18.79       |      10.72      
   132487    |      20.99       |      12.97      
   132488    |      16.86       |      10.14      
   132489    |      24.13       |      17.09      
   132490    |      17.78       |      13.50      
   132491    |      24.71       |      19.36      
   132492    |      25.95       |      20.12      
   132493    |      19.94       |      14.75      
   132494    |      30.59       |      22.58      
   132495    |      24.58       |      16.42      
   132496    |      29.48       |      20.80      
   132497    |      32.97       |      24.44      
   132498    |      36.41       |      27.66      
   132499    |      35.01       |      26.22      
   132500    |      36.48       |      27.62      
   132501    |      36.81       |      27.98      
   132502    |      28.12       |      19.91      
   132503    |      27.81       |      19.71      
   132504    |      22.51       |      15.28      
   132505    |      22.80       |      15.36      
   132506    |      18.15       |      12.05      
   132507    |      18.03       |      12.09      
   132508    |      17.94       |      12.06      
   132509    |      24.26       |      15.00      
   132510    |      31.24       |      21.89      
   132511    |      33.35       |      23.87      
   132512    |      38.48       |      29.00      
   132513    |      37.44       |      28.02      
   132514    |      35.42       |      26.02      
   132515    |      31.23       |      22.26      
   132516    |      28.29       |      19.44      
   132517    |      26.24       |      17.93      
   132518    |      24.97       |      16.80      
   132519    |      23.98       |      16.26      
   132520    |      39.77       |      31.04      
   132521    |      36.82       |      28.72      
   132522    |      49.92       |      41.29      
   132523    |      48.77       |      40.32      
   132524    |      44.06       |      35.82      
   132525    |      43.41       |      35.31      
   132526    |      40.65       |      32.71      
   132527    |      40.32       |      32.48      
   132528    |      39.14       |      31.38      
   132529    |      38.29       |      30.83      
   132530    |      36.48       |      29.19      
   132531    |      35.24       |      28.57      
   132532    |      40.93       |      33.69      
   132533    |      43.30       |      35.33      
   132534    |      40.38       |      32.58      
   132535    |      42.51       |      34.22      
   132536    |      36.75       |      28.70      
   132537    |      36.73       |      28.69      
   132538    |      37.83       |      29.77      
   132539    |      35.14       |      27.93      
   132540    |      46.47       |      38.60      
   132541    |      45.38       |      37.79      
   132542    |      44.52       |      36.98      
   132543    |      47.20       |      39.07      
   132544    |      40.08       |      32.20      
   132545    |      41.40       |      33.23      
   132546    |      45.75       |      37.48      
   132547    |      48.53       |      39.90      
   132548    |      47.99       |      39.37      
   132549    |      48.16       |      39.53      
   132550    |      46.22       |      37.62      
   132551    |      44.64       |      36.24      
   132552    |      51.15       |      42.66      
   132553    |      49.20       |      40.98      
   132554    |      46.59       |      38.43      
   132555    |      46.41       |      38.29      
   132556    |      40.51       |      32.57      
   132557    |      40.86       |      32.85      
   132558    |      46.17       |      38.04      
   132559    |      47.38       |      39.09      
   132560    |      57.83       |      49.42      
   132561    |      57.56       |      49.18      
   132562    |      55.40       |      47.05      
   132563    |      51.48       |      43.64      
   132636    |      28.93       |      39.70      
   132637    |      26.17       |      36.33      
   132638    |      31.30       |      41.62      
   132639    |      29.95       |      39.78      
   132640    |      31.89       |      41.80      
   132641    |      30.84       |      40.23      
   132642    |      29.34       |      38.60      
   132643    |      30.15       |      39.87      
   132644    |      28.97       |      38.62      
   132645    |      27.63       |      36.25      
   132646    |      27.03       |      35.55      
   132647    |      26.81       |      34.31      
   132648    |      38.89       |      47.86      
   132649    |      41.93       |      52.04      
   132650    |      44.49       |      54.65      
   132651    |      45.05       |      55.31      
   132652    |      36.68       |      46.71      
   132653    |      37.25       |      47.42      
   132654    |      23.07       |      32.42      
   132655    |      22.81       |      31.82      
   132656    |      14.13       |      19.79      
   132657    |      13.26       |      20.21      
   132658    |      12.02       |      17.49      
   132659    |      10.80       |      20.66      
   132660    |      10.95       |      20.82      
   132661    |      10.82       |      20.55      
   132662    |      11.00       |      20.74      
   132663    |      12.00       |      22.35      
   132664    |      12.35       |      22.70      
   132665    |      17.05       |      27.77      
   132666    |      10.87       |      21.56      
   132667    |      15.73       |      26.11      
   132668    |      13.16       |      23.40      
   132669    |      13.40       |      23.61      
   132670    |      12.91       |      23.08      
   132671    |       7.05       |      17.71      
   132672    |      15.35       |      25.99      
   132673    |      16.07       |      26.70      
   132674    |      26.98       |      37.60      
   132675    |      34.81       |      45.18      
   132676    |      31.07       |      41.38      
   132677    |      31.64       |      41.91      
   132678    |      23.88       |      33.95      
   132679    |      15.62       |      26.16      
   132680    |      19.04       |      29.57      
   132681    |      15.94       |      26.49      
   132682    |      13.66       |      24.19      
   132683    |      18.24       |      28.67      
   132684    |      14.89       |      25.28      
   132685    |      15.49       |      25.84      
   132686    |      24.02       |      34.41      
   132687    |      15.87       |      26.10      
   132688    |      16.64       |      26.88      
   132689    |      15.12       |      24.91      
   132690    |      19.56       |      29.63      
   132691    |      23.02       |      33.44      
   132692    |      26.18       |      36.60      
   132693    |      37.30       |      47.51      
   132694    |      18.89       |      28.21      
   132695    |      18.18       |      26.44      
   132696    |      14.86       |      14.25      
   132697    |       7.58       |      14.01      
   132698    |       7.53       |      12.36      
   132699    |       8.45       |      12.15      
   132700    |      10.94       |      19.56      
   132701    |      11.41       |      18.28      
   132702    |      11.63       |      18.72      
   132703    |      11.88       |      18.50      
   132704    |      12.27       |      12.97      
   132705    |       8.92       |      12.73      
   132706    |      13.45       |       9.34      
   132707    |       7.15       |       7.52      
   132708    |      16.85       |       8.01      
   132709    |      11.41       |       2.12      
   132710    |      10.68       |       1.84      
   132711    |       8.17       |       2.08      
   132712    |       3.76       |       6.51      
   132713    |       5.97       |       4.61      
   132714    |       2.15       |       8.39      
   132715    |       5.04       |       6.90      
   132716    |       7.64       |      17.66      
   132717    |       8.04       |      13.99      
   132718    |       8.55       |      15.97      
   132719    |      15.73       |      23.86      
   132720    |      13.01       |      18.52      
   132721    |      14.44       |      20.42      
   132722    |      14.07       |      18.15      
   132723    |      11.91       |      13.33      
   132724    |      11.14       |      14.65      
   132725    |      10.36       |       8.49      
   132726    |       6.94       |      12.95      
   132727    |       6.39       |       6.14      
   132728    |       4.71       |      14.21      
   132729    |       0.81       |      10.32      
   132730    |       7.02       |      17.05      
   132731    |       8.34       |      18.35      
   132732    |       7.33       |      17.32      
   132733    |      15.29       |      24.97      
   132734    |       6.71       |       8.65      
   132735    |       7.92       |      12.83      
   132736    |      18.59       |      10.58      
   132737    |      16.58       |       8.59      
   132738    |      21.60       |      12.60      
   132739    |      21.70       |      12.72      
   132740    |      20.93       |      12.05      
   132741    |      24.18       |      15.50      
   132742    |      18.51       |      10.95      
   132743    |      19.37       |      11.82      
   132744    |      17.67       |      10.69      
   132745    |      16.66       |       9.75      
   132746    |      15.37       |       9.08      
   132747    |      14.81       |       8.61      
   132748    |      20.87       |      12.67      
   132749    |      21.61       |      13.45      
   132750    |      28.40       |      19.50      
   132751    |      28.97       |      20.12      
   132752    |      29.79       |      20.89      
   132753    |      29.02       |      20.10      
   132754    |      31.88       |      22.82      
   132755    |      36.14       |      27.29      
   132756    |      36.50       |      27.64      
   132757    |      33.01       |      25.12      
   132758    |      29.36       |      21.96      
   132759    |      32.80       |      24.16      
   132760    |      22.64       |      15.10      
   132761    |      29.70       |      20.26      
   132762    |      14.98       |       6.10      
   132763    |      24.46       |      14.92      
   132764    |      23.94       |      14.43      
   132765    |      28.47       |      19.14      
   132766    |      33.16       |      23.73      
   132767    |      31.15       |      21.66      
   132768    |      37.12       |      27.59      
   132769    |      27.84       |      18.37      
   132770    |      30.20       |      20.74      
   132771    |      23.31       |      15.01      
   132772    |      25.90       |      17.40      
   132773    |      25.50       |      17.13      
   132774    |      23.23       |      15.09      
   132775    |      28.30       |      19.06      
   132776    |      33.53       |      24.26      
   132777    |      30.27       |      21.38      
   132778    |      46.12       |      37.00      
   132779    |      38.85       |      30.82      
   132780    |      42.98       |      34.75      
   132781    |      40.60       |      32.99      
   132782    |      41.14       |      33.51      
   132783    |      40.17       |      32.88      
   132784    |      39.33       |      32.14      
   132785    |      37.78       |      31.40      
   132786    |      36.93       |      30.68      
   132787    |      39.84       |      32.22      
   132788    |      43.82       |      35.97      
   132789    |      47.00       |      38.52      
   132790    |      42.33       |      33.99      
   132791    |      42.04       |      33.75      
   132792    |      36.67       |      28.61      
   132793    |      36.47       |      28.46      
   132794    |      33.25       |      25.43      
   132795    |      33.33       |      25.49      
   132796    |      42.86       |      34.64      
   132797    |      40.28       |      32.68      
   132798    |      48.18       |      40.25      
   132799    |      47.16       |      39.46      
   132800    |      44.10       |      36.55      
   132801    |      47.67       |      39.38      
   132802    |      50.16       |      41.83      
   132803    |      50.58       |      42.20      
   132804    |      49.65       |      41.29      
   132805    |      48.28       |      40.13      
   132806    |      46.19       |      38.11      
   132807    |      46.61       |      38.46      
   132808    |      49.38       |      41.18      
   132809    |      49.04       |      40.89      
   132810    |      46.67       |      38.59      
   132811    |      46.33       |      38.31      
   132812    |      41.44       |      33.57      
   132813    |      44.83       |      36.42      
   132814    |      46.81       |      38.39      
   132815    |      51.76       |      42.95      
   132816    |      55.28       |      46.48      
   132817    |      47.63       |      39.49      
   132818    |      50.06       |      41.89      
   132819    |      44.81       |      37.57      
   132893    |      28.68       |      39.48      
   132894    |      26.55       |      37.34      
   132895    |      27.86       |      38.76      
   132896    |      40.05       |      50.97      
   132897    |      32.42       |      42.22      
   132898    |      39.40       |      49.45      
   132899    |      35.97       |      43.90      
   132900    |      34.33       |      42.01      
   132901    |      34.78       |      43.21      
   132902    |      31.50       |      39.51      
   132903    |      31.36       |      38.97      
   132904    |      39.06       |      47.59      
   132905    |      39.48       |      48.33      
   132906    |      43.74       |      52.88      
   132907    |      46.00       |      55.91      
   132908    |      34.29       |      43.68      
   132909    |      36.24       |      46.34      
   132910    |      20.22       |      29.24      
   132911    |      21.01       |      30.86      
   132912    |      15.35       |      24.41      
   132913    |      16.95       |      22.04      
   132914    |      17.33       |      22.81      
   132915    |      18.31       |      22.70      
   132916    |      17.72       |      20.87      
   132917    |      14.08       |      22.93      
   132918    |      10.89       |      18.54      
   132919    |      10.95       |      20.69      
   132920    |       6.98       |      15.62      
   132921    |      10.70       |      21.43      
   132922    |       6.61       |      17.31      
   132923    |      11.01       |      21.34      
   132924    |      14.96       |      25.44      
   132925    |      12.91       |      23.51      
   132926    |      18.03       |      28.66      
   132927    |      13.67       |      24.21      
   132928    |      19.74       |      30.33      
   132929    |      17.33       |      27.64      
   132930    |      21.12       |      31.51      
   132931    |      27.08       |      37.70      
   132932    |      29.05       |      39.66      
   132933    |      31.35       |      41.92      
   132934    |      27.84       |      38.39      
   132935    |      24.47       |      35.05      
   132936    |      20.49       |      31.06      
   132937    |      19.71       |      30.26      
   132938    |      17.57       |      28.10      
   132939    |      15.00       |      25.25      
   132940    |      16.45       |      26.73      
   132941    |      16.64       |      26.95      
   132942    |      27.52       |      37.95      
   132943    |      26.24       |      36.57      
   132944    |      21.64       |      31.83      
   132945    |      19.35       |      28.88      
   132946    |      18.40       |      27.81      
   132947    |      19.87       |      29.85      
   132948    |      36.40       |      46.73      
   132949    |      26.75       |      37.20      
   132950    |      17.07       |      27.50      
   132951    |      15.09       |      25.43      
   132952    |       3.12       |      11.61      
   132953    |      11.08       |       9.89      
   132954    |       9.01       |      14.82      
   132955    |      10.42       |      14.47      
   132956    |      11.22       |      18.14      
   132957    |      10.78       |      19.44      
   132958    |       9.11       |      16.83      
   132959    |       9.02       |      17.02      
   132960    |       8.07       |      14.70      
   132961    |      13.75       |      14.50      
   132962    |      16.00       |      13.38      
   132963    |      16.37       |      13.61      
   132964    |      24.87       |      17.29      
   132965    |      18.00       |      10.65      
   132966    |      17.94       |      10.62      
   132967    |      11.21       |       4.84      
   132968    |       5.82       |       7.91      
   132969    |       4.92       |       8.17      
   132970    |       4.31       |      13.20      
   132971    |       6.79       |      11.45      
   132972    |      12.40       |      21.92      
   132973    |      11.87       |      20.45      
   132974    |      15.02       |      24.29      
   132975    |      14.85       |      23.21      
   132976    |      12.53       |      19.03      
   132977    |      14.21       |      21.04      
   132978    |      14.02       |      15.28      
   132979    |      13.57       |      13.45      
   132980    |      14.35       |      13.15      
   132981    |      15.00       |      10.42      
   132982    |      11.01       |      11.04      
   132983    |      11.60       |       8.13      
   132984    |       6.79       |      12.55      
   132985    |       6.10       |       7.55      
   132986    |       9.02       |      18.73      
   132987    |       4.04       |      13.97      
   132988    |      14.34       |      24.34      
   132989    |      11.66       |      21.62      
   132990    |       0.80       |       9.56      
   132991    |      10.61       |      19.97      
   132992    |      11.41       |       4.00      
   132993    |      18.91       |      11.21      
   132994    |      24.75       |      15.97      
   132995    |      21.61       |      12.64      
   132996    |      18.56       |      10.03      
   132997    |      21.47       |      13.12      
   132998    |      13.05       |       8.14      
   132999    |      20.50       |      14.37      
   133000    |      16.67       |      12.76      
   133001    |      21.41       |      16.57      
   133002    |      25.36       |      18.97      
   133003    |      16.25       |      10.67      
   133004    |      25.60       |      17.31      
   133005    |      20.51       |      11.99      
   133006    |      26.23       |      17.19      
   133007    |      28.36       |      19.44      
   133008    |      26.20       |      17.46      
   133009    |      30.58       |      22.07      
   133010    |      32.78       |      24.13      
   133011    |      29.18       |      22.06      
   133012    |      33.49       |      25.77      
   133013    |      36.79       |      28.07      
   133014    |      33.18       |      24.69      
   133015    |      36.08       |      27.01      
   133016    |      30.84       |      21.99      
   133017    |      32.90       |      23.71      
   133018    |      25.22       |      16.32      
   133019    |      31.28       |      21.71      
   133020    |      27.98       |      18.42      
   133021    |      23.71       |      14.59      
   133022    |      31.64       |      22.37      
   133023    |      28.70       |      19.87      
   133024    |      29.07       |      20.24      
   133025    |      29.31       |      20.43      
   133026    |      23.00       |      14.49      
   133027    |      22.78       |      14.35      
   133028    |      25.11       |      16.52      
   133029    |      23.65       |      15.59      
   133030    |      29.93       |      21.41      
   133031    |      29.44       |      21.05      
   133032    |      31.30       |      22.84      
   133033    |      32.40       |      23.71      
   133034    |      36.49       |      27.69      
   133035    |      35.43       |      26.80      
   133036    |      37.19       |      28.52      
   133037    |      36.01       |      27.56      
   133038    |      36.38       |      27.93      
   133039    |      32.85       |      25.43      
   133040    |      33.83       |      26.32      
   133041    |      33.23       |      26.02      
   133042    |      39.53       |      31.81      
   133043    |      43.51       |      34.91      
   133044    |      46.38       |      37.74      
   133045    |      45.42       |      36.92      
   133046    |      41.69       |      33.30      
   133047    |      39.82       |      31.82      
   133048    |      37.06       |      29.22      
   133049    |      37.80       |      29.77      
   133050    |      33.50       |      25.71      
   133051    |      35.85       |      27.47      
   133052    |      37.52       |      29.11      
   133053    |      34.90       |      27.10      
   133054    |      45.16       |      36.98      
   133055    |      43.46       |      35.64      
   133056    |      49.15       |      41.15      
   133057    |      51.85       |      43.42      
   133058    |      50.58       |      42.18      
   133059    |      48.72       |      40.61      
   133060    |      48.59       |      40.50      
   133061    |      49.60       |      41.34      
   133062    |      46.55       |      38.38      
   133063    |      47.78       |      39.42      
   133064    |      48.06       |      39.72      
   133065    |      44.79       |      37.02      
   133066    |      47.21       |      39.37      
   133067    |      44.72       |      37.47      
   133068    |      49.53       |      42.09      
   133069    |      53.96       |      45.75      
   133070    |      55.02       |      46.80      
   133071    |      50.98       |      43.39      
   133072    |      50.15       |      42.60      
   133073    |      48.92       |      41.61      
   133074    |      45.23       |      38.09      
   133150    |      33.68       |      44.69      
   133151    |      27.35       |      37.98      
   133152    |      42.99       |      53.68      
   133153    |      42.24       |      52.87      
   133154    |      47.65       |      58.30      
   133155    |      41.73       |      51.36      
   133156    |      35.99       |      45.34      
   133157    |      33.93       |      41.67      
   133158    |      27.67       |      34.15      
   133159    |      28.03       |      36.77      
   133160    |      35.49       |      44.85      
   133161    |      35.27       |      44.51      
   133162    |      31.45       |      40.39      
   133163    |      36.22       |      46.70      
   133164    |      18.64       |      28.62      
   133165    |      26.37       |      37.24      
   133166    |      24.34       |      35.20      
   133167    |      16.82       |      26.87      
   133168    |      27.18       |      37.44      
   133169    |      23.41       |      30.66      
   133170    |      22.18       |      29.02      
   133171    |      23.87       |      28.39      
   133172    |      21.82       |      21.84      
   133173    |      17.12       |      20.31      
   133174    |      17.11       |      20.24      
   133175    |      13.96       |      20.71      
   133176    |      12.04       |      16.02      
   133177    |       9.50       |      17.14      
   133178    |      10.60       |      18.84      
   133179    |      10.61       |      19.86      
   133180    |      14.47       |      24.23      
   133181    |      16.44       |      26.88      
   133182    |      14.10       |      24.49      
   133183    |      18.24       |      28.90      
   133184    |      15.00       |      25.65      
   133185    |      18.70       |      29.23      
   133186    |      19.63       |      30.16      
   133187    |      19.00       |      29.55      
   133188    |      33.40       |      43.99      
   133189    |      29.49       |      40.08      
   133190    |      32.58       |      43.16      
   133191    |      29.56       |      40.04      
   133192    |      17.82       |      28.20      
   133193    |      20.64       |      31.20      
   133194    |      20.90       |      31.44      
   133195    |      18.42       |      28.82      
   133196    |      26.88       |      37.32      
   133197    |      21.25       |      30.36      
   133198    |      28.91       |      38.59      
   133199    |      30.43       |      40.44      
   133200    |      25.42       |      35.27      
   133201    |      24.14       |      33.68      
   133202    |      17.67       |      26.48      
   133203    |      18.43       |      27.83      
   133204    |      18.31       |      27.68      
   133205    |      26.81       |      37.25      
   133206    |      15.95       |      26.37      
   133207    |      16.97       |      27.39      
   133208    |      11.14       |      21.55      
   133209    |       8.27       |      14.20      
   133210    |      12.50       |      21.51      
   133211    |      14.52       |      18.90      
   133212    |      14.67       |      16.19      
   133213    |       9.50       |      17.00      
   133214    |       8.50       |      13.11      
   133215    |       6.28       |      15.28      
   133216    |       9.67       |      19.36      
   133217    |      10.07       |      16.06      
   133218    |      10.43       |      12.33      
   133219    |      17.07       |      14.75      
   133220    |      25.90       |      18.42      
   133221    |      25.10       |      17.65      
   133222    |      25.49       |      17.94      
   133223    |      17.97       |      10.66      
   133224    |      12.35       |       9.30      
   133225    |       6.17       |       8.25      
   133226    |       6.16       |      15.08      
   133227    |       6.39       |      14.29      
   133228    |      14.67       |      24.51      
   133229    |      13.45       |      22.66      
   133230    |      17.88       |      27.52      
   133231    |      16.58       |      25.47      
   133232    |      12.14       |      19.77      
   133233    |       9.88       |      17.20      
   133234    |      10.75       |      10.55      
   133235    |      10.78       |      10.99      
   133236    |      14.76       |      10.05      
   133237    |      15.80       |       9.14      
   133238    |      11.77       |       8.36      
   133239    |      13.43       |       6.40      
   133240    |       6.87       |       8.22      
   133241    |      11.11       |       2.12      
   133242    |       3.93       |      13.93      
   133243    |       4.78       |       7.27      
   133244    |      12.55       |      22.03      
   133245    |       9.74       |      16.29      
   133246    |      13.68       |      21.82      
   133247    |      12.81       |      19.20      
   133248    |      14.10       |       7.33      
   133249    |       8.56       |       4.94      
   133250    |      24.19       |      14.31      
   133251    |      15.43       |       6.26      
   133252    |      18.01       |       8.64      
   133253    |      17.80       |       8.51      
   133254    |      11.24       |       3.53      
   133255    |      10.92       |       3.70      
   133256    |      12.35       |       4.30      
   133257    |       9.45       |      10.96      
   133258    |      22.76       |      14.89      
   133259    |      25.60       |      16.62      
   133260    |      24.71       |      15.80      
   133261    |      28.25       |      18.73      
   133262    |      25.73       |      16.27      
   133263    |      21.04       |      12.81      
   133264    |      26.25       |      17.53      
   133265    |      23.68       |      16.12      
   133266    |      27.21       |      19.15      
   133267    |      29.72       |      20.84      
   133268    |      35.82       |      26.71      
   133269    |      37.41       |      28.11      
   133270    |      35.65       |      26.40      
   133271    |      36.23       |      26.93      
   133272    |      32.82       |      23.59      
   133273    |      32.86       |      23.63      
   133274    |      32.02       |      22.82      
   133275    |      28.94       |      20.31      
   133276    |      24.87       |      16.57      
   133277    |      24.58       |      16.39      
   133278    |      29.22       |      20.67      
   133279    |      27.74       |      19.64      
   133280    |      30.67       |      22.36      
   133281    |      28.13       |      20.87      
   133282    |      25.84       |      18.98      
   133283    |      26.60       |      19.25      
   133284    |      25.46       |      18.30      
   133285    |      26.63       |      18.84      
   133286    |      30.13       |      22.04      
   133287    |      29.38       |      21.55      
   133288    |      33.91       |      25.76      
   133289    |      39.23       |      30.18      
   133290    |      34.52       |      25.55      
   133291    |      35.33       |      26.28      
   133292    |      34.49       |      25.47      
   133293    |      31.69       |      23.06      
   133294    |      30.07       |      21.51      
   133295    |      28.19       |      20.08      
   133296    |      30.41       |      22.20      
   133297    |      32.21       |      23.59      
   133298    |      42.72       |      33.90      
   133299    |      39.92       |      31.53      
   133300    |      45.37       |      36.85      
   133301    |      41.34       |      33.67      
   133302    |      41.11       |      33.46      
   133303    |      42.82       |      34.74      
   133304    |      38.43       |      30.57      
   133305    |      38.49       |      30.61      
   133306    |      37.68       |      29.86      
   133307    |      38.54       |      30.50      
   133308    |      34.81       |      26.97      
   133309    |      38.11       |      29.58      
   133310    |      40.96       |      32.39      
   133311    |      40.55       |      32.04      
   133312    |      50.55       |      41.89      
   133313    |      48.20       |      39.82      
   133314    |      47.56       |      39.21      
   133315    |      48.08       |      39.66      
   133316    |      48.78       |      40.36      
   133317    |      48.49       |      40.12      
   133318    |      47.82       |      39.47      
   133319    |      44.72       |      36.90      
   133320    |      44.71       |      36.90      
   133321    |      40.14       |      33.83      
   133322    |      46.92       |      40.11      
   133323    |      51.24       |      43.37      
   133324    |      55.48       |      47.53      
   133325    |      56.44       |      48.35      
   133326    |      49.19       |      41.26      
   133327    |      47.72       |      40.07      
   133328    |      47.78       |      40.14      
   133329    |      50.13       |      42.10      
   133406    |      41.51       |      52.35      
   133407    |      37.75       |      48.20      
   133408    |      46.55       |      57.07      
   133409    |      45.18       |      55.53      
   133410    |      39.72       |      49.97      
   133411    |      45.98       |      56.83      
   133412    |      32.07       |      42.89      
   133413    |      29.76       |      40.39      
   133414    |      24.62       |      35.18      
   133415    |      20.59       |      28.66      
   133416    |      32.55       |      41.96      
   133417    |      33.43       |      43.20      
   133418    |      22.44       |      31.39      
   133419    |      25.25       |      35.58      
   133420    |      14.96       |      24.86      
   133421    |      16.74       |      27.28      
   133422    |      28.68       |      39.29      
   133423    |      27.13       |      37.54      
   133424    |      26.94       |      37.33      
   133425    |      26.69       |      37.03      
   133426    |      13.66       |      23.59      
   133427    |      12.96       |      22.13      
   133428    |       7.42       |      10.38      
   133429    |      11.78       |      10.54      
   133430    |      10.71       |      13.69      
   133431    |       9.67       |      13.81      
   133432    |      16.38       |      25.24      
   133433    |      20.18       |      23.22      
   133434    |      24.18       |      30.58      
   133435    |      25.29       |      30.32      
   133436    |      23.65       |      27.17      
   133437    |      20.48       |      28.57      
   133438    |      15.05       |      20.76      
   133439    |      15.36       |      25.38      
   133440    |      12.45       |      22.27      
   133441    |      15.68       |      26.24      
   133442    |      19.97       |      30.53      
   133443    |      20.53       |      31.11      
   133444    |      29.15       |      39.72      
   133445    |      33.50       |      44.09      
   133446    |      33.84       |      44.42      
   133447    |      32.22       |      42.81      
   133448    |      28.99       |      39.56      
   133449    |      20.66       |      30.38      
   133450    |      26.34       |      36.29      
   133451    |      25.39       |      35.09      
   133452    |      37.10       |      47.17      
   133453    |      33.56       |      42.81      
   133454    |      32.57       |      41.75      
   133455    |      32.22       |      41.24      
   133456    |      21.23       |      28.54      
   133457    |      24.92       |      34.87      
   133458    |      11.99       |      20.72      
   133459    |      13.78       |      23.81      
   133460    |      17.26       |      27.40      
   133461    |      16.34       |      26.28      
   133462    |      17.11       |      27.07      
   133463    |      17.49       |      27.53      
   133464    |       9.50       |      18.80      
   133465    |      11.71       |      21.97      
   133466    |      10.68       |      20.91      
   133467    |       9.84       |      19.86      
   133468    |       5.48       |      14.87      
   133469    |      10.30       |      12.02      
   133470    |      10.56       |      11.58      
   133471    |       6.86       |      11.96      
   133472    |       9.24       |       8.02      
   133473    |       8.48       |      18.13      
   133474    |       7.95       |       5.51      
   133475    |       7.51       |       7.78      
   133476    |      16.92       |       7.90      
   133477    |      23.02       |      12.77      
   133478    |      14.70       |       4.46      
   133479    |      23.09       |      13.59      
   133480    |       7.02       |       8.76      
   133481    |      12.82       |       9.99      
   133482    |      10.93       |      18.63      
   133483    |      11.21       |      18.23      
   133484    |      15.16       |      23.93      
   133485    |      16.03       |      25.51      
   133486    |      15.93       |      25.39      
   133487    |      17.13       |      26.94      
   133488    |       7.59       |      15.88      
   133489    |       7.05       |      15.29      
   133490    |       7.93       |       8.12      
   133491    |       9.28       |       4.56      
   133492    |      14.04       |       5.54      
   133493    |      14.52       |       5.64      
   133494    |      12.64       |       4.45      
   133495    |      13.21       |       4.45      
   133496    |      11.46       |       3.54      
   133497    |      12.83       |       3.58      
   133498    |       3.71       |       6.85      
   133499    |      11.46       |       2.73      
   133500    |       5.70       |      14.42      
   133501    |       9.67       |       9.93      
   133502    |      11.47       |      18.41      
   133503    |      12.51       |      16.27      
   133504    |      13.56       |      11.11      
   133505    |      10.14       |      10.64      
   133506    |      17.39       |       9.19      
   133507    |       9.52       |       3.28      
   133508    |      17.86       |       8.07      
   133509    |       9.05       |       3.98      
   133510    |      10.99       |       3.96      
   133511    |      12.85       |       3.75      
   133512    |       4.44       |       5.89      
   133513    |      12.67       |       4.06      
   133514    |      24.93       |      15.15      
   133515    |      18.55       |       8.85      
   133516    |      28.03       |      18.32      
   133517    |      20.97       |      12.60      
   133518    |      20.93       |      12.58      
   133519    |      20.15       |      12.23      
   133520    |      22.60       |      14.32      
   133521    |      21.68       |      13.90      
   133522    |      30.13       |      21.45      
   133523    |      32.14       |      23.04      
   133524    |      37.62       |      28.39      
   133525    |      34.41       |      25.71      
   133526    |      37.51       |      28.69      
   133527    |      38.30       |      29.35      
   133528    |      33.91       |      25.14      
   133529    |      34.98       |      26.02      
   133530    |      28.88       |      20.20      
   133531    |      25.40       |      18.13      
   133532    |      26.10       |      18.74      
   133533    |      27.93       |      19.72      
   133534    |      27.65       |      19.49      
   133535    |      26.51       |      18.83      
   133536    |      27.08       |      19.35      
   133537    |      24.57       |      18.62      
   133538    |      28.20       |      21.46      
   133539    |      27.02       |      21.34      
   133540    |      30.34       |      23.96      
   133541    |      32.11       |      24.69      
   133542    |      30.88       |      23.61      
   133543    |      36.77       |      27.90      
   133544    |      39.70       |      30.79      
   133545    |      39.66       |      30.76      
   133546    |      36.04       |      27.22      
   133547    |      33.54       |      25.18      
   133548    |      32.56       |      24.26      
   133549    |      30.87       |      23.06      
   133550    |      29.27       |      21.61      
   133551    |      30.86       |      22.69      
   133552    |      33.17       |      24.90      
   133553    |      34.73       |      26.15      
   133554    |      39.04       |      30.38      
   133555    |      36.23       |      28.11      
   133556    |      39.40       |      31.16      
   133557    |      41.03       |      32.50      
   133558    |      41.21       |      32.68      
   133559    |      44.42       |      35.53      
   133560    |      35.59       |      26.81      
   133561    |      34.95       |      26.26      
   133562    |      36.39       |      27.69      
   133563    |      37.26       |      28.46      
   133564    |      37.32       |      28.53      
   133565    |      37.56       |      28.75      
   133566    |      39.47       |      30.66      
   133567    |      36.19       |      27.84      
   133568    |      47.33       |      38.76      
   133569    |      46.69       |      38.20      
   133570    |      47.76       |      39.26      
   133571    |      50.27       |      41.53      
   133572    |      46.87       |      38.17      
   133573    |      43.25       |      35.00      
   133574    |      42.91       |      34.68      
   133575    |      39.41       |      31.96      
   133576    |      36.28       |      29.03      
   133577    |      40.07       |      31.87      
   133578    |      48.86       |      40.51      
   133579    |      49.65       |      41.22      
   133580    |      54.44       |      45.97      
   133581    |      50.59       |      42.62      
   133582    |      46.78       |      38.90      
   133583    |      52.27       |      43.71      
   133584    |      48.13       |      39.60      
   133663    |      43.07       |      53.69      
   133664    |      40.83       |      51.42      
   133665    |      44.27       |      55.12      
   133666    |      36.73       |      47.57      
   133667    |      36.48       |      47.29      
   133668    |      32.75       |      43.55      
   133669    |      32.38       |      43.15      
   133670    |      30.71       |      41.46      
   133671    |      26.52       |      36.61      
   133672    |      25.60       |      35.65      
   133673    |      27.63       |      38.12      
   133674    |      20.83       |      31.19      
   133675    |      19.35       |      29.16      
   133676    |      19.80       |      29.63      
   133677    |      18.65       |      27.37      
   133678    |      29.15       |      38.78      
   133679    |      30.94       |      41.09      
   133680    |      18.48       |      28.11      
   133681    |      24.65       |      35.44      
   133682    |       6.24       |      17.07      
   133683    |      10.77       |      21.31      
   133684    |       5.57       |      14.90      
   133685    |       3.83       |       7.30      
   133686    |       1.94       |      11.32      
   133687    |       5.12       |       9.17      
   133688    |      17.55       |      27.71      
   133689    |      15.92       |      24.90      
   133690    |      20.47       |      29.94      
   133691    |      19.79       |      27.05      
   133692    |      15.98       |      21.01      
   133693    |      16.52       |      20.93      
   133694    |      15.93       |      19.09      
   133695    |      13.43       |      19.51      
   133696    |      17.11       |      24.99      
   133697    |      17.15       |      25.51      
   133698    |      25.36       |      34.75      
   133699    |      25.35       |      34.74      
   133700    |      31.69       |      41.41      
   133701    |      32.90       |      42.90      
   133702    |      33.81       |      43.82      
   133703    |      36.63       |      46.97      
   133704    |      34.81       |      45.13      
   133705    |      32.83       |      42.90      
   133706    |      35.24       |      45.34      
   133707    |      31.07       |      40.05      
   133708    |      39.68       |      49.15      
   133709    |      40.06       |      49.63      
   133710    |      31.81       |      40.91      
   133711    |      32.16       |      41.41      
   133712    |      18.25       |      25.13      
   133713    |      18.18       |      26.26      
   133714    |      13.31       |      18.56      
   133715    |      12.16       |      20.81      
   133716    |      16.54       |      25.93      
   133717    |      17.95       |      27.88      
   133718    |      16.23       |      26.06      
   133719    |      16.90       |      26.91      
   133720    |      12.80       |      22.54      
   133721    |      11.79       |      20.17      
   133722    |      10.16       |      17.64      
   133723    |      11.34       |      21.31      
   133724    |       6.63       |      15.98      
   133725    |       6.54       |      15.37      
   133726    |       6.83       |       7.72      
   133727    |       6.80       |       7.73      
   133728    |      17.02       |       7.81      
   133729    |       7.47       |       3.98      
   133730    |      13.42       |       3.72      
   133731    |      10.12       |       7.94      
   133732    |      13.43       |       7.25      
   133733    |      16.23       |       6.59      
   133734    |       6.05       |       6.85      
   133735    |      14.89       |       5.84      
   133736    |       5.79       |      15.28      
   133737    |      10.72       |      12.38      
   133738    |      11.55       |      19.06      
   133739    |      11.56       |      19.04      
   133740    |      12.39       |      20.33      
   133741    |      13.09       |      22.46      
   133742    |      12.07       |      21.28      
   133743    |      14.11       |      24.05      
   133744    |       5.70       |      14.63      
   133745    |       9.03       |      17.94      
   133746    |       9.65       |       7.31      
   133747    |      11.07       |       7.74      
   133748    |      15.92       |       8.64      
   133749    |      14.85       |       9.22      
   133750    |      15.60       |       9.49      
   133751    |      15.69       |       9.43      
   133752    |      15.37       |       9.31      
   133753    |      15.99       |       9.06      
   133754    |      13.61       |       8.09      
   133755    |      14.86       |       7.54      
   133756    |       6.80       |       8.18      
   133757    |       9.78       |       2.78      
   133758    |       1.70       |      11.41      
   133759    |       3.98       |       6.48      
   133760    |       4.10       |       6.32      
   133761    |       2.20       |       7.86      
   133762    |       8.71       |       1.34      
   133763    |       4.80       |       7.19      
   133764    |       9.22       |       4.42      
   133765    |       8.17       |       6.24      
   133766    |      13.74       |       6.54      
   133767    |      14.38       |       6.49      
   133768    |      12.65       |       5.54      
   133769    |      14.29       |       5.56      
   133770    |      18.80       |       9.57      
   133771    |      15.17       |       8.23      
   133772    |      20.98       |      12.60      
   133773    |      20.56       |      12.39      
   133774    |      20.01       |      11.96      
   133775    |      19.54       |      11.79      
   133776    |      21.32       |      13.25      
   133777    |      18.75       |      13.10      
   133778    |      33.65       |      25.23      
   133779    |      31.53       |      23.88      
   133780    |      36.00       |      27.92      
   133781    |      36.86       |      28.52      
   133782    |      39.61       |      31.13      
   133783    |      39.17       |      30.80      
   133784    |      36.91       |      28.69      
   133785    |      36.79       |      28.61      
   133786    |      26.25       |      19.37      
   133787    |      27.30       |      19.77      
   133788    |      28.95       |      21.22      
   133789    |      28.70       |      21.08      
   133790    |      27.16       |      19.77      
   133791    |      25.47       |      19.31      
   133792    |      24.66       |      18.72      
   133793    |      24.90       |      18.71      
   133794    |      25.38       |      19.10      
   133795    |      28.05       |      20.14      
   133796    |      30.39       |      22.30      
   133797    |      33.78       |      24.92      
   133798    |      36.68       |      27.77      
   133799    |      35.31       |      26.61      
   133800    |      39.99       |      31.18      
   133801    |      35.47       |      27.60      
   133802    |      35.05       |      27.23      
   133803    |      35.41       |      27.48      
   133804    |      31.42       |      23.80      
   133805    |      34.09       |      25.71      
   133806    |      30.78       |      22.57      
   133807    |      31.34       |      22.99      
   133808    |      35.06       |      26.59      
   133809    |      34.19       |      25.91      
   133810    |      35.66       |      27.33      
   133811    |      38.55       |      29.76      
   133812    |      40.15       |      31.35      
   133813    |      38.89       |      30.26      
   133814    |      45.14       |      36.42      
   133815    |      44.38       |      35.76      
   133816    |      35.83       |      27.42      
   133817    |      40.37       |      31.39      
   133818    |      36.83       |      27.89      
   133819    |      36.93       |      27.99      
   133820    |      37.17       |      28.24      
   133821    |      36.66       |      27.79      
   133822    |      34.63       |      25.79      
   133823    |      36.57       |      27.57      
   133824    |      44.27       |      35.27      
   133825    |      43.83       |      34.86      
   133826    |      49.05       |      40.08      
   133827    |      44.43       |      35.83      
   133828    |      41.95       |      33.39      
   133829    |      38.77       |      30.74      
   133830    |      37.45       |      29.48      
   133831    |      39.42       |      31.08      
   133832    |      39.63       |      31.31      
   133833    |      43.49       |      34.73      
   133834    |      48.00       |      39.25      
   133835    |      44.59       |      36.15      
   133836    |      48.37       |      39.92      
   133837    |      50.03       |      41.42      
   133838    |      52.09       |      43.49      
   133839    |      54.33       |      45.58      
   133920    |      27.44       |      37.46      
   133921    |      37.70       |      48.70      
   133922    |      32.59       |      43.58      
   133923    |      35.01       |      45.98      
   133924    |      31.80       |      42.75      
   133925    |      31.10       |      42.05      
   133926    |      30.05       |      40.98      
   133927    |      29.12       |      40.06      
   133928    |      24.14       |      35.05      
   133929    |      21.73       |      32.66      
   133930    |      31.60       |      42.50      
   133931    |      22.76       |      32.58      
   133932    |      31.68       |      41.80      
   133933    |      27.89       |      35.68      
   133934    |      25.26       |      32.50      
   133935    |      27.95       |      37.84      
   133936    |      14.42       |      23.14      
   133937    |      16.27       |      26.53      
   133938    |       4.31       |      12.48      
   133939    |       6.25       |      17.07      
   133940    |       5.05       |      15.85      
   133941    |       4.11       |      14.88      
   133942    |       9.15       |      19.88      
   133943    |       7.83       |      14.10      
   133944    |      18.11       |      27.73      
   133945    |      18.56       |      28.43      
   133946    |      18.36       |      28.21      
   133947    |      18.62       |      28.57      
   133948    |      11.40       |      20.72      
   133949    |      12.16       |      18.08      
   133950    |      14.33       |      21.73      
   133951    |      17.71       |      20.65      
   133952    |      24.08       |      31.43      
   133953    |      24.41       |      30.68      
   133954    |      28.83       |      36.32      
   133955    |      29.35       |      37.90      
   133956    |      34.11       |      43.10      
   133957    |      34.51       |      43.70      
   133958    |      42.44       |      52.03      
   133959    |      40.23       |      49.09      
   133960    |      38.35       |      47.06      
   133961    |      40.13       |      49.54      
   133962    |      35.26       |      44.39      
   133963    |      37.34       |      47.07      
   133964    |      32.46       |      41.98      
   133965    |      35.78       |      45.94      
   133966    |      25.97       |      35.87      
   133967    |      27.08       |      37.19      
   133968    |      16.01       |      25.59      
   133969    |      14.97       |      22.77      
   133970    |      11.57       |      16.27      
   133971    |      10.65       |      16.64      
   133972    |      11.77       |      18.93      
   133973    |      14.04       |      24.23      
   133974    |       9.65       |      19.64      
   133975    |      14.08       |      24.49      
   133976    |      13.29       |      23.70      
   133977    |      11.05       |      21.39      
   133978    |       5.13       |      15.36      
   133979    |       4.72       |      14.78      
   133980    |       6.21       |      16.35      
   133981    |       5.66       |      15.50      
   133982    |       3.54       |      12.73      
   133983    |       9.27       |      10.22      
   133984    |      17.67       |       9.83      
   133985    |      18.09       |      10.25      
   133986    |      18.18       |      10.31      
   133987    |      13.72       |       6.07      
   133988    |       9.96       |       5.92      
   133989    |      12.22       |       7.03      
   133990    |       6.96       |      13.81      
   133991    |      11.21       |      13.01      
   133992    |      13.33       |      21.35      
   133993    |      13.87       |      20.37      
   133994    |      13.21       |      18.81      
   133995    |      12.25       |      19.52      
   133996    |      14.40       |      22.71      
   133997    |      14.47       |      21.78      
   133998    |      14.95       |      22.50      
   133999    |      14.97       |      23.23      
   134000    |      13.05       |      20.44      
   134001    |      14.12       |      21.61      
   134002    |      14.10       |      12.82      
   134003    |      14.90       |      16.06      
   134004    |      18.95       |      15.07      
   134005    |      19.02       |      14.82      
   134006    |      19.46       |      14.97      
   134007    |      19.22       |      17.33      
   134008    |      22.16       |      17.99      
   134009    |      22.25       |      17.76      
   134010    |      21.48       |      17.46      
   134011    |      21.62       |      17.16      
   134012    |      18.36       |      16.24      
   134013    |      18.95       |      14.21      
   134014    |      12.78       |      14.38      
   134015    |      13.17       |       8.83      
   134016    |       7.70       |      11.29      
   134017    |       7.69       |       7.08      
   134018    |       6.14       |       8.30      
   134019    |       6.16       |       9.64      
   134020    |       8.99       |       7.39      
   134021    |       8.91       |       7.66      
   134022    |      15.21       |       8.35      
   134023    |      14.13       |       8.91      
   134024    |      16.15       |       9.78      
   134025    |      15.16       |      10.56      
   134026    |      16.85       |      11.25      
   134027    |      19.22       |      11.18      
   134028    |      20.48       |      12.24      
   134029    |      18.50       |      11.75      
   134030    |      20.23       |      12.98      
   134031    |      17.98       |      14.18      
   134032    |      20.12       |      15.12      
   134033    |      20.85       |      14.69      
   134034    |      30.64       |      22.59      
   134035    |      30.27       |      22.37      
   134036    |      36.68       |      28.26      
   134037    |      37.76       |      29.10      
   134038    |      38.38       |      29.71      
   134039    |      35.25       |      27.44      
   134040    |      37.36       |      29.38      
   134041    |      37.84       |      29.71      
   134042    |      28.40       |      21.33      
   134043    |      30.83       |      22.64      
   134044    |      28.09       |      20.18      
   134045    |      26.52       |      19.44      
   134046    |      24.42       |      17.77      
   134047    |      23.62       |      17.77      
   134048    |      24.93       |      18.74      
   134049    |      25.70       |      18.86      
   134050    |      29.30       |      21.91      
   134051    |      32.77       |      24.21      
   134052    |      34.45       |      25.83      
   134053    |      37.87       |      28.78      
   134054    |      34.49       |      25.46      
   134055    |      31.79       |      23.19      
   134056    |      33.41       |      24.76      
   134057    |      31.10       |      23.01      
   134058    |      34.51       |      26.25      
   134059    |      35.91       |      27.35      
   134060    |      33.91       |      25.44      
   134061    |      33.27       |      24.94      
   134062    |      31.67       |      23.44      
   134063    |      30.94       |      22.91      
   134064    |      34.47       |      26.27      
   134065    |      37.64       |      28.87      
   134066    |      38.64       |      29.87      
   134067    |      39.25       |      30.41      
   134068    |      38.34       |      29.53      
   134069    |      35.92       |      27.47      
   134070    |      44.42       |      35.79      
   134071    |      45.68       |      36.92      
   134072    |      41.43       |      32.74      
   134073    |      43.19       |      34.32      
   134074    |      37.45       |      28.65      
   134075    |      39.20       |      30.24      
   134076    |      36.52       |      27.59      
   134077    |      40.01       |      30.88      
   134078    |      36.12       |      27.01      
   134079    |      39.88       |      30.69      
   134080    |      42.58       |      33.41      
   134081    |      39.43       |      30.33      
   134082    |      42.05       |      32.96      
   134083    |      33.43       |      25.21      
   134084    |      37.65       |      29.32      
   134085    |      36.01       |      28.02      
   134086    |      40.35       |      32.24      
   134087    |      41.52       |      33.20      
   134088    |      45.30       |      36.94      
   134089    |      45.04       |      36.72      
   134090    |      45.15       |      36.84      
   134091    |      48.45       |      39.79      
   134092    |      49.86       |      41.21      
   134093    |      51.79       |      43.02      
   134094    |      54.30       |      45.54      
   134095    |      53.99       |      45.25      
   134176    |      24.25       |      34.75      
   134177    |      24.93       |      35.54      
   134178    |      24.95       |      35.55      
   134179    |      32.55       |      43.54      
   134180    |      26.12       |      37.09      
   134181    |      31.71       |      42.55      
   134182    |      25.53       |      36.23      
   134183    |      30.39       |      40.86      
   134184    |      29.62       |      40.06      
   134185    |      24.31       |      34.98      
   134186    |      33.46       |      44.29      
   134187    |      31.13       |      42.00      
   134188    |      38.59       |      49.48      
   134189    |      29.24       |      39.89      
   134190    |      16.95       |      27.53      
   134191    |      15.11       |      25.15      
   134192    |       8.66       |      18.04      
   134193    |       9.69       |      20.10      
   134194    |       4.92       |      15.01      
   134195    |       5.46       |      13.02      
   134196    |       7.50       |      16.50      
   134197    |       7.59       |      17.21      
   134198    |      18.12       |      28.43      
   134199    |      15.85       |      24.26      
   134200    |      27.09       |      36.77      
   134201    |      25.46       |      33.21      
   134202    |      25.68       |      33.46      
   134203    |      25.71       |      33.73      
   134204    |      18.76       |      24.47      
   134205    |      18.01       |      25.20      
   134206    |      17.19       |      24.02      
   134207    |      17.32       |      23.86      
   134208    |      25.61       |      34.16      
   134209    |      25.32       |      32.42      
   134210    |      31.51       |      39.74      
   134211    |      31.19       |      38.25      
   134212    |      33.57       |      41.09      
   134213    |      34.72       |      43.59      
   134214    |      32.24       |      40.86      
   134215    |      37.98       |      48.24      
   134216    |      30.95       |      41.05      
   134217    |      31.23       |      41.36      
   134218    |      35.05       |      45.25      
   134219    |      32.32       |      42.03      
   134220    |      24.04       |      33.17      
   134221    |      28.59       |      38.90      
   134222    |      15.72       |      25.70      
   134223    |      22.80       |      33.31      
   134224    |      21.96       |      32.46      
   134225    |      14.94       |      24.87      
   134226    |      10.98       |      20.56      
   134227    |      12.47       |      16.93      
   134228    |      12.33       |      15.74      
   134229    |       9.35       |      17.41      
   134230    |       7.69       |      13.64      
   134231    |       8.71       |      19.07      
   134232    |       8.30       |      18.64      
   134233    |      13.35       |      23.63      
   134234    |      12.91       |      23.16      
   134235    |       6.23       |      15.86      
   134236    |      10.19       |      20.21      
   134237    |       8.89       |      17.74      
   134238    |      10.65       |      19.92      
   134239    |      11.47       |      17.22      
   134240    |      18.17       |      11.48      
   134241    |      18.98       |      12.21      
   134242    |      22.32       |      14.28      
   134243    |      18.09       |      10.11      
   134244    |      10.90       |       8.96      
   134245    |      12.07       |       9.40      
   134246    |      10.12       |      17.53      
   134247    |      11.26       |      16.69      
   134248    |      16.82       |      25.56      
   134249    |      16.69       |      23.74      
   134250    |      16.39       |      23.24      
   134251    |      18.00       |      22.61      
   134252    |      20.25       |      26.95      
   134253    |      20.21       |      27.02      
   134254    |      20.41       |      27.32      
   134255    |      20.79       |      26.93      
   134256    |      19.06       |      21.61      
   134257    |      15.06       |      22.25      
   134258    |      13.73       |      14.93      
   134259    |      14.12       |      15.89      
   134260    |      18.80       |      14.51      
   134261    |      19.43       |      19.42      
   134262    |      20.78       |      19.07      
   134263    |      22.54       |      23.62      
   134264    |      27.13       |      23.68      
   134265    |      27.55       |      26.00      
   134266    |      29.46       |      26.58      
   134267    |      29.86       |      24.85      
   134268    |      25.80       |      22.74      
   134269    |      26.11       |      21.61      
   134270    |      21.81       |      19.92      
   134271    |      22.76       |      17.38      
   134272    |      15.50       |      15.48      
   134273    |      18.37       |      10.77      
   134274    |       6.98       |      10.25      
   134275    |      10.06       |      16.29      
   134276    |      12.43       |      11.78      
   134277    |      12.90       |      14.58      
   134278    |      17.52       |      13.95      
   134279    |      20.67       |      12.98      
   134280    |      14.25       |       9.05      
   134281    |      23.10       |      13.34      
   134282    |      17.91       |       8.17      
   134283    |      19.15       |       9.36      
   134284    |      16.11       |       6.33      
   134285    |       9.56       |      13.47      
   134286    |      16.05       |      11.39      
   134287    |      15.47       |      14.19      
   134288    |      22.07       |      16.49      
   134289    |      25.95       |      17.49      
   134290    |      28.78       |      20.11      
   134291    |      32.49       |      23.15      
   134292    |      36.06       |      26.67      
   134293    |      30.01       |      21.76      
   134294    |      33.62       |      25.11      
   134295    |      31.94       |      23.95      
   134296    |      37.19       |      28.81      
   134297    |      37.17       |      28.80      
   134298    |      31.50       |      23.59      
   134299    |      28.58       |      22.40      
   134300    |      28.77       |      22.57      
   134301    |      27.55       |      22.95      
   134302    |      27.54       |      22.95      
   134303    |      30.83       |      23.32      
   134304    |      25.97       |      19.21      
   134305    |      28.28       |      20.27      
   134306    |      33.32       |      24.97      
   134307    |      34.10       |      25.57      
   134308    |      39.04       |      30.34      
   134309    |      38.60       |      29.98      
   134310    |      32.44       |      24.11      
   134311    |      30.26       |      22.64      
   134312    |      31.96       |      24.20      
   134313    |      33.34       |      25.14      
   134314    |      36.54       |      28.21      
   134315    |      39.06       |      30.29      
   134316    |      32.65       |      24.07      
   134317    |      31.45       |      23.13      
   134318    |      30.45       |      22.20      
   134319    |      31.62       |      23.11      
   134320    |      37.98       |      29.31      
   134321    |      38.97       |      30.18      
   134322    |      39.44       |      30.66      
   134323    |      39.46       |      30.68      
   134324    |      35.21       |      26.51      
   134325    |      42.77       |      33.53      
   134326    |      43.80       |      34.58      
   134327    |      39.88       |      30.84      
   134328    |      42.53       |      33.49      
   134329    |      40.58       |      31.69      
   134330    |      39.57       |      30.71      
   134331    |      43.42       |      34.31      
   134332    |      40.20       |      31.11      
   134333    |      42.91       |      33.74      
   134334    |      40.15       |      30.99      
   134335    |      38.97       |      29.84      
   134336    |      39.43       |      30.32      
   134337    |      35.16       |      26.31      
   134338    |      31.62       |      22.80      
   134339    |      31.69       |      22.88      
   134340    |      33.24       |      24.43      
   134341    |      32.67       |      23.93      
   134342    |      39.64       |      30.87      
   134343    |      37.40       |      28.89      
   134344    |      43.98       |      35.41      
   134345    |      42.91       |      34.46      
   134346    |      49.24       |      40.74      
   134347    |      50.47       |      41.86      
   134348    |      52.68       |      44.07      
   134349    |      56.27       |      47.45      
   134350    |      53.64       |      44.83      
   134351    |      54.86       |      46.01      
   134433    |      22.55       |      33.45      
   134434    |      20.82       |      31.71      
   134435    |      23.11       |      34.09      
   134436    |      27.02       |      37.97      
   134437    |      26.58       |      37.52      
   134438    |      21.81       |      32.74      
   134439    |      25.42       |      36.36      
   134440    |      18.13       |      28.99      
   134441    |      29.82       |      40.15      
   134442    |      30.69       |      41.06      
   134443    |      34.53       |      44.73      
   134444    |      37.65       |      47.99      
   134445    |      39.26       |      49.53      
   134446    |      28.59       |      38.01      
   134447    |      16.97       |      26.89      
   134448    |      16.22       |      26.02      
   134449    |       5.49       |      16.19      
   134450    |      19.40       |      30.24      
   134451    |      13.22       |      19.90      
   134452    |      17.21       |      25.39      
   134453    |      18.30       |      23.90      
   134454    |      21.36       |      28.39      
   134455    |      21.81       |      31.10      
   134456    |      35.26       |      45.26      
   134457    |      32.34       |      40.90      
   134458    |      31.57       |      40.02      
   134459    |      31.43       |      38.11      
   134460    |      26.50       |      31.20      
   134461    |      26.84       |      31.20      
   134462    |      25.55       |      28.86      
   134463    |      23.34       |      28.85      
   134464    |      27.24       |      34.16      
   134465    |      27.34       |      35.50      
   134466    |      29.98       |      38.49      
   134467    |      30.00       |      38.52      
   134468    |      27.13       |      35.23      
   134469    |      27.55       |      36.24      
   134470    |      22.11       |      29.84      
   134471    |      25.42       |      35.49      
   134472    |      22.79       |      32.75      
   134473    |      28.36       |      38.90      
   134474    |      35.91       |      46.45      
   134475    |      33.46       |      43.92      
   134476    |      26.60       |      36.99      
   134477    |      22.35       |      31.91      
   134478    |      13.78       |      22.11      
   134479    |      15.62       |      25.62      
   134480    |      16.80       |      26.84      
   134481    |      22.11       |      32.60      
   134482    |      17.08       |      27.56      
   134483    |      11.58       |      20.90      
   134484    |       7.71       |      15.69      
   134485    |      10.35       |      14.15      
   134486    |      10.39       |      13.59      
   134487    |       8.42       |      14.08      
   134488    |       9.63       |      17.19      
   134489    |       9.99       |      19.58      
   134490    |      13.32       |      23.20      
   134491    |      13.95       |      24.00      
   134492    |      17.96       |      28.11      
   134493    |      14.68       |      23.01      
   134494    |      15.19       |      23.64      
   134495    |      15.15       |      22.84      
   134496    |      17.01       |      11.98      
   134497    |      19.93       |      14.29      
   134498    |      25.46       |      17.54      
   134499    |      22.58       |      14.70      
   134500    |      17.65       |      12.02      
   134501    |       9.85       |       7.44      
   134502    |       7.06       |      14.35      
   134503    |       6.68       |      15.50      
   134504    |      14.80       |      24.71      
   134505    |      13.84       |      23.46      
   134506    |      14.49       |      24.14      
   134507    |      13.17       |      20.90      
   134508    |      15.00       |      23.39      
   134509    |      14.93       |      22.97      
   134510    |      14.59       |      22.48      
   134511    |      14.68       |      23.12      
   134512    |      12.07       |      11.80      
   134513    |       7.07       |      11.80      
   134514    |       7.64       |      10.25      
   134515    |       8.00       |      11.46      
   134516    |       9.76       |       9.18      
   134517    |      11.80       |      15.70      
   134518    |      12.41       |      13.94      
   134519    |      12.98       |      15.33      
   134520    |      16.68       |      13.55      
   134521    |      16.70       |      15.10      
   134522    |      24.93       |      18.39      
   134523    |      23.78       |      19.22      
   134524    |      24.60       |      19.67      
   134525    |      25.38       |      19.26      
   134526    |      23.10       |      17.81      
   134527    |      28.00       |      19.32      
   134528    |      18.85       |      11.61      
   134529    |      22.37       |      13.33      
   134530    |       4.44       |      13.34      
   134531    |       5.10       |       5.00      
   134532    |       3.74       |       6.47      
   134533    |       6.11       |       4.84      
   134534    |      18.91       |       9.06      
   134535    |      23.43       |      13.71      
   134536    |      23.41       |      13.70      
   134537    |      21.14       |      11.37      
   134538    |      19.36       |       9.64      
   134539    |       8.04       |      10.12      
   134540    |       7.14       |      11.68      
   134541    |       6.57       |       7.09      
   134542    |       9.21       |       5.58      
   134543    |       9.20       |       5.59      
   134544    |      25.00       |      15.88      
   134545    |      19.36       |      13.86      
   134546    |      34.53       |      26.14      
   134547    |      37.15       |      28.18      
   134548    |      29.45       |      20.89      
   134549    |      33.19       |      23.93      
   134550    |      29.61       |      20.44      
   134551    |      27.11       |      18.48      
   134552    |      35.62       |      26.62      
   134553    |      29.94       |      22.66      
   134554    |      27.08       |      20.30      
   134555    |      26.47       |      20.22      
   134556    |      24.33       |      18.68      
   134557    |      24.84       |      18.59      
   134558    |      31.22       |      23.85      
   134559    |      32.72       |      24.73      
   134560    |      29.15       |      21.53      
   134561    |      32.85       |      24.12      
   134562    |      33.61       |      24.87      
   134563    |      36.47       |      27.34      
   134564    |      37.25       |      28.13      
   134565    |      33.69       |      25.06      
   134566    |      28.65       |      20.29      
   134567    |      27.01       |      19.23      
   134568    |      33.25       |      25.01      
   134569    |      35.47       |      26.77      
   134570    |      39.06       |      30.29      
   134571    |      41.43       |      32.40      
   134572    |      30.26       |      21.40      
   134573    |      28.70       |      20.13      
   134574    |      31.37       |      22.73      
   134575    |      27.64       |      20.13      
   134576    |      40.66       |      32.38      
   134577    |      37.62       |      30.13      
   134578    |      42.90       |      35.11      
   134579    |      49.62       |      40.78      
   134580    |      44.70       |      35.93      
   134581    |      51.69       |      42.49      
   134582    |      39.37       |      30.18      
   134583    |      38.15       |      29.02      
   134584    |      39.75       |      30.64      
   134585    |      35.16       |      26.45      
   134586    |      44.77       |      35.96      
   134587    |      43.04       |      34.41      
   134588    |      45.39       |      36.74      
   134589    |      47.32       |      38.49      
   134590    |      40.59       |      31.83      
   134591    |      41.07       |      32.27      
   134592    |      35.64       |      26.91      
   134593    |      36.54       |      27.71      
   134594    |      31.87       |      23.10      
   134595    |      33.10       |      24.21      
   134596    |      32.26       |      23.39      
   134597    |      29.77       |      21.23      
   134598    |      36.99       |      28.36      
   134599    |      36.22       |      27.70      
   134600    |      42.35       |      33.77      
   134601    |      46.68       |      37.78      
   134602    |      49.02       |      40.13      
   134603    |      48.41       |      39.56      
   134604    |      56.18       |      47.34      
   134605    |      56.70       |      47.85      
   134606    |      54.95       |      46.10      
   134690    |      26.09       |      37.07      
   134691    |      20.69       |      31.60      
   134692    |      32.71       |      43.59      
   134693    |      28.90       |      39.46      
   134694    |      30.54       |      41.11      
   134695    |      26.76       |      36.46      
   134696    |      13.90       |      22.02      
   134697    |      18.73       |      29.56      
   134698    |      14.59       |      25.41      
   134699    |      30.47       |      40.94      
   134700    |      32.20       |      42.73      
   134701    |      37.71       |      48.02      
   134702    |      32.65       |      42.67      
   134703    |      26.67       |      36.93      
   134704    |      25.95       |      36.15      
   134705    |      14.67       |      25.45      
   134706    |      26.40       |      37.24      
   134707    |      20.58       |      31.19      
   134708    |      19.99       |      30.58      
   134709    |      16.31       |      24.74      
   134710    |      14.70       |      22.69      
   134711    |      14.74       |      23.60      
   134712    |      29.27       |      39.23      
   134713    |      32.52       |      43.02      
   134714    |      29.50       |      39.96      
   134715    |      25.88       |      35.54      
   134716    |      21.98       |      31.37      
   134717    |      21.80       |      27.21      
   134718    |      22.71       |      28.58      
   134719    |      24.95       |      28.30      
   134720    |      30.95       |      37.29      
   134721    |      31.00       |      37.21      
   134722    |      33.01       |      39.75      
   134723    |      33.18       |      41.04      
   134724    |      26.29       |      32.53      
   134725    |      26.31       |      34.59      
   134726    |      27.23       |      35.63      
   134727    |      26.92       |      33.58      
   134728    |      29.55       |      36.90      
   134729    |      29.91       |      38.11      
   134730    |      34.56       |      43.31      
   134731    |      39.15       |      49.22      
   134732    |      28.13       |      37.80      
   134733    |      28.89       |      38.76      
   134734    |      12.59       |      20.35      
   134735    |      12.65       |      21.38      
   134736    |       9.75       |      17.31      
   134737    |      15.22       |      25.71      
   134738    |      13.72       |      24.20      
   134739    |      17.07       |      27.46      
   134740    |      10.07       |      20.30      
   134741    |       4.13       |      14.11      
   134742    |       3.01       |      12.70      
   134743    |       5.62       |      10.19      
   134744    |       7.36       |      16.25      
   134745    |       7.36       |      15.93      
   134746    |      11.22       |      20.76      
   134747    |      12.68       |      22.79      
   134748    |      22.83       |      33.10      
   134749    |      19.37       |      29.10      
   134750    |      15.08       |      24.41      
   134751    |      14.53       |      23.19      
   134752    |      15.42       |      10.05      
   134753    |      16.19       |      10.64      
   134754    |      21.52       |      13.40      
   134755    |      25.18       |      17.08      
   134756    |      21.17       |      14.39      
   134757    |      16.75       |      10.52      
   134758    |      10.31       |      12.76      
   134759    |       6.60       |      14.08      
   134760    |      14.88       |      24.59      
   134761    |      15.17       |      24.97      
   134762    |      13.92       |      23.62      
   134763    |      14.10       |      23.86      
   134764    |      14.49       |      24.25      
   134765    |      13.07       |      22.08      
   134766    |      10.02       |      18.08      
   134767    |      10.50       |      19.82      
   134768    |       8.78       |       7.19      
   134769    |       7.93       |       7.15      
   134770    |       5.73       |       9.92      
   134771    |       5.78       |      10.08      
   134772    |       5.46       |      11.45      
   134773    |       4.96       |       6.44      
   134774    |       3.36       |       8.24      
   134775    |       5.75       |       4.30      
   134776    |       8.06       |       2.00      
   134777    |       4.88       |       7.08      
   134778    |      15.91       |       6.78      
   134779    |      16.67       |       7.22      
   134780    |      19.26       |       9.68      
   134781    |      25.08       |      15.11      
   134782    |      25.73       |      15.78      
   134783    |      22.18       |      12.32      
   134784    |      21.52       |      11.67      
   134785    |      17.17       |       8.08      
   134786    |       5.61       |       5.80      
   134787    |      12.16       |       2.45      
   134788    |       5.90       |       4.67      
   134789    |      17.59       |       9.61      
   134790    |      24.27       |      14.99      
   134791    |      16.29       |       6.71      
   134792    |      21.13       |      11.36      
   134793    |      10.16       |       5.50      
   134794    |       5.64       |       8.09      
   134795    |       7.91       |      14.11      
   134796    |       9.50       |      10.17      
   134797    |       9.77       |      11.73      
   134798    |      12.29       |      10.25      
   134799    |      15.24       |       7.19      
   134800    |      15.95       |       7.73      
   134801    |      21.46       |      11.77      
   134802    |      33.64       |      23.96      
   134803    |      35.81       |      26.20      
   134804    |      32.63       |      23.05      
   134805    |      30.96       |      21.49      
   134806    |      26.03       |      16.64      
   134807    |      22.91       |      14.14      
   134808    |      26.67       |      17.70      
   134809    |      23.96       |      15.85      
   134810    |      23.10       |      15.12      
   134811    |      22.18       |      14.74      
   134812    |      22.44       |      14.97      
   134813    |      23.16       |      15.27      
   134814    |      31.41       |      22.83      
   134815    |      31.65       |      23.02      
   134816    |      33.03       |      24.36      
   134817    |      36.02       |      26.91      
   134818    |      36.56       |      27.46      
   134819    |      36.86       |      27.73      
   134820    |      32.74       |      23.70      
   134821    |      31.52       |      22.65      
   134822    |      25.51       |      16.89      
   134823    |      25.60       |      16.96      
   134824    |      34.97       |      26.05      
   134825    |      36.93       |      27.82      
   134826    |      41.16       |      32.03      
   134827    |      37.39       |      28.66      
   134828    |      29.02       |      20.60      
   134829    |      26.56       |      19.02      
   134830    |      27.45       |      19.84      
   134831    |      27.01       |      19.61      
   134832    |      35.86       |      27.80      
   134833    |      40.87       |      31.98      
   134834    |      49.20       |      40.26      
   134835    |      56.38       |      47.12      
   134836    |      51.37       |      42.12      
   134837    |      48.72       |      39.55      
   134838    |      38.09       |      28.94      
   134839    |      33.54       |      24.78      
   134840    |      35.02       |      26.26      
   134841    |      30.92       |      23.00      
   134842    |      43.96       |      35.57      
   134843    |      41.98       |      33.94      
   134844    |      49.84       |      41.58      
   134845    |      51.37       |      42.90      
   134846    |      43.18       |      34.90      
   134847    |      44.14       |      35.71      
   134848    |      38.54       |      30.26      
   134849    |      38.47       |      30.21      
   134850    |      35.63       |      27.47      
   134851    |      35.54       |      27.41      
   134852    |      31.57       |      23.62      
   134853    |      32.84       |      24.57      
   134854    |      36.89       |      28.54      
   134855    |      41.30       |      32.45      
   134856    |      47.04       |      38.19      
   134857    |      49.44       |      40.49      
   134858    |      47.89       |      38.95      
   134859    |      48.86       |      39.90      
   134860    |      56.15       |      47.21      
   134861    |      54.52       |      45.63      
   134946    |      24.25       |      34.98      
   134947    |      26.76       |      37.68      
   134948    |      29.58       |      40.48      
   134949    |      32.15       |      43.12      
   134950    |      35.96       |      46.91      
   134951    |      30.14       |      40.79      
   134952    |      20.76       |      31.33      
   134953    |      17.39       |      24.44      
   134954    |      13.78       |      18.03      
   134955    |      14.74       |      25.51      
   134956    |      11.78       |      22.53      
   134957    |      32.84       |      43.06      
   134958    |      36.75       |      47.14      
   134959    |      31.51       |      42.06      
   134960    |      34.22       |      44.85      
   134961    |      25.07       |      35.93      
   134962    |      25.68       |      36.52      
   134963    |      26.35       |      37.18      
   134964    |      16.26       |      27.03      
   134965    |      18.74       |      29.37      
   134966    |      15.54       |      26.07      
   134967    |       7.80       |      18.46      
   134968    |      19.43       |      30.09      
   134969    |      24.92       |      35.67      
   134970    |      25.76       |      36.50      
   134971    |      27.17       |      37.87      
   134972    |      23.11       |      33.77      
   134973    |      16.88       |      27.56      
   134974    |      24.42       |      35.08      
   134975    |      17.21       |      24.27      
   134976    |      27.97       |      36.91      
   134977    |      27.04       |      34.10      
   134978    |      29.25       |      36.80      
   134979    |      29.23       |      36.68      
   134980    |      28.14       |      35.33      
   134981    |      28.53       |      34.34      
   134982    |      34.63       |      42.06      
   134983    |      34.54       |      41.42      
   134984    |      36.60       |      43.90      
   134985    |      36.62       |      42.66      
   134986    |      34.59       |      39.94      
   134987    |      35.11       |      43.73      
   134988    |      23.93       |      29.99      
   134989    |      27.00       |      36.93      
   134990    |      10.97       |      18.40      
   134991    |      10.87       |      19.29      
   134992    |       7.63       |      12.86      
   134993    |       5.90       |      15.35      
   134994    |       5.88       |      15.32      
   134995    |      14.03       |      24.27      
   134996    |       9.49       |      19.49      
   134997    |      10.64       |      20.53      
   134998    |       9.45       |      19.20      
   134999    |       2.05       |      12.43      
   135000    |      13.10       |      23.50      
   135001    |       8.86       |      17.01      
   135002    |      16.30       |      25.98      
   135003    |      14.92       |      23.03      
   135004    |      14.29       |      22.14      
   135005    |      22.29       |      32.64      
   135006    |      12.09       |      22.42      
   135007    |       7.30       |      15.57      
   135008    |       9.23       |       6.68      
   135009    |      12.70       |       2.67      
   135010    |      11.33       |       1.64      
   135011    |      20.07       |      10.55      
   135012    |      11.08       |       5.45      
   135013    |      20.44       |      13.17      
   135014    |      11.73       |      13.73      
   135015    |      11.40       |      13.71      
   135016    |      14.12       |      22.08      
   135017    |      15.38       |      24.93      
   135018    |      11.02       |      19.95      
   135019    |      13.08       |      23.04      
   135020    |      16.41       |      26.43      
   135021    |      14.70       |      24.38      
   135022    |       8.19       |      16.84      
   135023    |       8.22       |      17.03      
   135024    |       8.76       |       7.15      
   135025    |       9.39       |       5.18      
   135026    |       4.90       |       9.58      
   135027    |       4.79       |       8.97      
   135028    |       6.00       |       7.34      
   135029    |       5.94       |       8.54      
   135030    |       7.62       |       6.79      
   135031    |       7.48       |       7.57      
   135032    |       6.62       |       8.46      
   135033    |       6.82       |       6.66      
   135034    |      17.12       |       8.20      
   135035    |      16.51       |       8.00      
   135036    |      26.05       |      16.60      
   135037    |      26.58       |      17.05      
   135038    |      22.80       |      13.43      
   135039    |      21.16       |      12.28      
   135040    |      17.71       |       9.25      
   135041    |      13.73       |       9.75      
   135042    |      15.21       |      10.12      
   135043    |      15.14       |      10.17      
   135044    |      18.18       |      11.64      
   135045    |      24.49       |      15.04      
   135046    |      16.30       |       7.43      
   135047    |      12.99       |       7.57      
   135048    |      11.21       |       7.44      
   135049    |      14.01       |      18.77      
   135050    |      13.98       |      18.44      
   135051    |      11.04       |       8.83      
   135052    |       8.41       |      10.50      
   135053    |      15.82       |       6.05      
   135054    |      14.52       |       4.76      
   135055    |      18.07       |       8.46      
   135056    |      21.64       |      11.98      
   135057    |      24.84       |      15.33      
   135058    |      33.79       |      24.15      
   135059    |      28.69       |      19.00      
   135060    |      30.67       |      21.00      
   135061    |      21.46       |      13.00      
   135062    |      23.15       |      14.54      
   135063    |      21.51       |      13.68      
   135064    |      23.91       |      15.75      
   135065    |      26.70       |      17.69      
   135066    |      20.62       |      11.99      
   135067    |      23.84       |      14.49      
   135068    |      21.42       |      12.13      
   135069    |      22.59       |      13.16      
   135070    |      30.15       |      20.71      
   135071    |      29.89       |      20.48      
   135072    |      35.39       |      25.99      
   135073    |      30.88       |      21.88      
   135074    |      36.96       |      27.86      
   135075    |      32.84       |      24.41      
   135076    |      32.58       |      24.18      
   135077    |      32.80       |      24.35      
   135078    |      26.74       |      18.73      
   135079    |      31.34       |      22.29      
   135080    |      36.99       |      27.89      
   135081    |      35.08       |      26.19      
   135082    |      36.94       |      28.03      
   135083    |      31.83       |      24.04      
   135084    |      27.15       |      19.87      
   135085    |      27.60       |      20.08      
   135086    |      27.00       |      19.57      
   135087    |      34.02       |      24.95      
   135088    |      40.25       |      31.17      
   135089    |      46.35       |      37.05      
   135090    |      56.24       |      46.96      
   135091    |      52.22       |      43.05      
   135092    |      48.85       |      39.70      
   135093    |      43.38       |      34.62      
   135094    |      34.08       |      25.50      
   135095    |      30.70       |      22.98      
   135096    |      31.40       |      23.64      
   135097    |      33.23       |      24.96      
   135098    |      40.46       |      31.99      
   135099    |      42.00       |      33.33      
   135100    |      50.16       |      41.41      
   135101    |      47.64       |      39.17      
   135102    |      44.30       |      35.91      
   135103    |      44.27       |      35.89      
   135104    |      38.65       |      30.42      
   135105    |      38.54       |      30.34      
   135106    |      35.74       |      27.65      
   135107    |      37.80       |      29.31      
   135108    |      32.60       |      24.24      
   135109    |      37.37       |      28.44      
   135110    |      41.01       |      32.10      
   135111    |      46.23       |      37.16      
   135112    |      48.61       |      39.56      
   135113    |      42.16       |      33.34      
   135114    |      49.88       |      41.07      
   135115    |      46.09       |      37.58      
   135116    |      56.50       |      47.93      
   135117    |      58.68       |      49.96      
   135203    |      23.75       |      34.60      
   135204    |      26.45       |      37.29      
   135205    |      29.23       |      40.19      
   135206    |      27.39       |      38.34      
   135207    |      35.60       |      46.47      
   135208    |      25.90       |      36.63      
   135209    |      19.20       |      30.14      
   135210    |       9.86       |      20.69      
   135211    |       6.13       |      12.70      
   135212    |       8.04       |      16.64      
   135213    |      11.36       |      22.23      
   135214    |      30.81       |      41.65      
   135215    |      36.06       |      46.92      
   135216    |      32.99       |      43.84      
   135217    |      34.05       |      44.88      
   135218    |      23.00       |      33.74      
   135219    |      25.73       |      36.34      
   135220    |      19.81       |      30.23      
   135221    |      16.40       |      27.02      
   135222    |      19.15       |      29.81      
   135223    |      15.39       |      26.18      
   135224    |      16.04       |      26.81      
   135225    |      18.67       |      29.36      
   135226    |      27.66       |      38.39      
   135227    |      25.85       |      36.60      
   135228    |      21.38       |      32.11      
   135229    |      23.13       |      33.82      
   135230    |      23.91       |      34.59      
   135231    |      23.51       |      34.19      
   135232    |      27.85       |      38.52      
   135233    |      21.84       |      32.42      
   135234    |      14.83       |      25.34      
   135235    |      17.27       |      27.93      
   135236    |      21.57       |      32.21      
   135237    |      16.98       |      27.21      
   135238    |      27.40       |      37.82      
   135239    |      24.02       |      33.88      
   135240    |      27.79       |      37.80      
   135241    |      26.30       |      35.90      
   135242    |      16.58       |      24.86      
   135243    |      17.16       |      26.40      
   135244    |      11.00       |      18.33      
   135245    |      11.62       |      21.42      
   135246    |       6.53       |      14.86      
   135247    |       6.50       |      15.96      
   135248    |       4.81       |      13.01      
   135249    |       6.18       |      12.03      
   135250    |       6.31       |      13.19      
   135251    |       5.55       |      15.17      
   135252    |       5.05       |      14.50      
   135253    |       8.83       |      19.26      
   135254    |      10.13       |      20.54      
   135255    |       8.44       |      18.86      
   135256    |      13.09       |      23.50      
   135257    |      17.10       |      27.36      
   135258    |      15.81       |      26.04      
   135259    |      15.06       |      25.17      
   135260    |       7.57       |      17.10      
   135261    |       8.79       |      18.94      
   135262    |       3.17       |       8.67      
   135263    |       4.83       |      14.65      
   135264    |       2.66       |      11.06      
   135265    |       6.80       |       5.06      
   135266    |       7.58       |       4.36      
   135267    |      12.18       |       5.89      
   135268    |       8.04       |       7.64      
   135269    |      13.08       |       9.09      
   135270    |       9.07       |      14.27      
   135271    |      12.03       |      13.98      
   135272    |      11.83       |      16.66      
   135273    |      10.59       |      19.78      
   135274    |       7.04       |      14.68      
   135275    |       8.33       |      18.32      
   135276    |       9.72       |      19.74      
   135277    |      15.44       |      25.52      
   135278    |       7.79       |      17.72      
   135279    |       4.79       |      14.92      
   135280    |       8.06       |       2.07      
   135281    |       5.88       |      12.03      
   135282    |       6.31       |       9.89      
   135283    |       7.34       |      12.30      
   135284    |       8.05       |      10.16      
   135285    |       8.08       |      10.26      
   135286    |       9.03       |       9.13      
   135287    |       9.04       |       9.29      
   135288    |       9.20       |       9.15      
   135289    |       9.23       |       8.09      
   135290    |      17.17       |       9.28      
   135291    |      16.87       |       9.31      
   135292    |      27.16       |      17.94      
   135293    |      24.61       |      16.43      
   135294    |      24.92       |      16.69      
   135295    |      22.06       |      13.77      
   135296    |      16.58       |      10.29      
   135297    |      12.18       |       7.04      
   135298    |      13.55       |       7.33      
   135299    |      20.47       |      10.65      
   135300    |      23.35       |      13.54      
   135301    |      24.19       |      14.43      
   135302    |      11.09       |       1.85      
   135303    |       7.58       |       5.47      
   135304    |       4.01       |      12.54      
   135305    |       9.78       |      18.38      
   135306    |      10.91       |       8.63      
   135307    |      15.50       |       6.41      
   135308    |      16.01       |       6.89      
   135309    |      30.16       |      20.59      
   135310    |      19.23       |      10.47      
   135311    |      21.16       |      12.45      
   135312    |      25.37       |      16.17      
   135313    |      21.61       |      12.25      
   135314    |      28.98       |      19.39      
   135315    |      21.48       |      11.83      
   135316    |      20.29       |      10.66      
   135317    |      21.35       |      11.69      
   135318    |      19.71       |      10.07      
   135319    |      20.80       |      11.16      
   135320    |      25.94       |      16.31      
   135321    |      19.21       |      10.32      
   135322    |      24.14       |      15.02      
   135323    |      24.67       |      15.47      
   135324    |      22.90       |      13.76      
   135325    |      31.71       |      22.16      
   135326    |      29.83       |      20.30      
   135327    |      26.40       |      16.87      
   135328    |      29.99       |      20.48      
   135329    |      24.80       |      15.64      
   135330    |      31.22       |      21.98      
   135331    |      27.01       |      18.46      
   135332    |      32.11       |      23.34      
   135333    |      36.01       |      26.78      
   135334    |      31.14       |      21.98      
   135335    |      36.07       |      26.66      
   135336    |      33.95       |      24.55      
   135337    |      29.31       |      20.17      
   135338    |      29.07       |      19.95      
   135339    |      23.64       |      15.90      
   135340    |      26.58       |      18.55      
   135341    |      24.14       |      17.53      
   135342    |      36.50       |      28.49      
   135343    |      40.69       |      31.89      
   135344    |      48.43       |      39.52      
   135345    |      50.17       |      41.13      
   135346    |      52.92       |      43.89      
   135347    |      49.49       |      40.73      
   135348    |      43.84       |      35.18      
   135349    |      40.80       |      32.64      
   135350    |      31.08       |      23.49      
   135351    |      32.64       |      24.54      
   135352    |      33.65       |      25.52      
   135353    |      36.15       |      27.54      
   135354    |      41.95       |      33.25      
   135355    |      44.60       |      35.67      
   135356    |      45.85       |      36.93      
   135357    |      46.51       |      37.56      
   135358    |      42.34       |      33.42      
   135359    |      40.15       |      31.41      
   135360    |      36.68       |      27.99      
   135361    |      39.47       |      30.53      
   135362    |      36.16       |      27.25      
   135363    |      37.72       |      28.72      
   135364    |      37.13       |      28.14      
   135365    |      39.08       |      30.03      
   135366    |      46.68       |      37.65      
   135367    |      42.42       |      33.59      
   135368    |      42.20       |      33.39      
   135369    |      39.44       |      30.90      
   135370    |      45.73       |      37.14      
   135371    |      47.55       |      38.81      
   135372    |      58.46       |      49.70      
   135373    |      58.99       |      50.21      
   135459    |      21.51       |      32.50      
   135460    |      27.13       |      38.10      
   135461    |      26.06       |      36.99      
   135462    |      21.30       |      32.22      
   135463    |      27.11       |      38.05      
   135464    |      20.17       |      31.03      
   135465    |      26.18       |      36.77      
   135466    |      18.54       |      28.67      
   135467    |       9.97       |      20.71      
   135468    |      14.53       |      25.37      
   135469    |       7.84       |      16.52      
   135470    |      23.53       |      33.90      
   135471    |      30.51       |      41.39      
   135472    |      29.21       |      40.07      
   135473    |      32.96       |      43.79      
   135474    |      26.05       |      36.84      
   135475    |      23.00       |      33.84      
   135476    |      23.81       |      34.63      
   135477    |      20.03       |      30.76      
   135478    |      15.25       |      25.94      
   135479    |      19.12       |      29.90      
   135480    |      15.71       |      26.48      
   135481    |      16.00       |      26.75      
   135482    |      22.97       |      33.72      
   135483    |      27.69       |      38.31      
   135484    |      19.35       |      29.80      
   135485    |      21.78       |      32.08      
   135486    |      23.81       |      34.17      
   135487    |      24.32       |      34.64      
   135488    |      25.26       |      35.60      
   135489    |      28.65       |      38.81      
   135490    |      20.76       |      30.50      
   135491    |      15.10       |      25.19      
   135492    |      16.00       |      26.13      
   135493    |      23.27       |      32.95      
   135494    |      27.53       |      37.45      
   135495    |      24.59       |      33.34      
   135496    |      28.20       |      37.37      
   135497    |      29.58       |      39.21      
   135498    |      16.64       |      24.21      
   135499    |      20.04       |      30.18      
   135500    |      13.50       |      23.21      
   135501    |       4.54       |      15.05      
   135502    |       8.64       |      19.16      
   135503    |       5.00       |      14.20      
   135504    |       6.63       |      16.36      
   135505    |       7.21       |      14.10      
   135506    |       7.06       |      11.74      
   135507    |       5.28       |      12.70      
   135508    |       5.56       |       9.71      
   135509    |       3.52       |      13.96      
   135510    |      11.11       |      21.54      
   135511    |      10.22       |      20.62      
   135512    |      16.68       |      27.07      
   135513    |      18.48       |      28.82      
   135514    |      15.56       |      25.87      
   135515    |      13.16       |      23.53      
   135516    |       6.30       |      16.64      
   135517    |       6.11       |      16.43      
   135518    |       2.02       |       8.50      
   135519    |       2.29       |       8.30      
   135520    |       7.21       |      17.48      
   135521    |       6.19       |      12.85      
   135522    |       6.16       |      11.16      
   135523    |      12.42       |      11.26      
   135524    |      15.59       |      10.58      
   135525    |       7.96       |       7.52      
   135526    |       6.43       |       9.41      
   135527    |       3.28       |      11.14      
   135528    |       6.36       |      16.04      
   135529    |       6.65       |      13.13      
   135530    |      13.29       |      22.77      
   135531    |      13.26       |      18.76      
   135532    |      13.35       |      18.97      
   135533    |      12.75       |      21.64      
   135534    |       8.12       |      13.28      
   135535    |       8.17       |      18.12      
   135536    |       6.61       |      16.48      
   135537    |       6.88       |      12.57      
   135538    |      10.10       |      18.89      
   135539    |      12.85       |      16.24      
   135540    |      13.23       |      14.67      
   135541    |      12.23       |      11.60      
   135542    |      11.77       |      11.96      
   135543    |      11.70       |       8.13      
   135544    |       9.92       |       8.86      
   135545    |      14.61       |       4.79      
   135546    |      15.07       |       5.25      
   135547    |      20.73       |      10.90      
   135548    |      15.67       |       6.13      
   135549    |      22.15       |      12.31      
   135550    |      16.36       |       6.70      
   135551    |      23.55       |      14.46      
   135552    |      21.41       |      12.57      
   135553    |      14.11       |       4.73      
   135554    |      23.33       |      13.56      
   135555    |      20.45       |      10.58      
   135556    |      16.38       |       6.52      
   135557    |      23.79       |      14.43      
   135558    |       7.84       |       5.87      
   135559    |      12.08       |       2.49      
   135560    |       7.03       |      16.84      
   135561    |      16.40       |      12.01      
   135562    |      19.62       |      13.04      
   135563    |      23.50       |      16.51      
   135564    |      26.47       |      18.66      
   135565    |      30.69       |      21.32      
   135566    |      21.56       |      13.09      
   135567    |      16.78       |       8.29      
   135568    |      21.79       |      12.54      
   135569    |      19.33       |       9.96      
   135570    |      21.86       |      12.36      
   135571    |      29.29       |      20.14      
   135572    |      23.15       |      14.60      
   135573    |      27.39       |      18.97      
   135574    |      23.86       |      16.06      
   135575    |      20.41       |      12.65      
   135576    |      21.05       |      13.12      
   135577    |      10.79       |       3.14      
   135578    |      24.41       |      14.86      
   135579    |      26.34       |      16.86      
   135580    |      31.80       |      22.28      
   135581    |      34.11       |      24.64      
   135582    |      26.90       |      17.58      
   135583    |      23.98       |      14.55      
   135584    |      24.64       |      15.22      
   135585    |      23.45       |      14.00      
   135586    |      25.74       |      16.28      
   135587    |      22.69       |      13.21      
   135588    |      35.58       |      26.12      
   135589    |      32.13       |      22.79      
   135590    |      36.24       |      26.91      
   135591    |      37.60       |      28.22      
   135592    |      28.95       |      19.59      
   135593    |      26.85       |      17.63      
   135594    |      21.69       |      12.54      
   135595    |      19.13       |      10.62      
   135596    |      20.87       |      12.24      
   135597    |      24.00       |      14.80      
   135598    |      39.43       |      30.19      
   135599    |      39.10       |      29.88      
   135600    |      49.39       |      40.17      
   135601    |      46.68       |      37.59      
   135602    |      48.17       |      39.08      
   135603    |      44.16       |      35.40      
   135604    |      39.19       |      30.53      
   135605    |      37.76       |      29.34      
   135606    |      32.39       |      24.19      
   135607    |      37.92       |      28.91      
   135608    |      35.10       |      26.13      
   135609    |      37.01       |      27.92      
   135610    |      43.94       |      34.85      
   135611    |      42.05       |      33.07      
   135612    |      46.41       |      37.43      
   135613    |      46.31       |      37.34      
   135614    |      39.45       |      30.52      
   135615    |      39.19       |      30.28      
   135616    |      39.70       |      30.80      
   135617    |      40.14       |      31.22      
   135618    |      38.23       |      29.34      
   135619    |      40.76       |      31.74      
   135620    |      39.36       |      30.35      
   135621    |      41.84       |      32.77      
   135622    |      41.14       |      32.08      
   135623    |      38.66       |      29.67      
   135624    |      37.64       |      28.67      
   135625    |      38.10       |      29.12      
   135626    |      46.35       |      37.39      
   135627    |      47.33       |      38.35      
   135628    |      57.76       |      48.81      
   135716    |      14.42       |      25.18      
   135717    |      27.22       |      37.95      
   135718    |      20.24       |      30.66      
   135719    |      22.34       |      32.63      
   135720    |      25.68       |      36.15      
   135721    |      20.38       |      31.11      
   135722    |      20.84       |      31.57      
   135723    |      17.13       |      28.01      
   135724    |      19.62       |      30.50      
   135725    |      14.91       |      25.73      
   135726    |      23.10       |      33.91      
   135727    |      22.13       |      32.88      
   135728    |      25.11       |      35.86      
   135729    |      29.17       |      40.03      
   135730    |      27.58       |      38.43      
   135731    |      26.27       |      37.10      
   135732    |      25.23       |      36.04      
   135733    |      24.19       |      34.97      
   135734    |      11.84       |      22.58      
   135735    |      14.64       |      25.42      
   135736    |      16.40       |      27.17      
   135737    |      15.75       |      26.52      
   135738    |      26.14       |      36.90      
   135739    |      23.44       |      34.13      
   135740    |      19.46       |      30.13      
   135741    |      19.55       |      30.22      
   135742    |      15.31       |      25.94      
   135743    |      23.48       |      34.02      
   135744    |      18.49       |      28.93      
   135745    |      26.04       |      36.04      
   135746    |      20.96       |      30.62      
   135747    |      23.04       |      33.27      
   135748    |      15.32       |      25.12      
   135749    |      16.96       |      26.63      
   135750    |      21.46       |      31.43      
   135751    |      19.16       |      27.88      
   135752    |      29.33       |      39.06      
   135753    |      29.31       |      39.04      
   135754    |      22.44       |      31.60      
   135755    |      25.37       |      35.44      
   135756    |      14.45       |      23.71      
   135757    |      18.26       |      28.66      
   135758    |       9.26       |      19.37      
   135759    |      15.49       |      25.98      
   135760    |      11.01       |      21.45      
   135761    |       8.35       |      17.13      
   135762    |       6.55       |      13.60      
   135763    |       8.59       |      12.72      
   135764    |       9.12       |      11.12      
   135765    |       7.85       |      11.22      
   135766    |      10.21       |      18.84      
   135767    |      11.85       |      21.96      
   135768    |      18.75       |      29.01      
   135769    |      13.00       |      23.40      
   135770    |      13.11       |      23.49      
   135771    |      17.78       |      28.05      
   135772    |       8.40       |      18.46      
   135773    |       7.64       |      17.26      
   135774    |       5.21       |       8.06      
   135775    |       3.29       |       8.96      
   135776    |       4.28       |      13.84      
   135777    |       7.06       |      17.36      
   135778    |       1.19       |      11.43      
   135779    |       1.97       |       9.19      
   135780    |      10.19       |       1.48      
   135781    |      12.08       |       3.16      
   135782    |       4.10       |       7.72      
   135783    |       3.98       |       7.78      
   135784    |      13.87       |      23.98      
   135785    |      10.54       |      18.37      
   135786    |      21.43       |      31.08      
   135787    |      19.02       |      26.77      
   135788    |      16.69       |      23.38      
   135789    |      18.13       |      22.70      
   135790    |      19.83       |      17.52      
   135791    |      10.18       |      14.70      
   135792    |      10.61       |      12.55      
   135793    |       6.92       |      16.62      
   135794    |       7.96       |      17.73      
   135795    |       9.00       |      18.68      
   135796    |       7.14       |       6.20      
   135797    |       9.30       |      14.38      
   135798    |      12.92       |       9.76      
   135799    |      13.48       |       7.93      
   135800    |      16.55       |       9.16      
   135801    |      22.94       |      12.97      
   135802    |      23.18       |      13.22      
   135803    |      20.58       |      10.61      
   135804    |      13.91       |       3.99      
   135805    |      15.40       |       5.46      
   135806    |      10.50       |       0.73      
   135807    |      16.86       |       7.92      
   135808    |      14.90       |       6.43      
   135809    |      22.19       |      13.94      
   135810    |      23.76       |      15.26      
   135811    |      25.08       |      16.63      
   135812    |      24.03       |      15.74      
   135813    |      17.10       |       8.56      
   135814    |      22.70       |      13.51      
   135815    |      12.34       |       2.95      
   135816    |      20.84       |      11.06      
   135817    |      14.37       |       9.20      
   135818    |      22.56       |      14.00      
   135819    |      21.51       |      13.65      
   135820    |      22.65       |      14.54      
   135821    |      24.12       |      15.24      
   135822    |      17.98       |      10.44      
   135823    |      22.96       |      15.24      
   135824    |      22.23       |      14.71      
   135825    |      22.78       |      15.26      
   135826    |      29.04       |      20.40      
   135827    |      29.86       |      20.95      
   135828    |      26.97       |      18.35      
   135829    |      25.47       |      16.82      
   135830    |      20.49       |      12.78      
   135831    |      16.57       |       8.97      
   135832    |      12.83       |       7.58      
   135833    |      23.45       |      16.76      
   135834    |      29.39       |      21.35      
   135835    |      31.62       |      23.62      
   135836    |      36.70       |      28.17      
   135837    |      26.18       |      17.32      
   135838    |      25.09       |      16.33      
   135839    |      21.63       |      12.70      
   135840    |      24.09       |      15.00      
   135841    |      25.87       |      16.88      
   135842    |      23.82       |      14.99      
   135843    |      24.85       |      16.08      
   135844    |      32.71       |      23.54      
   135845    |      25.14       |      15.72      
   135846    |      37.51       |      28.06      
   135847    |      34.30       |      24.89      
   135848    |      26.63       |      17.22      
   135849    |      24.93       |      15.59      
   135850    |      18.42       |       9.10      
   135851    |      20.81       |      11.42      
   135852    |      23.81       |      14.45      
   135853    |      27.67       |      18.38      
   135854    |      38.78       |      29.45      
   135855    |      40.06       |      30.75      
   135856    |      45.65       |      36.34      
   135857    |      43.25       |      33.94      
   135858    |      42.08       |      32.78      
   135859    |      32.01       |      23.19      
   135860    |      36.45       |      27.57      
   135861    |      36.75       |      27.84      
   135862    |      38.28       |      29.38      
   135863    |      44.68       |      35.47      
   135864    |      36.60       |      27.39      
   135865    |      36.75       |      27.55      
   135866    |      41.20       |      32.02      
   135867    |      36.98       |      27.97      
   135868    |      46.12       |      37.10      
   135869    |      42.37       |      33.63      
   135870    |      39.98       |      31.28      
   135871    |      40.99       |      32.19      
   135872    |      40.76       |      31.98      
   135873    |      43.01       |      34.07      
   135874    |      41.33       |      32.41      
   135875    |      42.08       |      33.13      
   135876    |      42.69       |      33.75      
   135877    |      44.26       |      35.25      
   135878    |      38.65       |      29.66      
   135879    |      39.91       |      30.89      
   135880    |      37.95       |      28.94      
   135881    |      36.65       |      27.69      
   135882    |      47.62       |      38.68      
   135883    |      47.43       |      38.50      
   135884    |      55.25       |      46.35      
   135972    |      11.78       |      22.64      
   135973    |      13.77       |      24.75      
   135974    |      12.05       |      23.02      
   135975    |      19.63       |      30.33      
   135976    |      23.21       |      34.00      
   135977    |      25.16       |      35.86      
   135978    |      30.06       |      40.85      
   135979    |      20.80       |      31.70      
   135980    |      19.37       |      30.25      
   135981    |      19.80       |      30.68      
   135982    |      20.01       |      30.88      
   135983    |      22.65       |      33.53      
   135984    |      26.76       |      37.63      
   135985    |      24.58       |      35.43      
   135986    |      20.37       |      31.20      
   135987    |      27.61       |      38.31      
   135988    |      22.92       |      33.53      
   135989    |      25.51       |      35.99      
   135990    |      15.70       |      25.57      
   135991    |      12.41       |      22.54      
   135992    |      21.02       |      31.56      
   135993    |      16.39       |      27.14      
   135994    |      37.24       |      48.00      
   135995    |      28.25       |      38.53      
   135996    |      26.12       |      36.33      
   135997    |      23.89       |      33.29      
   135998    |      12.83       |      18.83      
   135999    |      15.19       |      25.85      
   136000    |       8.71       |      19.29      
   136001    |      18.92       |      29.15      
   136002    |      22.80       |      33.14      
   136003    |      19.27       |      28.24      
   136004    |      17.85       |      26.55      
   136005    |      19.20       |      28.91      
   136006    |      17.28       |      26.80      
   136007    |      22.63       |      33.18      
   136008    |      27.14       |      37.69      
   136009    |      25.80       |      36.28      
   136010    |      24.43       |      34.89      
   136011    |      25.90       |      36.42      
   136012    |      18.13       |      28.60      
   136013    |      19.75       |      30.29      
   136014    |      15.38       |      25.89      
   136015    |      15.45       |      25.95      
   136016    |      10.87       |      21.34      
   136017    |      11.63       |      22.12      
   136018    |       0.61       |      10.50      
   136019    |       2.24       |      11.96      
   136020    |       4.42       |      14.62      
   136021    |       5.63       |       8.38      
   136022    |       6.18       |      15.33      
   136023    |       7.14       |      17.32      
   136024    |      13.25       |      23.57      
   136025    |       7.27       |      17.39      
   136026    |      17.54       |      27.85      
   136027    |      22.45       |      32.81      
   136028    |       9.69       |      20.00      
   136029    |       8.31       |      18.40      
   136030    |       3.59       |      12.98      
   136031    |       7.85       |      10.07      
   136032    |       7.38       |      13.55      
   136033    |       6.45       |      14.71      
   136034    |      10.77       |       5.44      
   136035    |       3.22       |      11.71      
   136036    |       5.31       |       6.61      
   136037    |      10.19       |       1.51      
   136038    |       6.65       |      16.80      
   136039    |       9.12       |      11.37      
   136040    |      22.14       |      31.88      
   136041    |      19.44       |      27.82      
   136042    |      22.49       |      31.35      
   136043    |      23.13       |      32.33      
   136044    |      15.99       |      24.02      
   136045    |      16.14       |      22.95      
   136046    |      14.70       |      15.16      
   136047    |      20.03       |      17.73      
   136048    |      22.36       |      17.93      
   136049    |       9.69       |      11.74      
   136050    |      10.50       |      10.59      
   136051    |       8.13       |      18.16      
   136052    |       1.52       |      11.07      
   136053    |       2.30       |      12.36      
   136054    |      10.87       |       0.85      
   136055    |      12.37       |       2.49      
   136056    |      24.98       |      14.97      
   136057    |      22.95       |      13.02      
   136058    |      20.11       |      10.25      
   136059    |      23.13       |      13.15      
   136060    |      13.89       |       3.93      
   136061    |      11.64       |       2.44      
   136062    |      10.63       |       1.97      
   136063    |       7.78       |       9.62      
   136064    |      10.66       |       7.45      
   136065    |      18.18       |      12.51      
   136066    |      27.77       |      19.38      
   136067    |      23.79       |      15.29      
   136068    |      32.65       |      23.44      
   136069    |      22.30       |      12.53      
   136070    |      26.88       |      17.10      
   136071    |      22.36       |      12.56      
   136072    |      23.67       |      13.88      
   136073    |      21.22       |      11.65      
   136074    |      22.33       |      12.75      
   136075    |      21.18       |      11.82      
   136076    |      20.63       |      11.31      
   136077    |      20.79       |      11.50      
   136078    |      20.36       |      11.12      
   136079    |      26.53       |      17.56      
   136080    |      21.40       |      13.15      
   136081    |      28.47       |      20.28      
   136082    |      29.71       |      21.35      
   136083    |      25.40       |      16.98      
   136084    |      25.82       |      17.34      
   136085    |      19.84       |      11.21      
   136086    |      16.39       |       8.64      
   136087    |      16.73       |       8.98      
   136088    |      20.07       |      11.50      
   136089    |      27.72       |      19.41      
   136090    |      30.14       |      21.56      
   136091    |      31.41       |      22.89      
   136092    |      27.77       |      19.68      
   136093    |      21.69       |      13.48      
   136094    |      22.52       |      14.17      
   136095    |      17.76       |       9.22      
   136096    |      25.45       |      16.23      
   136097    |      27.30       |      18.18      
   136098    |      24.52       |      15.57      
   136099    |      24.27       |      15.32      
   136100    |      25.86       |      16.83      
   136101    |      20.19       |      10.86      
   136102    |      34.33       |      24.89      
   136103    |      30.04       |      20.65      
   136104    |      24.89       |      15.51      
   136105    |      29.28       |      19.90      
   136106    |      20.96       |      11.69      
   136107    |      21.46       |      12.22      
   136108    |      27.63       |      18.31      
   136109    |      29.33       |      20.07      
   136110    |      40.05       |      30.73      
   136111    |      40.60       |      31.29      
   136112    |      43.23       |      33.93      
   136113    |      37.74       |      28.45      
   136114    |      30.86       |      21.57      
   136115    |      32.67       |      23.38      
   136116    |      35.56       |      26.29      
   136117    |      37.21       |      27.96      
   136118    |      44.38       |      35.14      
   136119    |      41.35       |      32.12      
   136120    |      36.68       |      27.46      
   136121    |      35.34       |      26.16      
   136122    |      36.38       |      27.21      
   136123    |      33.85       |      24.79      
   136124    |      41.17       |      32.11      
   136125    |      39.25       |      30.31      
   136126    |      40.48       |      31.55      
   136127    |      39.58       |      30.72      
   136128    |      43.39       |      34.52      
   136129    |      42.13       |      33.37      
   136130    |      43.12       |      34.37      
   136131    |      45.07       |      36.18      
   136132    |      45.03       |      36.15      
   136133    |      43.86       |      35.08      
   136134    |      41.28       |      32.52      
   136135    |      40.02       |      31.38      
   136136    |      38.11       |      29.51      
   136137    |      39.17       |      30.46      
   136138    |      48.45       |      39.71      
   136139    |      49.46       |      40.67      
   136228    |       8.72       |      19.35      
   136229    |      11.43       |      22.42      
   136230    |      16.30       |      27.27      
   136231    |      12.99       |      23.58      
   136232    |      22.54       |      33.25      
   136233    |      23.53       |      34.34      
   136234    |      27.50       |      38.30      
   136235    |      30.07       |      40.98      
   136236    |      17.03       |      27.93      
   136237    |      19.17       |      30.07      
   136238    |      17.84       |      28.72      
   136239    |      19.92       |      30.75      
   136240    |      28.20       |      39.05      
   136241    |      26.75       |      37.61      
   136242    |      18.34       |      29.18      
   136243    |      20.22       |      30.99      
   136244    |      19.09       |      29.84      
   136245    |      23.02       |      33.58      
   136246    |      14.21       |      24.29      
   136247    |      15.49       |      25.46      
   136248    |      20.95       |      31.28      
   136249    |      21.54       |      31.82      
   136250    |      37.36       |      47.98      
   136251    |      40.58       |      51.31      
   136252    |      31.24       |      41.93      
   136253    |      24.35       |      35.01      
   136254    |       7.74       |      18.15      
   136255    |       7.27       |      15.29      
   136256    |       7.40       |      15.51      
   136257    |       8.75       |      19.30      
   136258    |       3.71       |      13.97      
   136259    |      17.47       |      27.15      
   136260    |      19.02       |      28.83      
   136261    |      17.67       |      26.43      
   136262    |      24.99       |      34.63      
   136263    |      30.28       |      40.76      
   136264    |      25.98       |      36.40      
   136265    |      24.98       |      35.30      
   136266    |      26.42       |      36.75      
   136267    |      26.15       |      36.45      
   136268    |      20.70       |      30.84      
   136269    |      20.08       |      30.09      
   136270    |      17.03       |      26.84      
   136271    |      19.75       |      30.10      
   136272    |      12.28       |      22.42      
   136273    |      14.58       |      25.03      
   136274    |       6.17       |       4.92      
   136275    |       6.77       |      12.29      
   136276    |       7.02       |      10.84      
   136277    |      12.25       |      18.43      
   136278    |      12.24       |      18.41      
   136279    |      11.49       |      20.01      
   136280    |      10.83       |      19.06      
   136281    |      11.38       |      20.83      
   136282    |      23.03       |      33.15      
   136283    |      20.96       |      30.71      
   136284    |      12.54       |      21.27      
   136285    |      17.11       |      27.39      
   136286    |       8.91       |      19.02      
   136287    |       3.28       |      12.87      
   136288    |       2.99       |       8.77      
   136289    |       0.98       |      11.29      
   136290    |       8.05       |       2.24      
   136291    |       9.54       |       1.48      
   136292    |       4.53       |       6.02      
   136293    |       4.99       |      11.92      
   136294    |      14.43       |      24.32      
   136295    |      12.20       |      19.71      
   136296    |      22.82       |      32.26      
   136297    |      23.05       |      32.55      
   136298    |      16.00       |      24.76      
   136299    |      18.74       |      28.61      
   136300    |       6.52       |      14.29      
   136301    |       9.92       |      20.08      
   136302    |       2.73       |       7.43      
   136303    |       5.13       |       5.66      
   136304    |      12.85       |       3.14      
   136305    |      14.40       |       4.90      
   136306    |       7.05       |       4.72      
   136307    |       5.47       |       5.34      
   136308    |       3.07       |      12.53      
   136309    |      10.75       |       6.79      
   136310    |      14.38       |       7.17      
   136311    |      14.11       |       7.37      
   136312    |      15.29       |       7.91      
   136313    |      25.05       |      15.09      
   136314    |      17.43       |       7.56      
   136315    |      20.37       |      10.74      
   136316    |      12.06       |       4.02      
   136317    |      13.32       |       4.01      
   136318    |       4.12       |       6.92      
   136319    |      12.32       |       4.22      
   136320    |       9.13       |       4.24      
   136321    |      15.66       |       8.60      
   136322    |      21.34       |      12.59      
   136323    |      25.91       |      16.13      
   136324    |      32.32       |      22.50      
   136325    |      32.01       |      22.21      
   136326    |      27.43       |      17.68      
   136327    |      27.19       |      17.47      
   136328    |      23.85       |      14.20      
   136329    |      23.96       |      14.30      
   136330    |      23.50       |      13.87      
   136331    |      22.50       |      13.03      
   136332    |      20.69       |      11.33      
   136333    |      21.55       |      12.25      
   136334    |      24.13       |      14.70      
   136335    |      25.25       |      15.67      
   136336    |      28.15       |      18.53      
   136337    |      25.87       |      16.54      
   136338    |      30.48       |      21.01      
   136339    |      25.84       |      17.64      
   136340    |      21.99       |      14.64      
   136341    |      19.37       |      12.15      
   136342    |      18.16       |      11.43      
   136343    |      19.46       |      12.64      
   136344    |      27.17       |      18.62      
   136345    |      29.89       |      21.42      
   136346    |      31.23       |      22.64      
   136347    |      32.05       |      23.49      
   136348    |      23.61       |      16.44      
   136349    |      24.40       |      17.23      
   136350    |      21.48       |      15.29      
   136351    |      19.49       |      13.50      
   136352    |      29.05       |      20.70      
   136353    |      22.80       |      14.25      
   136354    |      24.64       |      15.89      
   136355    |      21.82       |      12.93      
   136356    |      20.92       |      12.13      
   136357    |      19.72       |      10.87      
   136358    |      30.41       |      21.10      
   136359    |      28.76       |      19.41      
   136360    |      29.38       |      20.04      
   136361    |      30.57       |      21.28      
   136362    |      21.75       |      12.73      
   136363    |      24.78       |      15.96      
   136364    |      29.71       |      20.65      
   136365    |      29.98       |      20.95      
   136366    |      40.76       |      31.53      
   136367    |      34.51       |      25.18      
   136368    |      37.67       |      28.35      
   136369    |      34.88       |      25.59      
   136370    |      32.77       |      23.49      
   136371    |      33.44       |      24.16      
   136372    |      37.33       |      28.07      
   136373    |      33.72       |      24.58      
   136374    |      41.78       |      32.65      
   136375    |      42.51       |      33.35      
   136376    |      35.57       |      26.43      
   136377    |      36.47       |      27.31      
   136378    |      33.57       |      24.42      
   136379    |      30.85       |      21.85      
   136380    |      39.08       |      30.08      
   136381    |      37.90       |      28.99      
   136382    |      39.45       |      30.55      
   136383    |      39.98       |      31.04      
   136384    |      41.40       |      32.47      
   136385    |      42.81       |      33.81      
   136386    |      44.60       |      35.62      
   136387    |      42.14       |      33.31      
   136388    |      43.74       |      34.91      
   136389    |      40.47       |      31.98      
   136390    |      40.76       |      32.29      
   136391    |      42.17       |      33.53      
   136392    |      39.58       |      30.99      
   136393    |      42.24       |      33.43      
   136394    |      49.37       |      40.55      
   136395    |      48.27       |      39.52      
   136485    |       7.95       |      18.94      
   136486    |      20.39       |      31.36      
   136487    |      16.95       |      27.67      
   136488    |      23.04       |      33.79      
   136489    |      22.58       |      33.27      
   136490    |      18.17       |      28.81      
   136491    |      26.98       |      37.87      
   136492    |      19.97       |      30.77      
   136493    |      16.94       |      27.84      
   136494    |      19.42       |      30.31      
   136495    |      17.88       |      28.76      
   136496    |      22.52       |      33.39      
   136497    |      28.29       |      39.07      
   136498    |      22.63       |      33.33      
   136499    |      18.34       |      29.18      
   136500    |      15.03       |      25.83      
   136501    |      19.33       |      29.93      
   136502    |      16.32       |      26.81      
   136503    |      13.19       |      23.87      
   136504    |      18.66       |      29.40      
   136505    |      20.30       |      30.96      
   136506    |      40.57       |      51.32      
   136507    |      33.27       |      43.49      
   136508    |      32.50       |      42.68      
   136509    |      33.95       |      44.34      
   136510    |      20.44       |      30.22      
   136511    |       7.08       |      17.79      
   136512    |       4.26       |      14.94      
   136513    |       3.46       |      13.88      
   136514    |       1.87       |       9.61      
   136515    |       3.84       |      13.84      
   136516    |       3.36       |      13.19      
   136517    |      17.84       |      26.55      
   136518    |      31.85       |      41.84      
   136519    |      28.73       |      37.56      
   136520    |      29.37       |      38.27      
   136521    |      32.27       |      42.20      
   136522    |      27.97       |      37.68      
   136523    |      26.21       |      35.13      
   136524    |      24.10       |      32.70      
   136525    |      23.75       |      31.83      
   136526    |      25.50       |      33.91      
   136527    |      27.56       |      37.16      
   136528    |      19.14       |      27.79      
   136529    |      20.72       |      30.45      
   136530    |       9.40       |      15.10      
   136531    |       6.63       |       5.44      
   136532    |       7.29       |       4.84      
   136533    |       7.17       |      10.95      
   136534    |      10.34       |      19.41      
   136535    |      12.42       |      16.75      
   136536    |      15.42       |      23.20      
   136537    |      15.59       |      24.24      
   136538    |      21.72       |      31.21      
   136539    |      22.06       |      31.66      
   136540    |      19.32       |      28.68      
   136541    |      19.64       |      29.14      
   136542    |      12.44       |      20.74      
   136543    |      12.93       |      22.06      
   136544    |       7.75       |      11.05      
   136545    |       5.17       |      12.49      
   136546    |       9.38       |       5.23      
   136547    |       3.62       |      12.73      
   136548    |       7.71       |      17.65      
   136549    |       7.94       |      13.43      
   136550    |      16.59       |      26.05      
   136551    |      16.16       |      25.40      
   136552    |      16.94       |      26.25      
   136553    |      20.48       |      30.54      
   136554    |      12.62       |      22.47      
   136555    |      12.78       |      22.66      
   136556    |       6.28       |       6.41      
   136557    |       3.00       |      12.76      
   136558    |      14.73       |       4.91      
   136559    |      10.76       |      12.53      
   136560    |      14.97       |      10.66      
   136561    |      15.61       |       9.43      
   136562    |       8.78       |      11.94      
   136563    |       8.24       |       6.28      
   136564    |       5.38       |       9.40      
   136565    |       8.51       |       1.55      
   136566    |      15.12       |       5.08      
   136567    |      12.95       |       3.38      
   136568    |      13.52       |       3.89      
   136569    |      13.74       |       4.02      
   136570    |      17.44       |       7.56      
   136571    |      13.27       |       3.54      
   136572    |      13.17       |       3.47      
   136573    |      21.41       |      11.86      
   136574    |      12.60       |       5.01      
   136575    |      20.95       |      13.03      
   136576    |      23.73       |      15.23      
   136577    |      20.93       |      16.34      
   136578    |      27.03       |      19.84      
   136579    |      26.39       |      20.00      
   136580    |      30.01       |      22.63      
   136581    |      34.14       |      25.00      
   136582    |      25.90       |      17.61      
   136583    |      28.54       |      19.30      
   136584    |      21.35       |      12.91      
   136585    |      24.20       |      14.76      
   136586    |      20.05       |      10.92      
   136587    |      23.28       |      13.57      
   136588    |      22.84       |      13.14      
   136589    |      21.23       |      11.74      
   136590    |      22.98       |      13.44      
   136591    |      23.73       |      14.11      
   136592    |      34.70       |      25.01      
   136593    |      29.15       |      19.97      
   136594    |      36.22       |      26.80      
   136595    |      32.48       |      23.75      
   136596    |      26.79       |      18.76      
   136597    |      24.58       |      19.40      
   136598    |      24.21       |      19.22      
   136599    |      27.97       |      22.53      
   136600    |      32.03       |      25.34      
   136601    |      32.82       |      25.42      
   136602    |      32.44       |      25.13      
   136603    |      33.55       |      25.55      
   136604    |      26.16       |      19.70      
   136605    |      23.71       |      17.41      
   136606    |      21.33       |      16.09      
   136607    |      21.05       |      15.87      
   136608    |      25.93       |      18.88      
   136609    |      21.56       |      14.65      
   136610    |      24.09       |      16.50      
   136611    |      21.08       |      13.50      
   136612    |      21.46       |      13.79      
   136613    |      24.20       |      16.56      
   136614    |      30.62       |      22.11      
   136615    |      25.84       |      17.14      
   136616    |      31.21       |      22.20      
   136617    |      25.92       |      16.70      
   136618    |      24.25       |      15.09      
   136619    |      24.95       |      15.83      
   136620    |      29.63       |      20.41      
   136621    |      31.69       |      22.55      
   136622    |      34.82       |      25.63      
   136623    |      31.03       |      21.75      
   136624    |      34.81       |      25.53      
   136625    |      30.83       |      21.53      
   136626    |      33.45       |      24.16      
   136627    |      32.42       |      23.17      
   136628    |      33.44       |      24.20      
   136629    |      29.56       |      20.53      
   136630    |      42.86       |      33.79      
   136631    |      40.08       |      31.21      
   136632    |      37.63       |      28.80      
   136633    |      40.41       |      31.37      
   136634    |      30.89       |      21.90      
   136635    |      31.20       |      22.19      
   136636    |      37.60       |      28.59      
   136637    |      38.67       |      29.61      
   136638    |      39.58       |      30.54      
   136639    |      41.69       |      32.59      
   136640    |      42.32       |      33.23      
   136641    |      40.87       |      31.83      
   136642    |      41.22       |      32.19      
   136643    |      35.87       |      27.27      
   136644    |      39.89       |      31.26      
   136645    |      39.59       |      31.00      
   136646    |      42.34       |      33.73      
   136647    |      41.46       |      32.96      
   136648    |      43.60       |      35.09      
   136649    |      44.62       |      36.01      
   136650    |      48.85       |      40.23      
   136741    |      11.74       |      20.09      
   136742    |      18.34       |      27.87      
   136743    |      21.41       |      32.03      
   136744    |      12.48       |      22.87      
   136745    |      22.60       |      33.45      
   136746    |      17.93       |      28.67      
   136747    |      17.72       |      28.46      
   136748    |      22.46       |      33.28      
   136749    |      19.78       |      30.68      
   136750    |      21.08       |      31.97      
   136751    |      19.42       |      30.32      
   136752    |      18.48       |      29.36      
   136753    |      22.54       |      33.32      
   136754    |      25.70       |      36.50      
   136755    |      22.43       |      33.27      
   136756    |      17.65       |      28.47      
   136757    |      15.21       |      26.01      
   136758    |      12.60       |      23.38      
   136759    |      15.91       |      26.67      
   136760    |      15.59       |      26.33      
   136761    |      18.94       |      29.51      
   136762    |      23.53       |      34.18      
   136763    |      33.35       |      43.54      
   136764    |      34.47       |      44.69      
   136765    |      31.36       |      40.61      
   136766    |      24.67       |      32.91      
   136767    |      26.84       |      36.71      
   136768    |      18.61       |      27.63      
   136769    |       4.86       |      15.04      
   136770    |       3.85       |       8.18      
   136771    |       4.18       |      10.06      
   136772    |       5.94       |       7.39      
   136773    |       9.99       |      15.88      
   136774    |      25.04       |      35.06      
   136775    |      22.17       |      30.24      
   136776    |      33.70       |      43.24      
   136777    |      32.69       |      41.83      
   136778    |      27.59       |      36.11      
   136779    |      29.29       |      38.81      
   136780    |      21.88       |      30.57      
   136781    |      24.80       |      34.81      
   136782    |      26.18       |      36.23      
   136783    |      25.31       |      35.18      
   136784    |      21.16       |      30.75      
   136785    |      22.97       |      33.05      
   136786    |       7.84       |      14.22      
   136787    |       9.72       |      20.16      
   136788    |       3.80       |      14.13      
   136789    |       9.66       |       7.93      
   136790    |       7.45       |      10.95      
   136791    |       5.13       |      12.08      
   136792    |       5.61       |      13.66      
   136793    |      11.91       |      22.19      
   136794    |      20.01       |      30.35      
   136795    |      14.79       |      23.83      
   136796    |      19.49       |      29.06      
   136797    |      18.87       |      28.16      
   136798    |      14.32       |      22.86      
   136799    |      16.60       |      26.48      
   136800    |       5.87       |      12.80      
   136801    |       6.83       |      17.01      
   136802    |       2.60       |      12.44      
   136803    |      12.92       |      22.61      
   136804    |      23.69       |      33.75      
   136805    |      18.83       |      24.64      
   136806    |      19.24       |      25.32      
   136807    |      19.42       |      27.91      
   136808    |      16.04       |      23.63      
   136809    |      17.21       |      26.42      
   136810    |      14.55       |      23.37      
   136811    |      14.79       |      23.81      
   136812    |      13.36       |       8.25      
   136813    |       6.61       |       6.74      
   136814    |      21.76       |      11.85      
   136815    |      14.63       |       4.65      
   136816    |      15.56       |       5.57      
   136817    |      11.64       |       5.17      
   136818    |       6.90       |       7.01      
   136819    |       7.37       |      10.98      
   136820    |       7.09       |      13.35      
   136821    |       4.83       |       9.10      
   136822    |      14.76       |       6.14      
   136823    |      15.56       |       6.34      
   136824    |      21.28       |      11.58      
   136825    |      16.54       |      10.41      
   136826    |      16.69       |      10.49      
   136827    |      16.58       |      10.61      
   136828    |      19.29       |      12.03      
   136829    |      21.91       |      12.79      
   136830    |      25.66       |      16.26      
   136831    |      21.80       |      14.40      
   136832    |      28.74       |      20.03      
   136833    |      26.38       |      19.13      
   136834    |      24.73       |      17.99      
   136835    |      25.67       |      17.97      
   136836    |      21.51       |      15.14      
   136837    |      25.72       |      16.51      
   136838    |      21.18       |      12.49      
   136839    |      23.62       |      14.14      
   136840    |      17.10       |       8.27      
   136841    |      19.62       |       9.97      
   136842    |      16.25       |       6.79      
   136843    |      19.10       |       9.32      
   136844    |      21.35       |      11.59      
   136845    |      22.60       |      12.87      
   136846    |      29.11       |      19.39      
   136847    |      23.08       |      13.60      
   136848    |      40.09       |      30.41      
   136849    |      35.65       |      26.24      
   136850    |      35.60       |      26.21      
   136851    |      36.11       |      26.67      
   136852    |      31.13       |      21.84      
   136853    |      26.94       |      18.99      
   136854    |      31.21       |      22.72      
   136855    |      27.75       |      22.28      
   136856    |      31.18       |      24.64      
   136857    |      31.46       |      24.61      
   136858    |      32.91       |      25.76      
   136859    |      21.20       |      14.46      
   136860    |      22.02       |      15.00      
   136861    |      20.49       |      13.55      
   136862    |      18.63       |      12.47      
   136863    |      19.43       |      13.20      
   136864    |      21.37       |      14.39      
   136865    |      14.81       |       8.26      
   136866    |      19.96       |      11.66      
   136867    |      19.04       |      10.71      
   136868    |      22.19       |      13.44      
   136869    |      23.22       |      14.53      
   136870    |      25.50       |      16.62      
   136871    |      24.40       |      15.48      
   136872    |      26.29       |      17.28      
   136873    |      24.32       |      15.22      
   136874    |      24.94       |      15.83      
   136875    |      25.71       |      16.64      
   136876    |      31.52       |      22.31      
   136877    |      30.47       |      21.23      
   136878    |      31.13       |      21.89      
   136879    |      29.69       |      20.42      
   136880    |      30.86       |      21.60      
   136881    |      26.76       |      17.46      
   136882    |      32.37       |      23.09      
   136883    |      32.23       |      22.96      
   136884    |      28.99       |      19.74      
   136885    |      29.66       |      20.41      
   136886    |      38.88       |      29.65      
   136887    |      38.34       |      29.13      
   136888    |      39.78       |      30.58      
   136889    |      39.59       |      30.40      
   136890    |      30.67       |      21.49      
   136891    |      32.26       |      23.08      
   136892    |      38.18       |      29.01      
   136893    |      35.90       |      26.76      
   136894    |      41.70       |      32.59      
   136895    |      41.22       |      32.13      
   136896    |      40.69       |      31.62      
   136897    |      36.14       |      27.34      
   136898    |      35.26       |      26.47      
   136899    |      35.48       |      26.68      
   136900    |      38.76       |      29.96      
   136901    |      39.27       |      30.44      
   136902    |      40.11       |      31.29      
   136903    |      39.18       |      30.44      
   136904    |      44.07       |      35.32      
   136905    |      45.63       |      36.79      
   136906    |      49.11       |      40.28      
   136998    |      12.25       |      23.21      
   136999    |      14.78       |      25.76      
   137000    |      11.15       |      22.08      
   137001    |      11.36       |      22.28      
   137002    |      18.58       |      29.52      
   137003    |      17.47       |      28.40      
   137004    |      20.39       |      31.31      
   137005    |      22.22       |      33.13      
   137006    |      24.32       |      35.22      
   137007    |      21.21       |      32.06      
   137008    |      19.84       |      30.68      
   137009    |      18.84       |      29.62      
   137010    |      22.61       |      33.38      
   137011    |      25.74       |      36.59      
   137012    |      27.34       |      38.17      
   137013    |      20.05       |      30.13      
   137014    |      12.30       |      21.73      
   137015    |      13.71       |      24.07      
   137016    |       7.09       |      16.94      
   137017    |      15.93       |      26.47      
   137018    |      18.38       |      28.98      
   137019    |      24.45       |      34.71      
   137020    |      22.92       |      33.09      
   137021    |      29.68       |      39.48      
   137022    |      27.64       |      37.26      
   137023    |      30.00       |      40.28      
   137024    |      17.10       |      26.72      
   137025    |      17.82       |      27.79      
   137026    |       8.31       |      12.69      
   137027    |       7.07       |       9.93      
   137028    |       6.96       |      10.11      
   137029    |       6.60       |       7.88      
   137030    |      12.81       |      23.06      
   137031    |      16.94       |      26.90      
   137032    |      28.49       |      38.84      
   137033    |      25.79       |      35.69      
   137034    |      27.78       |      37.76      
   137035    |      28.37       |      38.46      
   137036    |      25.03       |      34.98      
   137037    |      25.57       |      35.62      
   137038    |      24.89       |      34.90      
   137039    |      25.09       |      35.13      
   137040    |      23.37       |      33.33      
   137041    |      22.92       |      32.78      
   137042    |      13.61       |      22.32      
   137043    |      18.27       |      28.69      
   137044    |       4.72       |      14.43      
   137045    |      21.23       |      30.77      
   137046    |      10.17       |      16.48      
   137047    |      13.78       |      15.82      
   137048    |      17.12       |      13.02      
   137049    |       3.70       |      13.02      
   137050    |      12.09       |      22.27      
   137051    |       5.51       |      13.25      
   137052    |      16.80       |      26.89      
   137053    |      18.28       |      28.53      
   137054    |      15.84       |      26.05      
   137055    |      19.78       |      30.11      
   137056    |      14.64       |      24.95      
   137057    |       9.49       |      18.31      
   137058    |      13.69       |      23.20      
   137059    |      13.55       |      22.98      
   137060    |      20.74       |      30.61      
   137061    |      23.36       |      33.50      
   137062    |      16.68       |      26.72      
   137063    |      12.99       |      20.97      
   137064    |      20.43       |      29.70      
   137065    |      18.87       |      25.61      
   137066    |      16.65       |      21.53      
   137067    |      15.72       |      24.11      
   137068    |      18.02       |      11.24      
   137069    |      12.81       |       7.26      
   137070    |      27.88       |      18.15      
   137071    |      21.67       |      11.68      
   137072    |      20.66       |      10.72      
   137073    |      15.51       |       5.44      
   137074    |      10.25       |       0.70      
   137075    |       6.77       |       6.89      
   137076    |       8.91       |       5.42      
   137077    |      11.74       |      16.33      
   137078    |      15.35       |      12.22      
   137079    |      16.38       |       9.48      
   137080    |      22.43       |      13.76      
   137081    |      22.50       |      13.79      
   137082    |      17.42       |      10.04      
   137083    |      16.70       |      10.53      
   137084    |      19.17       |      11.84      
   137085    |      11.51       |       5.10      
   137086    |      30.13       |      20.38      
   137087    |      26.29       |      17.27      
   137088    |      28.11       |      18.95      
   137089    |      27.88       |      18.79      
   137090    |      16.93       |      10.26      
   137091    |      20.01       |      10.79      
   137092    |      13.31       |       5.93      
   137093    |      16.62       |       6.94      
   137094    |      16.36       |       6.71      
   137095    |      19.53       |       9.72      
   137096    |      18.54       |       8.74      
   137097    |      16.20       |       6.48      
   137098    |      18.87       |       9.12      
   137099    |      16.43       |       7.20      
   137100    |      20.92       |      11.40      
   137101    |      21.64       |      12.02      
   137102    |      32.12       |      22.41      
   137103    |      29.70       |      20.13      
   137104    |      41.21       |      31.55      
   137105    |      40.30       |      30.68      
   137106    |      36.26       |      26.69      
   137107    |      35.21       |      25.71      
   137108    |      36.06       |      26.57      
   137109    |      32.06       |      23.14      
   137110    |      34.08       |      25.06      
   137111    |      31.65       |      23.34      
   137112    |      26.01       |      18.61      
   137113    |      26.88       |      18.86      
   137114    |      21.38       |      14.74      
   137115    |      17.37       |      11.10      
   137116    |      19.82       |      12.52      
   137117    |      16.22       |       9.11      
   137118    |      17.26       |       9.73      
   137119    |      14.52       |       7.09      
   137120    |      14.07       |       6.86      
   137121    |      15.23       |       7.98      
   137122    |      18.97       |      10.60      
   137123    |      18.54       |      10.16      
   137124    |      22.86       |      13.94      
   137125    |      22.81       |      13.91      
   137126    |      24.27       |      15.28      
   137127    |      25.09       |      16.16      
   137128    |      24.66       |      15.76      
   137129    |      21.61       |      12.54      
   137130    |      25.47       |      16.26      
   137131    |      26.39       |      17.24      
   137132    |      30.48       |      21.25      
   137133    |      30.26       |      21.03      
   137134    |      29.80       |      20.59      
   137135    |      25.46       |      16.14      
   137136    |      26.74       |      17.44      
   137137    |      25.51       |      16.21      
   137138    |      32.23       |      22.95      
   137139    |      31.40       |      22.14      
   137140    |      29.74       |      20.50      
   137141    |      34.89       |      25.68      
   137142    |      38.21       |      29.00      
   137143    |      41.11       |      31.96      
   137144    |      39.42       |      30.30      
   137145    |      32.21       |      23.01      
   137146    |      32.33       |      23.15      
   137147    |      25.78       |      17.10      
   137148    |      36.91       |      28.08      
   137149    |      39.73       |      30.71      
   137150    |      41.66       |      32.65      
   137151    |      40.43       |      31.50      
   137152    |      35.84       |      26.95      
   137153    |      33.50       |      24.91      
   137154    |      36.20       |      27.58      
   137155    |      39.93       |      30.99      
   137156    |      38.83       |      29.90      
   137157    |      39.97       |      30.99      
   137158    |      38.17       |      29.21      
   137159    |      38.73       |      29.76      
   137160    |      45.00       |      36.04      
   137161    |      45.30       |      36.35      
   137254    |      18.01       |      27.72      
   137255    |      14.79       |      24.65      
   137256    |      21.37       |      31.91      
   137257    |      11.07       |      22.04      
   137258    |      18.71       |      29.64      
   137259    |      18.60       |      29.52      
   137260    |      23.11       |      34.01      
   137261    |      20.74       |      31.51      
   137262    |      29.49       |      40.25      
   137263    |      25.71       |      36.03      
   137264    |      20.86       |      31.07      
   137265    |      21.48       |      31.83      
   137266    |      17.40       |      27.63      
   137267    |      22.35       |      33.18      
   137268    |      24.34       |      35.14      
   137269    |      27.28       |      38.11      
   137270    |      11.48       |      22.18      
   137271    |       9.26       |      20.05      
   137272    |       3.18       |      13.68      
   137273    |       6.33       |      16.40      
   137274    |      13.09       |      23.72      
   137275    |      19.18       |      29.43      
   137276    |      17.10       |      27.18      
   137277    |      24.27       |      33.92      
   137278    |      26.62       |      36.48      
   137279    |      31.98       |      41.61      
   137280    |      26.43       |      35.23      
   137281    |      21.10       |      29.94      
   137282    |      16.31       |      23.14      
   137283    |       7.68       |      12.31      
   137284    |       8.67       |      17.08      
   137285    |       2.82       |       8.10      
   137286    |      11.32       |      21.94      
   137287    |      12.05       |      22.65      
   137288    |      20.10       |      30.69      
   137289    |      23.90       |      34.44      
   137290    |      23.65       |      34.18      
   137291    |      27.26       |      37.68      
   137292    |      20.93       |      31.19      
   137293    |      25.61       |      35.65      
   137294    |      25.23       |      35.24      
   137295    |      23.56       |      32.99      
   137296    |      24.23       |      33.71      
   137297    |      25.96       |      35.96      
   137298    |      20.60       |      30.28      
   137299    |      21.84       |      31.86      
   137300    |      20.84       |      30.81      
   137301    |      22.14       |      32.33      
   137302    |       7.33       |      15.16      
   137303    |       8.65       |      18.96      
   137304    |       8.77       |       3.46      
   137305    |      10.86       |       0.90      
   137306    |       1.70       |      12.05      
   137307    |       1.62       |      11.94      
   137308    |      18.02       |      28.38      
   137309    |      20.49       |      30.81      
   137310    |      21.42       |      31.72      
   137311    |      19.96       |      30.19      
   137312    |      15.61       |      25.80      
   137313    |      15.17       |      25.31      
   137314    |      13.84       |      23.94      
   137315    |      12.73       |      22.62      
   137316    |       8.03       |      17.57      
   137317    |      19.70       |      29.74      
   137318    |      16.61       |      26.56      
   137319    |      14.54       |      23.92      
   137320    |      18.54       |      28.21      
   137321    |      20.60       |      30.60      
   137322    |       6.38       |      14.75      
   137323    |      11.15       |      21.34      
   137324    |      11.70       |       1.57      
   137325    |      15.29       |       5.64      
   137326    |      27.37       |      17.31      
   137327    |      25.42       |      15.54      
   137328    |      20.92       |      11.19      
   137329    |      19.54       |      10.25      
   137330    |      11.64       |       5.46      
   137331    |      14.71       |       4.93      
   137332    |       7.83       |       3.11      
   137333    |      12.39       |       2.97      
   137334    |       9.78       |       2.06      
   137335    |      10.93       |       2.91      
   137336    |      19.68       |       9.89      
   137337    |      20.88       |      10.94      
   137338    |      18.74       |       8.86      
   137339    |      15.86       |       6.92      
   137340    |      11.27       |       4.52      
   137341    |      14.71       |       7.45      
   137342    |      24.51       |      15.22      
   137343    |      29.85       |      19.95      
   137344    |      24.62       |      14.75      
   137345    |      26.32       |      16.42      
   137346    |      15.21       |       5.33      
   137347    |      13.99       |       4.27      
   137348    |      11.19       |       1.88      
   137349    |      11.94       |       2.20      
   137350    |      10.91       |       1.31      
   137351    |      16.35       |       7.04      
   137352    |      22.44       |      12.85      
   137353    |      18.53       |       8.75      
   137354    |      23.50       |      13.72      
   137355    |      19.14       |       9.62      
   137356    |      20.32       |      10.76      
   137357    |      20.76       |      11.15      
   137358    |      31.34       |      21.64      
   137359    |      32.05       |      22.33      
   137360    |      39.29       |      29.59      
   137361    |      40.85       |      31.15      
   137362    |      38.83       |      29.14      
   137363    |      35.93       |      26.29      
   137364    |      37.62       |      27.99      
   137365    |      35.78       |      26.23      
   137366    |      34.73       |      25.20      
   137367    |      32.96       |      23.58      
   137368    |      22.36       |      13.53      
   137369    |      22.74       |      13.78      
   137370    |      15.56       |       8.03      
   137371    |      15.35       |       7.84      
   137372    |      15.60       |       7.99      
   137373    |      14.49       |       6.94      
   137374    |      14.41       |       6.89      
   137375    |      13.79       |       6.33      
   137376    |      14.62       |       6.77      
   137377    |      17.75       |       9.93      
   137378    |      18.88       |      10.77      
   137379    |      17.29       |       9.14      
   137380    |      22.77       |      13.85      
   137381    |      18.50       |       9.31      
   137382    |      24.36       |      15.01      
   137383    |      20.29       |      10.87      
   137384    |      21.17       |      11.77      
   137385    |      22.34       |      12.94      
   137386    |      25.93       |      16.55      
   137387    |      29.02       |      19.70      
   137388    |      30.06       |      20.74      
   137389    |      29.37       |      20.04      
   137390    |      25.54       |      16.26      
   137391    |      25.19       |      15.91      
   137392    |      25.48       |      16.22      
   137393    |      27.69       |      18.50      
   137394    |      31.32       |      22.10      
   137395    |      30.99       |      21.78      
   137396    |      34.88       |      25.65      
   137397    |      35.86       |      26.66      
   137398    |      41.07       |      31.85      
   137399    |      34.92       |      25.73      
   137400    |      32.31       |      23.13      
   137401    |      29.61       |      20.56      
   137402    |      25.18       |      16.16      
   137403    |      25.48       |      16.44      
   137404    |      39.71       |      30.67      
   137405    |      38.49       |      29.53      
   137406    |      40.40       |      31.45      
   137407    |      35.88       |      27.32      
   137408    |      33.87       |      25.36      
   137409    |      37.53       |      28.63      
   137410    |      40.27       |      31.38      
   137411    |      43.13       |      34.12      
   137412    |      39.83       |      30.83      
   137413    |      39.97       |      30.96      
   137414    |      38.70       |      29.71      
   137415    |      41.66       |      32.63      
   137416    |      44.87       |      35.86      
   137417    |      43.56       |      34.57      
   137510    |      12.14       |      23.13      
   137511    |      14.78       |      25.74      
   137512    |      14.83       |      25.78      
   137513    |      20.90       |      31.60      
   137514    |      25.52       |      36.33      
   137515    |      18.69       |      29.64      
   137516    |      27.43       |      38.34      
   137517    |      23.50       |      34.24      
   137518    |      26.12       |      36.84      
   137519    |      29.15       |      40.01      
   137520    |      20.23       |      31.10      
   137521    |      19.08       |      29.91      
   137522    |      13.10       |      23.93      
   137523    |      15.66       |      26.51      
   137524    |      16.23       |      27.07      
   137525    |      24.85       |      35.37      
   137526    |      13.73       |      23.09      
   137527    |      14.26       |      23.59      
   137528    |      13.42       |      22.47      
   137529    |       4.42       |      13.97      
   137530    |       9.98       |      20.58      
   137531    |      13.69       |      24.01      
   137532    |      10.03       |      19.84      
   137533    |      19.03       |      28.32      
   137534    |      17.61       |      26.55      
   137535    |      30.52       |      39.20      
   137536    |      30.51       |      39.18      
   137537    |      26.82       |      35.51      
   137538    |      25.31       |      33.64      
   137539    |      12.45       |      20.72      
   137540    |      15.51       |      24.81      
   137541    |       6.14       |      16.01      
   137542    |      11.40       |      21.83      
   137543    |      11.75       |      22.14      
   137544    |      18.97       |      29.51      
   137545    |      20.45       |      30.93      
   137546    |      26.79       |      37.32      
   137547    |      23.49       |      34.05      
   137548    |      19.70       |      30.24      
   137549    |      20.14       |      30.67      
   137550    |      20.03       |      30.55      
   137551    |      20.22       |      30.72      
   137552    |      24.03       |      34.53      
   137553    |      24.04       |      34.53      
   137554    |      20.23       |      30.70      
   137555    |      17.47       |      27.75      
   137556    |      21.68       |      32.02      
   137557    |      18.54       |      28.27      
   137558    |      12.18       |      20.91      
   137559    |      12.66       |      22.18      
   137560    |      10.91       |       7.63      
   137561    |       1.80       |      11.80      
   137562    |       7.44       |      17.74      
   137563    |       6.11       |      13.12      
   137564    |      18.36       |      28.24      
   137565    |      20.75       |      30.96      
   137566    |      17.87       |      28.03      
   137567    |      21.35       |      31.67      
   137568    |      13.20       |      23.51      
   137569    |      15.29       |      25.58      
   137570    |      12.87       |      23.14      
   137571    |      13.36       |      23.60      
   137572    |       3.76       |      13.71      
   137573    |       7.79       |      17.32      
   137574    |       5.42       |      14.24      
   137575    |      16.68       |      25.19      
   137576    |      22.55       |      31.83      
   137577    |      20.56       |      27.86      
   137578    |      19.57       |      26.44      
   137579    |      20.70       |      29.64      
   137580    |      16.41       |      11.58      
   137581    |       2.77       |      11.39      
   137582    |      25.02       |      14.91      
   137583    |      14.71       |       7.60      
   137584    |      20.12       |      11.30      
   137585    |      17.59       |      11.61      
   137586    |      18.33       |      11.97      
   137587    |      19.68       |      11.55      
   137588    |      15.09       |       8.94      
   137589    |      15.52       |       8.48      
   137590    |      13.22       |       7.77      
   137591    |      14.72       |       6.45      
   137592    |      20.31       |      10.98      
   137593    |      26.02       |      16.01      
   137594    |      24.67       |      14.68      
   137595    |      19.21       |       9.89      
   137596    |      19.57       |      10.23      
   137597    |      16.08       |       9.97      
   137598    |      19.71       |      12.04      
   137599    |      24.00       |      14.39      
   137600    |      16.54       |       7.55      
   137601    |      24.56       |      14.73      
   137602    |      13.15       |       3.76      
   137603    |      15.52       |       6.42      
   137604    |      10.66       |       3.67      
   137605    |      11.68       |       4.47      
   137606    |      19.70       |      10.39      
   137607    |      11.13       |       2.37      
   137608    |      22.86       |      13.10      
   137609    |      22.55       |      12.83      
   137610    |      16.77       |       7.20      
   137611    |      23.57       |      13.97      
   137612    |      21.95       |      12.40      
   137613    |      19.93       |      10.25      
   137614    |      29.89       |      20.20      
   137615    |      31.14       |      21.49      
   137616    |      36.57       |      26.92      
   137617    |      39.19       |      29.62      
   137618    |      41.67       |      32.10      
   137619    |      38.75       |      29.11      
   137620    |      36.42       |      26.80      
   137621    |      37.31       |      27.72      
   137622    |      34.19       |      24.62      
   137623    |      34.14       |      24.58      
   137624    |      25.37       |      15.87      
   137625    |      21.03       |      11.43      
   137626    |      13.74       |       4.26      
   137627    |      14.89       |       5.53      
   137628    |      13.28       |       4.09      
   137629    |      16.42       |       7.55      
   137630    |      13.30       |       5.25      
   137631    |      13.51       |       5.48      
   137632    |      16.61       |       7.77      
   137633    |      13.95       |       4.88      
   137634    |      16.18       |       6.90      
   137635    |      16.83       |       7.63      
   137636    |      18.41       |       9.14      
   137637    |      18.72       |       9.48      
   137638    |      20.50       |      11.20      
   137639    |      20.10       |      10.80      
   137640    |      22.45       |      13.11      
   137641    |      22.25       |      12.91      
   137642    |      28.95       |      19.58      
   137643    |      25.11       |      15.78      
   137644    |      29.34       |      20.02      
   137645    |      29.57       |      20.26      
   137646    |      25.16       |      15.86      
   137647    |      30.22       |      20.94      
   137648    |      27.62       |      18.38      
   137649    |      27.90       |      18.68      
   137650    |      30.98       |      21.74      
   137651    |      30.96       |      21.73      
   137652    |      35.84       |      26.60      
   137653    |      30.27       |      21.08      
   137654    |      35.03       |      25.86      
   137655    |      34.72       |      25.57      
   137656    |      29.41       |      20.27      
   137657    |      30.67       |      21.50      
   137658    |      25.23       |      16.07      
   137659    |      28.33       |      19.18      
   137660    |      37.73       |      28.58      
   137661    |      32.51       |      23.48      
   137662    |      34.43       |      25.41      
   137663    |      34.39       |      25.38      
   137664    |      37.20       |      28.21      
   137665    |      41.42       |      32.33      
   137666    |      42.71       |      33.63      
   137667    |      42.93       |      33.87      
   137668    |      39.56       |      30.50      
   137669    |      39.59       |      30.54      
   137670    |      41.72       |      32.69      
   137671    |      41.50       |      32.48      
   137672    |      43.46       |      34.46      
   137673    |      45.14       |      36.14      
   137767    |      12.70       |      23.35      
   137768    |      12.97       |      23.60      
   137769    |      14.83       |      25.71      
   137770    |      23.27       |      34.11      
   137771    |      25.01       |      35.92      
   137772    |      26.69       |      37.58      
   137773    |      27.44       |      38.35      
   137774    |      20.99       |      31.89      
   137775    |      25.78       |      36.65      
   137776    |      19.81       |      30.57      
   137777    |      20.53       |      31.25      
   137778    |      16.51       |      27.08      
   137779    |      13.20       |      23.94      
   137780    |      18.20       |      29.01      
   137781    |      16.23       |      27.06      
   137782    |      12.30       |      23.11      
   137783    |      10.77       |      21.58      
   137784    |      11.45       |      22.25      
   137785    |      10.13       |      20.86      
   137786    |       6.90       |      17.63      
   137787    |       9.78       |      20.49      
   137788    |       5.98       |      16.50      
   137789    |       9.35       |      19.54      
   137790    |      10.83       |      21.17      
   137791    |      14.88       |      24.94      
   137792    |      18.39       |      28.72      
   137793    |      26.03       |      36.01      
   137794    |      25.55       |      35.49      
   137795    |      19.63       |      29.81      
   137796    |      20.08       |      30.28      
   137797    |      12.64       |      23.20      
   137798    |      10.33       |      20.81      
   137799    |      11.45       |      21.85      
   137800    |      18.10       |      28.64      
   137801    |      19.06       |      29.56      
   137802    |      22.78       |      33.30      
   137803    |      27.25       |      37.65      
   137804    |      20.73       |      30.95      
   137805    |      20.76       |      30.96      
   137806    |      26.41       |      36.76      
   137807    |      20.05       |      30.56      
   137808    |      24.06       |      34.56      
   137809    |      22.17       |      32.60      
   137810    |      17.26       |      27.62      
   137811    |      15.22       |      25.13      
   137812    |      17.64       |      27.68      
   137813    |      18.58       |      28.79      
   137814    |      11.84       |      21.70      
   137815    |      12.94       |      23.14      
   137816    |       4.30       |      12.60      
   137817    |       7.52       |      17.85      
   137818    |      15.66       |      26.00      
   137819    |      10.70       |      19.11      
   137820    |      13.36       |      22.37      
   137821    |      17.48       |      27.71      
   137822    |       5.48       |      15.40      
   137823    |      18.97       |      28.78      
   137824    |      15.05       |      24.53      
   137825    |      14.10       |      22.46      
   137826    |      16.17       |      25.01      
   137827    |      16.29       |      25.25      
   137828    |      12.71       |      20.70      
   137829    |       7.10       |      14.87      
   137830    |       8.25       |      16.77      
   137831    |       5.86       |      14.40      
   137832    |      13.56       |      23.41      
   137833    |      11.37       |      19.02      
   137834    |      19.62       |      28.95      
   137835    |      19.20       |      28.36      
   137836    |      10.04       |      14.94      
   137837    |      13.63       |      23.79      
   137838    |      12.80       |       2.65      
   137839    |      10.00       |      14.94      
   137840    |      17.39       |      11.28      
   137841    |      18.29       |      10.72      
   137842    |      19.85       |      11.81      
   137843    |      22.56       |      13.06      
   137844    |      14.54       |       6.53      
   137845    |      13.63       |       7.16      
   137846    |      15.46       |       7.95      
   137847    |      16.73       |       7.89      
   137848    |      26.69       |      17.00      
   137849    |      29.76       |      19.80      
   137850    |      24.83       |      14.92      
   137851    |      26.01       |      16.05      
   137852    |      20.45       |      10.53      
   137853    |      18.98       |       9.02      
   137854    |      18.87       |       8.94      
   137855    |      17.29       |       7.40      
   137856    |      11.70       |       2.05      
   137857    |      15.93       |       6.28      
   137858    |      14.26       |       4.74      
   137859    |      13.07       |       3.39      
   137860    |       9.92       |       1.26      
   137861    |      10.24       |       1.54      
   137862    |      26.06       |      16.27      
   137863    |      19.85       |      10.32      
   137864    |      23.13       |      13.51      
   137865    |      23.09       |      13.48      
   137866    |       7.03       |       5.35      
   137867    |      16.95       |       8.15      
   137868    |      21.91       |      12.65      
   137869    |      22.24       |      13.02      
   137870    |      27.97       |      18.55      
   137871    |      30.43       |      21.15      
   137872    |      37.13       |      27.72      
   137873    |      36.83       |      27.41      
   137874    |      42.01       |      32.55      
   137875    |      41.82       |      32.36      
   137876    |      39.57       |      30.14      
   137877    |      36.47       |      26.94      
   137878    |      37.76       |      28.24      
   137879    |      34.17       |      24.56      
   137880    |      26.62       |      17.02      
   137881    |      25.36       |      15.76      
   137882    |      14.68       |       5.10      
   137883    |      14.17       |       4.59      
   137884    |      15.72       |       6.17      
   137885    |      16.18       |       6.63      
   137886    |      12.61       |       3.09      
   137887    |      15.28       |       6.03      
   137888    |      13.93       |       4.82      
   137889    |      13.87       |       4.77      
   137890    |      16.72       |       7.40      
   137891    |      16.12       |       6.76      
   137892    |      18.53       |       9.13      
   137893    |      19.89       |      10.57      
   137894    |      20.09       |      10.78      
   137895    |      19.43       |      10.10      
   137896    |      22.21       |      12.85      
   137897    |      19.54       |      10.15      
   137898    |      25.09       |      15.72      
   137899    |      24.25       |      14.92      
   137900    |      29.58       |      20.27      
   137901    |      28.34       |      19.09      
   137902    |      30.27       |      21.03      
   137903    |      30.58       |      21.33      
   137904    |      28.05       |      18.82      
   137905    |      30.32       |      21.04      
   137906    |      30.98       |      21.72      
   137907    |      30.77       |      21.52      
   137908    |      30.14       |      20.90      
   137909    |      30.50       |      21.27      
   137910    |      34.50       |      25.28      
   137911    |      33.08       |      23.91      
   137912    |      30.72       |      21.55      
   137913    |      27.60       |      18.64      
   137914    |      28.99       |      20.03      
   137915    |      30.95       |      21.87      
   137916    |      32.45       |      23.38      
   137917    |      34.89       |      25.77      
   137918    |      33.98       |      24.87      
   137919    |      39.66       |      30.58      
   137920    |      41.13       |      32.06      
   137921    |      40.37       |      31.30      
   137922    |      42.65       |      33.59      
   137923    |      39.48       |      30.41      
   137924    |      39.59       |      30.54      
   137925    |      41.01       |      31.97      
   137926    |      41.32       |      32.29      
   137927    |      45.41       |      36.43      
   137928    |      44.92       |      35.95      
   138023    |      11.18       |      21.51      
   138024    |      15.59       |      26.03      
   138025    |      14.32       |      24.24      
   138026    |      18.98       |      29.11      
   138027    |      23.30       |      34.12      
   138028    |      23.62       |      34.42      
   138029    |      26.64       |      37.55      
   138030    |      25.99       |      36.89      
   138031    |      21.56       |      32.21      
   138032    |      20.72       |      31.36      
   138033    |      20.26       |      30.83      
   138034    |      18.86       |      29.41      
   138035    |      17.39       |      27.61      
   138036    |      16.50       |      26.68      
   138037    |      18.73       |      29.35      
   138038    |      13.53       |      24.10      
   138039    |      13.04       |      23.51      
   138040    |      14.35       |      24.83      
   138041    |      13.05       |      23.11      
   138042    |       4.31       |      11.72      
   138043    |       6.87       |      17.60      
   138044    |       5.09       |      15.75      
   138045    |       5.91       |      16.47      
   138046    |      15.76       |      26.48      
   138047    |      11.03       |      21.28      
   138048    |      12.85       |      23.14      
   138049    |      17.45       |      28.14      
   138050    |      18.39       |      29.05      
   138051    |      23.49       |      34.08      
   138052    |      22.04       |      32.60      
   138053    |      18.91       |      29.54      
   138054    |      14.72       |      25.30      
   138055    |      10.13       |      20.67      
   138056    |      13.60       |      24.12      
   138057    |      17.96       |      28.54      
   138058    |      21.44       |      32.02      
   138059    |      22.67       |      33.22      
   138060    |      20.11       |      30.63      
   138061    |      19.71       |      30.23      
   138062    |      25.65       |      36.18      
   138063    |      21.21       |      31.41      
   138064    |      22.94       |      33.18      
   138065    |      23.62       |      33.93      
   138066    |      15.04       |      25.02      
   138067    |      18.41       |      28.86      
   138068    |      17.82       |      28.25      
   138069    |      14.57       |      24.58      
   138070    |      13.68       |      23.62      
   138071    |      12.82       |      22.21      
   138072    |      10.77       |      19.68      
   138073    |      14.50       |      24.87      
   138074    |      15.74       |      26.10      
   138075    |      17.31       |      27.70      
   138076    |      10.79       |      21.16      
   138077    |       8.36       |      18.38      
   138078    |       5.76       |      15.43      
   138079    |       6.12       |      15.74      
   138080    |       8.21       |      18.11      
   138081    |      11.06       |      20.74      
   138082    |      14.06       |      23.95      
   138083    |      12.61       |      21.78      
   138084    |      10.95       |      19.72      
   138085    |      13.87       |      23.98      
   138086    |       8.16       |      18.02      
   138087    |       5.64       |      15.71      
   138088    |       6.66       |      16.75      
   138089    |      10.22       |      20.40      
   138090    |      16.50       |      26.68      
   138091    |      18.17       |      28.30      
   138092    |      13.83       |      23.90      
   138093    |      15.47       |      25.46      
   138094    |       4.12       |      11.92      
   138095    |       2.53       |       9.15      
   138096    |      15.99       |       6.16      
   138097    |      17.25       |       7.20      
   138098    |      21.71       |      11.65      
   138099    |      17.23       |       8.40      
   138100    |      13.00       |       5.88      
   138101    |      11.85       |       8.24      
   138102    |      17.95       |      10.15      
   138103    |      19.49       |      10.47      
   138104    |      30.43       |      20.72      
   138105    |      28.12       |      18.88      
   138106    |      27.48       |      18.30      
   138107    |      24.64       |      16.90      
   138108    |      23.97       |      16.42      
   138109    |      27.99       |      18.59      
   138110    |      20.25       |      11.63      
   138111    |      21.48       |      12.29      
   138112    |      13.78       |       6.55      
   138113    |      12.66       |       5.58      
   138114    |      17.66       |       8.78      
   138115    |      14.41       |       5.25      
   138116    |      20.88       |      11.25      
   138117    |      11.37       |       5.15      
   138118    |      23.53       |      14.10      
   138119    |      26.30       |      16.54      
   138120    |      14.76       |       5.44      
   138121    |      22.81       |      13.27      
   138122    |       7.20       |       4.80      
   138123    |       6.15       |       5.00      
   138124    |      13.31       |       4.33      
   138125    |      23.13       |      14.92      
   138126    |      25.02       |      16.56      
   138127    |      29.87       |      21.64      
   138128    |      42.62       |      33.60      
   138129    |      37.45       |      28.22      
   138130    |      41.75       |      32.43      
   138131    |      42.34       |      33.06      
   138132    |      38.89       |      29.70      
   138133    |      40.11       |      30.99      
   138134    |      38.53       |      29.47      
   138135    |      43.38       |      33.91      
   138136    |      32.42       |      23.06      
   138137    |      26.62       |      17.03      
   138138    |      14.15       |       4.59      
   138139    |      16.98       |       7.49      
   138140    |      16.32       |       6.86      
   138141    |      14.56       |       5.02      
   138142    |      15.02       |       5.50      
   138143    |      16.22       |       6.76      
   138144    |      13.69       |       4.32      
   138145    |      15.92       |       6.79      
   138146    |      16.30       |       7.14      
   138147    |      13.79       |       4.41      
   138148    |      19.69       |      10.24      
   138149    |      19.17       |       9.73      
   138150    |      19.30       |       9.87      
   138151    |      17.94       |       8.55      
   138152    |      19.55       |      10.18      
   138153    |      18.58       |       9.29      
   138154    |      24.31       |      15.01      
   138155    |      25.64       |      16.29      
   138156    |      28.24       |      18.92      
   138157    |      30.06       |      20.72      
   138158    |      30.45       |      21.13      
   138159    |      30.97       |      21.66      
   138160    |      30.30       |      21.00      
   138161    |      25.36       |      16.24      
   138162    |      31.14       |      22.01      
   138163    |      28.28       |      19.47      
   138164    |      31.51       |      22.67      
   138165    |      35.86       |      26.69      
   138166    |      33.18       |      24.02      
   138167    |      31.48       |      22.43      
   138168    |      27.49       |      18.47      
   138169    |      29.80       |      20.65      
   138170    |      30.83       |      21.70      
   138171    |      35.13       |      25.97      
   138172    |      34.72       |      25.59      
   138173    |      36.42       |      27.31      
   138174    |      39.68       |      30.58      
   138175    |      41.51       |      32.44      
   138176    |      40.34       |      31.30      
   138177    |      40.86       |      31.84      
   138178    |      39.23       |      30.23      
   138179    |      38.98       |      30.00      
   138180    |      40.83       |      31.83      
   138181    |      41.92       |      32.96      
   138182    |      45.40       |      36.43      
   138183    |      46.05       |      37.10      
   138184    |      44.89       |      35.96      
   138280    |      15.41       |      25.87      
   138281    |      15.51       |      25.99      
   138282    |      16.77       |      27.25      
   138283    |      17.84       |      28.50      
   138284    |      22.28       |      32.94      
   138285    |      23.66       |      34.44      
   138286    |      29.12       |      39.87      
   138287    |      26.85       |      37.40      
   138288    |      24.45       |      34.98      
   138289    |      22.21       |      32.28      
   138290    |      20.11       |      30.09      
   138291    |      20.21       |      30.22      
   138292    |      14.78       |      24.49      
   138293    |      16.16       |      26.46      
   138294    |       9.64       |      19.67      
   138295    |      13.05       |      23.83      
   138296    |      13.31       |      24.08      
   138297    |      13.65       |      24.42      
   138298    |       7.46       |      18.24      
   138299    |       5.98       |      12.39      
   138300    |       8.06       |      16.67      
   138301    |       8.04       |      16.86      
   138302    |      14.64       |      24.42      
   138303    |      16.48       |      26.86      
   138304    |      15.10       |      25.46      
   138305    |      13.66       |      23.56      
   138306    |      17.87       |      27.94      
   138307    |      19.14       |      29.46      
   138308    |      20.68       |      31.01      
   138309    |      22.08       |      32.56      
   138310    |      16.00       |      26.43      
   138311    |      15.18       |      25.47      
   138312    |       9.56       |      19.70      
   138313    |      13.52       |      24.11      
   138314    |      21.74       |      32.30      
   138315    |      21.38       |      31.93      
   138316    |      23.32       |      33.86      
   138317    |      20.15       |      30.51      
   138318    |      19.52       |      29.87      
   138319    |      20.02       |      30.40      
   138320    |      22.40       |      32.77      
   138321    |      22.86       |      33.25      
   138322    |      25.37       |      35.75      
   138323    |      19.84       |      29.43      
   138324    |      13.55       |      22.56      
   138325    |      14.55       |      24.17      
   138326    |       7.37       |      15.48      
   138327    |      10.18       |      20.51      
   138328    |      14.41       |      24.75      
   138329    |       9.61       |      19.88      
   138330    |      17.49       |      27.85      
   138331    |      14.80       |      24.83      
   138332    |       9.38       |      18.92      
   138333    |      18.58       |      28.74      
   138334    |       9.42       |      19.32      
   138335    |       8.21       |      16.21      
   138336    |       7.86       |      15.60      
   138337    |       8.49       |      18.17      
   138338    |      11.27       |      21.13      
   138339    |      11.18       |      21.00      
   138340    |      15.90       |      25.88      
   138341    |      14.72       |      24.44      
   138342    |      12.47       |      22.01      
   138343    |      11.31       |      19.62      
   138344    |      13.30       |      22.11      
   138345    |      13.26       |      22.00      
   138346    |      19.73       |      29.22      
   138347    |      19.81       |      29.31      
   138348    |      18.59       |      27.99      
   138349    |      17.86       |      26.91      
   138350    |      10.32       |      13.49      
   138351    |      10.35       |       3.88      
   138352    |      17.78       |       8.22      
   138353    |      18.65       |       8.83      
   138354    |      16.46       |       6.80      
   138355    |      16.70       |       6.96      
   138356    |       9.00       |       3.09      
   138357    |       8.64       |       3.73      
   138358    |      18.68       |       8.95      
   138359    |      15.67       |       7.89      
   138360    |      27.52       |      17.97      
   138361    |      26.54       |      17.21      
   138362    |      22.52       |      13.59      
   138363    |      21.87       |      13.28      
   138364    |      28.31       |      19.05      
   138365    |      27.37       |      18.39      
   138366    |      22.72       |      14.37      
   138367    |      24.33       |      15.23      
   138368    |      11.60       |       7.66      
   138369    |      16.02       |      10.65      
   138370    |      16.94       |      10.98      
   138371    |      20.92       |      14.54      
   138372    |      31.84       |      23.18      
   138373    |      21.28       |      12.11      
   138374    |      23.26       |      13.96      
   138375    |      23.23       |      13.94      
   138376    |      14.81       |       6.90      
   138377    |      15.10       |       7.20      
   138378    |      11.99       |       5.86      
   138379    |       6.84       |       4.05      
   138380    |      13.17       |       4.05      
   138381    |      13.28       |       4.19      
   138382    |      20.58       |      11.02      
   138383    |      23.96       |      14.67      
   138384    |      35.87       |      26.34      
   138385    |      42.10       |      32.84      
   138386    |      41.89       |      32.64      
   138387    |      43.40       |      34.02      
   138388    |      38.72       |      29.43      
   138389    |      37.91       |      28.71      
   138390    |      43.77       |      34.48      
   138391    |      41.25       |      32.24      
   138392    |      33.62       |      24.94      
   138393    |      35.53       |      26.50      
   138394    |      18.57       |      11.23      
   138395    |      24.62       |      15.17      
   138396    |      14.60       |       5.41      
   138397    |      15.32       |       5.95      
   138398    |      16.12       |       6.76      
   138399    |      14.42       |       5.59      
   138400    |      15.80       |       6.84      
   138401    |      16.37       |       7.23      
   138402    |      13.84       |       4.92      
   138403    |      16.95       |       7.48      
   138404    |      19.15       |       9.71      
   138405    |      19.53       |      10.09      
   138406    |      17.95       |       8.53      
   138407    |      16.57       |       7.20      
   138408    |      18.55       |       9.19      
   138409    |      19.33       |       9.96      
   138410    |      25.63       |      16.28      
   138411    |      22.27       |      13.16      
   138412    |      30.31       |      21.13      
   138413    |      34.04       |      24.72      
   138414    |      30.97       |      21.67      
   138415    |      32.96       |      23.66      
   138416    |      25.05       |      15.77      
   138417    |      20.87       |      11.68      
   138418    |      27.53       |      18.34      
   138419    |      28.95       |      19.72      
   138420    |      35.75       |      26.54      
   138421    |      35.88       |      26.68      
   138422    |      31.12       |      21.93      
   138423    |      29.92       |      20.77      
   138424    |      29.88       |      20.75      
   138425    |      35.44       |      26.28      
   138426    |      35.12       |      25.97      
   138427    |      40.21       |      31.20      
   138428    |      36.56       |      27.62      
   138429    |      36.54       |      27.61      
   138430    |      41.55       |      32.55      
   138431    |      41.81       |      32.83      
   138432    |      40.90       |      31.94      
   138433    |      41.88       |      32.96      
   138434    |      39.07       |      30.22      
   138435    |      38.72       |      29.87      
   138436    |      41.93       |      33.03      
   138437    |      39.71       |      30.76      
   138438    |      46.09       |      37.11      
   138439    |      42.45       |      33.43      
   138440    |      43.15       |      34.15      
   138536    |      13.95       |      24.58      
   138537    |      14.88       |      25.65      
   138538    |      19.21       |      29.97      
   138539    |      16.93       |      27.32      
   138540    |      23.80       |      34.27      
   138541    |      23.02       |      33.35      
   138542    |      28.04       |      38.42      
   138543    |      29.61       |      40.17      
   138544    |      25.41       |      35.94      
   138545    |      24.70       |      35.12      
   138546    |      18.38       |      28.70      
   138547    |      18.92       |      29.36      
   138548    |      13.58       |      23.90      
   138549    |      13.47       |      23.75      
   138550    |       9.66       |      19.75      
   138551    |       9.59       |      19.63      
   138552    |      11.80       |      21.96      
   138553    |      13.62       |      24.24      
   138554    |      13.11       |      23.71      
   138555    |      10.47       |      19.58      
   138556    |      11.24       |      20.48      
   138557    |      11.48       |      18.47      
   138558    |      14.13       |      22.26      
   138559    |      14.94       |      24.58      
   138560    |      16.92       |      26.67      
   138561    |      16.71       |      26.35      
   138562    |      20.10       |      29.91      
   138563    |      19.33       |      28.78      
   138564    |      21.10       |      30.67      
   138565    |      21.85       |      31.69      
   138566    |      18.19       |      27.81      
   138567    |      17.97       |      27.48      
   138568    |       9.19       |      16.81      
   138569    |       9.98       |      19.84      
   138570    |      17.57       |      27.73      
   138571    |      21.76       |      32.29      
   138572    |      26.34       |      36.85      
   138573    |      23.57       |      33.93      
   138574    |      24.74       |      35.09      
   138575    |      20.76       |      30.50      
   138576    |      24.75       |      34.62      
   138577    |      23.91       |      33.59      
   138578    |      23.23       |      32.86      
   138579    |      25.91       |      36.02      
   138580    |      18.22       |      28.14      
   138581    |      15.44       |      23.58      
   138582    |      12.81       |      19.94      
   138583    |      13.63       |      18.88      
   138584    |      12.87       |      15.93      
   138585    |      10.77       |      20.13      
   138586    |      14.80       |      24.53      
   138587    |       4.52       |      14.52      
   138588    |      18.44       |      28.79      
   138589    |      18.82       |      29.18      
   138590    |       8.97       |      19.26      
   138591    |      17.95       |      27.89      
   138592    |      11.16       |      20.72      
   138593    |      10.63       |      17.06      
   138594    |      13.41       |      21.44      
   138595    |      13.71       |      22.43      
   138596    |      15.71       |      24.74      
   138597    |      16.85       |      26.43      
   138598    |      14.61       |      23.99      
   138599    |      13.93       |      22.82      
   138600    |      11.59       |      19.92      
   138601    |      12.25       |      21.50      
   138602    |      15.12       |      24.65      
   138603    |      18.16       |      28.23      
   138604    |      16.92       |      26.96      
   138605    |      12.22       |      22.39      
   138606    |       9.54       |       0.62      
   138607    |       5.99       |       6.76      
   138608    |      18.84       |       9.17      
   138609    |      17.13       |       8.32      
   138610    |      17.58       |       8.69      
   138611    |      17.96       |       8.83      
   138612    |       9.66       |       5.62      
   138613    |       9.50       |       6.13      
   138614    |      15.23       |       6.99      
   138615    |      15.20       |       6.99      
   138616    |      25.96       |      16.32      
   138617    |      26.49       |      16.77      
   138618    |      20.73       |      11.32      
   138619    |      20.42       |      11.12      
   138620    |      26.16       |      16.55      
   138621    |      23.61       |      14.69      
   138622    |      24.52       |      15.53      
   138623    |      23.91       |      15.16      
   138624    |      13.41       |       8.79      
   138625    |      11.70       |       7.79      
   138626    |      13.54       |       7.84      
   138627    |      16.56       |      10.33      
   138628    |      23.52       |      15.13      
   138629    |      32.96       |      24.84      
   138630    |      28.00       |      20.73      
   138631    |      26.42       |      19.18      
   138632    |      25.87       |      18.77      
   138633    |      15.90       |       9.21      
   138634    |      17.13       |       9.90      
   138635    |      11.59       |       4.82      
   138636    |      16.59       |       7.81      
   138637    |      13.15       |       3.96      
   138638    |      25.13       |      15.49      
   138639    |      20.66       |      10.98      
   138640    |      35.99       |      26.30      
   138641    |      35.83       |      26.15      
   138642    |      37.64       |      27.97      
   138643    |      43.00       |      33.38      
   138644    |      36.54       |      26.95      
   138645    |      37.28       |      27.72      
   138646    |      40.17       |      30.62      
   138647    |      38.72       |      29.24      
   138648    |      34.82       |      25.38      
   138649    |      30.13       |      21.32      
   138650    |      25.86       |      17.38      
   138651    |      24.25       |      16.53      
   138652    |      18.31       |      12.19      
   138653    |      19.76       |      12.06      
   138654    |      16.17       |       9.56      
   138655    |      18.69       |      10.04      
   138656    |      16.89       |       8.50      
   138657    |      19.23       |      10.03      
   138658    |      17.09       |       7.99      
   138659    |      19.34       |       9.93      
   138660    |      19.52       |      10.13      
   138661    |      19.10       |       9.74      
   138662    |      16.59       |       7.27      
   138663    |      17.02       |       7.67      
   138664    |      19.35       |      10.00      
   138665    |      20.70       |      11.32      
   138666    |      22.04       |      12.68      
   138667    |      23.12       |      13.76      
   138668    |      34.04       |      24.70      
   138669    |      29.43       |      20.26      
   138670    |      33.22       |      24.04      
   138671    |      30.53       |      21.62      
   138672    |      21.68       |      13.07      
   138673    |      33.31       |      24.12      
   138674    |      29.07       |      19.94      
   138675    |      36.42       |      27.61      
   138676    |      36.58       |      27.78      
   138677    |      29.75       |      20.67      
   138678    |      29.81       |      20.74      
   138679    |      32.86       |      23.93      
   138680    |      35.68       |      26.70      
   138681    |      41.33       |      32.58      
   138682    |      40.78       |      32.07      
   138683    |      38.52       |      29.72      
   138684    |      36.86       |      28.13      
   138685    |      36.40       |      27.66      
   138686    |      41.95       |      33.07      
   138687    |      39.30       |      30.35      
   138688    |      41.83       |      32.85      
   138689    |      40.28       |      31.27      
   138690    |      38.63       |      29.66      
   138691    |      41.20       |      32.31      
   138692    |      39.76       |      30.91      
   138693    |      39.90       |      31.06      
   138694    |      42.31       |      33.44      
   138695    |      37.85       |      28.88      
   138793    |      16.12       |      25.58      
   138794    |      18.39       |      28.02      
   138795    |      20.11       |      30.38      
   138796    |      27.59       |      37.99      
   138797    |      25.17       |      35.05      
   138798    |      30.51       |      40.54      
   138799    |      29.57       |      39.37      
   138800    |      24.64       |      34.23      
   138801    |      26.48       |      36.64      
   138802    |      18.89       |      28.81      
   138803    |      19.14       |      29.14      
   138804    |      15.16       |      24.93      
   138805    |      15.05       |      24.73      
   138806    |      12.60       |      22.00      
   138807    |      12.36       |      21.15      
   138808    |      12.52       |      21.32      
   138809    |      12.94       |      22.55      
   138810    |      12.32       |      21.84      
   138811    |      13.72       |      24.03      
   138812    |      10.60       |      20.78      
   138813    |      10.07       |      19.89      
   138814    |      11.47       |      21.39      
   138815    |      11.03       |      20.55      
   138816    |      16.86       |      26.79      
   138817    |      16.67       |      26.52      
   138818    |      16.63       |      26.46      
   138819    |      18.77       |      29.13      
   138820    |      17.14       |      27.46      
   138821    |      19.00       |      29.53      
   138822    |      17.70       |      28.21      
   138823    |      16.59       |      26.98      
   138824    |       8.02       |      18.19      
   138825    |       7.00       |      15.91      
   138826    |      13.28       |      23.11      
   138827    |      16.99       |      27.48      
   138828    |      26.85       |      37.34      
   138829    |      26.39       |      36.86      
   138830    |      29.67       |      40.13      
   138831    |      25.25       |      35.34      
   138832    |      24.37       |      34.43      
   138833    |      24.32       |      34.37      
   138834    |      18.98       |      28.87      
   138835    |      21.75       |      32.05      
   138836    |      20.73       |      31.00      
   138837    |      18.27       |      28.15      
   138838    |      15.49       |      25.21      
   138839    |      13.88       |      20.56      
   138840    |      11.93       |      15.23      
   138841    |      10.21       |      12.29      
   138842    |      10.73       |      16.82      
   138843    |       5.39       |       8.63      
   138844    |      19.14       |      29.19      
   138845    |      11.85       |      22.21      
   138846    |      17.30       |      27.65      
   138847    |      20.00       |      30.30      
   138848    |      16.62       |      26.89      
   138849    |      11.97       |      21.11      
   138850    |       9.97       |      18.68      
   138851    |      10.49       |      19.86      
   138852    |      10.02       |      19.31      
   138853    |      13.03       |      23.20      
   138854    |      15.87       |      26.05      
   138855    |      13.48       |      23.34      
   138856    |      12.17       |      21.95      
   138857    |      10.68       |      19.42      
   138858    |       8.53       |      16.38      
   138859    |      13.63       |      23.82      
   138860    |      12.22       |      22.40      
   138861    |       8.75       |      18.61      
   138862    |       5.39       |       6.51      
   138863    |       7.64       |      16.64      
   138864    |      16.91       |       7.86      
   138865    |      15.26       |      15.63      
   138866    |      22.84       |      16.39      
   138867    |      22.70       |      19.99      
   138868    |      21.46       |      20.02      
   138869    |      20.79       |      17.76      
   138870    |      22.89       |      18.34      
   138871    |      24.55       |      16.58      
   138872    |      28.90       |      20.24      
   138873    |      29.10       |      20.34      
   138874    |      23.13       |      15.42      
   138875    |      25.09       |      16.12      
   138876    |      23.84       |      15.03      
   138877    |      23.64       |      14.93      
   138878    |      23.96       |      15.23      
   138879    |      22.08       |      14.67      
   138880    |      18.37       |      12.46      
   138881    |      13.21       |       8.44      
   138882    |      14.62       |       8.70      
   138883    |      13.57       |       7.88      
   138884    |      19.99       |      11.61      
   138885    |      23.78       |      15.56      
   138886    |      29.41       |      20.53      
   138887    |      25.00       |      15.90      
   138888    |      23.01       |      14.09      
   138889    |      23.02       |      14.11      
   138890    |      21.39       |      12.68      
   138891    |      15.60       |       6.39      
   138892    |      19.71       |      10.24      
   138893    |      16.15       |       6.42      
   138894    |      27.82       |      18.10      
   138895    |      25.28       |      15.60      
   138896    |      36.77       |      27.08      
   138897    |      36.07       |      26.40      
   138898    |      34.51       |      24.86      
   138899    |      37.55       |      27.88      
   138900    |      36.49       |      26.84      
   138901    |      36.52       |      26.88      
   138902    |      35.46       |      25.84      
   138903    |      38.59       |      29.02      
   138904    |      24.73       |      15.24      
   138905    |      29.53       |      20.34      
   138906    |      17.61       |       9.32      
   138907    |      24.07       |      16.23      
   138908    |      20.61       |      13.50      
   138909    |      21.71       |      13.74      
   138910    |      19.90       |      12.28      
   138911    |      22.57       |      13.67      
   138912    |      19.66       |      10.99      
   138913    |      21.77       |      12.57      
   138914    |      19.54       |      10.42      
   138915    |      20.20       |      10.96      
   138916    |      19.21       |      10.03      
   138917    |      19.76       |      10.50      
   138918    |      17.12       |       7.94      
   138919    |      21.31       |      11.92      
   138920    |      20.77       |      11.39      
   138921    |      19.80       |      10.42      
   138922    |      23.09       |      13.73      
   138923    |      23.71       |      14.36      
   138924    |      29.24       |      19.90      
   138925    |      26.17       |      16.91      
   138926    |      29.93       |      20.68      
   138927    |      31.57       |      22.28      
   138928    |      33.15       |      23.88      
   138929    |      42.77       |      33.64      
   138930    |      35.92       |      26.90      
   138931    |      39.81       |      30.96      
   138932    |      30.80       |      22.34      
   138933    |      34.36       |      26.09      
   138934    |      34.22       |      25.97      
   138935    |      38.72       |      30.67      
   138936    |      42.45       |      34.17      
   138937    |      38.48       |      30.05      
   138938    |      39.24       |      30.77      
   138939    |      33.57       |      24.85      
   138940    |      36.30       |      27.51      
   138941    |      33.57       |      24.66      
   138942    |      39.26       |      30.26      
   138943    |      33.52       |      24.42      
   138944    |      40.47       |      31.38      
   138945    |      43.05       |      33.98      
   138946    |      41.18       |      32.12      
   138947    |      48.01       |      39.11      
   138948    |      39.99       |      31.24      
   138949    |      40.83       |      32.12      
   138950    |      38.14       |      29.53      
   138951    |      32.44       |      23.59      
   139050    |      15.20       |      24.01      
   139051    |      17.28       |      27.47      
   139052    |      32.19       |      42.66      
   139053    |      28.81       |      38.68      
   139054    |      28.92       |      38.79      
   139055    |      30.27       |      40.38      
   139056    |      20.41       |      30.32      
   139057    |      22.33       |      32.76      
   139058    |      17.28       |      27.61      
   139059    |      17.62       |      28.03      
   139060    |      13.88       |      24.19      
   139061    |      13.92       |      24.22      
   139062    |      11.25       |      21.42      
   139063    |      11.13       |      21.22      
   139064    |      10.98       |      21.05      
   139065    |      10.58       |      20.29      
   139066    |       8.73       |      18.14      
   139067    |      10.32       |      20.83      
   139068    |      10.30       |      20.79      
   139069    |      10.11       |      20.54      
   139070    |      13.26       |      23.73      
   139071    |      11.60       |      21.44      
   139072    |      19.10       |      29.23      
   139073    |      17.69       |      27.24      
   139074    |      15.09       |      24.37      
   139075    |      16.33       |      26.30      
   139076    |      12.23       |      21.91      
   139077    |      16.68       |      27.29      
   139078    |      14.12       |      24.71      
   139079    |      17.77       |      28.39      
   139080    |       8.13       |      18.59      
   139081    |      15.99       |      26.14      
   139082    |      15.82       |      25.95      
   139083    |      14.02       |      23.44      
   139084    |      23.55       |      33.51      
   139085    |      27.02       |      37.39      
   139086    |      32.00       |      42.38      
   139087    |      30.05       |      40.29      
   139088    |      22.72       |      32.90      
   139089    |      23.88       |      34.17      
   139090    |      18.36       |      28.57      
   139091    |      17.36       |      27.64      
   139092    |      20.69       |      30.99      
   139093    |      16.32       |      26.79      
   139094    |      14.40       |      24.85      
   139095    |      10.74       |      20.83      
   139096    |       4.74       |      10.11      
   139097    |       7.02       |      16.99      
   139098    |       3.74       |       7.99      
   139099    |      11.73       |      18.76      
   139100    |      15.22       |      23.62      
   139101    |      12.56       |      21.09      
   139102    |      21.45       |      31.04      
   139103    |      15.13       |      25.13      
   139104    |      15.08       |      25.07      
   139105    |      16.74       |      26.94      
   139106    |       9.02       |      19.05      
   139107    |       8.16       |      17.83      
   139108    |      10.14       |      19.96      
   139109    |       9.55       |      19.07      
   139110    |      14.50       |      24.35      
   139111    |      16.06       |      26.14      
   139112    |       7.47       |      17.24      
   139113    |      11.29       |      21.51      
   139114    |       4.70       |      14.89      
   139115    |       6.31       |      16.46      
   139116    |      11.76       |      21.91      
   139117    |       8.96       |      18.65      
   139118    |      10.78       |      20.57      
   139119    |       9.28       |      17.40      
   139120    |       8.40       |       9.36      
   139121    |      20.51       |      26.55      
   139122    |      21.48       |      18.60      
   139123    |      28.06       |      30.28      
   139124    |      30.51       |      28.46      
   139125    |      29.32       |      23.66      
   139126    |      30.36       |      24.33      
   139127    |      33.11       |      24.42      
   139128    |      30.29       |      21.97      
   139129    |      31.27       |      22.48      
   139130    |      26.89       |      18.71      
   139131    |      26.71       |      18.66      
   139132    |      25.63       |      17.81      
   139133    |      25.65       |      17.81      
   139134    |      22.81       |      15.74      
   139135    |      23.05       |      15.69      
   139136    |      21.96       |      14.93      
   139137    |      17.15       |      10.41      
   139138    |      24.33       |      15.70      
   139139    |      12.66       |       2.95      
   139140    |      25.93       |      16.09      
   139141    |      19.80       |      10.45      
   139142    |      20.16       |      10.81      
   139143    |      28.26       |      18.50      
   139144    |      25.15       |      15.43      
   139145    |      22.29       |      12.50      
   139146    |      25.56       |      15.78      
   139147    |      21.05       |      11.59      
   139148    |      23.06       |      13.55      
   139149    |      20.82       |      11.89      
   139150    |      28.36       |      19.01      
   139151    |      28.68       |      19.29      
   139152    |      29.71       |      20.31      
   139153    |      36.65       |      26.96      
   139154    |      30.90       |      21.23      
   139155    |      34.32       |      24.72      
   139156    |      34.75       |      25.16      
   139157    |      36.60       |      27.09      
   139158    |      34.62       |      25.14      
   139159    |      35.69       |      26.26      
   139160    |      24.45       |      15.27      
   139161    |      25.14       |      16.02      
   139162    |      17.01       |       8.65      
   139163    |      17.62       |       9.34      
   139164    |      17.47       |       9.22      
   139165    |      21.82       |      13.91      
   139166    |      23.58       |      15.42      
   139167    |      23.41       |      15.34      
   139168    |      23.24       |      15.21      
   139169    |      24.90       |      16.23      
   139170    |      21.14       |      12.87      
   139171    |      21.18       |      12.92      
   139172    |      24.47       |      15.88      
   139173    |      20.04       |      11.11      
   139174    |      21.26       |      12.27      
   139175    |      21.62       |      12.68      
   139176    |      21.56       |      12.64      
   139177    |      19.97       |      10.91      
   139178    |      28.78       |      19.57      
   139179    |      23.72       |      14.37      
   139180    |      26.18       |      16.85      
   139181    |      29.82       |      20.59      
   139182    |      31.79       |      22.55      
   139183    |      35.47       |      26.37      
   139184    |      42.66       |      33.48      
   139185    |      43.53       |      34.38      
   139186    |      39.24       |      30.15      
   139187    |      46.70       |      37.88      
   139188    |      34.26       |      25.95      
   139189    |      40.25       |      32.22      
   139190    |      39.01       |      31.09      
   139191    |      35.78       |      27.73      
   139192    |      38.88       |      30.62      
   139193    |      35.41       |      26.99      
   139194    |      34.28       |      25.94      
   139195    |      33.11       |      24.72      
   139196    |      34.33       |      25.89      
   139197    |      34.48       |      26.06      
   139198    |      34.35       |      25.95      
   139199    |      34.37       |      25.97      
   139200    |      43.31       |      34.53      
   139201    |      37.53       |      28.59      
   139202    |      47.95       |      38.93      
   139203    |      47.95       |      38.94      
   139204    |      40.61       |      31.66      
   139205    |      45.84       |      37.06      
   139206    |      33.02       |      24.69      
   139207    |      33.31       |      25.01      
   139306    |      17.21       |      28.18      
   139307    |      12.45       |      22.84      
   139308    |      25.79       |      36.43      
   139309    |      31.56       |      42.50      
   139310    |      27.61       |      38.54      
   139311    |      25.92       |      36.87      
   139312    |      23.04       |      33.97      
   139313    |      18.47       |      29.08      
   139314    |      16.98       |      27.54      
   139315    |      16.81       |      27.32      
   139316    |      10.97       |      21.29      
   139317    |      12.89       |      23.66      
   139318    |      10.88       |      21.64      
   139319    |      10.32       |      20.97      
   139320    |      11.73       |      22.38      
   139321    |      10.48       |      20.80      
   139322    |      10.81       |      21.13      
   139323    |       9.61       |      18.54      
   139324    |      14.77       |      24.51      
   139325    |      14.02       |      22.74      
   139326    |      18.37       |      27.74      
   139327    |      17.81       |      26.53      
   139328    |      19.48       |      28.47      
   139329    |      20.25       |      29.79      
   139330    |      14.99       |      23.87      
   139331    |      15.23       |      24.43      
   139332    |      13.40       |      22.26      
   139333    |      13.48       |      22.47      
   139334    |      15.21       |      24.45      
   139335    |      15.75       |      25.37      
   139336    |      16.84       |      26.54      
   139337    |      13.86       |      23.82      
   139338    |      15.95       |      26.01      
   139339    |      15.92       |      25.96      
   139340    |      28.13       |      38.43      
   139341    |      24.26       |      33.90      
   139342    |      32.96       |      42.93      
   139343    |      30.94       |      40.99      
   139344    |      23.64       |      33.37      
   139345    |      21.44       |      31.32      
   139346    |      18.40       |      28.11      
   139347    |      15.41       |      25.36      
   139348    |      16.93       |      26.92      
   139349    |      11.04       |      21.47      
   139350    |       9.57       |      19.98      
   139351    |       8.90       |      19.33      
   139352    |       6.59       |      17.00      
   139353    |      10.51       |      20.57      
   139354    |       6.99       |      16.80      
   139355    |      14.60       |      23.65      
   139356    |      12.44       |      21.03      
   139357    |      11.59       |      20.23      
   139358    |      16.19       |      25.55      
   139359    |      10.77       |      20.61      
   139360    |      11.49       |      21.36      
   139361    |      14.37       |      24.65      
   139362    |       6.57       |      16.79      
   139363    |       8.63       |      18.91      
   139364    |      11.46       |      21.73      
   139365    |       9.42       |      19.63      
   139366    |      17.68       |      27.90      
   139367    |      14.35       |      24.26      
   139368    |       8.98       |      18.52      
   139369    |       8.56       |      17.69      
   139370    |       5.19       |      11.31      
   139371    |       6.26       |      16.44      
   139372    |      11.73       |      21.90      
   139373    |       8.18       |      18.01      
   139374    |      10.52       |      20.45      
   139375    |      10.09       |      19.91      
   139376    |      10.82       |      20.66      
   139377    |      15.53       |      25.63      
   139378    |       7.58       |      17.64      
   139379    |       5.61       |      13.45      
   139380    |      20.08       |      10.46      
   139381    |      19.65       |      10.19      
   139382    |      29.83       |      19.95      
   139383    |      27.44       |      17.97      
   139384    |      29.39       |      19.83      
   139385    |      29.42       |      19.87      
   139386    |      24.24       |      15.04      
   139387    |      24.89       |      15.47      
   139388    |      22.77       |      13.55      
   139389    |      22.99       |      13.69      
   139390    |      19.74       |      10.83      
   139391    |      18.83       |      10.73      
   139392    |      20.06       |      11.66      
   139393    |      20.63       |      12.28      
   139394    |      32.02       |      22.59      
   139395    |      23.21       |      13.37      
   139396    |      29.65       |      19.80      
   139397    |      26.18       |      16.38      
   139398    |      22.04       |      12.27      
   139399    |      19.96       |      10.47      
   139400    |      24.02       |      14.43      
   139401    |      25.47       |      15.75      
   139402    |      23.25       |      13.57      
   139403    |      25.58       |      15.82      
   139404    |      25.45       |      15.70      
   139405    |      22.84       |      13.21      
   139406    |      29.20       |      19.54      
   139407    |      27.89       |      18.32      
   139408    |      29.09       |      19.53      
   139409    |      29.23       |      19.66      
   139410    |      27.95       |      18.42      
   139411    |      30.98       |      21.32      
   139412    |      26.76       |      17.12      
   139413    |      34.92       |      25.49      
   139414    |      31.33       |      21.97      
   139415    |      35.15       |      25.99      
   139416    |      28.40       |      19.55      
   139417    |      24.53       |      15.42      
   139418    |      16.85       |       8.52      
   139419    |      17.06       |       8.76      
   139420    |      15.06       |       7.30      
   139421    |      18.11       |      10.52      
   139422    |      21.65       |      13.35      
   139423    |      23.26       |      15.08      
   139424    |      24.44       |      16.10      
   139425    |      25.49       |      17.22      
   139426    |      23.10       |      15.16      
   139427    |      21.49       |      13.48      
   139428    |      24.69       |      16.27      
   139429    |      24.73       |      16.32      
   139430    |      24.91       |      16.50      
   139431    |      21.61       |      12.97      
   139432    |      26.61       |      17.68      
   139433    |      21.24       |      11.96      
   139434    |      30.32       |      21.01      
   139435    |      28.69       |      19.35      
   139436    |      34.20       |      24.87      
   139437    |      29.81       |      20.58      
   139438    |      38.80       |      29.55      
   139439    |      35.60       |      26.56      
   139440    |      46.40       |      37.28      
   139441    |      43.94       |      34.99      
   139442    |      50.37       |      41.35      
   139443    |      47.02       |      38.31      
   139444    |      39.26       |      30.86      
   139445    |      42.05       |      33.78      
   139446    |      36.20       |      28.32      
   139447    |      32.31       |      24.24      
   139448    |      35.67       |      27.39      
   139449    |      36.27       |      28.03      
   139450    |      33.77       |      25.71      
   139451    |      39.34       |      31.56      
   139452    |      36.49       |      28.98      
   139453    |      36.62       |      29.14      
   139454    |      36.41       |      28.95      
   139455    |      34.05       |      26.48      
   139456    |      39.20       |      31.28      
   139457    |      35.68       |      27.59      
   139458    |      48.53       |      39.92      
   139459    |      44.97       |      36.24      
   139460    |      45.90       |      37.16      
   139461    |      43.99       |      35.19      
   139462    |      33.07       |      24.60      
   139463    |      33.68       |      25.26      
   139562    |      17.75       |      28.69      
   139563    |      18.56       |      29.53      
   139564    |      25.78       |      36.75      
   139565    |      21.22       |      31.77      
   139566    |      27.21       |      37.92      
   139567    |      31.16       |      42.10      
   139568    |      27.10       |      38.02      
   139569    |      23.05       |      33.93      
   139570    |      17.63       |      28.50      
   139571    |      16.50       |      27.28      
   139572    |      11.00       |      21.74      
   139573    |      10.42       |      21.04      
   139574    |      11.71       |      22.33      
   139575    |      11.29       |      21.80      
   139576    |      14.64       |      25.20      
   139577    |      12.98       |      22.98      
   139578    |      15.63       |      25.77      
   139579    |      14.14       |      22.85      
   139580    |      17.80       |      27.10      
   139581    |      17.35       |      26.02      
   139582    |      17.01       |      25.58      
   139583    |      17.87       |      27.43      
   139584    |      17.39       |      26.88      
   139585    |      17.77       |      27.48      
   139586    |      14.13       |      23.44      
   139587    |      13.70       |      23.04      
   139588    |      12.78       |      21.96      
   139589    |      18.57       |      27.25      
   139590    |      21.56       |      30.65      
   139591    |      20.73       |      27.69      
   139592    |      20.73       |      27.67      
   139593    |      15.08       |      22.03      
   139594    |      19.45       |      27.82      
   139595    |      13.85       |      22.57      
   139596    |      33.20       |      43.28      
   139597    |      30.20       |      39.66      
   139598    |      33.99       |      43.64      
   139599    |      32.86       |      42.19      
   139600    |      24.76       |      33.25      
   139601    |      22.67       |      31.26      
   139602    |      19.66       |      27.64      
   139603    |      16.97       |      25.06      
   139604    |      15.87       |      23.60      
   139605    |      16.58       |      24.29      
   139606    |      14.97       |      21.97      
   139607    |      15.60       |      22.60      
   139608    |      16.07       |      23.28      
   139609    |      11.09       |      18.25      
   139610    |      15.29       |      24.00      
   139611    |      13.63       |      22.44      
   139612    |      12.04       |      20.44      
   139613    |      10.44       |      18.92      
   139614    |      12.31       |      21.26      
   139615    |       8.12       |      17.45      
   139616    |      11.70       |      21.45      
   139617    |       5.56       |      15.86      
   139618    |       6.50       |      16.78      
   139619    |       3.96       |      13.03      
   139620    |      11.90       |      22.00      
   139621    |      12.91       |      23.12      
   139622    |      20.67       |      30.91      
   139623    |      17.65       |      27.88      
   139624    |       7.88       |      18.10      
   139625    |       6.73       |      16.94      
   139626    |       0.63       |      10.22      
   139627    |       1.03       |      11.20      
   139628    |       8.70       |      18.87      
   139629    |       7.60       |      17.70      
   139630    |       9.44       |      19.54      
   139631    |       5.67       |      12.56      
   139632    |      16.48       |      26.27      
   139633    |      14.27       |      21.59      
   139634    |      14.11       |      21.31      
   139635    |      14.29       |      23.20      
   139636    |      20.64       |      12.63      
   139637    |       8.18       |       1.98      
   139638    |      26.03       |      16.01      
   139639    |      24.94       |      14.91      
   139640    |      28.14       |      18.13      
   139641    |      25.43       |      15.49      
   139642    |      23.94       |      14.04      
   139643    |      23.81       |      13.92      
   139644    |      22.09       |      12.25      
   139645    |      20.31       |      10.85      
   139646    |      16.85       |       7.82      
   139647    |      17.86       |       8.93      
   139648    |      15.55       |       7.21      
   139649    |      20.43       |      12.33      
   139650    |      32.53       |      23.13      
   139651    |      32.04       |      22.64      
   139652    |      34.69       |      25.21      
   139653    |      29.75       |      20.06      
   139654    |      26.48       |      16.86      
   139655    |      21.83       |      12.02      
   139656    |      22.93       |      13.13      
   139657    |      23.47       |      13.70      
   139658    |      24.33       |      14.57      
   139659    |      22.99       |      13.22      
   139660    |      26.56       |      16.81      
   139661    |      25.49       |      15.76      
   139662    |      26.77       |      17.05      
   139663    |      28.92       |      19.21      
   139664    |      27.88       |      18.19      
   139665    |      28.60       |      18.93      
   139666    |      30.90       |      21.24      
   139667    |      27.62       |      17.97      
   139668    |      27.70       |      18.07      
   139669    |      26.88       |      17.29      
   139670    |      24.97       |      15.41      
   139671    |      31.11       |      21.57      
   139672    |      22.41       |      12.99      
   139673    |      28.17       |      19.15      
   139674    |      19.00       |      11.01      
   139675    |      17.04       |       8.92      
   139676    |      16.42       |       8.47      
   139677    |      14.86       |       6.81      
   139678    |      19.21       |      10.37      
   139679    |      21.23       |      12.58      
   139680    |      19.02       |      10.68      
   139681    |      24.98       |      16.98      
   139682    |      23.85       |      16.05      
   139683    |      23.30       |      15.49      
   139684    |      30.18       |      21.60      
   139685    |      23.97       |      15.03      
   139686    |      27.73       |      18.65      
   139687    |      23.81       |      14.51      
   139688    |      25.95       |      16.65      
   139689    |      26.18       |      16.90      
   139690    |      30.52       |      21.22      
   139691    |      30.34       |      21.05      
   139692    |      37.70       |      28.40      
   139693    |      34.25       |      24.93      
   139694    |      45.62       |      36.31      
   139695    |      39.34       |      30.25      
   139696    |      50.42       |      41.27      
   139697    |      47.02       |      38.10      
   139698    |      52.72       |      43.74      
   139699    |      50.99       |      42.17      
   139700    |      41.12       |      32.58      
   139701    |      41.24       |      32.68      
   139702    |      32.29       |      24.22      
   139703    |      32.03       |      23.95      
   139704    |      36.09       |      27.76      
   139705    |      31.65       |      23.06      
   139706    |      37.16       |      28.40      
   139707    |      38.59       |      29.92      
   139708    |      34.39       |      25.88      
   139709    |      36.93       |      28.57      
   139710    |      32.92       |      24.80      
   139711    |      31.00       |      22.79      
   139712    |      35.05       |      26.63      
   139713    |      34.25       |      25.80      
   139714    |      44.96       |      36.21      
   139715    |      38.64       |      29.68      
   139716    |      43.83       |      34.85      
   139717    |      40.62       |      31.60      
   139718    |      33.14       |      24.15      
   139719    |      35.63       |      26.72      
   139818    |      19.32       |      30.16      
   139819    |      26.17       |      37.04      
   139820    |      19.23       |      30.07      
   139821    |      22.24       |      32.85      
   139822    |      28.37       |      39.04      
   139823    |      30.95       |      41.80      
   139824    |      25.49       |      36.30      
   139825    |      26.97       |      37.85      
   139826    |      16.75       |      27.62      
   139827    |      17.61       |      28.50      
   139828    |      12.79       |      23.67      
   139829    |      10.99       |      21.73      
   139830    |      16.03       |      26.77      
   139831    |      13.00       |      22.93      
   139832    |      17.40       |      27.58      
   139833    |      16.45       |      26.16      
   139834    |      14.69       |      24.21      
   139835    |      15.68       |      25.78      
   139836    |      14.81       |      24.85      
   139837    |      15.53       |      25.81      
   139838    |      16.68       |      26.99      
   139839    |      14.87       |      24.35      
   139840    |      13.59       |      22.88      
   139841    |      15.72       |      26.04      
   139842    |      12.24       |      22.42      
   139843    |      14.86       |      24.76      
   139844    |      25.08       |      35.36      
   139845    |      20.69       |      28.51      
   139846    |      30.42       |      39.62      
   139847    |      28.69       |      35.40      
   139848    |      23.35       |      27.25      
   139849    |      22.95       |      27.31      
   139850    |      23.80       |      28.81      
   139851    |      21.43       |      26.24      
   139852    |      36.15       |      44.84      
   139853    |      36.60       |      45.51      
   139854    |      34.63       |      43.34      
   139855    |      35.49       |      44.61      
   139856    |      25.11       |      32.82      
   139857    |      18.39       |      26.31      
   139858    |      17.80       |      25.53      
   139859    |      16.51       |      24.26      
   139860    |      16.49       |      24.23      
   139861    |      23.56       |      31.12      
   139862    |      19.26       |      24.94      
   139863    |      19.87       |      25.59      
   139864    |      18.55       |      22.91      
   139865    |      11.15       |      12.58      
   139866    |      15.05       |      23.17      
   139867    |      10.26       |      18.60      
   139868    |      10.53       |      18.96      
   139869    |      14.95       |      23.14      
   139870    |      12.33       |      19.35      
   139871    |       9.61       |      16.50      
   139872    |      10.23       |      17.65      
   139873    |       3.85       |      10.53      
   139874    |       4.34       |      12.79      
   139875    |       2.17       |       8.14      
   139876    |      12.69       |      22.96      
   139877    |      10.97       |      21.22      
   139878    |      20.60       |      30.85      
   139879    |      19.19       |      29.40      
   139880    |       7.15       |      17.16      
   139881    |       7.80       |      17.94      
   139882    |       2.00       |      11.40      
   139883    |       2.21       |      12.26      
   139884    |       8.75       |      18.92      
   139885    |       8.75       |      18.90      
   139886    |       4.74       |      14.85      
   139887    |       2.24       |      11.24      
   139888    |       3.19       |      12.69      
   139889    |       7.99       |      17.98      
   139890    |      10.32       |      20.34      
   139891    |      11.83       |      21.75      
   139892    |       6.18       |       6.14      
   139893    |       8.23       |       2.27      
   139894    |      24.92       |      14.92      
   139895    |      24.73       |      14.74      
   139896    |      25.15       |      15.17      
   139897    |      22.26       |      12.27      
   139898    |      23.63       |      13.66      
   139899    |      19.49       |      10.32      
   139900    |      20.58       |      11.30      
   139901    |      18.39       |      10.79      
   139902    |      18.62       |      10.95      
   139903    |      18.36       |      10.71      
   139904    |      21.51       |      13.05      
   139905    |      15.18       |       6.26      
   139906    |      25.75       |      16.02      
   139907    |      32.60       |      23.25      
   139908    |      35.82       |      26.35      
   139909    |      34.66       |      25.15      
   139910    |      28.52       |      19.27      
   139911    |      26.84       |      17.50      
   139912    |      24.41       |      15.23      
   139913    |      23.31       |      14.06      
   139914    |      28.35       |      18.89      
   139915    |      24.38       |      14.72      
   139916    |      25.91       |      16.24      
   139917    |      26.56       |      16.94      
   139918    |      26.39       |      16.78      
   139919    |      26.75       |      17.17      
   139920    |      25.06       |      15.52      
   139921    |      28.20       |      18.86      
   139922    |      31.60       |      22.19      
   139923    |      31.14       |      21.71      
   139924    |      35.32       |      25.84      
   139925    |      27.64       |      18.01      
   139926    |      25.49       |      15.87      
   139927    |      24.88       |      15.29      
   139928    |      18.12       |       8.58      
   139929    |      22.37       |      12.89      
   139930    |      17.63       |       8.27      
   139931    |      17.89       |       8.58      
   139932    |      11.64       |       3.34      
   139933    |      16.46       |       8.53      
   139934    |      16.64       |       8.67      
   139935    |      20.42       |      12.65      
   139936    |      23.27       |      14.99      
   139937    |      18.80       |      10.21      
   139938    |      25.14       |      16.07      
   139939    |      22.00       |      12.73      
   139940    |      31.20       |      21.83      
   139941    |      28.92       |      19.50      
   139942    |      27.72       |      18.32      
   139943    |      27.38       |      17.98      
   139944    |      26.20       |      16.82      
   139945    |      25.93       |      16.56      
   139946    |      31.71       |      22.35      
   139947    |      30.55       |      21.20      
   139948    |      41.18       |      31.84      
   139949    |      38.08       |      28.82      
   139950    |      50.42       |      41.16      
   139951    |      46.58       |      37.48      
   139952    |      52.72       |      43.59      
   139953    |      50.84       |      41.83      
   139954    |      52.80       |      43.78      
   139955    |      52.60       |      43.60      
   139956    |      44.89       |      36.01      
   139957    |      41.51       |      33.12      
   139958    |      32.63       |      24.81      
   139959    |      36.18       |      28.53      
   139960    |      33.89       |      26.49      
   139961    |      26.84       |      19.09      
   139962    |      38.85       |      30.29      
   139963    |      25.68       |      16.52      
   139964    |      35.78       |      26.64      
   139965    |      28.66       |      20.06      
   139966    |      31.35       |      22.68      
   139967    |      30.89       |      22.32      
   139968    |      35.31       |      26.64      
   139969    |      41.04       |      31.99      
   139970    |      38.93       |      29.89      
   139971    |      39.03       |      30.00      
   139972    |      40.93       |      31.91      
   139973    |      40.50       |      31.50      
   139974    |      35.97       |      26.98      
   139975    |      36.28       |      27.29      
   140074    |      28.83       |      39.41      
   140075    |      36.91       |      47.87      
   140076    |      32.56       |      43.52      
   140077    |      23.39       |      33.38      
   140078    |      25.87       |      35.95      
   140079    |      28.56       |      39.12      
   140080    |      21.41       |      31.83      
   140081    |      25.43       |      36.28      
   140082    |      16.37       |      27.19      
   140083    |      16.77       |      27.61      
   140084    |      11.95       |      22.78      
   140085    |      12.79       |      23.65      
   140086    |      19.54       |      30.37      
   140087    |      16.37       |      26.93      
   140088    |      20.28       |      30.86      
   140089    |      17.82       |      27.80      
   140090    |      13.76       |      23.40      
   140091    |      14.01       |      23.84      
   140092    |      14.27       |      24.10      
   140093    |      14.73       |      24.80      
   140094    |      16.31       |      26.44      
   140095    |      16.75       |      27.01      
   140096    |      12.27       |      22.28      
   140097    |       9.70       |      20.03      
   140098    |      14.00       |      24.44      
   140099    |      18.80       |      28.79      
   140100    |      32.94       |      43.29      
   140101    |      27.92       |      37.04      
   140102    |      30.32       |      39.61      
   140103    |      30.22       |      39.47      
   140104    |      15.99       |      22.09      
   140105    |      20.67       |      26.89      
   140106    |      19.39       |      24.80      
   140107    |      22.26       |      27.83      
   140108    |      31.06       |      39.20      
   140109    |      33.62       |      43.13      
   140110    |      34.32       |      43.84      
   140111    |      33.23       |      42.39      
   140112    |      20.61       |      27.65      
   140113    |      17.36       |      24.42      
   140114    |      17.76       |      24.99      
   140115    |      14.73       |      21.99      
   140116    |      20.39       |      29.17      
   140117    |      20.77       |      29.52      
   140118    |      15.45       |      22.80      
   140119    |      10.99       |      18.37      
   140120    |       9.81       |      11.60      
   140121    |       8.92       |       5.33      
   140122    |       8.70       |      18.02      
   140123    |       7.31       |      16.79      
   140124    |      11.76       |      21.67      
   140125    |      17.82       |      27.21      
   140126    |       9.48       |      16.44      
   140127    |      11.92       |      18.96      
   140128    |      10.37       |      13.77      
   140129    |       8.33       |       8.95      
   140130    |       7.56       |      10.31      
   140131    |       6.98       |       7.08      
   140132    |      11.84       |      21.47      
   140133    |      11.33       |      21.00      
   140134    |      21.34       |      31.35      
   140135    |      19.90       |      29.69      
   140136    |       9.89       |      18.70      
   140137    |       9.89       |      18.68      
   140138    |      10.40       |       6.22      
   140139    |       2.73       |      12.40      
   140140    |       8.90       |      19.01      
   140141    |       8.12       |      13.88      
   140142    |       9.32       |      17.01      
   140143    |      11.08       |      21.03      
   140144    |       7.08       |      16.75      
   140145    |       2.49       |      12.59      
   140146    |       6.46       |      16.56      
   140147    |      10.62       |      20.50      
   140148    |       8.96       |       4.31      
   140149    |       7.94       |       8.02      
   140150    |      25.32       |      15.89      
   140151    |      20.58       |      10.77      
   140152    |      22.25       |      12.42      
   140153    |      16.37       |       6.56      
   140154    |      18.70       |       8.82      
   140155    |      16.30       |       7.28      
   140156    |      15.92       |       7.00      
   140157    |      17.00       |       8.17      
   140158    |      17.40       |       8.50      
   140159    |      17.26       |       8.35      
   140160    |      19.55       |      10.32      
   140161    |      20.70       |      11.58      
   140162    |      21.26       |      12.09      
   140163    |      27.13       |      18.34      
   140164    |      36.04       |      26.68      
   140165    |      32.17       |      23.93      
   140166    |      30.79       |      22.76      
   140167    |      34.11       |      24.94      
   140168    |      28.70       |      19.91      
   140169    |      24.62       |      15.60      
   140170    |      25.04       |      15.99      
   140171    |      29.43       |      20.65      
   140172    |      23.08       |      15.15      
   140173    |      28.86       |      21.11      
   140174    |      30.38       |      22.41      
   140175    |      28.80       |      20.78      
   140176    |      33.23       |      24.73      
   140177    |      25.85       |      16.98      
   140178    |      31.78       |      22.59      
   140179    |      32.02       |      22.86      
   140180    |      34.46       |      25.23      
   140181    |      35.88       |      26.72      
   140182    |      26.06       |      17.51      
   140183    |      26.72       |      18.22      
   140184    |      23.72       |      15.64      
   140185    |      18.74       |      10.37      
   140186    |      24.04       |      15.06      
   140187    |      17.58       |       8.07      
   140188    |      11.39       |       2.24      
   140189    |      11.46       |       2.34      
   140190    |      14.59       |       5.18      
   140191    |      15.81       |       6.55      
   140192    |      26.46       |      17.02      
   140193    |      22.17       |      12.74      
   140194    |      29.63       |      20.20      
   140195    |      25.76       |      16.71      
   140196    |      27.46       |      18.38      
   140197    |      31.35       |      21.96      
   140198    |      29.25       |      19.87      
   140199    |      28.05       |      18.74      
   140200    |      28.50       |      19.21      
   140201    |      26.84       |      17.71      
   140202    |      30.51       |      21.35      
   140203    |      32.01       |      22.74      
   140204    |      45.67       |      36.39      
   140205    |      42.03       |      32.94      
   140206    |      56.22       |      47.05      
   140207    |      51.90       |      43.02      
   140208    |      54.44       |      45.54      
   140209    |      53.76       |      44.93      
   140210    |      50.68       |      41.92      
   140211    |      52.94       |      43.98      
   140212    |      44.38       |      35.56      
   140213    |      44.89       |      36.02      
   140214    |      34.02       |      25.47      
   140215    |      41.18       |      33.00      
   140216    |      28.44       |      21.51      
   140217    |      26.77       |      19.79      
   140218    |      28.41       |      21.15      
   140219    |       8.16       |       4.54      
   140220    |      27.88       |      18.97      
   140221    |      22.16       |      17.45      
   140222    |      34.70       |      27.34      
   140223    |      41.91       |      33.00      
   140224    |      41.72       |      32.83      
   140225    |      50.39       |      41.32      
   140226    |      38.80       |      29.76      
   140227    |      38.57       |      29.54      
   140228    |      40.21       |      31.19      
   140229    |      35.36       |      26.37      
   140230    |      36.39       |      27.42      
   140231    |      34.60       |      25.73      
   140330    |      37.59       |      48.57      
   140331    |      39.86       |      50.86      
   140332    |      32.79       |      43.78      
   140333    |      38.70       |      49.52      
   140334    |      28.75       |      39.54      
   140335    |      25.23       |      35.62      
   140336    |      20.41       |      30.63      
   140337    |      21.34       |      31.78      
   140338    |      15.87       |      26.12      
   140339    |      16.87       |      27.38      
   140340    |      14.43       |      24.87      
   140341    |      13.34       |      23.33      
   140342    |      20.18       |      30.48      
   140343    |      20.45       |      30.81      
   140344    |      17.83       |      28.09      
   140345    |      20.11       |      30.77      
   140346    |      16.55       |      27.16      
   140347    |      13.74       |      23.38      
   140348    |      18.39       |      28.38      
   140349    |      16.85       |      25.50      
   140350    |      16.99       |      25.64      
   140351    |      17.68       |      27.17      
   140352    |      12.52       |      21.10      
   140353    |      18.90       |      27.03      
   140354    |      21.53       |      30.17      
   140355    |      21.60       |      30.32      
   140356    |      28.85       |      38.28      
   140357    |      33.01       |      43.32      
   140358    |      24.35       |      34.46      
   140359    |      27.40       |      37.88      
   140360    |      12.13       |      22.36      
   140361    |      19.91       |      29.37      
   140362    |      14.39       |      23.07      
   140363    |      19.62       |      27.92      
   140364    |      25.84       |      34.97      
   140365    |      26.98       |      36.57      
   140366    |      30.16       |      39.89      
   140367    |      32.64       |      42.80      
   140368    |      13.66       |      22.51      
   140369    |      18.80       |      27.27      
   140370    |      14.86       |      22.05      
   140371    |      14.02       |      21.21      
   140372    |      20.42       |      29.32      
   140373    |      10.65       |      20.41      
   140374    |       7.86       |      17.20      
   140375    |       2.21       |      12.56      
   140376    |       6.93       |       3.51      
   140377    |       5.27       |       6.75      
   140378    |       6.93       |      16.71      
   140379    |       6.26       |      16.13      
   140380    |      16.37       |      26.59      
   140381    |      17.29       |      27.45      
   140382    |       7.44       |      17.11      
   140383    |      10.24       |      19.57      
   140384    |       6.89       |       7.86      
   140385    |       6.87       |       7.53      
   140386    |       7.14       |       7.20      
   140387    |       7.99       |      10.89      
   140388    |      14.43       |      23.57      
   140389    |      13.79       |      22.19      
   140390    |      19.49       |      28.73      
   140391    |      21.70       |      31.54      
   140392    |       7.15       |      14.73      
   140393    |       8.10       |      17.93      
   140394    |       8.74       |       3.19      
   140395    |      10.66       |       0.65      
   140396    |       1.21       |      10.93      
   140397    |       0.31       |       9.89      
   140398    |      11.38       |      21.53      
   140399    |      10.55       |      20.66      
   140400    |       3.45       |      13.46      
   140401    |       6.39       |      16.44      
   140402    |       1.98       |      11.57      
   140403    |       8.46       |      17.49      
   140404    |       6.86       |       8.50      
   140405    |       8.48       |       3.09      
   140406    |      10.83       |       2.56      
   140407    |      21.22       |      11.76      
   140408    |      13.23       |       5.91      
   140409    |      18.74       |      11.08      
   140410    |      17.18       |      10.19      
   140411    |      18.63       |      11.55      
   140412    |      16.21       |      10.47      
   140413    |      19.46       |      13.27      
   140414    |      20.97       |      14.09      
   140415    |      20.18       |      13.36      
   140416    |      26.61       |      18.14      
   140417    |      20.04       |      11.27      
   140418    |      22.24       |      13.18      
   140419    |      21.33       |      12.21      
   140420    |      26.92       |      17.44      
   140421    |      30.05       |      20.76      
   140422    |      33.36       |      23.94      
   140423    |      33.66       |      24.27      
   140424    |      29.55       |      20.36      
   140425    |      27.95       |      18.68      
   140426    |      22.16       |      13.36      
   140427    |      25.71       |      17.14      
   140428    |      15.24       |      10.11      
   140429    |      26.49       |      20.32      
   140430    |      27.33       |      20.91      
   140431    |      33.86       |      27.30      
   140432    |      36.85       |      29.72      
   140433    |      38.30       |      30.38      
   140434    |      35.34       |      27.83      
   140435    |      38.30       |      29.67      
   140436    |      38.90       |      30.24      
   140437    |      35.37       |      26.59      
   140438    |      32.29       |      23.74      
   140439    |      25.59       |      16.68      
   140440    |      30.27       |      21.13      
   140441    |      22.11       |      12.55      
   140442    |      29.89       |      20.33      
   140443    |      24.28       |      14.97      
   140444    |      17.29       |       8.22      
   140445    |      14.13       |       8.13      
   140446    |      19.35       |      11.52      
   140447    |      18.18       |      11.73      
   140448    |      25.86       |      17.82      
   140449    |      28.10       |      19.26      
   140450    |      24.36       |      15.76      
   140451    |      29.66       |      20.25      
   140452    |      26.67       |      17.29      
   140453    |      26.73       |      17.35      
   140454    |      30.18       |      20.81      
   140455    |      29.38       |      20.05      
   140456    |      24.62       |      15.35      
   140457    |      28.22       |      18.85      
   140458    |      33.82       |      24.45      
   140459    |      30.20       |      20.93      
   140460    |      51.83       |      42.51      
   140461    |      46.38       |      37.31      
   140462    |      56.02       |      46.88      
   140463    |      56.30       |      47.15      
   140464    |      50.71       |      41.62      
   140465    |      53.28       |      44.07      
   140466    |      48.33       |      39.16      
   140467    |      49.19       |      39.99      
   140468    |      43.47       |      34.31      
   140469    |      45.72       |      36.64      
   140470    |      39.06       |      30.06      
   140471    |      39.64       |      30.67      
   140472    |      24.40       |      16.02      
   140473    |      14.36       |       5.26      
   140474    |       6.90       |       2.56      
   140475    |       6.52       |       9.15      
   140476    |      15.90       |       8.54      
   140477    |      26.00       |      17.15      
   140478    |      41.10       |      32.08      
   140479    |      48.76       |      40.05      
   140480    |      51.14       |      42.40      
   140481    |      43.67       |      34.69      
   140482    |      38.70       |      29.76      
   140483    |      35.75       |      26.73      
   140484    |      35.13       |      26.13      
   140485    |      32.66       |      23.64      
   140486    |      34.04       |      25.03      
   140587    |      39.60       |      50.26      
   140588    |      40.58       |      51.24      
   140589    |      39.09       |      49.60      
   140590    |      28.68       |      39.02      
   140591    |      29.31       |      39.74      
   140592    |      18.93       |      29.03      
   140593    |      20.02       |      30.43      
   140594    |      16.28       |      26.55      
   140595    |      16.01       |      26.18      
   140596    |      18.68       |      28.94      
   140597    |      16.85       |      26.09      
   140598    |      21.11       |      30.76      
   140599    |      21.38       |      31.15      
   140600    |      16.84       |      26.20      
   140601    |      18.13       |      28.24      
   140602    |      15.92       |      25.89      
   140603    |      17.03       |      27.37      
   140604    |      20.43       |      30.84      
   140605    |      18.59       |      28.47      
   140606    |      20.20       |      30.16      
   140607    |      18.33       |      26.42      
   140608    |      20.58       |      29.13      
   140609    |      20.31       |      27.89      
   140610    |      21.22       |      29.03      
   140611    |      21.58       |      30.18      
   140612    |      25.89       |      35.01      
   140613    |      27.81       |      37.65      
   140614    |      24.28       |      33.93      
   140615    |      24.91       |      34.75      
   140616    |      22.81       |      32.53      
   140617    |      21.21       |      30.07      
   140618    |      19.11       |      27.63      
   140619    |      21.28       |      29.65      
   140620    |      24.89       |      33.77      
   140621    |      25.54       |      34.78      
   140622    |      30.55       |      40.12      
   140623    |      24.35       |      34.31      
   140624    |      16.80       |      26.28      
   140625    |      14.28       |      23.98      
   140626    |      10.44       |      19.62      
   140627    |       5.01       |      14.97      
   140628    |      10.07       |      20.32      
   140629    |       8.56       |      18.95      
   140630    |       2.36       |      12.53      
   140631    |       6.68       |      16.02      
   140632    |       5.92       |       7.04      
   140633    |       6.44       |       9.62      
   140634    |       8.06       |      16.59      
   140635    |       6.39       |      15.07      
   140636    |      17.52       |      27.52      
   140637    |      13.14       |      23.44      
   140638    |       9.03       |      19.28      
   140639    |       6.65       |      17.00      
   140640    |       4.10       |       6.35      
   140641    |       3.56       |       6.79      
   140642    |       1.66       |       8.66      
   140643    |       6.85       |      15.45      
   140644    |      17.72       |      27.61      
   140645    |      15.10       |      23.91      
   140646    |      15.06       |      23.85      
   140647    |      17.92       |      27.83      
   140648    |       5.85       |      14.24      
   140649    |       2.45       |      10.94      
   140650    |      10.89       |       1.84      
   140651    |       9.16       |       4.76      
   140652    |       4.71       |      10.66      
   140653    |       6.07       |      12.58      
   140654    |      13.26       |      22.67      
   140655    |      12.98       |      22.25      
   140656    |       8.82       |      17.24      
   140657    |       9.23       |      15.71      
   140658    |       9.57       |      10.05      
   140659    |       4.30       |      12.07      
   140660    |       5.70       |       7.06      
   140661    |       5.42       |       7.16      
   140662    |       5.16       |       7.48      
   140663    |      14.17       |       9.26      
   140664    |      10.37       |      11.24      
   140665    |      19.83       |      15.92      
   140666    |      21.13       |      16.23      
   140667    |      21.58       |      16.62      
   140668    |      20.52       |      16.28      
   140669    |      20.21       |      16.06      
   140670    |      21.76       |      16.57      
   140671    |      24.33       |      18.83      
   140672    |      29.38       |      22.16      
   140673    |      31.03       |      22.62      
   140674    |      35.08       |      26.26      
   140675    |      21.69       |      12.15      
   140676    |      33.56       |      23.78      
   140677    |      26.53       |      16.73      
   140678    |      27.08       |      17.30      
   140679    |      32.64       |      22.85      
   140680    |      18.74       |       9.20      
   140681    |      30.38       |      21.64      
   140682    |      20.43       |      13.60      
   140683    |      25.15       |      18.24      
   140684    |      20.92       |      15.63      
   140685    |      16.26       |      11.72      
   140686    |      12.66       |      12.09      
   140687    |      32.22       |      27.34      
   140688    |      41.07       |      34.04      
   140689    |      39.04       |      35.39      
   140690    |      47.35       |      41.47      
   140691    |      50.12       |      42.56      
   140692    |      44.21       |      37.42      
   140693    |      52.56       |      43.45      
   140694    |      49.87       |      40.85      
   140695    |      30.74       |      21.13      
   140696    |      44.75       |      35.15      
   140697    |      32.66       |      24.02      
   140698    |      30.16       |      21.69      
   140699    |      31.93       |      23.01      
   140700    |      18.76       |      10.99      
   140701    |      18.88       |      11.01      
   140702    |      22.91       |      14.51      
   140703    |      21.00       |      14.08      
   140704    |      23.41       |      15.97      
   140705    |      25.06       |      16.65      
   140706    |      25.39       |      16.98      
   140707    |      25.02       |      16.77      
   140708    |      25.16       |      16.91      
   140709    |      27.57       |      18.59      
   140710    |      24.00       |      15.19      
   140711    |      30.02       |      20.61      
   140712    |      27.45       |      18.06      
   140713    |      24.63       |      15.38      
   140714    |      36.84       |      27.53      
   140715    |      34.42       |      25.26      
   140716    |      48.80       |      39.56      
   140717    |      51.80       |      42.49      
   140718    |      53.77       |      44.48      
   140719    |      55.18       |      45.87      
   140720    |      49.97       |      40.68      
   140721    |      46.80       |      37.52      
   140722    |      47.98       |      38.72      
   140723    |      41.09       |      32.14      
   140724    |      46.00       |      37.00      
   140725    |      51.73       |      42.50      
   140726    |      39.32       |      30.12      
   140727    |      36.92       |      27.83      
   140728    |      15.19       |       7.00      
   140729    |      13.45       |       8.97      
   140730    |       8.70       |      10.67      
   140731    |      14.32       |       6.00      
   140732    |      25.84       |      16.84      
   140733    |      36.26       |      27.91      
   140734    |      48.73       |      40.00      
   140735    |      44.68       |      35.80      
   140736    |      43.95       |      35.09      
   140737    |      39.97       |      30.98      
   140738    |      35.88       |      26.94      
   140739    |      32.91       |      23.88      
   140740    |      32.67       |      23.66      
   140741    |      31.45       |      22.43      
   140742    |      33.66       |      24.66      
   140844    |      39.56       |      49.94      
   140845    |      40.78       |      51.29      
   140846    |      25.37       |      35.61      
   140847    |      28.18       |      38.83      
   140848    |      18.93       |      29.46      
   140849    |      18.35       |      28.75      
   140850    |      17.79       |      28.15      
   140851    |      16.78       |      26.78      
   140852    |      18.31       |      28.37      
   140853    |      18.76       |      28.97      
   140854    |      20.90       |      31.17      
   140855    |      20.16       |      30.20      
   140856    |      16.29       |      26.09      
   140857    |      16.12       |      25.80      
   140858    |      15.22       |      24.80      
   140859    |      15.88       |      25.86      
   140860    |      19.82       |      29.97      
   140861    |      20.58       |      30.91      
   140862    |      24.93       |      35.32      
   140863    |      21.63       |      30.97      
   140864    |      20.53       |      29.74      
   140865    |      20.06       |      28.81      
   140866    |      19.24       |      27.84      
   140867    |      14.23       |      23.27      
   140868    |      23.31       |      33.15      
   140869    |      23.93       |      33.91      
   140870    |      24.87       |      34.87      
   140871    |      23.98       |      33.75      
   140872    |      23.73       |      33.47      
   140873    |      23.15       |      32.69      
   140874    |      24.18       |      33.76      
   140875    |      22.06       |      30.10      
   140876    |      25.06       |      33.59      
   140877    |      25.28       |      33.98      
   140878    |      26.79       |      35.66      
   140879    |      18.52       |      27.99      
   140880    |      15.35       |      24.41      
   140881    |       8.59       |      18.40      
   140882    |       5.81       |      15.05      
   140883    |       3.69       |      13.31      
   140884    |       8.73       |      18.89      
   140885    |      11.06       |      20.93      
   140886    |       6.76       |      16.04      
   140887    |      15.61       |      23.98      
   140888    |      10.71       |      12.20      
   140889    |      10.91       |      12.57      
   140890    |      11.30       |      17.08      
   140891    |       6.48       |      11.01      
   140892    |      14.24       |      23.72      
   140893    |       6.52       |      16.84      
   140894    |       6.55       |      16.86      
   140895    |       3.84       |      13.01      
   140896    |       4.59       |       7.87      
   140897    |       0.24       |      10.31      
   140898    |       4.78       |      15.09      
   140899    |      12.26       |      21.88      
   140900    |      22.44       |      32.43      
   140901    |      19.22       |      28.43      
   140902    |      16.28       |      25.13      
   140903    |      15.89       |      24.30      
   140904    |      10.36       |      14.29      
   140905    |       8.92       |      11.89      
   140906    |      11.81       |       8.34      
   140907    |      11.80       |       8.56      
   140908    |       9.25       |      14.99      
   140909    |       9.92       |      14.60      
   140910    |      12.67       |      20.37      
   140911    |      13.64       |      22.86      
   140912    |      10.34       |      18.97      
   140913    |      10.22       |      17.94      
   140914    |       8.31       |      12.03      
   140915    |      11.70       |      12.00      
   140916    |      12.11       |      11.49      
   140917    |      10.36       |      11.14      
   140918    |      10.19       |      11.41      
   140919    |      10.08       |      11.41      
   140920    |       9.80       |      12.05      
   140921    |      11.45       |      12.24      
   140922    |      17.81       |      11.20      
   140923    |      17.45       |      10.89      
   140924    |      21.11       |      13.10      
   140925    |      14.05       |       6.00      
   140926    |      14.14       |       6.05      
   140927    |      16.78       |       8.74      
   140928    |      25.02       |      15.66      
   140929    |      29.59       |      20.49      
   140930    |      33.91       |      24.57      
   140931    |      35.80       |      26.19      
   140932    |      34.09       |      24.54      
   140933    |      32.78       |      23.44      
   140934    |      24.91       |      16.19      
   140935    |      29.17       |      20.66      
   140936    |      18.70       |      13.14      
   140937    |      23.75       |      17.73      
   140938    |      22.95       |      17.27      
   140939    |      22.80       |      17.15      
   140940    |      24.88       |      18.40      
   140941    |      19.20       |      13.03      
   140942    |      11.31       |      14.85      
   140943    |      17.34       |      17.22      
   140944    |      22.45       |      17.83      
   140945    |      31.57       |      26.21      
   140946    |      48.41       |      40.32      
   140947    |      49.69       |      41.27      
   140948    |      53.99       |      45.36      
   140949    |      60.43       |      51.06      
   140950    |      49.53       |      40.38      
   140951    |      58.85       |      49.24      
   140952    |      54.25       |      44.66      
   140953    |      45.45       |      35.95      
   140954    |      34.44       |      24.97      
   140955    |      29.22       |      20.44      
   140956    |      18.01       |      10.36      
   140957    |      18.41       |      10.43      
   140958    |      23.38       |      14.83      
   140959    |      22.96       |      14.60      
   140960    |      18.44       |      10.74      
   140961    |      20.90       |      11.94      
   140962    |      27.03       |      17.89      
   140963    |      24.91       |      16.27      
   140964    |      28.18       |      19.37      
   140965    |      25.81       |      17.89      
   140966    |      17.88       |      11.91      
   140967    |      23.18       |      13.93      
   140968    |      30.96       |      21.66      
   140969    |      28.24       |      19.23      
   140970    |      40.61       |      31.42      
   140971    |      37.99       |      29.06      
   140972    |      42.51       |      33.51      
   140973    |      48.41       |      39.10      
   140974    |      50.08       |      40.78      
   140975    |      53.53       |      44.22      
   140976    |      46.79       |      37.50      
   140977    |      47.23       |      37.94      
   140978    |      40.44       |      31.16      
   140979    |      41.34       |      32.08      
   140980    |      51.58       |      42.33      
   140981    |      45.97       |      36.82      
   140982    |      36.95       |      27.85      
   140983    |      31.38       |      23.19      
   140984    |      14.68       |      10.68      
   140985    |      18.51       |       9.54      
   140986    |      14.39       |       5.65      
   140987    |      27.55       |      19.26      
   140988    |      35.57       |      26.90      
   140989    |      36.20       |      27.57      
   140990    |      44.86       |      36.06      
   140991    |      40.45       |      31.48      
   140992    |      40.06       |      31.11      
   140993    |      37.14       |      28.11      
   140994    |      32.96       |      23.96      
   140995    |      29.54       |      20.49      
   140996    |      31.45       |      22.42      
   140997    |      27.00       |      18.21      
   140998    |      30.49       |      21.68      
   141100    |      37.31       |      47.89      
   141101    |      39.19       |      49.91      
   141102    |      24.78       |      35.42      
   141103    |      21.28       |      32.16      
   141104    |      19.51       |      30.37      
   141105    |      18.53       |      29.31      
   141106    |      20.56       |      31.32      
   141107    |      17.85       |      28.17      
   141108    |      18.66       |      28.98      
   141109    |      18.10       |      28.25      
   141110    |      18.79       |      28.95      
   141111    |      20.37       |      30.88      
   141112    |      16.97       |      27.41      
   141113    |      15.73       |      25.79      
   141114    |      19.50       |      29.69      
   141115    |      17.26       |      25.90      
   141116    |      27.76       |      37.42      
   141117    |      25.75       |      33.65      
   141118    |      25.61       |      33.47      
   141119    |      27.04       |      36.57      
   141120    |      21.20       |      30.11      
   141121    |      16.20       |      25.54      
   141122    |      14.20       |      23.26      
   141123    |      18.18       |      26.85      
   141124    |      19.84       |      28.74      
   141125    |      22.79       |      32.89      
   141126    |      20.42       |      30.42      
   141127    |      24.06       |      34.57      
   141128    |      22.50       |      32.98      
   141129    |      23.54       |      33.96      
   141130    |      27.62       |      38.04      
   141131    |      23.64       |      33.48      
   141132    |      22.90       |      32.69      
   141133    |      22.46       |      32.11      
   141134    |      18.73       |      28.09      
   141135    |      14.56       |      24.33      
   141136    |       9.73       |      18.70      
   141137    |       8.87       |      17.92      
   141138    |       6.14       |      13.72      
   141139    |      10.87       |      18.29      
   141140    |      13.36       |      21.77      
   141141    |      17.36       |      25.49      
   141142    |      16.57       |      24.48      
   141143    |      10.21       |      18.54      
   141144    |       7.70       |      10.56      
   141145    |       7.04       |       4.75      
   141146    |       3.37       |      10.15      
   141147    |       3.44       |       6.98      
   141148    |       6.52       |      16.86      
   141149    |       4.18       |      14.05      
   141150    |       3.29       |      12.80      
   141151    |       4.51       |      14.87      
   141152    |       0.07       |      10.29      
   141153    |       6.56       |      15.81      
   141154    |      14.01       |      23.92      
   141155    |      12.62       |      22.03      
   141156    |      26.10       |      36.07      
   141157    |      23.55       |      33.06      
   141158    |      18.19       |      27.31      
   141159    |      17.34       |      25.72      
   141160    |      11.21       |      13.49      
   141161    |      10.69       |      12.48      
   141162    |      12.93       |       9.88      
   141163    |      12.98       |      10.23      
   141164    |      11.96       |      18.49      
   141165    |      13.41       |      17.55      
   141166    |      20.59       |      28.87      
   141167    |      20.95       |      25.92      
   141168    |      19.63       |      20.92      
   141169    |      14.52       |      21.44      
   141170    |      13.25       |      12.50      
   141171    |       8.46       |      12.12      
   141172    |       8.54       |      11.64      
   141173    |      12.65       |      12.03      
   141174    |      12.14       |      17.65      
   141175    |      17.49       |      18.21      
   141176    |      18.82       |      16.92      
   141177    |      12.54       |      14.36      
   141178    |      25.83       |      17.30      
   141179    |      15.25       |       6.24      
   141180    |      24.02       |      14.22      
   141181    |      18.88       |       8.92      
   141182    |      16.04       |       6.10      
   141183    |      13.55       |       4.19      
   141184    |      20.60       |      10.87      
   141185    |      24.23       |      14.33      
   141186    |      22.21       |      12.33      
   141187    |      36.55       |      27.24      
   141188    |      26.40       |      17.98      
   141189    |      35.58       |      27.40      
   141190    |      30.83       |      23.45      
   141191    |      27.47       |      20.11      
   141192    |      25.08       |      18.39      
   141193    |      17.61       |      11.39      
   141194    |      20.36       |      12.97      
   141195    |      19.83       |      12.45      
   141196    |      24.14       |      15.76      
   141197    |      21.39       |      12.87      
   141198    |      13.83       |       8.22      
   141199    |       2.21       |       8.52      
   141200    |      15.59       |       6.05      
   141201    |      16.01       |       6.41      
   141202    |      45.95       |      36.30      
   141203    |      46.20       |      36.56      
   141204    |      60.14       |      50.52      
   141205    |      59.71       |      50.10      
   141206    |      56.61       |      47.01      
   141207    |      58.89       |      49.28      
   141208    |      51.04       |      41.44      
   141209    |      54.27       |      44.68      
   141210    |      38.85       |      29.30      
   141211    |      33.89       |      24.32      
   141212    |      23.91       |      14.36      
   141213    |      17.03       |       8.67      
   141214    |      20.15       |      11.44      
   141215    |      22.13       |      12.90      
   141216    |      16.73       |       7.67      
   141217    |      16.79       |       7.72      
   141218    |      29.36       |      20.02      
   141219    |      27.20       |      18.15      
   141220    |      27.10       |      18.07      
   141221    |      27.51       |      18.42      
   141222    |      17.64       |       9.22      
   141223    |      16.16       |       9.19      
   141224    |      28.62       |      19.89      
   141225    |      31.27       |      22.10      
   141226    |      38.84       |      29.61      
   141227    |      40.19       |      30.90      
   141228    |      43.87       |      34.58      
   141229    |      41.80       |      32.62      
   141230    |      44.54       |      35.35      
   141231    |      49.91       |      40.59      
   141232    |      47.24       |      37.94      
   141233    |      43.50       |      34.25      
   141234    |      41.53       |      32.31      
   141235    |      43.62       |      34.36      
   141236    |      45.63       |      36.39      
   141237    |      39.60       |      30.61      
   141238    |      30.03       |      21.22      
   141239    |      30.61       |      21.72      
   141240    |      19.30       |      10.98      
   141241    |      26.94       |      17.80      
   141242    |      26.29       |      17.17      
   141243    |      30.88       |      21.99      
   141244    |      35.50       |      26.55      
   141245    |      34.01       |      25.01      
   141246    |      40.31       |      31.28      
   141247    |      37.49       |      28.40      
   141248    |      37.10       |      28.03      
   141249    |      34.72       |      25.64      
   141250    |      29.55       |      20.50      
   141251    |      28.38       |      19.35      
   141252    |      26.61       |      17.60      
   141253    |      23.21       |      14.60      
   141254    |      27.18       |      18.49      
   141357    |      37.32       |      48.25      
   141358    |      21.51       |      32.47      
   141359    |      21.21       |      32.17      
   141360    |      23.85       |      34.78      
   141361    |      19.89       |      30.56      
   141362    |      20.47       |      31.13      
   141363    |      20.70       |      31.37      
   141364    |      14.08       |      24.71      
   141365    |      17.73       |      28.63      
   141366    |      17.28       |      28.16      
   141367    |      17.65       |      28.53      
   141368    |      21.28       |      32.14      
   141369    |      16.81       |      27.33      
   141370    |      27.77       |      38.35      
   141371    |      22.24       |      31.25      
   141372    |      32.68       |      42.34      
   141373    |      30.62       |      39.32      
   141374    |      23.71       |      31.46      
   141375    |      24.03       |      32.38      
   141376    |      15.04       |      21.00      
   141377    |      16.11       |      25.50      
   141378    |      17.05       |      26.51      
   141379    |      16.85       |      26.19      
   141380    |      20.68       |      30.29      
   141381    |      19.56       |      28.58      
   141382    |      20.93       |      30.07      
   141383    |      21.49       |      30.92      
   141384    |      21.14       |      30.52      
   141385    |      23.92       |      34.04      
   141386    |      21.06       |      31.10      
   141387    |      27.59       |      38.18      
   141388    |      23.79       |      34.38      
   141389    |      21.89       |      32.40      
   141390    |      16.74       |      27.24      
   141391    |      14.01       |      24.16      
   141392    |      10.09       |      20.16      
   141393    |       8.61       |      17.85      
   141394    |       8.21       |      17.35      
   141395    |      11.72       |      20.42      
   141396    |      15.26       |      24.48      
   141397    |      14.07       |      23.41      
   141398    |       9.82       |      18.40      
   141399    |       0.28       |      10.67      
   141400    |       5.85       |       4.79      
   141401    |       8.50       |       4.41      
   141402    |       4.05       |       8.15      
   141403    |       6.05       |       7.76      
   141404    |       5.16       |      14.55      
   141405    |       5.20       |      14.40      
   141406    |       6.45       |      16.10      
   141407    |       7.72       |      18.07      
   141408    |       7.49       |      17.82      
   141409    |       5.16       |      15.41      
   141410    |      14.83       |      25.08      
   141411    |      13.62       |      23.77      
   141412    |      22.28       |      32.46      
   141413    |      25.51       |      35.79      
   141414    |      17.60       |      27.86      
   141415    |      16.07       |      26.29      
   141416    |       2.00       |       8.26      
   141417    |       4.92       |      13.08      
   141418    |       8.24       |       4.63      
   141419    |       7.91       |       6.64      
   141420    |       8.94       |      17.77      
   141421    |       8.77       |      16.90      
   141422    |      20.96       |      30.61      
   141423    |      19.05       |      27.96      
   141424    |      10.27       |      15.96      
   141425    |      14.16       |      15.76      
   141426    |      19.29       |      13.45      
   141427    |       8.78       |       7.58      
   141428    |       8.92       |       7.43      
   141429    |       3.71       |       8.71      
   141430    |       7.65       |      17.14      
   141431    |       7.28       |      14.72      
   141432    |      12.12       |       5.64      
   141433    |       9.32       |       4.16      
   141434    |      32.12       |      22.14      
   141435    |      23.83       |      14.21      
   141436    |      25.70       |      16.05      
   141437    |      24.50       |      15.08      
   141438    |      15.46       |       7.01      
   141439    |      16.63       |       7.44      
   141440    |      12.53       |       4.20      
   141441    |      20.66       |      10.89      
   141442    |      17.24       |       7.63      
   141443    |      23.09       |      13.92      
   141444    |      24.32       |      15.05      
   141445    |      25.12       |      15.91      
   141446    |      25.54       |      16.31      
   141447    |      27.39       |      18.27      
   141448    |      23.95       |      15.20      
   141449    |      21.40       |      12.52      
   141450    |      21.34       |      12.48      
   141451    |      18.56       |       9.49      
   141452    |      25.03       |      15.54      
   141453    |      22.56       |      12.94      
   141454    |      19.64       |      10.11      
   141455    |      12.45       |       4.04      
   141456    |      24.35       |      14.97      
   141457    |      18.99       |      12.30      
   141458    |      49.89       |      40.69      
   141459    |      47.94       |      38.97      
   141460    |      59.29       |      50.09      
   141461    |      61.11       |      51.78      
   141462    |      50.25       |      41.05      
   141463    |      56.78       |      47.23      
   141464    |      41.11       |      31.59      
   141465    |      50.89       |      41.33      
   141466    |      38.86       |      29.35      
   141467    |      34.58       |      25.35      
   141468    |      24.57       |      15.67      
   141469    |      27.32       |      17.96      
   141470    |      20.53       |      11.37      
   141471    |      18.93       |       9.64      
   141472    |      22.67       |      13.33      
   141473    |      16.62       |       7.46      
   141474    |      30.13       |      20.73      
   141475    |      29.33       |      19.99      
   141476    |      26.82       |      17.52      
   141477    |      26.55       |      17.29      
   141478    |      19.88       |      10.83      
   141479    |      17.94       |       9.78      
   141480    |      26.97       |      18.01      
   141481    |      27.79       |      18.69      
   141482    |      41.02       |      31.76      
   141483    |      39.15       |      30.03      
   141484    |      44.30       |      35.13      
   141485    |      40.21       |      30.94      
   141486    |      44.07       |      34.80      
   141487    |      36.98       |      27.67      
   141488    |      43.39       |      34.11      
   141489    |      39.58       |      30.44      
   141490    |      44.20       |      35.06      
   141491    |      38.18       |      29.74      
   141492    |      41.00       |      32.49      
   141493    |      39.39       |      31.24      
   141494    |      33.33       |      25.58      
   141495    |      36.85       |      28.19      
   141496    |      28.59       |      20.26      
   141497    |      32.98       |      23.94      
   141498    |      30.86       |      21.85      
   141499    |      34.44       |      25.29      
   141500    |      33.85       |      24.72      
   141501    |      34.52       |      25.39      
   141502    |      37.48       |      28.37      
   141503    |      36.04       |      26.95      
   141504    |      34.78       |      25.71      
   141505    |      33.24       |      24.23      
   141506    |      28.51       |      19.53      
   141507    |      24.38       |      16.12      
   141508    |      23.89       |      15.68      
   141509    |      26.06       |      17.31      
   141613    |      27.42       |      38.32      
   141614    |      24.26       |      35.16      
   141615    |      21.17       |      31.79      
   141616    |      23.64       |      34.25      
   141617    |      24.06       |      34.72      
   141618    |      17.79       |      28.42      
   141619    |      20.19       |      31.04      
   141620    |      11.73       |      22.60      
   141621    |      13.91       |      24.81      
   141622    |      17.34       |      28.23      
   141623    |      17.30       |      28.18      
   141624    |      25.34       |      36.19      
   141625    |      21.50       |      32.13      
   141626    |      25.52       |      36.14      
   141627    |      27.48       |      38.22      
   141628    |      26.26       |      36.99      
   141629    |      30.01       |      40.82      
   141630    |      23.79       |      34.59      
   141631    |      17.29       |      27.80      
   141632    |      14.62       |      25.11      
   141633    |      11.12       |      18.91      
   141634    |      16.78       |      25.79      
   141635    |      17.24       |      26.58      
   141636    |      17.65       |      27.01      
   141637    |      19.80       |      29.90      
   141638    |      15.34       |      25.28      
   141639    |      18.66       |      29.17      
   141640    |      20.41       |      30.91      
   141641    |      19.48       |      29.89      
   141642    |      16.81       |      27.18      
   141643    |      20.61       |      31.21      
   141644    |      22.66       |      33.24      
   141645    |      23.88       |      34.48      
   141646    |      22.55       |      33.13      
   141647    |      16.89       |      27.15      
   141648    |       9.81       |      19.96      
   141649    |       9.96       |      20.15      
   141650    |      10.96       |      21.14      
   141651    |      10.01       |      19.89      
   141652    |      13.14       |      23.14      
   141653    |       7.74       |      18.24      
   141654    |       1.32       |      10.96      
   141655    |       3.20       |      13.29      
   141656    |       8.48       |       1.98      
   141657    |       7.15       |       4.27      
   141658    |       5.96       |       5.53      
   141659    |       7.48       |       2.95      
   141660    |       2.80       |      13.01      
   141661    |       2.19       |      10.53      
   141662    |       7.87       |      18.20      
   141663    |       8.15       |      18.50      
   141664    |      11.42       |      21.77      
   141665    |       7.58       |      17.61      
   141666    |      16.33       |      26.46      
   141667    |      15.21       |      25.18      
   141668    |      20.29       |      30.33      
   141669    |      22.25       |      32.44      
   141670    |      14.84       |      24.98      
   141671    |      17.59       |      27.85      
   141672    |       2.68       |      12.88      
   141673    |       4.62       |      14.71      
   141674    |       5.42       |       4.86      
   141675    |       4.47       |       8.68      
   141676    |       5.86       |      14.86      
   141677    |       7.27       |      17.26      
   141678    |      12.24       |      22.28      
   141679    |      20.22       |      30.26      
   141680    |       9.67       |      19.22      
   141681    |       2.71       |      12.83      
   141682    |      10.23       |       1.14      
   141683    |      14.34       |       4.52      
   141684    |      11.66       |       2.52      
   141685    |       6.37       |       4.34      
   141686    |       3.38       |       7.19      
   141687    |      10.66       |      18.56      
   141688    |      16.72       |      10.91      
   141689    |      16.07       |      12.27      
   141690    |      29.95       |      21.56      
   141691    |      33.09       |      23.80      
   141692    |      23.17       |      14.59      
   141693    |      25.96       |      16.51      
   141694    |      14.87       |       6.65      
   141695    |      15.32       |       6.71      
   141696    |       6.47       |       6.08      
   141697    |      12.00       |       2.32      
   141698    |       6.17       |       4.28      
   141699    |      19.66       |      12.28      
   141700    |      19.53       |      12.20      
   141701    |      27.53       |      20.05      
   141702    |      33.32       |      24.85      
   141703    |      26.38       |      17.70      
   141704    |      32.57       |      23.36      
   141705    |      22.85       |      13.16      
   141706    |      19.07       |       9.52      
   141707    |      20.79       |      11.39      
   141708    |      19.14       |       9.87      
   141709    |      26.00       |      17.21      
   141710    |      27.75       |      18.81      
   141711    |      19.69       |      10.24      
   141712    |      35.71       |      26.03      
   141713    |      25.02       |      16.04      
   141714    |      51.79       |      42.34      
   141715    |      49.54       |      40.25      
   141716    |      56.65       |      47.30      
   141717    |      58.31       |      48.86      
   141718    |      46.60       |      37.27      
   141719    |      49.19       |      39.70      
   141720    |      35.07       |      25.71      
   141721    |      40.77       |      31.17      
   141722    |      34.14       |      24.56      
   141723    |      25.32       |      16.32      
   141724    |      27.71       |      18.63      
   141725    |      26.12       |      17.41      
   141726    |      21.55       |      13.30      
   141727    |      23.33       |      14.41      
   141728    |      26.96       |      17.90      
   141729    |      22.65       |      13.29      
   141730    |      31.05       |      21.64      
   141731    |      29.77       |      20.33      
   141732    |      27.83       |      18.42      
   141733    |      26.31       |      16.87      
   141734    |      26.21       |      16.79      
   141735    |      20.35       |      11.64      
   141736    |      24.38       |      15.42      
   141737    |      26.32       |      17.07      
   141738    |      40.70       |      31.37      
   141739    |      37.15       |      27.79      
   141740    |      39.85       |      30.50      
   141741    |      41.57       |      32.24      
   141742    |      37.08       |      27.78      
   141743    |      29.68       |      20.53      
   141744    |      39.51       |      30.34      
   141745    |      35.26       |      26.49      
   141746    |      37.20       |      28.41      
   141747    |      35.62       |      27.10      
   141748    |      38.20       |      29.62      
   141749    |      34.72       |      27.09      
   141750    |      38.99       |      31.08      
   141751    |      40.23       |      32.00      
   141752    |      35.64       |      27.66      
   141753    |      43.44       |      34.38      
   141754    |      34.82       |      25.81      
   141755    |      37.37       |      28.25      
   141756    |      34.62       |      25.52      
   141757    |      34.96       |      25.86      
   141758    |      36.06       |      26.98      
   141759    |      33.91       |      24.92      
   141760    |      33.37       |      24.39      
   141761    |      31.06       |      22.32      
   141762    |      23.89       |      15.34      
   141763    |      23.98       |      15.41      
   141764    |      26.33       |      17.71      
   141765    |      31.40       |      22.39      
   141870    |      21.76       |      32.45      
   141871    |      24.26       |      35.13      
   141872    |      20.84       |      31.72      
   141873    |      23.46       |      34.41      
   141874    |      15.88       |      26.83      
   141875    |      17.99       |      28.89      
   141876    |      13.69       |      24.49      
   141877    |      12.11       |      22.97      
   141878    |      19.63       |      30.53      
   141879    |      17.28       |      28.14      
   141880    |      25.12       |      35.93      
   141881    |      25.33       |      36.14      
   141882    |      22.25       |      33.06      
   141883    |      25.47       |      36.31      
   141884    |      19.80       |      30.61      
   141885    |      27.65       |      38.24      
   141886    |      24.15       |      34.60      
   141887    |      25.82       |      36.20      
   141888    |      28.10       |      38.57      
   141889    |      14.55       |      25.31      
   141890    |      21.82       |      32.53      
   141891    |      15.27       |      25.13      
   141892    |      13.93       |      23.69      
   141893    |      16.10       |      26.46      
   141894    |      10.26       |      20.49      
   141895    |      14.76       |      25.44      
   141896    |      14.58       |      25.25      
   141897    |      21.71       |      32.26      
   141898    |      18.33       |      28.76      
   141899    |      18.31       |      28.74      
   141900    |      23.00       |      33.52      
   141901    |      24.03       |      34.52      
   141902    |      30.37       |      40.93      
   141903    |      22.42       |      32.97      
   141904    |      19.83       |      30.38      
   141905    |      12.02       |      20.59      
   141906    |      10.44       |      18.57      
   141907    |      11.60       |      21.24      
   141908    |       8.67       |      17.99      
   141909    |       1.85       |      12.08      
   141910    |       3.30       |      13.72      
   141911    |       7.45       |      17.39      
   141912    |       6.81       |       4.08      
   141913    |       6.32       |       7.83      
   141914    |       9.28       |       4.54      
   141915    |      11.04       |       0.73      
   141916    |       2.22       |       9.77      
   141917    |       2.55       |      10.20      
   141918    |      10.01       |      19.97      
   141919    |       8.89       |      18.28      
   141920    |      14.15       |      23.89      
   141921    |      12.92       |      22.06      
   141922    |      17.47       |      26.97      
   141923    |      17.46       |      26.94      
   141924    |      21.63       |      31.28      
   141925    |      21.27       |      30.83      
   141926    |      19.50       |      28.95      
   141927    |      17.97       |      26.55      
   141928    |      13.06       |      20.34      
   141929    |      14.17       |      19.02      
   141930    |      13.63       |      14.72      
   141931    |      13.87       |      14.76      
   141932    |      13.72       |      15.55      
   141933    |      10.05       |      16.60      
   141934    |       9.38       |      14.90      
   141935    |      12.14       |      22.24      
   141936    |       2.62       |      12.67      
   141937    |       9.28       |      19.02      
   141938    |       7.20       |       6.91      
   141939    |      10.25       |       1.50      
   141940    |       7.32       |       3.12      
   141941    |      11.61       |       2.25      
   141942    |       6.79       |       4.34      
   141943    |       3.04       |       7.02      
   141944    |      16.29       |       6.36      
   141945    |      13.77       |       4.74      
   141946    |      20.15       |      10.55      
   141947    |      27.39       |      17.41      
   141948    |      17.87       |       8.05      
   141949    |      22.28       |      12.77      
   141950    |      16.73       |       8.06      
   141951    |      14.53       |       5.80      
   141952    |      13.47       |       5.17      
   141953    |       5.30       |       4.92      
   141954    |       3.03       |       7.10      
   141955    |       6.12       |       4.17      
   141956    |       6.33       |       3.93      
   141957    |      19.42       |      12.00      
   141958    |      37.83       |      28.31      
   141959    |      30.85       |      21.09      
   141960    |      39.62       |      29.83      
   141961    |      31.96       |      22.28      
   141962    |      20.10       |      10.54      
   141963    |      19.47       |      10.03      
   141964    |      16.45       |       7.17      
   141965    |      18.86       |       9.15      
   141966    |      24.87       |      15.18      
   141967    |      26.68       |      16.96      
   141968    |      37.43       |      27.73      
   141969    |      35.94       |      26.28      
   141970    |      58.90       |      49.25      
   141971    |      52.11       |      42.75      
   141972    |      54.45       |      45.07      
   141973    |      56.11       |      46.64      
   141974    |      43.59       |      34.24      
   141975    |      45.94       |      36.44      
   141976    |      31.42       |      22.08      
   141977    |      34.66       |      25.10      
   141978    |      17.41       |       8.07      
   141979    |      24.79       |      15.41      
   141980    |      25.22       |      15.85      
   141981    |      22.46       |      13.64      
   141982    |      23.43       |      14.57      
   141983    |      26.53       |      17.15      
   141984    |      28.10       |      18.72      
   141985    |      26.62       |      17.18      
   141986    |      27.68       |      18.25      
   141987    |      31.20       |      21.94      
   141988    |      27.30       |      18.12      
   141989    |      28.12       |      19.01      
   141990    |      33.94       |      24.74      
   141991    |      26.29       |      16.89      
   141992    |      29.04       |      19.65      
   141993    |      24.42       |      15.50      
   141994    |      37.78       |      28.56      
   141995    |      31.59       |      22.23      
   141996    |      41.50       |      32.16      
   141997    |      34.30       |      25.19      
   141998    |      29.89       |      20.85      
   141999    |      29.20       |      20.26      
   142000    |      34.77       |      25.76      
   142001    |      33.11       |      24.33      
   142002    |      34.91       |      26.10      
   142003    |      35.75       |      26.84      
   142004    |      31.85       |      23.03      
   142005    |      29.26       |      21.03      
   142006    |      39.20       |      30.60      
   142007    |      40.32       |      31.57      
   142008    |      44.21       |      35.41      
   142009    |      48.70       |      39.61      
   142010    |      37.60       |      28.56      
   142011    |      38.00       |      28.95      
   142012    |      35.18       |      26.15      
   142013    |      36.06       |      27.00      
   142014    |      33.81       |      24.77      
   142015    |      32.12       |      23.19      
   142016    |      30.71       |      21.80      
   142017    |      28.58       |      19.98      
   142018    |      24.23       |      15.78      
   142019    |      30.80       |      21.76      
   142020    |      31.38       |      22.36      
   142021    |      41.34       |      32.62      
   142126    |      22.40       |      33.40      
   142127    |      21.85       |      32.83      
   142128    |      21.86       |      32.82      
   142129    |      20.89       |      31.82      
   142130    |      16.03       |      26.97      
   142131    |      15.73       |      26.65      
   142132    |      11.61       |      22.53      
   142133    |      13.25       |      24.15      
   142134    |      19.20       |      30.10      
   142135    |      19.62       |      30.51      
   142136    |      23.94       |      34.81      
   142137    |      25.32       |      36.19      
   142138    |      25.58       |      36.43      
   142139    |      22.25       |      33.05      
   142140    |      18.84       |      29.64      
   142141    |      19.51       |      30.31      
   142142    |      20.90       |      31.69      
   142143    |      22.21       |      33.00      
   142144    |      29.59       |      40.35      
   142145    |      25.84       |      36.48      
   142146    |      21.05       |      31.69      
   142147    |      21.78       |      32.44      
   142148    |      10.04       |      20.73      
   142149    |      13.37       |      24.07      
   142150    |      10.51       |      21.16      
   142151    |       9.80       |      20.26      
   142152    |      15.18       |      25.80      
   142153    |      13.14       |      22.44      
   142154    |      19.44       |      29.62      
   142155    |      20.56       |      31.04      
   142156    |      24.66       |      35.21      
   142157    |      22.61       |      33.19      
   142158    |      25.73       |      36.32      
   142159    |      30.94       |      41.43      
   142160    |      26.46       |      36.84      
   142161    |      20.66       |      31.18      
   142162    |       9.71       |      19.63      
   142163    |      12.37       |      22.91      
   142164    |       2.22       |      12.24      
   142165    |       4.39       |      14.64      
   142166    |       7.17       |      17.44      
   142167    |       5.66       |      16.12      
   142168    |       3.16       |       7.41      
   142169    |       2.10       |       9.26      
   142170    |      10.94       |       0.51      
   142171    |      11.37       |       1.10      
   142172    |       1.31       |      10.21      
   142173    |       2.36       |      11.14      
   142174    |      11.67       |      21.73      
   142175    |      10.40       |      20.04      
   142176    |      11.99       |      21.71      
   142177    |      13.64       |      23.74      
   142178    |      14.85       |      24.94      
   142179    |      16.28       |      26.50      
   142180    |      22.22       |      32.44      
   142181    |      20.72       |      30.83      
   142182    |      25.53       |      35.65      
   142183    |      20.34       |      29.41      
   142184    |      19.20       |      28.15      
   142185    |      18.94       |      24.11      
   142186    |      17.03       |      18.60      
   142187    |      18.68       |      19.08      
   142188    |      18.83       |      18.56      
   142189    |      16.47       |      17.78      
   142190    |      16.45       |      17.95      
   142191    |      13.87       |      17.78      
   142192    |      13.81       |      15.23      
   142193    |      10.28       |      15.70      
   142194    |      12.29       |       9.21      
   142195    |       9.70       |       8.56      
   142196    |      11.66       |       7.22      
   142197    |       9.78       |       6.59      
   142198    |       8.56       |       7.63      
   142199    |       9.51       |       7.69      
   142200    |      15.75       |       7.50      
   142201    |      18.12       |       9.83      
   142202    |      19.00       |      10.45      
   142203    |      22.03       |      13.53      
   142204    |      16.70       |      10.29      
   142205    |      21.81       |      14.82      
   142206    |      21.07       |      14.40      
   142207    |      19.74       |      13.23      
   142208    |      20.58       |      13.67      
   142209    |      15.36       |       9.11      
   142210    |      17.66       |      10.13      
   142211    |       3.15       |       7.14      
   142212    |      22.40       |      12.74      
   142213    |      15.73       |      14.66      
   142214    |      35.64       |      27.53      
   142215    |      39.32       |      30.26      
   142216    |      30.95       |      22.31      
   142217    |      39.88       |      30.12      
   142218    |      27.00       |      17.26      
   142219    |      21.41       |      12.77      
   142220    |      24.80       |      15.89      
   142221    |      21.04       |      14.90      
   142222    |      22.19       |      15.71      
   142223    |      26.17       |      17.20      
   142224    |      42.91       |      33.56      
   142225    |      39.78       |      30.86      
   142226    |      62.65       |      53.32      
   142227    |      61.17       |      51.97      
   142228    |      54.51       |      45.43      
   142229    |      55.31       |      46.15      
   142230    |      39.45       |      30.75      
   142231    |      43.70       |      34.39      
   142232    |      22.90       |      14.48      
   142233    |      30.81       |      21.21      
   142234    |      18.78       |       9.20      
   142235    |      17.28       |       7.81      
   142236    |      22.61       |      13.11      
   142237    |      21.94       |      12.50      
   142238    |      21.39       |      11.97      
   142239    |      26.46       |      17.00      
   142240    |      26.55       |      17.10      
   142241    |      28.12       |      18.75      
   142242    |      22.69       |      13.42      
   142243    |      28.39       |      19.55      
   142244    |      28.76       |      19.92      
   142245    |      27.63       |      18.73      
   142246    |      34.12       |      25.05      
   142247    |      43.42       |      34.01      
   142248    |      37.44       |      28.05      
   142249    |      30.64       |      21.86      
   142250    |      28.61       |      19.97      
   142251    |      32.04       |      22.82      
   142252    |      34.52       |      25.29      
   142253    |      24.81       |      15.65      
   142254    |      28.87       |      19.69      
   142255    |      31.84       |      22.55      
   142256    |      32.17       |      22.89      
   142257    |      34.91       |      25.64      
   142258    |      35.00       |      25.74      
   142259    |      33.05       |      23.80      
   142260    |      27.34       |      18.11      
   142261    |      27.71       |      18.49      
   142262    |      39.15       |      29.94      
   142263    |      41.97       |      32.79      
   142264    |      48.40       |      39.22      
   142265    |      45.99       |      36.82      
   142266    |      37.73       |      28.57      
   142267    |      35.73       |      26.61      
   142268    |      35.96       |      26.85      
   142269    |      32.56       |      23.63      
   142270    |      32.20       |      23.30      
   142271    |      31.90       |      23.03      
   142272    |      28.18       |      19.37      
   142273    |      32.30       |      23.24      
   142274    |      30.85       |      21.81      
   142275    |      35.11       |      26.12      
   142276    |      40.74       |      31.74      
   142277    |      43.54       |      34.61      
   142383    |      23.24       |      34.18      
   142384    |      25.15       |      36.10      
   142385    |      22.03       |      33.00      
   142386    |      22.41       |      33.37      
   142387    |      16.11       |      26.75      
   142388    |      12.61       |      23.23      
   142389    |      11.91       |      22.36      
   142390    |      17.30       |      27.78      
   142391    |      19.11       |      29.82      
   142392    |      21.42       |      32.10      
   142393    |      23.83       |      34.64      
   142394    |      23.76       |      34.56      
   142395    |      25.41       |      36.24      
   142396    |      21.12       |      31.95      
   142397    |      18.82       |      29.57      
   142398    |      19.86       |      30.60      
   142399    |      20.87       |      31.63      
   142400    |      27.29       |      38.01      
   142401    |      29.62       |      40.38      
   142402    |      19.46       |      30.22      
   142403    |      21.72       |      32.45      
   142404    |      11.34       |      21.74      
   142405    |      11.57       |      21.95      
   142406    |      10.69       |      20.97      
   142407    |      10.34       |      20.63      
   142408    |      10.81       |      21.13      
   142409    |       9.99       |      20.34      
   142410    |      19.96       |      30.60      
   142411    |      19.54       |      30.18      
   142412    |      23.49       |      34.12      
   142413    |      23.89       |      34.51      
   142414    |      23.24       |      33.85      
   142415    |      25.91       |      36.48      
   142416    |      20.19       |      30.66      
   142417    |      27.13       |      37.40      
   142418    |      17.25       |      26.64      
   142419    |      19.97       |      30.48      
   142420    |       7.25       |      16.63      
   142421    |      12.36       |      22.58      
   142422    |       5.84       |      15.92      
   142423    |       4.16       |      14.56      
   142424    |       1.01       |       9.46      
   142425    |       2.94       |      11.80      
   142426    |      11.59       |       1.22      
   142427    |      10.00       |       3.72      
   142428    |       5.19       |      11.56      
   142429    |       3.19       |       8.34      
   142430    |      12.98       |      23.01      
   142431    |      12.03       |      21.78      
   142432    |      10.61       |      20.28      
   142433    |      11.61       |      21.59      
   142434    |      11.13       |      21.08      
   142435    |      14.70       |      25.01      
   142436    |      23.66       |      33.93      
   142437    |      22.22       |      32.43      
   142438    |      27.01       |      37.21      
   142439    |      25.54       |      35.64      
   142440    |      17.12       |      27.16      
   142441    |      16.80       |      26.79      
   142442    |      12.40       |      22.28      
   142443    |      14.14       |      16.22      
   142444    |      15.56       |      20.91      
   142445    |      22.75       |      22.26      
   142446    |      22.63       |      24.20      
   142447    |      24.24       |      24.84      
   142448    |      24.70       |      23.35      
   142449    |      20.73       |      21.41      
   142450    |      23.37       |      19.46      
   142451    |      18.71       |      16.44      
   142452    |      19.09       |      16.31      
   142453    |      18.65       |      12.39      
   142454    |      17.57       |      12.08      
   142455    |       8.97       |       8.01      
   142456    |      14.41       |       6.78      
   142457    |      16.28       |       8.50      
   142458    |      17.14       |       9.00      
   142459    |      19.52       |      11.34      
   142460    |      13.33       |       9.16      
   142461    |      18.20       |      12.55      
   142462    |      19.77       |      13.17      
   142463    |      21.00       |      14.29      
   142464    |      28.02       |      19.41      
   142465    |      18.02       |       9.08      
   142466    |      22.78       |      13.28      
   142467    |      15.83       |       5.94      
   142468    |      27.11       |      17.25      
   142469    |      22.66       |      13.18      
   142470    |      30.93       |      21.34      
   142471    |      31.56       |      21.92      
   142472    |      27.84       |      18.25      
   142473    |      28.55       |      18.90      
   142474    |      28.65       |      19.01      
   142475    |      27.48       |      17.98      
   142476    |      27.29       |      17.80      
   142477    |      24.70       |      15.76      
   142478    |      26.28       |      17.27      
   142479    |      22.24       |      15.81      
   142480    |      46.32       |      37.43      
   142481    |      45.15       |      36.48      
   142482    |      60.13       |      51.06      
   142483    |      62.68       |      53.37      
   142484    |      52.27       |      43.13      
   142485    |      53.69       |      44.41      
   142486    |      34.13       |      25.42      
   142487    |      37.67       |      28.35      
   142488    |      19.96       |      11.67      
   142489    |      21.85       |      12.74      
   142490    |      17.17       |       8.51      
   142491    |      19.03       |       9.69      
   142492    |      18.81       |       9.50      
   142493    |      22.47       |      12.93      
   142494    |      20.26       |      10.74      
   142495    |      21.13       |      11.64      
   142496    |      28.61       |      19.13      
   142497    |      26.57       |      17.08      
   142498    |      28.90       |      19.43      
   142499    |      23.69       |      14.77      
   142500    |      26.12       |      17.09      
   142501    |      28.50       |      19.16      
   142502    |      43.60       |      34.21      
   142503    |      39.68       |      30.27      
   142504    |      37.35       |      27.95      
   142505    |      43.87       |      34.58      
   142506    |      28.07       |      19.02      
   142507    |      27.76       |      18.76      
   142508    |      25.69       |      16.80      
   142509    |      25.70       |      16.81      
   142510    |      32.61       |      23.53      
   142511    |      31.07       |      21.93      
   142512    |      35.13       |      25.95      
   142513    |      35.40       |      26.24      
   142514    |      33.37       |      24.25      
   142515    |      33.81       |      24.72      
   142516    |      28.18       |      19.22      
   142517    |      34.73       |      26.15      
   142518    |      42.85       |      34.01      
   142519    |      38.11       |      29.09      
   142520    |      46.18       |      37.09      
   142521    |      38.65       |      29.49      
   142522    |      35.70       |      26.55      
   142523    |      34.26       |      25.15      
   142524    |      32.18       |      23.09      
   142525    |      31.30       |      22.24      
   142526    |      31.56       |      22.53      
   142527    |      35.18       |      26.09      
   142528    |      32.23       |      23.16      
   142529    |      33.61       |      24.57      
   142530    |      35.07       |      26.05      
   142531    |      33.84       |      24.81      
   142532    |      43.43       |      34.41      
   142533    |      47.11       |      38.12      
   142639    |      25.96       |      36.90      
   142640    |      24.63       |      35.53      
   142641    |      25.75       |      36.62      
   142642    |      27.38       |      38.26      
   142643    |      22.55       |      33.50      
   142644    |      18.43       |      29.34      
   142645    |      12.44       |      23.26      
   142646    |      17.85       |      28.60      
   142647    |      17.06       |      27.73      
   142648    |      22.10       |      32.74      
   142649    |      21.53       |      32.10      
   142650    |      22.69       |      33.24      
   142651    |      23.81       |      34.46      
   142652    |      18.40       |      29.05      
   142653    |      21.01       |      31.80      
   142654    |      17.00       |      27.79      
   142655    |      20.27       |      31.07      
   142656    |      23.54       |      34.33      
   142657    |      28.39       |      39.11      
   142658    |      22.47       |      33.08      
   142659    |      20.23       |      30.89      
   142660    |      12.56       |      22.83      
   142661    |      11.63       |      21.94      
   142662    |      10.27       |      20.39      
   142663    |      11.36       |      21.41      
   142664    |      14.40       |      24.77      
   142665    |      10.02       |      20.58      
   142666    |      18.25       |      28.91      
   142667    |      19.99       |      30.62      
   142668    |      22.52       |      33.15      
   142669    |      23.84       |      34.44      
   142670    |      21.86       |      32.44      
   142671    |      24.01       |      34.53      
   142672    |      19.02       |      29.42      
   142673    |      21.03       |      31.35      
   142674    |      24.34       |      34.76      
   142675    |      20.02       |      30.53      
   142676    |      24.66       |      35.19      
   142677    |      13.12       |      22.67      
   142678    |      12.50       |      22.00      
   142679    |      12.34       |      17.10      
   142680    |      11.74       |      15.04      
   142681    |       7.98       |       8.87      
   142682    |      11.19       |       5.48      
   142683    |      11.22       |       7.63      
   142684    |       9.06       |      10.66      
   142685    |       8.03       |       7.80      
   142686    |      11.45       |      20.06      
   142687    |      13.25       |      23.05      
   142688    |      15.35       |      25.20      
   142689    |      12.90       |      21.18      
   142690    |      15.97       |      24.77      
   142691    |      15.31       |      22.99      
   142692    |      19.24       |      27.68      
   142693    |      24.06       |      34.06      
   142694    |      23.62       |      33.60      
   142695    |      26.98       |      37.19      
   142696    |      18.07       |      28.27      
   142697    |      16.98       |      27.09      
   142698    |      17.15       |      27.25      
   142699    |      13.70       |      22.86      
   142700    |      23.15       |      32.84      
   142701    |      22.05       |      25.70      
   142702    |      21.45       |      24.06      
   142703    |      23.01       |      24.51      
   142704    |      24.98       |      21.52      
   142705    |      19.52       |      18.09      
   142706    |      21.72       |      17.53      
   142707    |      21.45       |      15.19      
   142708    |      20.50       |      14.83      
   142709    |      20.80       |      13.61      
   142710    |      17.85       |      12.43      
   142711    |      18.06       |      11.47      
   142712    |      17.12       |      11.16      
   142713    |      17.90       |      10.07      
   142714    |      18.18       |      10.25      
   142715    |      17.52       |       9.63      
   142716    |      16.79       |       9.23      
   142717    |      10.47       |       4.35      
   142718    |      19.80       |      10.09      
   142719    |      15.83       |       5.90      
   142720    |      21.40       |      11.47      
   142721    |      26.00       |      16.19      
   142722    |      31.18       |      21.32      
   142723    |      22.83       |      13.17      
   142724    |      33.22       |      23.51      
   142725    |      28.75       |      19.68      
   142726    |      26.44       |      17.50      
   142727    |      30.72       |      21.06      
   142728    |      23.49       |      13.92      
   142729    |      27.24       |      17.43      
   142730    |      25.79       |      16.00      
   142731    |      28.07       |      18.30      
   142732    |      27.94       |      18.19      
   142733    |      26.54       |      16.79      
   142734    |      38.22       |      28.48      
   142735    |      27.56       |      19.19      
   142736    |      46.71       |      37.55      
   142737    |      45.81       |      36.78      
   142738    |      55.58       |      46.38      
   142739    |      58.56       |      49.12      
   142740    |      46.12       |      36.82      
   142741    |      50.53       |      40.96      
   142742    |      30.49       |      21.07      
   142743    |      32.10       |      22.56      
   142744    |      19.70       |      10.36      
   142745    |      18.94       |       9.82      
   142746    |      16.00       |       7.19      
   142747    |      16.72       |       7.58      
   142748    |      16.78       |       7.65      
   142749    |      18.59       |       9.10      
   142750    |      20.63       |      11.14      
   142751    |      20.40       |      10.94      
   142752    |      30.95       |      21.47      
   142753    |      29.02       |      19.64      
   142754    |      35.26       |      25.86      
   142755    |      30.58       |      21.74      
   142756    |      30.98       |      22.14      
   142757    |      28.58       |      20.62      
   142758    |      35.68       |      27.13      
   142759    |      40.47       |      31.22      
   142760    |      44.00       |      34.73      
   142761    |      39.77       |      30.42      
   142762    |      27.68       |      18.41      
   142763    |      27.55       |      18.30      
   142764    |      25.73       |      16.52      
   142765    |      25.16       |      16.03      
   142766    |      30.90       |      21.69      
   142767    |      30.45       |      21.24      
   142768    |      35.21       |      25.98      
   142769    |      33.07       |      23.81      
   142770    |      33.44       |      24.19      
   142771    |      30.44       |      21.21      
   142772    |      33.35       |      24.14      
   142773    |      33.67       |      24.46      
   142774    |      37.73       |      28.54      
   142775    |      36.66       |      27.50      
   142776    |      38.74       |      29.60      
   142777    |      37.57       |      28.47      
   142778    |      34.38       |      25.31      
   142779    |      38.93       |      29.79      
   142780    |      31.15       |      22.03      
   142781    |      39.52       |      30.69      
   142782    |      35.91       |      27.18      
   142783    |      36.67       |      27.99      
   142784    |      34.42       |      25.83      
   142785    |      30.70       |      21.92      
   142786    |      34.10       |      25.25      
   142787    |      28.54       |      19.51      
   142788    |      47.11       |      38.10      
   142895    |      25.64       |      36.64      
   142896    |      22.25       |      33.24      
   142897    |      24.01       |      34.98      
   142898    |      25.85       |      36.82      
   142899    |      26.76       |      37.70      
   142900    |      21.84       |      32.74      
   142901    |      18.11       |      29.05      
   142902    |      23.63       |      34.54      
   142903    |      18.00       |      28.57      
   142904    |      24.67       |      35.22      
   142905    |      22.63       |      32.88      
   142906    |      16.92       |      27.06      
   142907    |      22.57       |      33.38      
   142908    |      12.46       |      23.30      
   142909    |      19.79       |      30.45      
   142910    |      19.00       |      29.62      
   142911    |      18.29       |      28.93      
   142912    |      23.58       |      34.32      
   142913    |      24.29       |      35.00      
   142914    |      18.80       |      29.36      
   142915    |      23.59       |      33.98      
   142916    |      14.94       |      24.19      
   142917    |      16.07       |      25.29      
   142918    |      14.70       |      23.42      
   142919    |      14.88       |      23.28      
   142920    |      19.26       |      28.92      
   142921    |      16.80       |      26.52      
   142922    |      24.43       |      34.80      
   142923    |      19.34       |      29.85      
   142924    |      23.26       |      33.84      
   142925    |      23.11       |      33.68      
   142926    |      23.12       |      33.68      
   142927    |      21.89       |      32.46      
   142928    |      17.79       |      28.29      
   142929    |      18.68       |      29.14      
   142930    |      21.34       |      31.84      
   142931    |      24.29       |      34.71      
   142932    |      31.91       |      42.42      
   142933    |      24.03       |      34.54      
   142934    |      19.06       |      29.57      
   142935    |      12.23       |      21.92      
   142936    |       4.28       |      12.24      
   142937    |       8.92       |       9.47      
   142938    |      10.69       |       7.05      
   142939    |      11.18       |       9.35      
   142940    |      10.79       |       9.93      
   142941    |      10.74       |       9.79      
   142942    |      11.07       |      17.22      
   142943    |      11.07       |      19.90      
   142944    |      12.75       |      21.82      
   142945    |      15.13       |      25.11      
   142946    |      20.14       |      30.18      
   142947    |      16.17       |      24.86      
   142948    |      18.01       |      26.89      
   142949    |      18.07       |      26.98      
   142950    |      20.49       |      29.58      
   142951    |      23.75       |      33.66      
   142952    |      19.11       |      28.93      
   142953    |      18.84       |      28.60      
   142954    |      16.63       |      26.31      
   142955    |      17.54       |      27.42      
   142956    |      17.12       |      26.97      
   142957    |      22.13       |      32.33      
   142958    |       8.47       |      18.66      
   142959    |       4.87       |      13.80      
   142960    |      11.12       |       2.56      
   142961    |      12.88       |      15.35      
   142962    |      19.64       |      12.72      
   142963    |      19.63       |      12.74      
   142964    |      20.54       |      13.23      
   142965    |      21.05       |      12.85      
   142966    |      17.72       |      10.95      
   142967    |      17.61       |      13.98      
   142968    |      21.20       |      14.84      
   142969    |      21.19       |      14.85      
   142970    |      21.45       |      15.00      
   142971    |      24.13       |      14.86      
   142972    |      22.66       |      13.60      
   142973    |      14.94       |       5.55      
   142974    |      20.62       |      10.77      
   142975    |      19.57       |       9.69      
   142976    |      23.62       |      13.70      
   142977    |      21.41       |      11.48      
   142978    |      33.01       |      23.13      
   142979    |      31.41       |      21.59      
   142980    |      30.19       |      20.39      
   142981    |      32.61       |      22.75      
   142982    |      29.67       |      19.82      
   142983    |      25.15       |      15.60      
   142984    |      24.26       |      14.75      
   142985    |      23.76       |      14.35      
   142986    |      23.42       |      14.04      
   142987    |      26.04       |      16.33      
   142988    |      31.81       |      22.11      
   142989    |      28.87       |      19.42      
   142990    |      41.38       |      31.83      
   142991    |      39.55       |      30.17      
   142992    |      46.86       |      37.41      
   142993    |      45.95       |      36.59      
   142994    |      51.07       |      41.67      
   142995    |      54.08       |      44.52      
   142996    |      42.42       |      32.93      
   142997    |      44.96       |      35.35      
   142998    |      29.71       |      20.18      
   142999    |      30.15       |      20.59      
   143000    |      21.31       |      11.87      
   143001    |      19.89       |      10.75      
   143002    |      15.56       |       6.90      
   143003    |      15.92       |       7.04      
   143004    |      15.55       |       6.75      
   143005    |      16.64       |       7.38      
   143006    |      21.15       |      11.76      
   143007    |      20.82       |      11.49      
   143008    |      33.74       |      24.30      
   143009    |      31.53       |      22.25      
   143010    |      34.48       |      25.17      
   143011    |      35.39       |      26.03      
   143012    |      33.48       |      24.16      
   143013    |      30.62       |      21.66      
   143014    |      31.83       |      22.85      
   143015    |      33.58       |      24.36      
   143016    |      40.18       |      30.90      
   143017    |      31.11       |      21.76      
   143018    |      27.27       |      17.94      
   143019    |      31.52       |      22.18      
   143020    |      25.52       |      16.22      
   143021    |      25.37       |      16.08      
   143022    |      30.24       |      20.95      
   143023    |      30.24       |      20.96      
   143024    |      33.07       |      23.80      
   143025    |      30.41       |      21.15      
   143026    |      30.44       |      21.19      
   143027    |      29.48       |      20.26      
   143028    |      33.73       |      24.53      
   143029    |      34.15       |      24.95      
   143030    |      36.63       |      27.45      
   143031    |      36.10       |      26.94      
   143032    |      37.47       |      28.33      
   143033    |      36.77       |      27.65      
   143034    |      39.06       |      29.97      
   143035    |      47.82       |      38.74      
   143036    |      39.08       |      30.07      
   143037    |      45.21       |      36.43      
   143038    |      37.01       |      28.46      
   143039    |      39.00       |      30.56      
   143040    |      32.11       |      24.09      
   143041    |      33.67       |      25.75      
   143042    |      30.86       |      23.23      
   143043    |      33.20       |      25.71      
   143044    |      51.28       |      42.77      
   143152    |      24.16       |      35.16      
   143153    |      21.92       |      32.87      
   143154    |      23.73       |      34.65      
   143155    |      25.50       |      36.45      
   143156    |      18.69       |      29.64      
   143157    |      21.74       |      32.64      
   143158    |      20.32       |      31.19      
   143159    |      25.27       |      35.99      
   143160    |      27.33       |      38.10      
   143161    |      25.84       |      36.63      
   143162    |      18.10       |      28.59      
   143163    |      18.50       |      28.96      
   143164    |      13.56       |      23.36      
   143165    |      17.01       |      26.65      
   143166    |      23.28       |      33.64      
   143167    |      19.51       |      30.01      
   143168    |      26.48       |      37.17      
   143169    |      23.51       |      34.25      
   143170    |      14.58       |      25.03      
   143171    |      20.35       |      30.55      
   143172    |      14.39       |      23.56      
   143173    |      15.26       |      24.42      
   143174    |      15.64       |      24.90      
   143175    |      11.97       |      21.26      
   143176    |      18.53       |      28.84      
   143177    |      16.29       |      26.68      
   143178    |      23.32       |      33.92      
   143179    |      22.95       |      33.55      
   143180    |      25.30       |      35.92      
   143181    |      22.63       |      33.26      
   143182    |      24.01       |      34.63      
   143183    |      22.21       |      32.82      
   143184    |      16.24       |      26.83      
   143185    |      17.20       |      27.77      
   143186    |      18.45       |      29.01      
   143187    |      21.22       |      31.73      
   143188    |      28.43       |      38.97      
   143189    |      31.97       |      42.47      
   143190    |      21.17       |      31.44      
   143191    |      20.93       |      31.12      
   143192    |      10.26       |      17.34      
   143193    |      11.24       |      21.72      
   143194    |       5.04       |       6.63      
   143195    |       8.96       |      15.80      
   143196    |       8.63       |       8.15      
   143197    |      13.45       |      16.26      
   143198    |      14.34       |      19.03      
   143199    |      11.62       |      15.94      
   143200    |      12.45       |      18.14      
   143201    |      12.68       |      21.77      
   143202    |      18.37       |      27.86      
   143203    |      20.33       |      30.26      
   143204    |      25.14       |      35.11      
   143205    |      20.00       |      28.06      
   143206    |      19.89       |      27.91      
   143207    |      20.91       |      29.82      
   143208    |      16.56       |      24.97      
   143209    |      19.28       |      29.01      
   143210    |      11.70       |      21.11      
   143211    |      15.73       |      25.92      
   143212    |       2.48       |      12.70      
   143213    |      20.54       |      29.63      
   143214    |      15.76       |      23.62      
   143215    |      14.82       |      22.67      
   143216    |      11.87       |      16.73      
   143217    |      13.58       |      23.71      
   143218    |      14.11       |       4.37      
   143219    |       9.90       |      11.09      
   143220    |      19.92       |      11.15      
   143221    |      18.77       |      11.99      
   143222    |      15.43       |      11.37      
   143223    |      15.94       |       8.55      
   143224    |      17.39       |       9.33      
   143225    |      17.76       |       9.23      
   143226    |      23.68       |      14.19      
   143227    |      23.68       |      14.20      
   143228    |      22.19       |      12.87      
   143229    |      23.64       |      13.91      
   143230    |      21.10       |      11.54      
   143231    |      19.73       |      10.74      
   143232    |      30.44       |      20.66      
   143233    |      23.65       |      13.72      
   143234    |      36.07       |      26.18      
   143235    |      33.38       |      23.60      
   143236    |      24.96       |      15.25      
   143237    |      29.76       |      19.89      
   143238    |      25.85       |      16.00      
   143239    |      29.54       |      19.84      
   143240    |      33.66       |      23.93      
   143241    |      24.22       |      14.70      
   143242    |      31.06       |      21.46      
   143243    |      25.71       |      17.45      
   143244    |      35.45       |      26.52      
   143245    |      34.68       |      25.94      
   143246    |      35.97       |      27.18      
   143247    |      41.43       |      31.91      
   143248    |      42.59       |      33.08      
   143249    |      45.94       |      36.28      
   143250    |      50.10       |      40.45      
   143251    |      45.55       |      35.87      
   143252    |      41.69       |      32.01      
   143253    |      39.20       |      29.58      
   143254    |      29.46       |      19.90      
   143255    |      32.03       |      22.40      
   143256    |      23.04       |      13.43      
   143257    |      21.11       |      11.52      
   143258    |      14.47       |       4.94      
   143259    |      14.92       |       5.36      
   143260    |      14.81       |       5.27      
   143261    |      15.03       |       5.49      
   143262    |      22.36       |      12.83      
   143263    |      20.99       |      11.52      
   143264    |      32.95       |      23.47      
   143265    |      33.50       |      24.02      
   143266    |      32.86       |      23.40      
   143267    |      33.69       |      24.22      
   143268    |      29.93       |      20.49      
   143269    |      32.76       |      23.37      
   143270    |      33.45       |      24.07      
   143271    |      30.40       |      21.00      
   143272    |      32.33       |      22.94      
   143273    |      31.32       |      21.95      
   143274    |      31.50       |      22.15      
   143275    |      31.05       |      21.70      
   143276    |      29.40       |      20.08      
   143277    |      26.02       |      17.01      
   143278    |      30.73       |      21.61      
   143279    |      27.34       |      18.10      
   143280    |      30.53       |      21.28      
   143281    |      25.27       |      16.08      
   143282    |      29.58       |      20.40      
   143283    |      30.92       |      21.70      
   143284    |      34.17       |      24.97      
   143285    |      41.96       |      32.83      
   143286    |      36.29       |      27.23      
   143287    |      39.22       |      30.28      
   143288    |      37.27       |      28.39      
   143289    |      36.72       |      27.82      
   143290    |      47.99       |      38.96      
   143291    |      46.88       |      37.83      
   143292    |      44.53       |      35.51      
   143293    |      47.83       |      38.92      
   143294    |      38.28       |      29.56      
   143295    |      43.35       |      34.87      
   143296    |      33.49       |      25.49      
   143297    |      38.24       |      30.54      
   143298    |      33.80       |      26.58      
   143299    |      46.56       |      39.83      
   143300    |      52.63       |      45.34      
   143408    |      20.88       |      31.87      
   143409    |      25.20       |      36.09      
   143410    |      24.59       |      35.44      
   143411    |      25.38       |      36.20      
   143412    |      19.97       |      30.54      
   143413    |      20.98       |      31.49      
   143414    |      15.84       |      25.71      
   143415    |      26.45       |      36.00      
   143416    |      31.04       |      41.13      
   143417    |      30.87       |      40.95      
   143418    |      28.15       |      37.95      
   143419    |      19.77       |      29.83      
   143420    |      20.53       |      30.67      
   143421    |      11.11       |      21.70      
   143422    |      21.15       |      31.97      
   143423    |      20.49       |      31.31      
   143424    |      23.81       |      34.61      
   143425    |      25.37       |      36.17      
   143426    |      15.46       |      26.14      
   143427    |      13.35       |      24.08      
   143428    |       9.67       |      20.26      
   143429    |       9.95       |      20.52      
   143430    |      15.91       |      26.62      
   143431    |      10.09       |      20.62      
   143432    |      14.96       |      25.45      
   143433    |      15.94       |      26.50      
   143434    |      17.43       |      27.97      
   143435    |      22.40       |      33.06      
   143436    |      25.46       |      36.11      
   143437    |      24.36       |      34.98      
   143438    |      25.70       |      36.30      
   143439    |      23.35       |      33.88      
   143440    |      16.22       |      26.78      
   143441    |      15.76       |      26.29      
   143442    |      20.44       |      30.92      
   143443    |      17.75       |      28.02      
   143444    |      22.60       |      32.86      
   143445    |      27.72       |      38.22      
   143446    |      15.32       |      25.85      
   143447    |      19.24       |      29.71      
   143448    |      15.99       |      26.38      
   143449    |      11.51       |      22.00      
   143450    |      11.00       |      21.47      
   143451    |       5.44       |      15.00      
   143452    |      13.76       |      23.70      
   143453    |      13.63       |      16.37      
   143454    |      15.19       |      20.25      
   143455    |      17.41       |      19.60      
   143456    |      16.98       |      18.03      
   143457    |      13.30       |      18.66      
   143458    |      17.96       |      25.35      
   143459    |      19.37       |      28.39      
   143460    |      24.18       |      33.44      
   143461    |      25.84       |      35.51      
   143462    |      12.10       |      21.06      
   143463    |      15.40       |      25.48      
   143464    |      13.40       |      23.45      
   143465    |      13.38       |      23.42      
   143466    |       7.51       |      17.48      
   143467    |      10.53       |      20.77      
   143468    |       1.86       |       9.73      
   143469    |       5.06       |      13.69      
   143470    |       7.48       |      17.16      
   143471    |      11.58       |      21.02      
   143472    |      22.68       |      32.80      
   143473    |      13.44       |      23.51      
   143474    |       4.99       |      15.07      
   143475    |       6.54       |       8.96      
   143476    |      14.87       |       5.79      
   143477    |      14.26       |       6.05      
   143478    |      14.58       |       6.22      
   143479    |      13.53       |       9.29      
   143480    |      18.76       |      10.81      
   143481    |      19.94       |      10.82      
   143482    |      23.63       |      14.10      
   143483    |      27.89       |      17.88      
   143484    |      22.86       |      12.87      
   143485    |      23.92       |      13.93      
   143486    |      17.33       |       7.36      
   143487    |      21.95       |      12.37      
   143488    |      33.34       |      23.53      
   143489    |      32.24       |      22.56      
   143490    |      36.75       |      27.04      
   143491    |      36.82       |      27.11      
   143492    |      26.04       |      16.51      
   143493    |      25.58       |      16.14      
   143494    |      20.12       |      10.98      
   143495    |      25.88       |      16.03      
   143496    |      35.66       |      25.83      
   143497    |      34.06       |      24.26      
   143498    |      36.99       |      27.20      
   143499    |      31.64       |      22.24      
   143500    |      29.24       |      19.93      
   143501    |      32.95       |      23.26      
   143502    |      29.07       |      19.41      
   143503    |      32.37       |      22.63      
   143504    |      41.92       |      32.20      
   143505    |      39.67       |      29.99      
   143506    |      45.53       |      35.85      
   143507    |      41.89       |      32.35      
   143508    |      39.41       |      29.90      
   143509    |      37.48       |      28.15      
   143510    |      32.72       |      23.54      
   143511    |      33.54       |      24.25      
   143512    |      23.96       |      15.10      
   143513    |      27.31       |      17.83      
   143514    |      17.17       |       8.02      
   143515    |      14.45       |       4.97      
   143516    |      16.57       |       7.07      
   143517    |      14.81       |       5.27      
   143518    |      22.36       |      12.83      
   143519    |      21.19       |      11.68      
   143520    |      27.59       |      18.10      
   143521    |      32.59       |      23.33      
   143522    |      32.72       |      23.47      
   143523    |      33.55       |      24.24      
   143524    |      34.30       |      25.01      
   143525    |      29.86       |      20.43      
   143526    |      33.51       |      24.10      
   143527    |      37.62       |      28.25      
   143528    |      32.58       |      23.25      
   143529    |      32.60       |      23.27      
   143530    |      26.77       |      17.51      
   143531    |      30.86       |      21.53      
   143532    |      29.23       |      19.91      
   143533    |      31.88       |      22.56      
   143534    |      30.30       |      21.00      
   143535    |      27.64       |      18.50      
   143536    |      25.31       |      16.24      
   143537    |      26.27       |      17.26      
   143538    |      31.16       |      22.07      
   143539    |      35.32       |      26.43      
   143540    |      42.25       |      33.23      
   143541    |      50.11       |      41.40      
   143542    |      40.75       |      32.40      
   143543    |      46.64       |      38.55      
   143544    |      40.11       |      32.50      
   143545    |      42.09       |      34.57      
   143546    |      49.92       |      41.85      
   143547    |      42.46       |      34.11      
   143548    |      48.86       |      40.27      
   143549    |      43.38       |      34.59      
   143550    |      42.56       |      33.81      
   143551    |      41.71       |      32.93      
   143552    |      36.21       |      27.63      
   143553    |      44.16       |      35.99      
   143554    |      42.38       |      34.31      
   143555    |      43.63       |      35.64      
   143556    |      46.27       |      38.15      
   143557    |      50.80       |      42.89      
   143664    |      21.15       |      31.97      
   143665    |      22.28       |      33.06      
   143666    |      18.53       |      29.05      
   143667    |      28.20       |      38.36      
   143668    |      23.60       |      33.10      
   143669    |      24.71       |      34.18      
   143670    |      27.06       |      36.90      
   143671    |      14.48       |      24.76      
   143672    |      25.83       |      36.68      
   143673    |      27.01       |      37.83      
   143674    |      23.78       |      34.52      
   143675    |      23.54       |      34.27      
   143676    |      22.32       |      33.00      
   143677    |      17.49       |      28.30      
   143678    |      26.27       |      37.10      
   143679    |      20.60       |      31.25      
   143680    |      24.89       |      35.49      
   143681    |      23.55       |      34.03      
   143682    |      15.02       |      25.54      
   143683    |      14.51       |      24.94      
   143684    |       9.41       |      19.84      
   143685    |       8.92       |      19.20      
   143686    |      13.18       |      23.48      
   143687    |      15.28       |      25.85      
   143688    |      13.03       |      23.60      
   143689    |      15.08       |      25.75      
   143690    |      13.78       |      24.44      
   143691    |      18.34       |      28.99      
   143692    |      22.25       |      32.90      
   143693    |      26.61       |      37.20      
   143694    |      28.29       |      38.89      
   143695    |      26.59       |      37.20      
   143696    |      22.98       |      33.55      
   143697    |      16.31       |      26.89      
   143698    |      20.41       |      30.95      
   143699    |      20.57       |      31.10      
   143700    |      21.95       |      32.46      
   143701    |      22.93       |      33.45      
   143702    |      15.75       |      26.28      
   143703    |      15.22       |      25.74      
   143704    |      16.48       |      26.98      
   143705    |      14.68       |      25.12      
   143706    |      11.87       |      22.32      
   143707    |      10.56       |      20.92      
   143708    |      13.69       |      24.01      
   143709    |      13.55       |      23.85      
   143710    |      11.17       |      21.47      
   143711    |       7.87       |      16.90      
   143712    |       3.98       |      10.19      
   143713    |       4.19       |      10.01      
   143714    |       9.56       |      18.70      
   143715    |      12.45       |      22.62      
   143716    |      15.65       |      25.79      
   143717    |      22.49       |      32.82      
   143718    |      14.02       |      24.23      
   143719    |      10.32       |      20.62      
   143720    |      10.72       |      21.01      
   143721    |      13.74       |      23.94      
   143722    |       8.12       |      17.96      
   143723    |       8.52       |      18.32      
   143724    |       5.05       |      12.94      
   143725    |       3.21       |      10.20      
   143726    |      11.04       |      21.23      
   143727    |       6.36       |      16.29      
   143728    |      19.52       |      29.47      
   143729    |      21.82       |      31.89      
   143730    |       3.16       |      13.31      
   143731    |       5.50       |      15.51      
   143732    |      12.52       |       4.53      
   143733    |      10.32       |       2.24      
   143734    |       8.32       |       2.78      
   143735    |       5.54       |       9.79      
   143736    |      18.88       |       9.12      
   143737    |      19.23       |       9.38      
   143738    |      28.12       |      18.12      
   143739    |      32.95       |      23.01      
   143740    |      23.76       |      13.87      
   143741    |      25.38       |      15.62      
   143742    |      21.90       |      12.24      
   143743    |      25.52       |      16.21      
   143744    |      31.27       |      21.75      
   143745    |      33.40       |      23.62      
   143746    |      34.24       |      24.48      
   143747    |      36.15       |      26.29      
   143748    |      26.21       |      16.39      
   143749    |      25.51       |      15.75      
   143750    |      25.01       |      15.27      
   143751    |      20.99       |      12.41      
   143752    |      31.25       |      21.99      
   143753    |      36.06       |      26.30      
   143754    |      33.58       |      23.84      
   143755    |      36.76       |      26.97      
   143756    |      27.81       |      18.03      
   143757    |      27.81       |      18.05      
   143758    |      27.48       |      17.73      
   143759    |      28.61       |      18.89      
   143760    |      39.69       |      29.97      
   143761    |      37.48       |      27.82      
   143762    |      41.75       |      32.09      
   143763    |      39.50       |      29.95      
   143764    |      37.18       |      27.67      
   143765    |      38.51       |      28.93      
   143766    |      33.18       |      23.65      
   143767    |      33.15       |      23.64      
   143768    |      27.41       |      17.98      
   143769    |      28.27       |      18.78      
   143770    |      20.87       |      11.52      
   143771    |      16.92       |       7.35      
   143772    |      20.35       |      10.79      
   143773    |      17.01       |       7.98      
   143774    |      21.73       |      12.46      
   143775    |      21.65       |      12.41      
   143776    |      23.62       |      14.34      
   143777    |      27.60       |      18.11      
   143778    |      33.57       |      24.11      
   143779    |      30.70       |      21.32      
   143780    |      34.27       |      24.90      
   143781    |      38.87       |      29.43      
   143782    |      37.37       |      27.95      
   143783    |      37.94       |      28.53      
   143784    |      30.02       |      20.65      
   143785    |      32.19       |      22.81      
   143786    |      25.03       |      15.68      
   143787    |      26.33       |      17.03      
   143788    |      31.71       |      22.42      
   143789    |      32.28       |      22.98      
   143790    |      30.19       |      20.91      
   143791    |      38.86       |      29.70      
   143792    |      26.50       |      17.62      
   143793    |      38.20       |      29.97      
   143794    |      37.20       |      29.05      
   143795    |      41.33       |      33.37      
   143796    |      50.92       |      42.46      
   143797    |      48.92       |      40.39      
   143798    |      45.71       |      37.32      
   143799    |      50.54       |      42.35      
   143800    |      41.82       |      34.22      
   143801    |      43.63       |      36.11      
   143802    |      44.71       |      37.10      
   143803    |      40.69       |      32.94      
   143804    |      45.48       |      37.41      
   143805    |      34.15       |      25.55      
   143806    |      41.61       |      32.79      
   143807    |      40.80       |      31.96      
   143808    |      42.39       |      33.53      
   143809    |      51.18       |      42.66      
   143810    |      43.16       |      34.98      
   143811    |      51.09       |      43.28      
   143812    |      51.10       |      43.30      
   143813    |      59.09       |      51.60      
   143921    |      20.41       |      31.35      
   143922    |      12.33       |      22.73      
   143923    |      20.59       |      30.62      
   143924    |      21.09       |      31.18      
   143925    |      21.11       |      31.19      
   143926    |      29.88       |      40.58      
   143927    |      21.66       |      32.55      
   143928    |      24.50       |      35.41      
   143929    |      25.53       |      36.41      
   143930    |      23.90       |      34.75      
   143931    |      22.86       |      33.72      
   143932    |      25.61       |      36.47      
   143933    |      20.54       |      31.35      
   143934    |      32.45       |      43.14      
   143935    |      26.24       |      36.36      
   143936    |      30.75       |      40.87      
   143937    |      26.81       |      36.02      
   143938    |      17.67       |      26.18      
   143939    |      17.77       |      26.39      
   143940    |      10.83       |      17.74      
   143941    |      11.08       |      20.09      
   143942    |       6.98       |      14.80      
   143943    |      13.36       |      24.09      
   143944    |       9.86       |      20.56      
   143945    |      14.56       |      25.08      
   143946    |      12.52       |      22.90      
   143947    |      16.61       |      26.80      
   143948    |      20.03       |      30.44      
   143949    |      25.20       |      35.45      
   143950    |      27.83       |      38.20      
   143951    |      30.85       |      41.13      
   143952    |      32.06       |      42.38      
   143953    |      23.44       |      33.94      
   143954    |      27.93       |      38.49      
   143955    |      20.51       |      31.07      
   143956    |      18.99       |      29.54      
   143957    |      22.67       |      33.22      
   143958    |      17.70       |      28.20      
   143959    |      16.15       |      26.66      
   143960    |      16.21       |      26.71      
   143961    |      17.18       |      27.65      
   143962    |      14.32       |      24.72      
   143963    |      12.56       |      23.00      
   143964    |       9.42       |      19.73      
   143965    |      16.47       |      26.47      
   143966    |      12.82       |      22.25      
   143967    |      15.73       |      25.08      
   143968    |      12.32       |      20.14      
   143969    |       6.25       |      12.75      
   143970    |      13.85       |      24.07      
   143971    |       8.30       |      18.66      
   143972    |      13.09       |      23.42      
   143973    |      15.78       |      26.12      
   143974    |      11.49       |      21.76      
   143975    |      14.18       |      24.34      
   143976    |      12.02       |      22.05      
   143977    |      11.62       |      21.66      
   143978    |       9.70       |      19.54      
   143979    |       7.89       |      17.82      
   143980    |       5.55       |      14.92      
   143981    |       2.36       |      11.86      
   143982    |       7.92       |      18.12      
   143983    |      11.53       |      21.60      
   143984    |      10.16       |      20.14      
   143985    |      23.28       |      32.80      
   143986    |      15.75       |      23.62      
   143987    |       9.75       |      17.00      
   143988    |       9.34       |      14.42      
   143989    |      10.36       |       2.72      
   143990    |      13.70       |       4.56      
   143991    |      12.17       |      16.45      
   143992    |      22.04       |      16.04      
   143993    |      26.00       |      19.88      
   143994    |      35.66       |      27.65      
   143995    |      25.59       |      17.02      
   143996    |      26.58       |      17.91      
   143997    |      22.46       |      13.44      
   143998    |      25.59       |      16.34      
   143999    |      22.01       |      12.44      
   144000    |      30.78       |      21.03      
   144001    |      26.66       |      16.74      
   144002    |      33.83       |      23.92      
   144003    |      30.42       |      20.53      
   144004    |      27.31       |      17.45      
   144005    |      25.87       |      16.00      
   144006    |      23.97       |      14.11      
   144007    |      24.55       |      14.71      
   144008    |      31.07       |      21.24      
   144009    |      29.43       |      19.61      
   144010    |      34.48       |      24.68      
   144011    |      33.37       |      23.60      
   144012    |      27.11       |      17.36      
   144013    |      27.91       |      18.15      
   144014    |      28.57       |      18.83      
   144015    |      27.67       |      17.96      
   144016    |      37.67       |      27.96      
   144017    |      40.58       |      30.95      
   144018    |      39.76       |      30.14      
   144019    |      39.99       |      30.39      
   144020    |      38.77       |      29.20      
   144021    |      32.65       |      23.00      
   144022    |      33.01       |      23.38      
   144023    |      30.75       |      21.19      
   144024    |      28.26       |      18.74      
   144025    |      29.67       |      20.09      
   144026    |      23.38       |      13.84      
   144027    |      20.76       |      11.20      
   144028    |      20.48       |      10.94      
   144029    |      20.39       |      10.86      
   144030    |      23.80       |      14.28      
   144031    |      21.62       |      12.30      
   144032    |      23.66       |      14.31      
   144033    |      23.53       |      14.21      
   144034    |      24.24       |      14.93      
   144035    |      30.70       |      21.33      
   144036    |      38.64       |      29.26      
   144037    |      37.64       |      28.31      
   144038    |      37.70       |      28.38      
   144039    |      40.93       |      31.54      
   144040    |      28.58       |      19.20      
   144041    |      29.79       |      20.46      
   144042    |      22.39       |      13.10      
   144043    |      25.20       |      16.12      
   144044    |      32.38       |      23.23      
   144045    |      32.78       |      23.60      
   144046    |      38.15       |      28.97      
   144047    |      48.41       |      39.16      
   144048    |      35.53       |      26.37      
   144049    |      46.31       |      37.58      
   144050    |      39.74       |      31.27      
   144051    |      44.01       |      35.74      
   144052    |      49.07       |      40.59      
   144053    |      50.83       |      42.42      
   144054    |      49.95       |      41.59      
   144055    |      47.20       |      38.74      
   144056    |      41.61       |      33.43      
   144057    |      45.52       |      37.53      
   144058    |      40.98       |      33.33      
   144059    |      41.59       |      33.97      
   144060    |      37.50       |      30.32      
   144061    |      32.80       |      25.44      
   144062    |      42.43       |      34.23      
   144063    |      45.44       |      37.38      
   144064    |      51.70       |      43.35      
   144065    |      55.15       |      46.94      
   144066    |      50.60       |      42.63      
   144067    |      57.22       |      49.52      
   144068    |      58.18       |      50.43      
   144069    |      64.92       |      57.41      
   144177    |      25.70       |      36.37      
   144178    |      19.95       |      30.10      
   144179    |      12.03       |      22.52      
   144180    |      19.89       |      30.80      
   144181    |      16.95       |      27.90      
   144182    |      21.37       |      32.31      
   144183    |      28.80       |      39.66      
   144184    |      26.01       |      36.79      
   144185    |      25.53       |      36.31      
   144186    |      29.05       |      39.89      
   144187    |      23.32       |      34.20      
   144188    |      28.64       |      39.50      
   144189    |      24.86       |      35.60      
   144190    |      37.03       |      47.67      
   144191    |      32.56       |      42.86      
   144192    |      27.79       |      38.07      
   144193    |      30.41       |      40.94      
   144194    |      14.49       |      25.13      
   144195    |      14.76       |      25.40      
   144196    |       9.98       |      20.67      
   144197    |       6.91       |      16.51      
   144198    |       6.60       |      16.14      
   144199    |       6.43       |      14.66      
   144200    |       5.00       |      11.37      
   144201    |      10.01       |      20.67      
   144202    |       8.27       |      18.86      
   144203    |      12.52       |      22.90      
   144204    |      17.56       |      28.15      
   144205    |      19.31       |      29.84      
   144206    |      18.50       |      28.99      
   144207    |      28.90       |      39.10      
   144208    |      32.01       |      42.34      
   144209    |      31.55       |      41.75      
   144210    |      40.51       |      50.98      
   144211    |      27.05       |      37.64      
   144212    |      24.65       |      35.22      
   144213    |      18.72       |      29.17      
   144214    |      12.15       |      22.64      
   144215    |      17.47       |      27.99      
   144216    |      14.80       |      25.27      
   144217    |      16.99       |      27.39      
   144218    |      13.66       |      23.88      
   144219    |      15.61       |      25.74      
   144220    |      12.53       |      22.28      
   144221    |      11.19       |      20.98      
   144222    |       8.70       |      17.63      
   144223    |      14.41       |      23.38      
   144224    |      13.58       |      22.21      
   144225    |      10.21       |      18.72      
   144226    |      15.50       |      25.41      
   144227    |      14.95       |      24.87      
   144228    |      18.47       |      28.61      
   144229    |      13.65       |      23.94      
   144230    |       9.39       |      19.47      
   144231    |      12.78       |      22.67      
   144232    |      11.63       |      21.37      
   144233    |      13.17       |      22.83      
   144234    |       9.76       |      18.46      
   144235    |      12.90       |      21.60      
   144236    |      11.33       |      19.09      
   144237    |       9.70       |      17.28      
   144238    |      13.18       |      22.48      
   144239    |      10.33       |      19.69      
   144240    |       7.54       |      15.25      
   144241    |      15.76       |      24.01      
   144242    |      15.07       |      22.98      
   144243    |      15.57       |      23.49      
   144244    |      16.89       |      25.35      
   144245    |       3.65       |      10.76      
   144246    |      14.11       |       6.30      
   144247    |      27.00       |      19.78      
   144248    |      24.85       |      18.16      
   144249    |      37.47       |      30.80      
   144250    |      32.42       |      27.01      
   144251    |      21.95       |      17.30      
   144252    |      26.45       |      20.05      
   144253    |      17.90       |      11.76      
   144254    |      23.97       |      15.99      
   144255    |      15.86       |       7.25      
   144256    |      21.98       |      12.65      
   144257    |      26.65       |      16.73      
   144258    |      28.27       |      18.36      
   144259    |      30.43       |      20.52      
   144260    |      28.99       |      19.11      
   144261    |      27.40       |      17.53      
   144262    |      26.90       |      17.04      
   144263    |      24.37       |      14.65      
   144264    |      29.11       |      19.38      
   144265    |      31.23       |      21.42      
   144266    |      31.86       |      22.06      
   144267    |      34.29       |      24.51      
   144268    |      31.69       |      21.92      
   144269    |      27.30       |      17.64      
   144270    |      34.56       |      24.87      
   144271    |      30.14       |      21.00      
   144272    |      41.33       |      31.90      
   144273    |      38.22       |      28.69      
   144274    |      40.19       |      30.64      
   144275    |      31.17       |      21.51      
   144276    |      32.66       |      23.01      
   144277    |      27.73       |      18.54      
   144278    |      31.17       |      21.90      
   144279    |      33.92       |      24.39      
   144280    |      29.79       |      20.31      
   144281    |      31.08       |      21.53      
   144282    |      24.75       |      15.26      
   144283    |      23.37       |      13.83      
   144284    |      19.59       |      10.08      
   144285    |      20.46       |      11.03      
   144286    |      26.29       |      16.82      
   144287    |      23.74       |      14.23      
   144288    |      21.73       |      12.23      
   144289    |      23.22       |      13.76      
   144290    |      26.98       |      17.53      
   144291    |      23.96       |      14.54      
   144292    |      37.91       |      28.47      
   144293    |      44.13       |      34.84      
   144294    |      36.97       |      27.78      
   144295    |      41.19       |      31.79      
   144296    |      26.40       |      17.05      
   144297    |      28.60       |      19.23      
   144298    |      29.01       |      19.65      
   144299    |      23.49       |      14.69      
   144300    |      41.99       |      32.77      
   144301    |      36.16       |      27.91      
   144302    |      50.35       |      41.52      
   144303    |      54.32       |      45.65      
   144304    |      47.41       |      38.99      
   144305    |      42.64       |      34.02      
   144306    |      42.91       |      34.29      
   144307    |      43.42       |      34.84      
   144308    |      49.58       |      40.82      
   144309    |      51.30       |      42.62      
   144310    |      46.96       |      38.43      
   144311    |      44.38       |      35.75      
   144312    |      43.70       |      35.10      
   144313    |      44.90       |      36.37      
   144314    |      39.68       |      31.40      
   144315    |      44.99       |      36.95      
   144316    |      33.87       |      26.93      
   144317    |      47.04       |      40.50      
   144318    |      49.48       |      42.67      
   144319    |      50.15       |      43.37      
   144320    |      57.77       |      50.33      
   144321    |      53.43       |      45.85      
   144322    |      56.92       |      49.12      
   144323    |      57.41       |      49.65      
   144324    |      62.99       |      54.95      
   144325    |      66.49       |      58.58      
   144434    |      22.25       |      33.11      
   144435    |      15.81       |      26.80      
   144436    |      20.39       |      31.36      
   144437    |      18.86       |      29.79      
   144438    |      19.18       |      30.09      
   144439    |      21.35       |      32.29      
   144440    |      22.86       |      33.78      
   144441    |      24.66       |      35.58      
   144442    |      27.54       |      38.44      
   144443    |      28.09       |      38.99      
   144444    |      28.27       |      39.14      
   144445    |      28.98       |      39.85      
   144446    |      30.42       |      41.28      
   144447    |      39.35       |      50.13      
   144448    |      28.04       |      38.47      
   144449    |      32.74       |      43.03      
   144450    |      26.45       |      36.14      
   144451    |      19.60       |      29.43      
   144452    |      24.68       |      35.04      
   144453    |      10.17       |      20.95      
   144454    |      12.59       |      23.33      
   144455    |       7.29       |      16.25      
   144456    |       4.75       |       8.53      
   144457    |       1.72       |      11.15      
   144458    |       3.96       |      14.05      
   144459    |       7.79       |      18.47      
   144460    |       9.01       |      19.68      
   144461    |      19.00       |      29.35      
   144462    |      19.39       |      29.74      
   144463    |      19.27       |      27.68      
   144464    |      31.71       |      41.90      
   144465    |      32.16       |      42.49      
   144466    |      40.14       |      50.64      
   144467    |      39.68       |      50.13      
   144468    |      29.01       |      39.07      
   144469    |      31.68       |      42.22      
   144470    |      19.89       |      30.11      
   144471    |      13.42       |      23.85      
   144472    |      11.64       |      21.97      
   144473    |      16.51       |      26.64      
   144474    |      14.28       |      24.16      
   144475    |      15.21       |      25.05      
   144476    |      13.82       |      23.42      
   144477    |      13.06       |      22.66      
   144478    |       9.17       |      15.78      
   144479    |      13.49       |      20.96      
   144480    |      13.17       |      20.22      
   144481    |      17.73       |      25.28      
   144482    |      21.33       |      30.28      
   144483    |      19.18       |      28.13      
   144484    |      23.69       |      33.35      
   144485    |      20.21       |      29.95      
   144486    |      15.62       |      24.58      
   144487    |      12.56       |      21.52      
   144488    |      10.57       |      18.36      
   144489    |      16.92       |      25.04      
   144490    |      15.15       |      21.96      
   144491    |      15.74       |      22.61      
   144492    |      16.75       |      24.45      
   144493    |      12.71       |      20.05      
   144494    |      16.46       |      25.53      
   144495    |      13.83       |      22.93      
   144496    |      10.53       |      17.70      
   144497    |       9.59       |      16.56      
   144498    |      10.52       |      18.64      
   144499    |      13.80       |      22.07      
   144500    |      11.70       |      16.38      
   144501    |      23.42       |      30.52      
   144502    |      31.84       |      26.57      
   144503    |      29.68       |      24.54      
   144504    |      36.56       |      29.60      
   144505    |      30.68       |      23.67      
   144506    |      22.84       |      18.55      
   144507    |      23.74       |      19.36      
   144508    |      22.81       |      18.94      
   144509    |      19.53       |      16.24      
   144510    |      19.95       |      16.36      
   144511    |      20.15       |      15.10      
   144512    |      21.67       |      15.92      
   144513    |      23.62       |      15.37      
   144514    |      25.33       |      16.86      
   144515    |      28.96       |      19.37      
   144516    |      24.34       |      14.92      
   144517    |      29.09       |      19.21      
   144518    |      25.97       |      16.11      
   144519    |      26.84       |      16.99      
   144520    |      34.43       |      24.60      
   144521    |      29.50       |      19.91      
   144522    |      32.86       |      23.25      
   144523    |      32.62       |      23.03      
   144524    |      34.22       |      24.63      
   144525    |      32.99       |      23.55      
   144526    |      39.83       |      30.30      
   144527    |      36.60       |      27.54      
   144528    |      39.36       |      30.21      
   144529    |      30.83       |      21.29      
   144530    |      31.61       |      22.07      
   144531    |      21.08       |      11.88      
   144532    |      27.45       |      18.04      
   144533    |      26.35       |      17.13      
   144534    |      34.15       |      24.76      
   144535    |      36.00       |      26.47      
   144536    |      31.20       |      21.73      
   144537    |      31.81       |      22.31      
   144538    |      24.84       |      15.44      
   144539    |      26.93       |      17.39      
   144540    |      21.54       |      12.03      
   144541    |      19.60       |      10.05      
   144542    |      26.62       |      17.10      
   144543    |      26.32       |      16.81      
   144544    |      25.08       |      15.58      
   144545    |      22.19       |      12.93      
   144546    |      36.12       |      26.71      
   144547    |      29.95       |      21.65      
   144548    |      45.73       |      36.71      
   144549    |      45.49       |      36.52      
   144550    |      33.59       |      25.10      
   144551    |      37.03       |      27.86      
   144552    |      34.23       |      25.13      
   144553    |      30.13       |      22.28      
   144554    |      37.42       |      28.99      
   144555    |      35.10       |      27.78      
   144556    |      46.48       |      38.23      
   144557    |      46.15       |      38.00      
   144558    |      53.29       |      44.82      
   144559    |      54.36       |      45.70      
   144560    |      43.95       |      35.74      
   144561    |      35.51       |      26.89      
   144562    |      42.59       |      33.76      
   144563    |      40.39       |      31.47      
   144564    |      49.92       |      40.87      
   144565    |      52.20       |      43.23      
   144566    |      43.83       |      35.03      
   144567    |      44.31       |      35.54      
   144568    |      44.25       |      35.48      
   144569    |      47.38       |      38.76      
   144570    |      43.63       |      35.16      
   144571    |      54.56       |      46.54      
   144572    |      44.37       |      37.08      
   144573    |      47.28       |      40.10      
   144574    |      48.37       |      41.09      
   144575    |      45.12       |      37.74      
   144576    |      52.40       |      44.50      
   144577    |      53.54       |      45.70      
   144578    |      56.64       |      48.65      
   144579    |      60.66       |      52.82      
   144580    |      65.93       |      57.86      
   144581    |      64.64       |      56.53      
   144582    |      66.68       |      58.50      
   144690    |      21.18       |      32.14      
   144691    |      21.74       |      32.67      
   144692    |      22.87       |      33.81      
   144693    |      20.91       |      31.87      
   144694    |      21.96       |      32.91      
   144695    |      19.39       |      30.33      
   144696    |      17.22       |      28.15      
   144697    |      24.33       |      35.14      
   144698    |      25.29       |      36.10      
   144699    |      29.80       |      40.49      
   144700    |      30.30       |      40.99      
   144701    |      30.45       |      41.13      
   144702    |      28.67       |      39.28      
   144703    |      34.15       |      44.60      
   144704    |      30.24       |      40.44      
   144705    |      29.33       |      39.55      
   144706    |      27.55       |      37.60      
   144707    |      24.16       |      34.30      
   144708    |      27.23       |      37.58      
   144709    |      24.19       |      34.63      
   144710    |      23.13       |      33.49      
   144711    |      13.36       |      24.05      
   144712    |       5.43       |      11.14      
   144713    |       7.53       |      16.96      
   144714    |       5.23       |      14.06      
   144715    |       0.56       |      10.32      
   144716    |       8.72       |      19.31      
   144717    |      11.29       |      15.88      
   144718    |      15.05       |      24.47      
   144719    |      15.02       |      24.59      
   144720    |      30.79       |      41.36      
   144721    |      29.89       |      40.46      
   144722    |      37.45       |      48.05      
   144723    |      34.39       |      44.71      
   144724    |      34.24       |      44.54      
   144725    |      33.66       |      43.78      
   144726    |      24.75       |      34.07      
   144727    |      27.98       |      38.52      
   144728    |      13.22       |      23.17      
   144729    |      13.37       |      23.49      
   144730    |      13.43       |      23.53      
   144731    |      13.14       |      22.56      
   144732    |      14.38       |      24.06      
   144733    |      13.53       |      23.21      
   144734    |       9.36       |      16.56      
   144735    |       8.30       |      15.18      
   144736    |       8.56       |      13.24      
   144737    |      14.08       |      20.91      
   144738    |      17.63       |      26.61      
   144739    |      21.34       |      30.29      
   144740    |      27.29       |      37.05      
   144741    |      22.66       |      32.54      
   144742    |      19.07       |      28.57      
   144743    |      13.23       |      22.90      
   144744    |       8.40       |      14.96      
   144745    |      12.14       |      19.43      
   144746    |      12.72       |      20.57      
   144747    |      11.76       |      19.53      
   144748    |      14.23       |      23.21      
   144749    |      12.31       |      21.29      
   144750    |      15.28       |      24.87      
   144751    |      14.54       |      24.14      
   144752    |       9.36       |      16.70      
   144753    |       9.82       |      17.23      
   144754    |      10.29       |      12.72      
   144755    |      18.07       |      24.30      
   144756    |      17.51       |      21.42      
   144757    |      28.75       |      28.28      
   144758    |      34.20       |      30.23      
   144759    |      28.65       |      25.34      
   144760    |      34.52       |      28.85      
   144761    |      26.09       |      20.84      
   144762    |      24.00       |      19.72      
   144763    |      23.53       |      19.33      
   144764    |      21.49       |      18.56      
   144765    |      21.52       |      18.79      
   144766    |      22.93       |      19.27      
   144767    |      23.05       |      20.27      
   144768    |      24.40       |      20.78      
   144769    |      24.40       |      19.63      
   144770    |      24.31       |      19.60      
   144771    |      26.28       |      18.31      
   144772    |      22.54       |      15.35      
   144773    |      25.08       |      16.09      
   144774    |      29.48       |      20.24      
   144775    |      28.21       |      19.38      
   144776    |      39.33       |      29.99      
   144777    |      37.56       |      28.59      
   144778    |      37.79       |      28.83      
   144779    |      36.30       |      27.82      
   144780    |      36.96       |      28.45      
   144781    |      37.24       |      28.63      
   144782    |      36.87       |      28.30      
   144783    |      40.42       |      31.07      
   144784    |      32.02       |      22.98      
   144785    |      24.40       |      14.90      
   144786    |      18.74       |       9.49      
   144787    |      20.77       |      11.14      
   144788    |      25.97       |      16.34      
   144789    |      25.20       |      15.56      
   144790    |      35.99       |      26.35      
   144791    |      34.70       |      25.07      
   144792    |      31.74       |      22.13      
   144793    |      34.34       |      24.76      
   144794    |      26.44       |      16.90      
   144795    |      27.05       |      17.49      
   144796    |      25.02       |      15.49      
   144797    |      22.15       |      12.98      
   144798    |      27.38       |      18.07      
   144799    |      27.23       |      17.95      
   144800    |      30.62       |      21.30      
   144801    |      27.11       |      18.57      
   144802    |      40.90       |      31.78      
   144803    |      38.56       |      29.87      
   144804    |      42.34       |      33.51      
   144805    |      44.94       |      35.76      
   144806    |      34.79       |      25.85      
   144807    |      33.27       |      24.70      
   144808    |      43.47       |      34.53      
   144809    |      39.11       |      31.45      
   144810    |      41.46       |      33.61      
   144811    |      40.77       |      33.27      
   144812    |      39.39       |      32.06      
   144813    |      43.99       |      35.15      
   144814    |      51.01       |      42.03      
   144815    |      42.46       |      33.24      
   144816    |      34.12       |      24.97      
   144817    |      47.18       |      38.62      
   144818    |      42.20       |      33.87      
   144819    |      45.61       |      37.45      
   144820    |      53.96       |      45.45      
   144821    |      46.26       |      37.45      
   144822    |      44.40       |      35.64      
   144823    |      42.09       |      33.25      
   144824    |      46.47       |      37.56      
   144825    |      52.77       |      44.10      
   144826    |      52.39       |      43.74      
   144827    |      52.77       |      44.15      
   144828    |      43.72       |      35.44      
   144829    |      35.75       |      27.10      
   144830    |      41.04       |      32.24      
   144831    |      44.59       |      35.95      
   144832    |      50.45       |      41.68      
   144833    |      55.78       |      47.21      
   144834    |      57.90       |      49.29      
   144835    |      59.72       |      51.18      
   144836    |      62.74       |      54.13      
   144837    |      68.19       |      59.76      
   144838    |      63.99       |      55.69      
   144946    |      22.51       |      33.09      
   144947    |      23.68       |      34.21      
   144948    |      27.35       |      38.06      
   144949    |      23.75       |      34.56      
   144950    |      26.16       |      37.02      
   144951    |      22.20       |      33.13      
   144952    |      17.29       |      28.12      
   144953    |      18.44       |      29.22      
   144954    |      22.58       |      33.45      
   144955    |      25.44       |      36.23      
   144956    |      25.48       |      36.26      
   144957    |      30.70       |      41.33      
   144958    |      27.84       |      38.34      
   144959    |      29.74       |      40.17      
   144960    |      29.53       |      39.94      
   144961    |      28.92       |      39.34      
   144962    |      26.25       |      36.48      
   144963    |      26.68       |      36.88      
   144964    |      27.95       |      38.23      
   144965    |      27.69       |      37.97      
   144966    |      27.62       |      37.88      
   144967    |      22.94       |      33.34      
   144968    |      13.39       |      22.08      
   144969    |      13.37       |      23.86      
   144970    |       6.37       |      13.26      
   144971    |      11.00       |      13.93      
   144972    |      10.40       |      15.13      
   144973    |      10.80       |      15.23      
   144974    |      18.60       |      28.75      
   144975    |      11.91       |      22.30      
   144976    |      27.90       |      38.53      
   144977    |      29.55       |      40.17      
   144978    |      30.75       |      41.35      
   144979    |      29.23       |      39.79      
   144980    |      29.88       |      40.43      
   144981    |      29.60       |      40.13      
   144982    |      28.70       |      39.20      
   144983    |      28.61       |      39.09      
   144984    |      15.11       |      24.83      
   144985    |      17.37       |      27.90      
   144986    |       9.70       |      20.04      
   144987    |       9.61       |      19.92      
   144988    |      11.52       |      21.91      
   144989    |      10.65       |      20.17      
   144990    |       9.12       |      17.97      
   144991    |       5.65       |      14.19      
   144992    |       5.46       |      12.38      
   144993    |       4.51       |      10.35      
   144994    |       7.14       |      17.28      
   144995    |      14.74       |      24.51      
   144996    |      20.81       |      31.00      
   144997    |      25.86       |      35.89      
   144998    |      20.75       |      30.39      
   144999    |      18.23       |      27.93      
   145000    |      11.69       |      19.30      
   145001    |       7.55       |      14.42      
   145002    |       8.74       |      17.39      
   145003    |      10.26       |      18.93      
   145004    |       9.36       |      17.37      
   145005    |      16.56       |      24.90      
   145006    |      15.58       |      23.43      
   145007    |      21.43       |      29.53      
   145008    |      18.21       |      23.44      
   145009    |      18.47       |      23.75      
   145010    |      20.92       |      20.09      
   145011    |      23.94       |      25.89      
   145012    |      25.86       |      25.13      
   145013    |      29.95       |      28.30      
   145014    |      31.58       |      28.84      
   145015    |      28.22       |      26.06      
   145016    |      31.03       |      27.22      
   145017    |      24.28       |      21.45      
   145018    |      25.50       |      21.90      
   145019    |      23.33       |      20.08      
   145020    |      22.48       |      19.81      
   145021    |      19.81       |      17.77      
   145022    |      19.06       |      17.72      
   145023    |      19.04       |      14.05      
   145024    |      25.38       |      18.13      
   145025    |      24.07       |      20.41      
   145026    |      26.43       |      21.61      
   145027    |      26.43       |      22.26      
   145028    |      28.54       |      23.48      
   145029    |      28.54       |      23.44      
   145030    |      39.54       |      32.03      
   145031    |      38.48       |      32.09      
   145032    |      41.93       |      34.96      
   145033    |      43.77       |      35.60      
   145034    |      36.84       |      29.46      
   145035    |      39.05       |      30.47      
   145036    |      33.75       |      25.66      
   145037    |      35.70       |      26.81      
   145038    |      30.94       |      22.41      
   145039    |      34.34       |      24.92      
   145040    |      22.26       |      13.50      
   145041    |      24.49       |      15.05      
   145042    |      16.54       |       7.65      
   145043    |      18.43       |       8.89      
   145044    |      27.00       |      17.39      
   145045    |      25.54       |      16.06      
   145046    |      35.03       |      25.48      
   145047    |      39.83       |      30.47      
   145048    |      35.28       |      26.03      
   145049    |      32.15       |      22.76      
   145050    |      26.53       |      17.26      
   145051    |      26.87       |      17.55      
   145052    |      25.89       |      16.62      
   145053    |      25.61       |      16.40      
   145054    |      32.99       |      23.65      
   145055    |      29.05       |      20.50      
   145056    |      33.72       |      24.91      
   145057    |      32.76       |      24.23      
   145058    |      40.77       |      31.88      
   145059    |      41.36       |      32.38      
   145060    |      43.99       |      34.97      
   145061    |      42.51       |      33.74      
   145062    |      40.97       |      32.27      
   145063    |      38.44       |      30.59      
   145064    |      46.62       |      38.24      
   145065    |      46.28       |      38.01      
   145066    |      37.73       |      30.09      
   145067    |      39.42       |      31.06      
   145068    |      32.26       |      24.48      
   145069    |      34.66       |      25.95      
   145070    |      42.93       |      33.99      
   145071    |      43.47       |      34.47      
   145072    |      45.50       |      36.49      
   145073    |      51.08       |      42.28      
   145074    |      44.23       |      35.65      
   145075    |      45.30       |      36.78      
   145076    |      47.03       |      38.46      
   145077    |      36.20       |      27.16      
   145078    |      41.38       |      32.29      
   145079    |      40.67       |      31.57      
   145080    |      51.11       |      41.97      
   145081    |      52.51       |      43.40      
   145082    |      51.12       |      42.03      
   145083    |      46.04       |      36.89      
   145084    |      34.72       |      25.61      
   145085    |      38.35       |      29.35      
   145086    |      43.43       |      34.39      
   145087    |      49.71       |      40.88      
   145088    |      54.59       |      45.69      
   145089    |      57.50       |      48.69      
   145090    |      58.70       |      49.89      
   145091    |      59.38       |      50.59      
   145092    |      66.30       |      57.43      
   145094    |      63.44       |      54.79      
   145202    |      25.79       |      36.14      
   145203    |      23.16       |      33.60      
   145204    |      25.97       |      36.58      
   145205    |      28.45       |      38.97      
   145206    |      32.63       |      43.32      
   145207    |      26.21       |      37.06      
   145208    |      22.64       |      33.38      
   145209    |      16.84       |      27.74      
   145210    |      15.31       |      26.17      
   145211    |      24.63       |      35.15      
   145212    |      24.55       |      35.06      
   145213    |      27.74       |      38.14      
   145214    |      27.73       |      38.12      
   145215    |      28.70       |      39.05      
   145216    |      28.70       |      39.05      
   145217    |      30.34       |      40.63      
   145218    |      27.37       |      37.41      
   145219    |      27.65       |      37.95      
   145220    |      27.90       |      38.20      
   145221    |      28.13       |      38.54      
   145222    |      27.21       |      37.55      
   145223    |      26.89       |      37.05      
   145224    |      19.48       |      28.53      
   145225    |      19.43       |      29.51      
   145226    |      11.97       |      14.89      
   145227    |      11.96       |      14.89      
   145228    |      11.50       |      15.87      
   145229    |      11.54       |      15.88      
   145230    |      19.75       |      29.80      
   145231    |      19.07       |      29.12      
   145232    |      29.74       |      40.30      
   145233    |      29.29       |      39.78      
   145234    |      30.28       |      40.77      
   145235    |      31.91       |      42.51      
   145236    |      29.13       |      39.70      
   145237    |      31.42       |      41.98      
   145238    |      26.73       |      37.29      
   145239    |      26.94       |      37.49      
   145240    |      17.70       |      28.22      
   145241    |      18.45       |      28.99      
   145242    |       9.31       |      19.71      
   145243    |      10.20       |      20.71      
   145244    |       7.36       |      17.82      
   145245    |       7.89       |      18.37      
   145246    |       4.80       |      15.22      
   145247    |       4.41       |      14.59      
   145248    |       3.00       |      10.94      
   145249    |       3.15       |      11.17      
   145250    |       5.08       |      15.15      
   145251    |       7.85       |      17.71      
   145252    |      11.34       |      21.55      
   145253    |      23.03       |      32.76      
   145254    |      20.25       |      29.65      
   145255    |      22.04       |      31.39      
   145256    |      17.82       |      26.19      
   145257    |      10.23       |      18.32      
   145258    |       9.21       |      15.17      
   145259    |      13.84       |      20.86      
   145260    |      13.11       |      17.53      
   145261    |      17.50       |      23.35      
   145262    |      17.15       |      21.34      
   145263    |      24.75       |      30.80      
   145264    |      24.12       |      27.32      
   145265    |      27.40       |      31.60      
   145266    |      28.95       |      28.84      
   145267    |      26.94       |      27.41      
   145268    |      29.16       |      27.43      
   145269    |      27.78       |      26.35      
   145270    |      28.60       |      26.52      
   145271    |      30.08       |      27.74      
   145272    |      29.41       |      27.53      
   145273    |      27.21       |      25.78      
   145274    |      28.25       |      26.03      
   145275    |      26.59       |      24.70      
   145276    |      25.58       |      24.52      
   145277    |      27.53       |      26.04      
   145278    |      26.37       |      25.88      
   145279    |      26.09       |      25.69      
   145280    |      33.00       |      28.61      
   145281    |      32.98       |      28.02      
   145282    |      31.50       |      27.11      
   145283    |      31.67       |      27.93      
   145284    |      27.67       |      26.26      
   145285    |      26.34       |      20.72      
   145286    |      30.93       |      24.05      
   145287    |      34.40       |      25.39      
   145288    |      36.12       |      27.04      
   145289    |      35.16       |      26.37      
   145290    |      28.13       |      20.04      
   145291    |      31.02       |      21.77      
   145292    |      28.94       |      19.80      
   145293    |      30.12       |      20.72      
   145294    |      27.39       |      18.10      
   145295    |      28.57       |      19.06      
   145296    |      21.60       |      12.39      
   145297    |      20.06       |      10.72      
   145298    |      22.12       |      12.71      
   145299    |      18.37       |      11.13      
   145300    |      30.12       |      21.23      
   145301    |      29.10       |      20.54      
   145302    |      40.59       |      31.49      
   145303    |      36.44       |      27.15      
   145304    |      33.90       |      24.68      
   145305    |      32.98       |      23.93      
   145306    |      26.36       |      17.68      
   145307    |      27.15       |      18.21      
   145308    |      25.27       |      16.47      
   145309    |      26.24       |      17.17      
   145310    |      33.25       |      24.01      
   145311    |      35.93       |      26.82      
   145312    |      38.22       |      29.08      
   145313    |      34.90       |      26.49      
   145314    |      39.49       |      30.85      
   145315    |      40.67       |      31.78      
   145316    |      40.77       |      31.89      
   145317    |      43.15       |      33.96      
   145318    |      36.94       |      27.87      
   145319    |      38.64       |      29.39      
   145320    |      40.57       |      31.32      
   145321    |      42.10       |      32.77      
   145322    |      36.86       |      27.58      
   145323    |      33.43       |      24.56      
   145324    |      32.12       |      23.32      
   145325    |      30.61       |      22.29      
   145326    |      45.04       |      36.14      
   145327    |      43.90       |      35.22      
   145328    |      50.86       |      42.01      
   145329    |      48.65       |      39.72      
   145330    |      44.34       |      35.51      
   145331    |      41.72       |      32.78      
   145332    |      36.78       |      27.97      
   145333    |      33.78       |      24.83      
   145334    |      40.83       |      31.78      
   145335    |      37.43       |      28.29      
   145336    |      52.24       |      43.07      
   145337    |      44.00       |      34.94      
   145338    |      46.16       |      37.11      
   145339    |      43.87       |      34.95      
   145340    |      38.52       |      29.64      
   145341    |      50.83       |      41.74      
   145342    |      48.90       |      39.84      
   145343    |      56.57       |      47.71      
   145344    |      57.30       |      48.44      
   145345    |      57.63       |      48.78      
   145346    |      59.12       |      50.27      
   145347    |      64.73       |      56.05      
   145349    |      65.91       |      57.06      
   145350    |      66.26       |      57.41      
   145458    |      29.90       |      39.43      
   145459    |      30.50       |      41.01      
   145460    |      32.44       |      43.03      
   145461    |      24.67       |      35.50      
   145462    |      29.72       |      40.62      
   145463    |      31.26       |      42.13      
   145464    |      23.22       |      33.86      
   145465    |      22.82       |      33.29      
   145466    |      18.70       |      28.78      
   145467    |      18.61       |      28.19      
   145468    |      25.44       |      35.79      
   145469    |      25.44       |      35.79      
   145470    |      27.48       |      37.92      
   145471    |      27.80       |      38.33      
   145472    |      27.67       |      38.17      
   145473    |      27.29       |      37.64      
   145474    |      27.48       |      37.82      
   145475    |      27.48       |      37.82      
   145476    |      28.44       |      38.82      
   145477    |      28.81       |      39.30      
   145478    |      25.85       |      36.20      
   145479    |      26.57       |      37.13      
   145480    |      19.19       |      29.33      
   145481    |      21.96       |      32.70      
   145482    |       5.98       |       9.09      
   145483    |       7.09       |      15.88      
   145484    |       5.65       |       8.42      
   145485    |      10.33       |       4.53      
   145486    |      16.04       |      26.71      
   145487    |      15.39       |      21.50      
   145488    |      32.83       |      42.91      
   145489    |      33.32       |      43.57      
   145490    |      35.56       |      45.88      
   145491    |      38.74       |      49.35      
   145492    |      33.08       |      43.65      
   145493    |      37.55       |      48.05      
   145494    |      26.27       |      36.80      
   145495    |      25.46       |      36.01      
   145496    |      18.36       |      28.90      
   145497    |      16.21       |      26.56      
   145498    |      12.50       |      22.60      
   145499    |      12.88       |      23.20      
   145500    |       9.93       |      20.01      
   145501    |      10.22       |      20.49      
   145502    |       6.00       |      15.64      
   145503    |       6.02       |      15.94      
   145504    |       3.32       |      11.08      
   145505    |       2.07       |      11.94      
   145506    |       1.71       |      10.95      
   145507    |       7.07       |      16.22      
   145508    |       9.99       |      19.87      
   145509    |      13.03       |      22.73      
   145510    |      15.90       |      25.87      
   145511    |      18.26       |      28.12      
   145512    |       9.86       |      17.27      
   145513    |      19.44       |      27.42      
   145514    |      16.29       |      20.77      
   145515    |      20.08       |      22.32      
   145516    |      19.82       |      23.39      
   145517    |      18.23       |      22.82      
   145518    |      18.17       |      22.25      
   145519    |      21.15       |      23.47      
   145520    |      21.07       |      24.47      
   145521    |      28.25       |      28.75      
   145522    |      28.22       |      28.76      
   145523    |      23.57       |      25.78      
   145524    |      26.26       |      24.64      
   145525    |      20.89       |      20.80      
   145526    |      24.62       |      21.19      
   145527    |      25.46       |      21.91      
   145528    |      23.30       |      21.29      
   145529    |      30.03       |      26.81      
   145530    |      27.72       |      26.02      
   145531    |      31.07       |      28.77      
   145532    |      29.56       |      28.34      
   145533    |      30.23       |      28.89      
   145534    |      28.83       |      28.73      
   145535    |      35.25       |      33.86      
   145536    |      37.83       |      34.86      
   145537    |      37.13       |      33.31      
   145538    |      35.89       |      32.63      
   145539    |      35.61       |      31.87      
   145540    |      30.45       |      29.82      
   145541    |      29.76       |      28.54      
   145542    |      32.55       |      29.63      
   145543    |      32.25       |      25.77      
   145544    |      36.08       |      28.89      
   145545    |      38.09       |      29.61      
   145546    |      26.21       |      19.49      
   145547    |      27.74       |      19.51      
   145548    |      25.53       |      17.65      
   145549    |      28.63       |      19.37      
   145550    |      29.37       |      20.10      
   145551    |      28.16       |      19.22      
   145552    |      23.81       |      15.20      
   145553    |      22.28       |      14.60      
   145554    |      28.79       |      20.25      
   145555    |      26.45       |      19.43      
   145556    |      34.01       |      25.91      
   145557    |      33.17       |      25.50      
   145558    |      34.73       |      26.90      
   145559    |      37.68       |      28.83      
   145560    |      33.46       |      24.85      
   145561    |      34.64       |      25.73      
   145562    |      22.16       |      14.39      
   145563    |      25.42       |      16.23      
   145564    |      25.06       |      15.90      
   145565    |      24.75       |      15.67      
   145566    |      39.80       |      30.45      
   145567    |      36.42       |      27.51      
   145568    |      44.72       |      35.62      
   145569    |      41.27       |      32.90      
   145570    |      39.19       |      30.95      
   145571    |      40.00       |      31.51      
   145572    |      40.30       |      31.81      
   145573    |      41.30       |      32.57      
   145574    |      34.88       |      26.47      
   145575    |      37.24       |      28.27      
   145576    |      39.30       |      30.29      
   145577    |      40.85       |      31.67      
   145578    |      38.64       |      29.51      
   145579    |      37.91       |      28.87      
   145580    |      36.29       |      27.30      
   145581    |      33.53       |      25.20      
   145582    |      47.14       |      38.29      
   145583    |      46.10       |      37.42      
   145584    |      49.17       |      40.41      
   145585    |      50.66       |      41.98      
   145586    |      43.23       |      34.83      
   145587    |      41.42       |      32.94      
   145588    |      35.61       |      27.46      
   145589    |      33.13       |      24.85      
   145590    |      38.93       |      30.36      
   145591    |      37.97       |      29.36      
   145592    |      44.91       |      36.12      
   145593    |      36.16       |      27.04      
   145594    |      43.46       |      34.32      
   145595    |      45.70       |      36.62      
   145596    |      50.84       |      41.75      
   145597    |      58.34       |      49.44      
   145598    |      56.58       |      47.72      
   145599    |      65.45       |      56.89      
   145600    |      59.25       |      50.85      
   145601    |      61.58       |      53.27      
   145602    |      65.75       |      57.34      
   145603    |      61.62       |      53.07      
   145604    |      66.86       |      58.21      
   145605    |      64.30       |      55.58      
   145606    |      66.31       |      57.57      
   145714    |      31.96       |      42.24      
   145715    |      34.75       |      45.72      
   145716    |      30.79       |      41.71      
   145717    |      29.84       |      40.77      
   145718    |      29.69       |      40.60      
   145719    |      28.74       |      39.54      
   145720    |      22.47       |      33.02      
   145721    |      22.78       |      33.44      
   145722    |      16.33       |      26.51      
   145723    |      18.17       |      29.05      
   145724    |      22.05       |      32.94      
   145725    |      19.85       |      30.41      
   145726    |      26.37       |      37.12      
   145727    |      24.77       |      35.10      
   145728    |      26.90       |      37.32      
   145729    |      27.46       |      38.05      
   145730    |      26.31       |      36.84      
   145731    |      26.49       |      37.06      
   145732    |      28.09       |      38.69      
   145733    |      30.09       |      40.88      
   145734    |      25.07       |      35.81      
   145735    |      25.77       |      36.53      
   145736    |      22.44       |      33.17      
   145737    |      22.87       |      33.61      
   145738    |       7.72       |      17.80      
   145739    |       8.03       |      18.55      
   145740    |      10.37       |       4.73      
   145741    |      15.05       |       8.94      
   145742    |       7.73       |      15.65      
   145743    |       7.98       |      15.59      
   145744    |      30.17       |      40.76      
   145745    |      29.44       |      39.96      
   145746    |      39.39       |      49.98      
   145747    |      38.46       |      49.00      
   145748    |      40.80       |      51.34      
   145749    |      40.88       |      51.42      
   145750    |      28.97       |      39.33      
   145751    |      28.92       |      39.27      
   145752    |      19.27       |      29.07      
   145753    |      19.15       |      28.33      
   145754    |      18.75       |      27.83      
   145755    |      18.76       |      28.34      
   145756    |      15.66       |      24.63      
   145757    |      15.73       |      25.53      
   145758    |      10.37       |      18.82      
   145759    |      10.01       |      19.40      
   145760    |       7.08       |      14.53      
   145761    |       5.97       |      15.96      
   145762    |       3.37       |      11.59      
   145763    |       2.53       |      12.62      
   145764    |       6.04       |      16.39      
   145765    |       9.14       |      19.30      
   145766    |      14.39       |      24.70      
   145767    |      13.32       |      20.85      
   145768    |      12.53       |      19.18      
   145769    |      21.63       |      22.50      
   145770    |      21.08       |      23.31      
   145771    |      21.09       |      23.32      
   145772    |      20.97       |      25.23      
   145773    |      20.84       |      25.19      
   145774    |      20.87       |      23.21      
   145775    |      20.08       |      22.84      
   145776    |      21.13       |      21.31      
   145777    |      21.69       |      21.67      
   145778    |      20.56       |      22.85      
   145779    |      21.74       |      23.50      
   145780    |      22.66       |      22.75      
   145781    |      21.74       |      22.16      
   145782    |      25.86       |      22.42      
   145783    |      28.36       |      24.57      
   145784    |      28.04       |      24.42      
   145785    |      32.56       |      28.43      
   145786    |      29.56       |      27.04      
   145787    |      30.62       |      27.94      
   145788    |      28.88       |      27.39      
   145789    |      26.07       |      25.23      
   145790    |      27.99       |      25.61      
   145791    |      28.12       |      25.94      
   145792    |      31.74       |      27.57      
   145793    |      31.86       |      28.06      
   145794    |      32.05       |      28.17      
   145795    |      32.09       |      28.31      
   145796    |      29.75       |      27.25      
   145797    |      31.77       |      31.22      
   145798    |      36.47       |      33.09      
   145799    |      37.26       |      34.86      
   145800    |      38.34       |      35.43      
   145801    |      38.05       |      31.38      
   145802    |      29.47       |      25.27      
   145803    |      29.51       |      23.82      
   145804    |      30.46       |      24.50      
   145805    |      30.53       |      24.39      
   145806    |      34.58       |      27.61      
   145807    |      34.94       |      27.64      
   145808    |      30.25       |      23.81      
   145809    |      30.01       |      23.94      
   145810    |      31.52       |      25.11      
   145811    |      32.25       |      25.08      
   145812    |      33.68       |      26.31      
   145813    |      34.56       |      26.66      
   145814    |      33.11       |      25.40      
   145815    |      33.89       |      25.78      
   145816    |      30.37       |      22.68      
   145817    |      32.98       |      24.20      
   145818    |      20.41       |      13.15      
   145819    |      21.46       |      13.27      
   145820    |      28.45       |      19.64      
   145821    |      26.88       |      18.71      
   145822    |      43.33       |      34.33      
   145823    |      41.94       |      33.20      
   145824    |      47.41       |      38.52      
   145825    |      46.37       |      37.68      
   145826    |      38.57       |      30.25      
   145827    |      38.67       |      30.32      
   145828    |      38.43       |      30.11      
   145829    |      39.59       |      30.93      
   145830    |      42.79       |      34.04      
   145831    |      38.95       |      31.66      
   145832    |      46.27       |      38.36      
   145833    |      45.41       |      37.89      
   145834    |      41.72       |      34.58      
   145835    |      43.29       |      35.31      
   145836    |      40.56       |      32.80      
   145837    |      40.65       |      32.85      
   145838    |      45.85       |      37.72      
   145839    |      48.03       |      39.39      
   145840    |      50.61       |      41.91      
   145841    |      49.45       |      40.71      
   145842    |      41.51       |      33.06      
   145843    |      41.88       |      33.45      
   145844    |      34.00       |      26.09      
   145845    |      37.16       |      29.43      
   145846    |      39.80       |      31.87      
   145847    |      47.55       |      39.98      
   145848    |      41.81       |      34.78      
   145849    |      44.21       |      37.29      
   145850    |      50.86       |      43.36      
   145851    |      53.77       |      46.40      
   145852    |      62.37       |      54.51      
   145853    |      61.08       |      53.18      
   145854    |      67.11       |      58.98      
   145855    |      65.87       |      57.70      
   145856    |      62.52       |      54.47      
   145857    |      58.00       |      49.77      
   145858    |      62.38       |      54.02      
   145859    |      57.14       |      48.59      
   145860    |      64.45       |      55.76      
   145862    |      66.49       |      58.04      
   145863    |      64.52       |      56.01      
   145970    |      34.87       |      45.85      
   145971    |      33.92       |      44.80      
   145972    |      31.72       |      42.54      
   145973    |      31.86       |      42.70      
   145974    |      29.11       |      39.87      
   145975    |      28.53       |      39.13      
   145976    |      24.48       |      34.85      
   145977    |      25.06       |      35.68      
   145978    |      20.92       |      31.31      
   145979    |      23.65       |      34.56      
   145980    |      18.21       |      29.07      
   145981    |      16.38       |      26.55      
   145982    |      23.29       |      33.89      
   145983    |      22.32       |      32.41      
   145984    |      28.45       |      38.90      
   145985    |      28.78       |      39.32      
   145986    |      27.26       |      37.73      
   145987    |      27.94       |      38.57      
   145988    |      31.62       |      42.30      
   145989    |      33.56       |      44.35      
   145990    |      26.28       |      37.02      
   145991    |      26.10       |      36.83      
   145992    |      23.76       |      34.44      
   145993    |      22.54       |      30.77      
   145994    |      20.68       |      28.00      
   145995    |      21.18       |      28.10      
   145996    |      22.60       |      20.78      
   145997    |       6.06       |      13.07      
   145998    |       6.32       |      14.48      
   145999    |      10.30       |      20.38      
   146000    |      25.99       |      36.30      
   146001    |      21.59       |      32.21      
   146002    |      35.44       |      46.00      
   146003    |      31.97       |      42.58      
   146004    |      39.36       |      49.96      
   146005    |      34.82       |      44.95      
   146006    |      31.90       |      41.89      
   146007    |      31.32       |      40.83      
   146008    |      23.89       |      32.23      
   146009    |      23.60       |      32.52      
   146010    |      23.09       |      31.88      
   146011    |      23.06       |      31.94      
   146012    |      21.73       |      30.31      
   146013    |      21.66       |      30.41      
   146014    |      17.89       |      25.37      
   146015    |      17.00       |      26.53      
   146016    |      11.71       |      19.71      
   146017    |      11.14       |      20.53      
   146018    |       7.92       |      15.57      
   146019    |       8.24       |      15.47      
   146020    |      10.15       |      18.95      
   146021    |      10.17       |      18.91      
   146022    |       9.90       |      18.49      
   146023    |      16.15       |      18.99      
   146024    |      16.99       |      17.71      
   146025    |      20.61       |      19.91      
   146026    |      18.94       |      21.27      
   146027    |      22.62       |      23.32      
   146028    |      21.92       |      26.17      
   146029    |      25.24       |      27.81      
   146030    |      25.24       |      27.78      
   146031    |      25.20       |      27.76      
   146032    |      26.07       |      26.36      
   146033    |      24.73       |      25.49      
   146034    |      24.28       |      26.05      
   146035    |      27.23       |      27.93      
   146036    |      27.21       |      27.93      
   146037    |      28.79       |      29.04      
   146038    |      32.45       |      29.49      
   146039    |      23.71       |      22.56      
   146040    |      29.43       |      24.54      
   146041    |      26.52       |      21.92      
   146042    |      25.09       |      21.24      
   146043    |      29.37       |      25.01      
   146044    |      24.31       |      23.30      
   146045    |      25.74       |      24.38      
   146046    |      26.33       |      24.49      
   146047    |      25.92       |      23.22      
   146048    |      28.26       |      24.25      
   146049    |      28.24       |      23.29      
   146050    |      27.94       |      23.13      
   146051    |      27.93       |      23.24      
   146052    |      26.08       |      22.28      
   146053    |      26.32       |      23.35      
   146054    |      27.33       |      23.80      
   146055    |      27.19       |      22.15      
   146056    |      27.49       |      22.36      
   146057    |      27.44       |      22.77      
   146058    |      31.33       |      25.38      
   146059    |      31.24       |      27.38      
   146060    |      38.04       |      32.12      
   146061    |      37.87       |      33.45      
   146062    |      38.47       |      33.88      
   146063    |      38.72       |      32.75      
   146064    |      36.22       |      30.86      
   146065    |      36.15       |      31.19      
   146066    |      35.35       |      30.64      
   146067    |      35.46       |      30.08      
   146068    |      33.34       |      28.60      
   146069    |      34.62       |      27.58      
   146070    |      30.07       |      23.96      
   146071    |      32.27       |      24.27      
   146072    |      27.61       |      20.26      
   146073    |      28.97       |      20.74      
   146074    |      28.27       |      20.13      
   146075    |      25.75       |      20.68      
   146076    |      33.94       |      26.97      
   146077    |      33.78       |      26.96      
   146078    |      42.64       |      34.83      
   146079    |      44.95       |      36.39      
   146080    |      44.97       |      36.42      
   146081    |      47.06       |      38.10      
   146082    |      40.54       |      31.78      
   146083    |      38.79       |      30.54      
   146084    |      37.36       |      29.23      
   146085    |      38.09       |      29.69      
   146086    |      42.71       |      34.11      
   146087    |      43.07       |      34.39      
   146088    |      48.78       |      39.95      
   146089    |      45.66       |      37.62      
   146090    |      44.34       |      36.41      
   146091    |      42.58       |      35.65      
   146092    |      40.20       |      33.60      
   146093    |      41.44       |      33.92      
   146094    |      40.13       |      32.76      
   146095    |      43.78       |      35.15      
   146096    |      49.29       |      40.52      
   146097    |      43.37       |      34.37      
   146098    |      40.31       |      31.38      
   146099    |      47.99       |      39.41      
   146100    |      36.40       |      28.39      
   146101    |      45.01       |      37.42      
   146102    |      49.03       |      41.19      
   146103    |      47.97       |      40.53      
   146104    |      47.41       |      40.02      
   146105    |      45.75       |      39.27      
   146106    |      54.22       |      46.97      
   146107    |      47.91       |      40.41      
   146108    |      60.24       |      52.10      
   146109    |      58.55       |      50.36      
   146110    |      65.00       |      56.61      
   146111    |      63.14       |      54.69      
   146112    |      57.87       |      49.59      
   146113    |      60.21       |      52.05      
   146114    |      58.79       |      50.68      
   146115    |      53.51       |      45.18      
   146117    |      65.48       |      56.72      
   146118    |      63.56       |      54.84      
   146119    |      64.06       |      55.36      
   146226    |      34.33       |      45.17      
   146227    |      36.75       |      47.77      
   146228    |      30.33       |      41.31      
   146229    |      30.99       |      41.98      
   146230    |      25.67       |      36.63      
   146231    |      24.36       |      35.19      
   146232    |      24.01       |      34.81      
   146233    |      23.38       |      34.02      
   146234    |      25.65       |      36.35      
   146235    |      24.30       |      34.03      
   146236    |      20.88       |      30.01      
   146237    |      20.80       |      30.62      
   146238    |      22.74       |      32.77      
   146239    |      24.18       |      34.88      
   146240    |      27.31       |      38.05      
   146241    |      26.05       |      36.51      
   146242    |      28.70       |      39.24      
   146243    |      28.70       |      39.24      
   146244    |      35.54       |      46.22      
   146245    |      34.82       |      45.38      
   146246    |      29.23       |      39.59      
   146247    |      28.97       |      39.21      
   146248    |      19.04       |      27.97      
   146249    |      19.17       |      27.90      
   146250    |      16.90       |      24.60      
   146251    |      15.72       |      25.71      
   146252    |       9.22       |      15.42      
   146253    |       9.68       |      20.16      
   146254    |      10.19       |      20.65      
   146255    |      18.32       |      27.58      
   146256    |      21.30       |      30.75      
   146257    |      19.10       |      28.82      
   146258    |      29.42       |      39.42      
   146259    |      24.00       |      34.47      
   146260    |      27.89       |      38.34      
   146261    |      20.79       |      30.61      
   146262    |      26.61       |      36.80      
   146263    |      25.83       |      34.59      
   146264    |      25.32       |      33.97      
   146265    |      25.18       |      34.35      
   146266    |      23.38       |      32.22      
   146267    |      23.57       |      32.00      
   146268    |      23.63       |      32.06      
   146269    |      23.42       |      32.48      
   146270    |      21.38       |      30.04      
   146271    |      21.32       |      30.69      
   146272    |      16.10       |      24.20      
   146273    |      15.82       |      24.44      
   146274    |      12.40       |      18.54      
   146275    |      13.11       |      18.61      
   146276    |      14.61       |      22.09      
   146277    |      16.38       |      22.12      
   146278    |      16.07       |      18.93      
   146279    |      14.35       |      18.34      
   146280    |      16.81       |      15.53      
   146281    |      15.20       |      14.58      
   146282    |      14.62       |      14.89      
   146283    |      20.89       |      18.83      
   146284    |      17.84       |      20.79      
   146285    |      25.99       |      25.59      
   146286    |      24.58       |      27.18      
   146287    |      30.44       |      30.91      
   146288    |      30.18       |      31.12      
   146289    |      31.55       |      32.07      
   146290    |      31.36       |      32.21      
   146291    |      30.39       |      31.55      
   146292    |      30.81       |      31.18      
   146293    |      26.50       |      28.33      
   146294    |      28.03       |      27.39      
   146295    |      16.89       |      20.98      
   146296    |      24.87       |      19.75      
   146297    |      17.83       |      13.71      
   146298    |      22.92       |      16.25      
   146299    |      32.54       |      25.74      
   146300    |      21.72       |      19.78      
   146301    |      26.83       |      23.84      
   146302    |      24.46       |      23.25      
   146303    |      23.97       |      21.80      
   146304    |      25.64       |      22.36      
   146305    |      25.53       |      20.88      
   146306    |      25.11       |      20.67      
   146307    |      25.28       |      19.75      
   146308    |      24.99       |      19.59      
   146309    |      24.86       |      20.82      
   146310    |      25.14       |      20.98      
   146311    |      25.16       |      21.24      
   146312    |      29.38       |      23.80      
   146313    |      29.24       |      24.56      
   146314    |      30.96       |      25.69      
   146315    |      31.16       |      25.19      
   146316    |      38.41       |      31.08      
   146317    |      37.40       |      31.37      
   146318    |      39.81       |      33.32      
   146319    |      39.36       |      34.93      
   146320    |      38.57       |      34.40      
   146321    |      38.49       |      33.60      
   146322    |      33.91       |      30.61      
   146323    |      33.55       |      28.48      
   146324    |      27.08       |      24.98      
   146325    |      27.10       |      20.60      
   146326    |      22.51       |      17.57      
   146327    |      25.03       |      16.88      
   146328    |      27.22       |      18.84      
   146329    |      26.33       |      18.44      
   146330    |      37.17       |      28.43      
   146331    |      32.85       |      26.34      
   146332    |      40.20       |      32.73      
   146333    |      38.38       |      32.56      
   146334    |      43.71       |      37.08      
   146335    |      44.69       |      37.40      
   146336    |      46.50       |      39.07      
   146337    |      47.58       |      39.65      
   146338    |      43.95       |      36.30      
   146339    |      44.31       |      36.49      
   146340    |      42.22       |      34.58      
   146341    |      41.40       |      34.29      
   146342    |      40.80       |      33.78      
   146343    |      43.59       |      35.21      
   146344    |      49.26       |      40.67      
   146345    |      49.57       |      40.92      
   146346    |      45.88       |      37.38      
   146347    |      44.15       |      36.19      
   146348    |      34.79       |      27.74      
   146349    |      35.84       |      28.08      
   146350    |      37.57       |      29.68      
   146351    |      37.84       |      29.83      
   146352    |      46.74       |      38.27      
   146353    |      45.99       |      37.71      
   146354    |      48.72       |      40.33      
   146355    |      51.73       |      43.48      
   146356    |      46.63       |      38.64      
   146357    |      45.32       |      37.83      
   146358    |      48.72       |      41.00      
   146359    |      49.05       |      41.22      
   146360    |      46.46       |      38.81      
   146361    |      49.19       |      41.67      
   146362    |      48.12       |      40.69      
   146363    |      46.97       |      39.50      
   146364    |      58.87       |      50.77      
   146365    |      62.13       |      54.16      
   146366    |      64.66       |      56.60      
   146367    |      63.04       |      54.92      
   146368    |      60.76       |      52.73      
   146369    |      53.73       |      45.42      
   146370    |      53.63       |      45.34      
   146371    |      54.02       |      45.75      
   146372    |      66.35       |      57.78      
   146373    |      63.43       |      54.76      
   146374    |      64.22       |      55.55      
   146375    |      66.13       |      57.53      
   146482    |      39.05       |      49.95      
   146483    |      39.69       |      50.64      
   146484    |      33.11       |      43.96      
   146485    |      33.93       |      44.87      
   146486    |      24.90       |      35.66      
   146487    |      25.17       |      35.98      
   146488    |      22.85       |      33.59      
   146489    |      21.94       |      32.19      
   146490    |      21.87       |      32.10      
   146491    |      21.69       |      31.46      
   146492    |      21.39       |      31.10      
   146493    |      22.69       |      33.40      
   146494    |      24.07       |      34.79      
   146495    |      23.49       |      34.08      
   146496    |      25.08       |      35.70      
   146497    |      25.39       |      36.07      
   146498    |      27.47       |      38.17      
   146499    |      27.52       |      38.23      
   146500    |      32.86       |      43.61      
   146501    |      32.80       |      43.55      
   146502    |      26.14       |      36.77      
   146503    |      25.16       |      35.54      
   146504    |      16.08       |      25.50      
   146505    |      17.02       |      27.62      
   146506    |      13.80       |      24.23      
   146507    |      17.43       |      28.08      
   146508    |       9.86       |      20.54      
   146509    |      13.08       |      23.32      
   146510    |      17.43       |      27.72      
   146511    |      19.84       |      29.84      
   146512    |      18.97       |      28.93      
   146513    |      17.65       |      27.76      
   146514    |      23.67       |      33.86      
   146515    |      16.78       |      27.38      
   146516    |      16.03       |      26.60      
   146517    |      14.69       |      24.81      
   146518    |      17.22       |      27.49      
   146519    |      17.09       |      27.30      
   146520    |      18.70       |      28.98      
   146521    |      17.99       |      27.63      
   146522    |      17.59       |      27.15      
   146523    |      17.78       |      26.45      
   146524    |      21.57       |      30.98      
   146525    |      21.97       |      31.90      
   146526    |      19.54       |      29.26      
   146527    |      19.61       |      29.39      
   146528    |      14.48       |      23.45      
   146529    |      14.50       |      23.41      
   146530    |      10.70       |      16.70      
   146531    |      10.71       |      16.70      
   146532    |      11.13       |      18.02      
   146533    |      12.19       |      17.99      
   146534    |      12.03       |      16.32      
   146535    |      12.07       |      16.33      
   146536    |      14.02       |      13.22      
   146537    |      20.83       |      17.84      
   146538    |      19.99       |      17.76      
   146539    |      25.48       |      22.08      
   146540    |      22.58       |      21.88      
   146541    |      27.00       |      25.14      
   146542    |      25.19       |      25.42      
   146543    |      27.56       |      27.09      
   146544    |      26.95       |      27.32      
   146545    |      30.41       |      29.80      
   146546    |      29.22       |      30.38      
   146547    |      27.38       |      29.20      
   146548    |      27.36       |      29.21      
   146549    |      20.87       |      25.99      
   146550    |      20.54       |      24.34      
   146551    |      23.51       |      25.82      
   146552    |      26.56       |      24.68      
   146553    |      28.83       |      26.50      
   146554    |      36.24       |      30.53      
   146555    |      30.76       |      25.37      
   146556    |      26.06       |      22.93      
   146557    |      22.35       |      19.98      
   146558    |      21.46       |      19.84      
   146559    |      19.20       |      18.28      
   146560    |      19.82       |      18.25      
   146561    |      19.54       |      14.63      
   146562    |      20.87       |      15.30      
   146563    |      20.96       |      15.15      
   146564    |      27.48       |      19.87      
   146565    |      25.95       |      20.84      
   146566    |      27.35       |      21.75      
   146567    |      27.24       |      23.51      
   146568    |      29.24       |      24.63      
   146569    |      29.38       |      23.81      
   146570    |      26.45       |      21.98      
   146571    |      26.93       |      20.58      
   146572    |      35.61       |      27.74      
   146573    |      35.84       |      27.84      
   146574    |      43.18       |      34.62      
   146575    |      40.00       |      33.57      
   146576    |      34.05       |      28.99      
   146577    |      34.05       |      29.05      
   146578    |      29.69       |      26.34      
   146579    |      29.50       |      25.45      
   146580    |      24.17       |      23.16      
   146581    |      23.27       |      20.59      
   146582    |      20.78       |      20.13      
   146583    |      20.18       |      14.26      
   146584    |      26.84       |      19.25      
   146585    |      27.70       |      19.57      
   146586    |      44.73       |      35.69      
   146587    |      40.26       |      32.46      
   146588    |      44.22       |      36.13      
   146589    |      42.11       |      35.13      
   146590    |      45.32       |      38.02      
   146591    |      44.25       |      37.76      
   146592    |      46.01       |      39.32      
   146593    |      46.86       |      39.51      
   146594    |      41.13       |      34.42      
   146595    |      42.86       |      34.98      
   146596    |      47.53       |      39.36      
   146597    |      45.26       |      38.31      
   146598    |      42.70       |      36.07      
   146599    |      42.67       |      36.08      
   146600    |      46.92       |      39.84      
   146601    |      50.00       |      41.58      
   146602    |      46.29       |      38.06      
   146603    |      46.60       |      38.28      
   146604    |      35.89       |      28.38      
   146605    |      35.16       |      28.23      
   146606    |      41.51       |      33.89      
   146607    |      40.59       |      33.54      
   146608    |      48.87       |      41.09      
   146609    |      49.06       |      41.22      
   146610    |      55.15       |      47.00      
   146611    |      53.77       |      46.02      
   146612    |      50.53       |      43.01      
   146613    |      49.77       |      42.60      
   146614    |      49.27       |      42.16      
   146615    |      49.90       |      42.49      
   146616    |      55.18       |      47.44      
   146617    |      52.52       |      45.90      
   146618    |      50.66       |      44.25      
   146619    |      48.10       |      41.61      
   146620    |      63.51       |      55.88      
   146621    |      54.20       |      46.20      
   146622    |      62.35       |      54.06      
   146623    |      64.46       |      56.25      
   146624    |      55.46       |      47.63      
   146625    |      43.52       |      35.10      
   146626    |      52.68       |      44.03      
   146627    |      53.15       |      44.52      
   146628    |      62.88       |      54.10      
   146629    |      65.22       |      56.52      
   146630    |      65.68       |      56.97      
   146631    |      66.56       |      57.89      
   146738    |      41.32       |      52.15      
   146739    |      40.32       |      50.90      
   146740    |      38.20       |      48.69      
   146741    |      37.61       |      47.71      
   146742    |      32.72       |      42.36      
   146743    |      33.23       |      43.61      
   146744    |      25.13       |      34.78      
   146745    |      25.42       |      35.73      
   146746    |      21.19       |      31.08      
   146747    |      22.06       |      32.72      
   146748    |      23.01       |      33.69      
   146749    |      22.89       |      33.52      
   146750    |      23.30       |      33.92      
   146751    |      22.73       |      33.12      
   146752    |      26.45       |      37.00      
   146753    |      26.63       |      37.22      
   146754    |      28.36       |      38.98      
   146755    |      28.36       |      38.98      
   146756    |      33.52       |      44.22      
   146757    |      33.42       |      44.11      
   146758    |      24.81       |      35.25      
   146759    |      25.36       |      35.96      
   146760    |      18.88       |      29.16      
   146761    |      19.75       |      30.36      
   146762    |      19.72       |      30.32      
   146763    |      21.95       |      32.68      
   146764    |      14.10       |      24.80      
   146765    |      18.14       |      28.59      
   146766    |      19.83       |      30.27      
   146767    |      16.37       |      27.05      
   146768    |      18.53       |      29.19      
   146769    |      20.14       |      30.70      
   146770    |      15.39       |      25.95      
   146771    |      15.45       |      26.00      
   146772    |      11.07       |      21.61      
   146773    |       9.09       |      19.63      
   146774    |      14.42       |      25.00      
   146775    |      12.59       |      22.07      
   146776    |      16.25       |      26.24      
   146777    |      16.15       |      25.21      
   146778    |      16.13       |      25.16      
   146779    |      16.11       |      25.20      
   146780    |      22.24       |      32.15      
   146781    |      22.39       |      32.39      
   146782    |      19.72       |      29.49      
   146783    |      20.33       |      30.46      
   146784    |      12.84       |      22.20      
   146785    |      13.46       |      21.34      
   146786    |      11.79       |      17.57      
   146787    |      12.78       |      17.69      
   146788    |      12.94       |      18.62      
   146789    |      13.25       |      18.66      
   146790    |      13.12       |      17.27      
   146791    |      18.73       |      19.65      
   146792    |      21.63       |      18.88      
   146793    |      24.84       |      21.48      
   146794    |      25.02       |      21.52      
   146795    |      25.63       |      22.05      
   146796    |      24.02       |      21.67      
   146797    |      24.30       |      21.90      
   146798    |      22.86       |      21.91      
   146799    |      23.60       |      22.45      
   146800    |      23.71       |      22.42      
   146801    |      20.05       |      19.99      
   146802    |      19.06       |      20.95      
   146803    |      19.00       |      20.93      
   146804    |      19.09       |      24.46      
   146805    |      27.27       |      28.47      
   146806    |      26.84       |      29.13      
   146807    |      30.78       |      31.68      
   146808    |      33.20       |      31.49      
   146809    |      20.27       |      22.57      
   146810    |      30.10       |      24.51      
   146811    |      21.00       |      16.23      
   146812    |      18.75       |      15.44      
   146813    |      22.05       |      18.11      
   146814    |      16.50       |      18.56      
   146815    |      14.60       |      12.88      
   146816    |      14.11       |      12.97      
   146817    |      14.03       |      11.12      
   146818    |      20.45       |      13.70      
   146819    |      19.98       |      14.03      
   146820    |      27.16       |      19.32      
   146821    |      27.05       |      19.29      
   146822    |      26.71       |      19.03      
   146823    |      25.48       |      19.33      
   146824    |      26.77       |      20.26      
   146825    |      26.27       |      20.99      
   146826    |      28.06       |      22.21      
   146827    |      27.85       |      23.69      
   146828    |      32.22       |      26.59      
   146829    |      34.52       |      26.35      
   146830    |      45.02       |      36.18      
   146831    |      43.72       |      35.31      
   146832    |      35.30       |      27.63      
   146833    |      33.68       |      28.56      
   146834    |      27.05       |      24.70      
   146835    |      26.46       |      22.50      
   146836    |      23.69       |      21.30      
   146837    |      24.60       |      23.65      
   146838    |      25.05       |      23.75      
   146839    |      26.05       |      25.78      
   146840    |      32.35       |      28.42      
   146841    |      32.62       |      27.00      
   146842    |      48.84       |      40.98      
   146843    |      49.16       |      41.18      
   146844    |      50.18       |      42.15      
   146845    |      48.22       |      41.08      
   146846    |      48.93       |      41.74      
   146847    |      48.17       |      41.50      
   146848    |      43.52       |      37.46      
   146849    |      44.43       |      37.42      
   146850    |      39.45       |      33.09      
   146851    |      40.00       |      33.05      
   146852    |      47.11       |      39.48      
   146853    |      48.03       |      39.99      
   146854    |      44.80       |      36.99      
   146855    |      43.13       |      36.62      
   146856    |      46.18       |      39.30      
   146857    |      46.51       |      39.37      
   146858    |      43.49       |      36.70      
   146859    |      46.15       |      37.90      
   146860    |      38.03       |      30.38      
   146861    |      37.24       |      30.14      
   146862    |      40.57       |      33.12      
   146863    |      41.08       |      33.36      
   146864    |      41.65       |      33.90      
   146865    |      45.11       |      36.39      
   146866    |      51.96       |      43.10      
   146867    |      55.94       |      47.23      
   146868    |      59.82       |      51.04      
   146869    |      53.12       |      46.20      
   146870    |      54.55       |      47.53      
   146871    |      53.21       |      47.05      
   146872    |      54.46       |      48.18      
   146873    |      56.59       |      49.22      
   146874    |      47.67       |      41.07      
   146875    |      45.78       |      39.11      
   146876    |      56.73       |      49.22      
   146877    |      56.42       |      49.01      
   146878    |      62.73       |      54.99      
   146879    |      64.57       |      56.39      
   146880    |      46.78       |      39.53      
   146881    |      40.43       |      32.82      
   146882    |      54.39       |      46.09      
   146883    |      52.32       |      43.94      
   146884    |      65.46       |      56.80      
   146885    |      67.82       |      59.24      
   146886    |      67.14       |      58.58      
   146887    |      65.02       |      56.40      
   146994    |      37.79       |      48.65      
   146995    |      36.65       |      47.20      
   146996    |      35.01       |      45.47      
   146997    |      34.58       |      44.72      
   146998    |      34.91       |      45.06      
   146999    |      36.05       |      46.75      
   147000    |      26.19       |      36.39      
   147001    |      26.29       |      36.59      
   147002    |      24.91       |      35.09      
   147003    |      25.19       |      33.98      
   147004    |      29.40       |      38.94      
   147005    |      29.95       |      40.31      
   147006    |      25.02       |      35.02      
   147007    |      27.61       |      38.45      
   147008    |      24.90       |      35.70      
   147009    |      23.49       |      34.01      
   147010    |      28.20       |      38.85      
   147011    |      27.84       |      38.42      
   147012    |      33.55       |      44.24      
   147013    |      32.04       |      42.37      
   147014    |      28.71       |      38.84      
   147015    |      28.49       |      38.43      
   147016    |      25.76       |      35.39      
   147017    |      27.25       |      37.82      
   147018    |      24.90       |      35.39      
   147019    |      27.16       |      37.89      
   147020    |      20.21       |      30.87      
   147021    |      24.78       |      35.33      
   147022    |      15.72       |      26.27      
   147023    |      16.44       |      26.91      
   147024    |      19.88       |      30.34      
   147025    |      18.05       |      28.65      
   147026    |      15.60       |      26.19      
   147027    |      14.01       |      24.64      
   147028    |       9.11       |      19.66      
   147029    |      11.16       |      17.57      
   147030    |      14.57       |      23.61      
   147031    |      16.70       |      23.47      
   147032    |      19.61       |      28.01      
   147033    |      19.74       |      27.98      
   147034    |      20.10       |      28.44      
   147035    |      19.63       |      28.80      
   147036    |      24.10       |      33.84      
   147037    |      24.30       |      34.23      
   147038    |      22.60       |      32.38      
   147039    |      22.44       |      31.16      
   147040    |      18.02       |      24.97      
   147041    |      20.11       |      25.39      
   147042    |      19.67       |      23.82      
   147044    |      18.53       |      23.21      
   147046    |      18.22       |      19.13      
   147083    |      28.89       |      23.27      
   147085    |      33.99       |      28.76      
   147086    |      46.42       |      38.97      
   147087    |      47.77       |      39.53      
   147088    |      33.85       |      27.34      
   147089    |      35.06       |      27.33      
   147090    |      18.68       |      16.38      
   147091    |      18.52       |      14.17      
   147092    |      17.56       |      13.84      
   147093    |      17.57       |      13.69      
   147094    |      23.05       |      16.69      
   147095    |      22.83       |      21.30      
   147096    |      35.46       |      29.17      
   147097    |      34.61       |      31.10      
   147098    |      48.53       |      41.95      
   147099    |      50.14       |      42.57      
   147100    |      51.18       |      43.53      
   147101    |      51.42       |      43.67      
   147102    |      49.55       |      41.97      
   147103    |      48.79       |      41.58      
   147104    |      42.18       |      35.73      
   147105    |      42.09       |      35.74      
   147106    |      43.36       |      36.86      
   147107    |      42.85       |      37.23      
   147108    |      47.95       |      41.55      
   147109    |      48.86       |      41.60      
   147110    |      47.32       |      40.24      
   147111    |      47.52       |      40.29      
   147112    |      48.04       |      40.78      
   147113    |      47.27       |      40.64      
   147114    |      42.22       |      36.36      
   147115    |      42.94       |      36.05      
   147116    |      37.77       |      31.67      
   147117    |      38.95       |      31.58      
   147118    |      39.44       |      32.03      
   147119    |      39.84       |      32.20      
   147120    |      40.72       |      33.02      
   147121    |      41.13       |      33.25      
   147122    |      56.56       |      47.98      
   147123    |      53.01       |      44.31      
   147124    |      59.42       |      50.58      
   147125    |      68.36       |      59.79      
   147126    |      60.49       |      52.19      
   147127    |      56.04       |      49.38      
   147128    |      49.78       |      43.80      
   147129    |      51.32       |      44.28      
   147130    |      46.27       |      39.75      
   147131    |      55.09       |      48.85      
   147132    |      64.33       |      57.29      
   147133    |      62.57       |      56.44      
   147134    |      61.39       |      55.38      
   147135    |      64.28       |      56.91      
   147136    |      53.55       |      46.94      
   147137    |      51.40       |      46.97      
   147138    |      56.35       |      51.26      
   147139    |      58.46       |      51.75      
   147141    |      62.73       |      54.77      
   147142    |      67.26       |      59.14      
   147143    |      62.24       |      53.93      
   147250    |      34.53       |      45.34      
   147251    |      34.37       |      45.13      
   147252    |      31.08       |      41.72      
   147253    |      31.70       |      42.51      
   147254    |      34.62       |      45.47      
   147255    |      33.36       |      43.88      
   147256    |      27.42       |      37.55      
   147257    |      27.37       |      36.82      
   147258    |      24.66       |      33.57      
   147259    |      24.29       |      34.14      
   147260    |      30.19       |      40.53      
   147261    |      32.87       |      43.75      
   147262    |      27.96       |      38.79      
   147263    |      28.45       |      39.31      
   147264    |      21.64       |      32.42      
   147265    |      19.91       |      29.89      
   147266    |      28.28       |      38.81      
   147267    |      27.71       |      38.01      
   147268    |      31.24       |      41.69      
   147269    |      31.42       |      41.92      
   147270    |      26.49       |      36.74      
   147271    |      28.46       |      39.19      
   147272    |      26.28       |      36.96      
   147273    |      30.21       |      40.91      
   147274    |      26.00       |      36.71      
   147275    |      23.83       |      34.56      
   147276    |      26.22       |      36.95      
   147277    |      22.99       |      32.83      
   147278    |      23.45       |      33.32      
   147279    |      24.61       |      35.12      
   147280    |      21.78       |      32.18      
   147281    |      21.35       |      31.53      
   147282    |      18.75       |      28.70      
   147283    |      19.25       |      27.73      
   147284    |      15.86       |      21.64      
   147285    |      14.85       |      21.37      
   147286    |      15.25       |      22.28      
   147287    |      15.00       |      22.24      
   147288    |      17.60       |      26.24      
   147289    |      18.61       |      26.16      
   147290    |      21.95       |      30.73      
   147355    |      45.04       |      37.70      
   147357    |      48.22       |      39.94      
   147359    |      48.38       |      40.55      
   147360    |      43.75       |      36.25      
   147361    |      42.47       |      36.10      
   147362    |      44.37       |      37.75      
   147363    |      44.15       |      37.83      
   147364    |      49.76       |      42.75      
   147365    |      49.03       |      42.85      
   147366    |      52.36       |      45.76      
   147367    |      52.03       |      45.84      
   147368    |      51.16       |      45.11      
   147369    |      51.52       |      44.95      
   147370    |      40.75       |      36.09      
   147371    |      40.90       |      34.78      
   147372    |      34.93       |      30.15      
   147373    |      35.51       |      28.87      
   147374    |      40.58       |      33.29      
   147375    |      40.39       |      33.25      
   147376    |      47.22       |      39.51      
   147377    |      45.30       |      38.82      
   147378    |      57.78       |      50.17      
   147379    |      57.79       |      50.18      
   147380    |      64.93       |      56.94      
   147381    |      67.91       |      59.28      
   147382    |      66.34       |      57.76      
   147383    |      62.94       |      55.17      
   147384    |      54.29       |      47.11      
   147385    |      51.98       |      46.52      
   147386    |      54.14       |      48.41      
   147387    |      54.86       |      48.57      
   147388    |      61.75       |      54.85      
   147389    |      62.87       |      55.51      
   147390    |      58.79       |      51.72      
   147391    |      58.10       |      51.34      
   147392    |      56.82       |      50.17      
   147393    |      55.87       |      49.86      
   147394    |      53.57       |      47.84      
   147395    |      55.28       |      49.61      
   147397    |      51.93       |      44.49      
   147398    |      63.39       |      55.37      
   147399    |      55.21       |      46.86      
   147506    |      34.80       |      45.53      
   147507    |      35.99       |      46.93      
   147508    |      31.42       |      42.27      
   147509    |      30.48       |      41.03      
   147510    |      32.60       |      43.23      
   147511    |      31.98       |      41.41      
   147512    |      29.91       |      38.96      
   147513    |      29.72       |      39.85      
   147514    |      25.58       |      35.22      
   147515    |      26.57       |      37.28      
   147516    |      33.64       |      44.48      
   147517    |      32.52       |      43.19      
   147518    |      31.05       |      41.65      
   147519    |      30.29       |      40.44      
   147520    |      24.15       |      33.39      
   147521    |      24.42       |      33.21      
   147522    |      30.98       |      40.82      
   147523    |      31.24       |      41.39      
   147524    |      33.38       |      43.65      
   147525    |      34.26       |      44.82      
   147526    |      31.34       |      41.79      
   147527    |      32.59       |      43.28      
   147528    |      33.40       |      44.08      
   147529    |      32.35       |      42.87      
   147530    |      27.83       |      38.14      
   147531    |      27.27       |      37.11      
   147532    |      24.89       |      34.42      
   147533    |      24.94       |      34.76      
   147534    |      27.76       |      37.83      
   147535    |      27.72       |      37.74      
   147536    |      24.88       |      34.58      
   147537    |      24.98       |      34.11      
   147538    |      21.48       |      29.62      
   147621    |      47.47       |      40.02      
   147623    |      51.01       |      44.17      
   147624    |      45.30       |      39.30      
   147625    |      46.02       |      39.01      
   147626    |      35.68       |      30.45      
   147627    |      35.72       |      30.14      
   147628    |      36.83       |      31.03      
   147629    |      36.70       |      32.27      
   147630    |      44.43       |      38.36      
   147631    |      44.71       |      38.27      
   147632    |      49.60       |      42.56      
   147633    |      50.54       |      43.53      
   147634    |      63.84       |      55.87      
   147635    |      61.16       |      54.29      
   147638    |      65.70       |      58.47      
   147640    |      53.93       |      46.66      
   147641    |      54.27       |      47.03      
   147642    |      49.65       |      42.85      
   147643    |      50.73       |      43.97      
   147644    |      59.11       |      51.63      
   147645    |      52.20       |      44.50      
   147646    |      55.19       |      47.31      
   147647    |      55.39       |      47.53      
   147648    |      53.12       |      45.43      
   147649    |      50.99       |      43.22      
   147650    |      48.33       |      40.75      
   147651    |      57.12       |      49.94      
   147652    |      53.80       |      46.90      
   147653    |      47.47       |      40.31      
   147654    |      57.12       |      49.31      
   147655    |      44.63       |      36.23      
   147762    |      36.94       |      47.82      
   147763    |      35.51       |      45.43      
   147764    |      35.35       |      45.24      
   147765    |      35.39       |      45.01      
   147766    |      33.07       |      42.35      
   147767    |      33.40       |      43.94      
   147768    |      29.03       |      39.28      
   147769    |      31.04       |      41.95      
   147770    |      25.91       |      36.72      
   147771    |      24.96       |      35.41      
   147772    |      32.01       |      42.74      
   147773    |      31.82       |      40.02      
   147774    |      36.82       |      46.05      
   147775    |      36.72       |      46.39      
   147776    |      28.72       |      36.85      
   147777    |      27.89       |      38.02      
   147778    |      30.29       |      40.58      
   147779    |      30.29       |      40.58      
   147780    |      35.00       |      45.50      
   147781    |      34.16       |      44.24      
   147782    |      37.06       |      47.31      
   147783    |      36.49       |      46.07      
   147784    |      38.70       |      48.48      
   147785    |      38.69       |      47.62      
   147786    |      36.50       |      45.04      
   147788    |      29.25       |      38.43      
   147887    |      44.44       |      38.39      
   147889    |      50.88       |      43.96      
   147891    |      66.21       |      58.72      
   147893    |      67.31       |      59.86      
   147894    |      65.35       |      58.05      
   147895    |      58.03       |      50.52      
   147896    |      54.40       |      47.19      
   147897    |      51.74       |      44.45      
   147898    |      49.51       |      42.44      
   147899    |      44.50       |      37.27      
   147900    |      51.77       |      43.96      
   147901    |      46.29       |      38.28      
   147902    |      53.38       |      45.01      
   147903    |      52.40       |      44.00      
   147904    |      49.39       |      41.14      
   147905    |      54.38       |      46.34      
   147906    |      54.09       |      46.08      
   147907    |      56.36       |      48.45      
   147908    |      47.15       |      39.89      
   147909    |      45.04       |      37.69      
   147910    |      47.28       |      39.75      
   147911    |      41.50       |      33.68      
   148018    |      32.45       |      42.79      
   148019    |      32.66       |      42.01      
   148020    |      35.04       |      44.72      
   148021    |      35.06       |      44.68      
   148022    |      38.10       |      48.04      
   148023    |      38.83       |      49.45      
   148024    |      35.57       |      46.02      
   148025    |      35.81       |      46.39      
   148026    |      27.83       |      37.85      
   148027    |      28.00       |      37.36      
   148028    |      26.48       |      35.50      
   148029    |      26.53       |      35.49      
   148030    |      34.04       |      44.07      
   148031    |      34.42       |      44.85      
   148032    |      28.79       |      38.80      
   148033    |      29.17       |      39.57      
   148034    |      29.52       |      39.92      
   148035    |      29.17       |      39.28      
   148036    |      32.33       |      42.65      
   148038    |      34.07       |      43.98      
   148150    |      58.75       |      51.40      
   148152    |      53.48       |      46.63      
   148154    |      46.21       |      39.46      
   148155    |      42.82       |      35.99      
   148156    |      48.32       |      40.89      
   148157    |      44.27       |      36.70      
   148158    |      53.27       |      45.10      
   148159    |      52.79       |      44.61      
   148160    |      53.70       |      45.49      
   148161    |      52.41       |      44.16      
   148162    |      54.71       |      46.37      
   148163    |      50.91       |      42.42      
   148164    |      42.81       |      34.73      
   148165    |      43.32       |      35.28      
   148166    |      41.28       |      33.38      
   148167    |      49.82       |      42.35      
   148274    |      25.87       |      36.24      
   148275    |      26.73       |      35.57      
   148276    |      33.07       |      42.98      
   148277    |      33.10       |      42.85      
   148278    |      40.98       |      51.38      
   148279    |      41.06       |      51.51      
   148280    |      38.42       |      48.71      
   148281    |      38.67       |      49.14      
   148282    |      27.81       |      37.21      
   148283    |      27.85       |      37.18      
   148284    |      26.36       |      35.36      
   148285    |      25.95       |      36.07      
   148286    |      33.24       |      43.82      
   148420    |      42.08       |      33.61      
   148422    |      46.83       |      38.50      
   148530    |      24.19       |      33.45      
   148531    |      24.39       |      33.45      
   148532    |      30.66       |      40.77      
   148533    |      30.76       |      41.14      
   148534    |      38.33       |      49.07      
   148535    |      38.55       |      49.35      
   148536    |      36.39       |      47.11      
   148786    |      17.65       |      27.94      
