=== Visibility Analysis Summary ===
Total patches: 196608
Geometric visible: 10478 (5.3%)
Light illuminated: 4239 (40.5% of geometric)
Reflection conditions met: 10478 (100.0% of geometric)
Light unoccluded: 4239 (40.5% of geometric)
Final visible: 4239 (2.2% of total)
Visible area: 190.91 (2.4% of total area)

=== Detailed Visibility Information ===
Patch Index  | Incidence Angle  |  Viewing Angle  
-------------+------------------+-----------------
   112565    |      87.01       |      18.93      
   112566    |      86.12       |      31.14      
   113719    |      89.35       |      43.16      
   114303    |      86.92       |      23.92      
   114304    |      87.15       |       2.11      
   114305    |      79.03       |      12.72      
   114306    |      78.63       |      21.81      
   114307    |      83.74       |      24.73      
   114308    |      83.61       |      31.90      
   114557    |      88.32       |       7.20      
   114558    |      88.22       |       8.63      
   114559    |      83.09       |      16.38      
   114560    |      82.00       |       9.14      
   114561    |      78.27       |      11.16      
   114562    |      78.51       |      16.85      
   114563    |      83.99       |      18.94      
   114564    |      83.98       |      17.87      
   114813    |      89.75       |       2.75      
   114814    |      89.04       |       8.58      
   114815    |      86.11       |       4.90      
   114816    |      87.11       |       2.34      
   115281    |      86.80       |      47.21      
   115282    |      88.99       |      40.82      
   115535    |      87.87       |      41.14      
   115536    |      85.78       |      46.95      
   115537    |      85.31       |      46.00      
   115538    |      85.49       |      45.45      
   115539    |      84.72       |      43.96      
   115540    |      88.73       |      31.46      
   115786    |      89.94       |      37.70      
   115787    |      89.02       |      35.87      
   115788    |      88.90       |      36.20      
   115794    |      89.74       |      45.07      
   115795    |      86.96       |      39.84      
   115796    |      86.95       |      39.87      
   115797    |      88.20       |      42.11      
   116049    |      89.99       |      38.43      
   116050    |      89.36       |      40.33      
   116053    |      88.48       |      37.99      
   116055    |      83.94       |      18.07      
   116056    |      83.99       |      17.88      
   116057    |      84.20       |      18.16      
   116058    |      84.04       |      18.70      
   116059    |      84.62       |      19.49      
   116060    |      86.05       |      14.30      
   116061    |      88.24       |      17.61      
   116062    |      88.39       |      17.04      
   116099    |      83.58       |      17.22      
   116100    |      85.16       |       8.26      
   116307    |      87.78       |      35.89      
   116308    |      87.20       |      37.82      
   116309    |      85.85       |      35.59      
   116565    |      88.47       |      28.56      
   117067    |      88.11       |      36.71      
   117068    |      87.62       |      38.79      
   117069    |      81.78       |      29.62      
   117070    |      83.12       |      23.99      
   117071    |      87.98       |      31.65      
   117072    |      88.19       |      30.67      
   117073    |      88.61       |      31.34      
   117074    |      86.84       |      38.88      
   117075    |      88.73       |      41.92      
   117325    |      89.71       |      27.65      
   117326    |      88.74       |      31.80      
   117327    |      88.44       |      31.30      
   117328    |      88.43       |      31.31      
   117330    |      88.55       |      41.89      
   117565    |      88.14       |      37.84      
   117566    |      89.85       |      30.69      
   117567    |      87.87       |      27.59      
   117568    |      87.87       |      27.62      
   117569    |      86.46       |      25.45      
   117570    |      83.93       |      36.40      
   117572    |      88.58       |      40.75      
   117573    |      89.69       |      40.07      
   117591    |      89.36       |      25.77      
   117592    |      89.96       |      23.25      
   117593    |      88.60       |      21.14      
   117594    |      87.98       |      23.92      
   117815    |      89.29       |      34.53      
   117816    |      87.59       |      41.43      
   117817    |      87.49       |      41.26      
   117818    |      88.54       |      36.95      
   117826    |      89.35       |      38.78      
   117829    |      85.33       |      40.08      
   117830    |      86.33       |      35.52      
   117831    |      83.19       |      30.65      
   117832    |      83.92       |      27.51      
   117833    |      87.59       |      33.07      
   117834    |      88.13       |      30.69      
   117843    |      88.44       |      37.22      
   117844    |      88.95       |      34.80      
   117845    |      85.01       |      29.04      
   117846    |      85.78       |      25.49      
   117847    |      85.43       |      25.00      
   117848    |      86.25       |      21.12      
   117849    |      89.75       |      26.23      
   117850    |      89.26       |      28.43      
   118070    |      84.99       |      33.90      
   118071    |      87.52       |      37.68      
   118072    |      86.68       |      41.13      
   118073    |      87.40       |      42.23      
   118074    |      87.82       |      40.47      
   118096    |      88.23       |      41.93      
   118097    |      83.76       |      35.36      
   118098    |      83.46       |      36.79      
   118099    |      82.21       |      35.10      
   118100    |      83.46       |      29.08      
   118101    |      84.75       |      30.76      
   118102    |      85.95       |      25.01      
   118103    |      86.78       |      26.15      
   118104    |      86.80       |      26.01      
   118123    |      88.67       |       2.37      
   118124    |      86.82       |       8.15      
   118125    |      80.85       |       9.00      
   118126    |      79.41       |      12.50      
   118127    |      80.69       |      12.70      
   118128    |      82.93       |      10.15      
   118129    |      89.95       |       2.36      
   118326    |      86.45       |      37.53      
   118327    |      89.31       |      41.91      
   118328    |      89.14       |      42.55      
   118330    |      89.37       |      47.81      
   118331    |      88.88       |      47.03      
   118355    |      89.55       |      34.95      
   118360    |      88.51       |      32.88      
   118361    |      86.87       |      30.46      
   118362    |      85.42       |      37.07      
   118363    |      87.87       |      40.69      
   118364    |      87.38       |      42.87      
   118377    |      86.30       |       3.70      
   118378    |      87.07       |       3.55      
   118379    |      79.85       |      16.85      
   118380    |      77.03       |      12.87      
   118381    |      76.04       |      14.17      
   118382    |      73.89       |      17.88      
   118383    |      76.32       |      17.89      
   118384    |      78.13       |      11.69      
   118385    |      81.11       |      10.23      
   118386    |      84.91       |      16.89      
   118618    |      88.25       |      40.73      
   118620    |      89.26       |      49.17      
   118621    |      88.98       |      48.73      
   118633    |      86.05       |       8.24      
   118634    |      87.34       |      13.03      
   118635    |      83.38       |      19.91      
   118636    |      79.44       |      10.79      
   118637    |      79.34       |      10.94      
   118638    |      76.51       |      17.79      
   118639    |      74.96       |      17.60      
   118640    |      75.72       |      14.95      
   118641    |      78.12       |      14.37      
   118642    |      81.32       |      12.20      
   118643    |      86.61       |       3.36      
   118644    |      89.60       |      16.37      
   118889    |      88.73       |      11.20      
   118892    |      88.71       |       2.19      
   118893    |      86.61       |       6.25      
   118894    |      83.37       |      12.84      
   118895    |      82.12       |      11.80      
   118896    |      82.23       |      11.27      
   118897    |      83.85       |      12.40      
   118898    |      86.24       |       3.73      
   118899    |      88.81       |       3.08      
   119100    |      89.60       |      43.12      
   119133    |      88.95       |      40.29      
   119134    |      89.59       |      37.64      
   119135    |      89.81       |      37.97      
   119138    |      89.29       |      29.11      
   119139    |      88.59       |      28.04      
   119387    |      88.22       |      30.41      
   119388    |      85.94       |      40.05      
   119389    |      82.43       |      35.03      
   119390    |      81.83       |      37.68      
   119391    |      83.90       |      40.57      
   119392    |      87.49       |      25.55      
   119393    |      89.81       |      29.13      
   119395    |      89.74       |      27.80      
   119481    |      82.31       |      26.64      
   119482    |      82.19       |      29.44      
   119483    |      78.57       |      27.27      
   119484    |      78.30       |      31.38      
   119485    |      85.24       |      36.42      
   119486    |      85.18       |      37.99      
   119606    |      88.71       |      39.09      
   119607    |      89.34       |      40.04      
   119613    |      88.69       |      46.71      
   119614    |      87.85       |      50.02      
   119615    |      83.31       |      43.02      
   119616    |      84.88       |      37.00      
   119617    |      86.80       |      40.09      
   119647    |      88.55       |      36.29      
   119649    |      89.67       |      28.46      
   119650    |      89.81       |      27.82      
   119651    |      89.46       |      27.25      
   119737    |      77.38       |      37.60      
   119738    |      77.43       |      35.73      
   119739    |      73.13       |      33.50      
   119740    |      73.98       |      24.47      
   119741    |      84.19       |      29.36      
   119742    |      84.16       |      29.97      
   119862    |      82.82       |      39.50      
   119863    |      79.06       |      34.66      
   119864    |      79.01       |      34.81      
   119865    |      81.63       |      38.15      
   119866    |      81.48       |      38.76      
   119867    |      86.80       |      46.12      
   119868    |      86.72       |      46.45      
   119869    |      85.17       |      44.19      
   119870    |      85.41       |      43.19      
   119871    |      83.15       |      39.90      
   119872    |      83.19       |      39.71      
   119873    |      81.88       |      37.76      
   119874    |      83.13       |      32.73      
   119875    |      83.22       |      32.85      
   119876    |      84.56       |      27.70      
   119877    |      86.24       |      30.27      
   119878    |      86.02       |      31.09      
   119889    |      88.91       |      24.38      
   119890    |      85.76       |      39.30      
   119891    |      82.73       |      35.25      
   119892    |      86.55       |      17.85      
   119903    |      89.05       |      27.84      
   119904    |      88.92       |      28.36      
   119905    |      89.26       |      28.88      
   119906    |      89.63       |      27.27      
   119993    |      88.08       |      51.60      
   119994    |      88.39       |      33.78      
   119995    |      87.24       |      32.80      
   119996    |      87.51       |      17.39      
   119997    |      87.86       |      17.66      
   119998    |      87.59       |      25.79      
   120118    |      87.68       |      34.69      
   120119    |      83.88       |      29.48      
   120120    |      81.73       |      38.16      
   120121    |      81.24       |      37.52      
   120122    |      79.25       |      45.84      
   120123    |      79.48       |      46.13      
   120124    |      79.96       |      44.05      
   120125    |      77.70       |      41.13      
   120126    |      77.96       |      40.03      
   120127    |      77.22       |      39.06      
   120128    |      77.50       |      37.92      
   120129    |      75.77       |      35.61      
   120130    |      76.39       |      33.28      
   120131    |      74.30       |      30.74      
   120132    |      74.10       |      31.37      
   120133    |      79.22       |      37.69      
   120134    |      78.82       |      39.31      
   120135    |      86.03       |      49.62      
   120136    |      88.16       |      41.02      
   120137    |      89.80       |      43.72      
   120147    |      88.30       |      32.34      
   120148    |      89.97       |      24.84      
   120158    |      88.99       |      27.84      
   120159    |      86.82       |      24.58      
   120160    |      85.88       |      28.69      
   120161    |      87.75       |      31.46      
   120162    |      88.20       |      29.45      
   120375    |      89.15       |      25.25      
   120376    |      85.94       |      37.62      
   120377    |      81.86       |      32.20      
   120378    |      78.49       |      46.18      
   120379    |      72.86       |      39.82      
   120380    |      72.33       |      41.95      
   120381    |      71.73       |      41.31      
   120382    |      72.06       |      39.99      
   120383    |      72.35       |      40.29      
   120384    |      73.43       |      36.03      
   120385    |      72.36       |      34.79      
   120386    |      73.48       |      30.97      
   120387    |      77.67       |      36.19      
   120388    |      77.24       |      37.87      
   120389    |      83.99       |      47.16      
   120390    |      83.48       |      49.43      
   120391    |      83.57       |      49.55      
   120392    |      84.98       |      42.98      
   120393    |      85.43       |      43.63      
   120394    |      88.70       |      29.29      
   120415    |      89.70       |      21.79      
   120416    |      87.45       |      31.45      
   120417    |      84.81       |      27.54      
   120418    |      83.09       |      35.57      
   120419    |      80.61       |      32.27      
   120420    |      82.22       |      24.86      
   120421    |      80.97       |      23.35      
   120422    |      82.77       |      15.35      
   120423    |      82.82       |      15.39      
   120424    |      84.62       |       7.80      
   120425    |      87.12       |      10.06      
   120426    |      88.93       |       1.56      
   120511    |      89.80       |      25.89      
   120512    |      89.69       |      30.91      
   120630    |      88.26       |      25.15      
   120631    |      87.91       |      24.64      
   120632    |      85.92       |      32.19      
   120633    |      82.82       |      28.10      
   120634    |      80.05       |      38.80      
   120635    |      75.60       |      33.68      
   120636    |      73.75       |      40.88      
   120637    |      72.69       |      39.75      
   120638    |      72.56       |      40.25      
   120639    |      71.74       |      39.37      
   120640    |      72.99       |      34.64      
   120641    |      75.23       |      37.35      
   120642    |      75.45       |      36.47      
   120643    |      82.17       |      45.49      
   120644    |      81.83       |      47.06      
   120645    |      81.69       |      46.85      
   120646    |      81.13       |      49.45      
   120647    |      80.05       |      47.98      
   120648    |      81.00       |      43.36      
   120649    |      81.97       |      44.70      
   120650    |      83.35       |      38.40      
   120651    |      85.73       |      41.93      
   120652    |      88.79       |      27.77      
   120661    |      88.77       |      25.06      
   120662    |      87.88       |      28.82      
   120663    |      88.11       |      29.14      
   120664    |      86.99       |      33.90      
   120665    |      83.27       |      29.10      
   120666    |      84.80       |      22.50      
   120667    |      82.99       |      20.41      
   120668    |      82.76       |      21.31      
   120669    |      86.38       |      25.66      
   120670    |      87.28       |      21.75      
   120672    |      89.75       |      27.76      
   120673    |      86.60       |      22.58      
   120674    |      84.52       |      32.05      
   120675    |      78.81       |      24.84      
   120676    |      79.03       |      23.86      
   120677    |      79.19       |      24.02      
   120678    |      81.00       |      16.09      
   120679    |      84.02       |      19.24      
   120680    |      86.01       |      10.31      
   120681    |      88.85       |      14.06      
   120886    |      86.36       |      24.58      
   120887    |      86.94       |      25.36      
   120888    |      86.16       |      28.06      
   120889    |      84.93       |      26.41      
   120890    |      83.19       |      32.69      
   120891    |      82.19       |      31.40      
   120892    |      80.30       |      38.59      
   120893    |      80.30       |      38.57      
   120894    |      80.53       |      37.66      
   120895    |      76.34       |      32.86      
   120896    |      75.04       |      37.39      
   120897    |      78.58       |      41.75      
   120898    |      77.66       |      45.54      
   120899    |      81.58       |      50.76      
   120900    |      82.52       |      46.90      
   120901    |      81.61       |      45.62      
   120902    |      81.07       |      48.00      
   120903    |      82.94       |      50.60      
   120904    |      84.25       |      44.83      
   120905    |      85.29       |      46.35      
   120906    |      86.29       |      42.00      
   120907    |      83.97       |      38.34      
   120908    |      85.89       |      30.84      
   120909    |      85.28       |      29.86      
   120910    |      87.98       |      19.33      
   120915    |      88.43       |      16.16      
   120916    |      86.22       |      25.12      
   120917    |      86.48       |      25.45      
   120918    |      85.58       |      29.20      
   120919    |      85.31       |      28.84      
   120920    |      85.30       |      28.87      
   120921    |      81.47       |      24.38      
   120922    |      82.40       |      20.59      
   120923    |      84.36       |      22.74      
   120924    |      83.59       |      26.04      
   120925    |      83.11       |      25.49      
   120926    |      82.80       |      26.80      
   120927    |      85.58       |      29.83      
   120928    |      87.22       |      22.62      
   120929    |      89.92       |      26.56      
   120931    |      87.41       |      19.58      
   120932    |      86.66       |      23.00      
   120933    |      85.92       |      21.96      
   120934    |      86.54       |      19.01      
   121011    |      87.73       |      27.24      
   121012    |      88.19       |      34.78      
   121013    |      80.09       |      29.38      
   121014    |      80.46       |      41.65      
   121015    |      84.14       |      44.36      
   121016    |      84.25       |      47.38      
   121031    |      89.54       |      24.51      
   121032    |      89.73       |      30.24      
   121141    |      88.42       |      25.62      
   121142    |      88.46       |      25.47      
   121143    |      88.94       |      26.14      
   121144    |      88.80       |      26.58      
   121149    |      86.99       |      31.31      
   121150    |      86.78       |      32.05      
   121151    |      86.49       |      31.63      
   121152    |      83.74       |      41.70      
   121153    |      84.58       |      42.87      
   121154    |      82.56       |      50.80      
   121155    |      82.12       |      50.20      
   121156    |      83.24       |      45.68      
   121157    |      88.70       |      53.77      
   121158    |      89.38       |      51.16      
   121159    |      86.70       |      47.06      
   121160    |      86.84       |      46.49      
   121161    |      81.53       |      38.75      
   121162    |      81.63       |      38.33      
   121163    |      80.63       |      36.92      
   121164    |      82.41       |      29.88      
   121165    |      82.71       |      30.30      
   121166    |      82.36       |      31.60      
   121167    |      81.77       |      30.76      
   121168    |      82.65       |      27.29      
   121169    |      83.13       |      27.91      
   121170    |      86.15       |      16.34      
   121171    |      88.10       |      18.94      
   121172    |      86.44       |      25.46      
   121173    |      85.90       |      24.74      
   121174    |      84.88       |      28.89      
   121175    |      84.32       |      28.18      
   121176    |      85.42       |      23.61      
   121181    |      86.64       |      19.91      
   121182    |      84.32       |      29.95      
   121183    |      84.39       |      30.02      
   121184    |      85.19       |      26.43      
   121185    |      83.77       |      24.65      
   121186    |      84.87       |      19.71      
   121187    |      82.76       |      17.29      
   121188    |      81.57       |      22.55      
   121189    |      81.17       |      22.10      
   121190    |      80.58       |      24.95      
   121191    |      81.26       |      25.68      
   121192    |      83.57       |      14.05      
   121193    |      87.16       |      18.29      
   121269    |      88.67       |      34.70      
   121270    |      88.76       |      36.58      
   121397    |      88.38       |      32.46      
   121409    |      89.75       |      42.15      
   121410    |      87.45       |      50.54      
   121411    |      85.90       |      48.28      
   121412    |      84.59       |      53.39      
   121413    |      80.81       |      48.13      
   121414    |      81.12       |      46.82      
   121415    |      77.33       |      41.71      
   121416    |      78.01       |      39.04      
   121417    |      76.56       |      37.19      
   121418    |      76.49       |      37.46      
   121419    |      72.62       |      33.06      
   121420    |      72.84       |      32.29      
   121421    |      71.50       |      31.00      
   121422    |      70.72       |      33.66      
   121423    |      72.95       |      35.85      
   121424    |      74.50       |      30.05      
   121425    |      76.90       |      32.53      
   121426    |      80.18       |      20.43      
   121427    |      83.01       |      23.48      
   121428    |      82.56       |      25.19      
   121429    |      84.66       |      27.75      
   121430    |      84.56       |      28.16      
   121431    |      86.94       |      31.28      
   121432    |      87.19       |      30.26      
   121433    |      86.10       |      28.82      
   121434    |      87.98       |      21.07      
   121435    |      86.96       |      19.74      
   121436    |      86.92       |      19.90      
   121437    |      86.62       |      19.51      
   121438    |      84.12       |      30.06      
   121439    |      79.36       |      24.96      
   121440    |      79.19       |      25.67      
   121441    |      75.79       |      22.90      
   121442    |      76.57       |      20.02      
   121443    |      78.44       |      21.27      
   121444    |      78.00       |      23.15      
   121445    |      79.75       |      24.77      
   121446    |      79.47       |      26.13      
   121447    |      79.33       |      25.98      
   121448    |      80.57       |      19.65      
   121449    |      81.85       |      20.88      
   121450    |      84.28       |       9.05      
   121451    |      89.15       |      14.43      
   121477    |      88.76       |       2.59      
   121478    |      89.19       |       4.97      
   121653    |      88.17       |      36.32      
   121654    |      88.37       |      35.58      
   121666    |      87.73       |      48.44      
   121667    |      84.42       |      43.59      
   121668    |      83.21       |      48.16      
   121669    |      80.55       |      44.45      
   121670    |      81.30       |      41.43      
   121671    |      83.29       |      44.22      
   121672    |      85.21       |      36.58      
   121673    |      85.87       |      37.55      
   121674    |      87.59       |      31.00      
   121675    |      83.65       |      25.15      
   121676    |      82.85       |      27.98      
   121677    |      77.03       |      21.24      
   121678    |      72.76       |      35.92      
   121679    |      73.83       |      37.01      
   121680    |      74.80       |      33.15      
   121681    |      76.95       |      35.44      
   121682    |      79.81       |      24.26      
   121683    |      81.40       |      25.98      
   121684    |      80.77       |      28.39      
   121685    |      85.34       |      33.98      
   121686    |      85.98       |      31.31      
   121687    |      86.57       |      32.09      
   121688    |      87.37       |      28.78      
   121689    |      84.39       |      24.98      
   121690    |      85.63       |      19.90      
   121691    |      87.31       |      22.01      
   121692    |      87.94       |      19.43      
   121693    |      85.05       |      15.93      
   121694    |      83.09       |      23.96      
   121695    |      78.43       |      19.68      
   121696    |      77.82       |      21.93      
   121697    |      76.77       |      21.16      
   121698    |      76.49       |      22.19      
   121699    |      77.51       |      22.95      
   121700    |      76.86       |      25.78      
   121701    |      79.87       |      28.70      
   121702    |      80.44       |      25.69      
   121703    |      82.03       |      27.44      
   121704    |      83.30       |      20.54      
   121705    |      83.04       |      20.23      
   121706    |      83.99       |      15.14      
   121707    |      84.58       |      15.75      
   121708    |      85.34       |      11.74      
   121709    |      89.52       |      16.95      
   121710    |      89.91       |      14.70      
   121759    |      87.95       |      31.64      
   121760    |      88.81       |      40.77      
   121769    |      86.74       |      17.47      
   121770    |      88.75       |      37.38      
   121908    |      79.53       |      36.47      
   121909    |      80.21       |      37.26      
   121910    |      79.59       |      39.57      
   121911    |      78.82       |      38.70      
   121912    |      78.78       |      38.84      
   121913    |      79.66       |      39.86      
   121914    |      82.67       |      28.99      
   121915    |      83.91       |      30.56      
   121916    |      84.65       |      27.99      
   121917    |      85.70       |      29.40      
   121918    |      85.87       |      28.82      
   121919    |      86.73       |      30.02      
   121920    |      84.00       |      39.58      
   121921    |      81.27       |      35.86      
   121922    |      79.16       |      43.71      
   121923    |      77.73       |      41.90      
   121924    |      77.05       |      44.73      
   121925    |      79.79       |      48.23      
   121926    |      80.71       |      44.27      
   121927    |      84.09       |      48.90      
   121928    |      86.86       |      37.60      
   121929    |      86.41       |      36.91      
   121930    |      89.41       |      25.28      
   121931    |      87.25       |      21.92      
   121932    |      88.04       |      18.87      
   121933    |      83.84       |      13.36      
   121934    |      77.68       |      36.08      
   121935    |      73.97       |      32.25      
   121936    |      72.89       |      36.57      
   121937    |      76.31       |      40.00      
   121938    |      79.55       |      26.45      
   121939    |      85.65       |      33.79      
   121940    |      85.60       |      33.97      
   121941    |      85.89       |      34.34      
   121942    |      86.39       |      32.10      
   121943    |      87.43       |      33.45      
   121944    |      89.44       |      24.71      
   121952    |      89.73       |      18.03      
   121953    |      86.34       |      13.39      
   121954    |      84.59       |      20.80      
   121955    |      82.66       |      18.57      
   121956    |      80.53       |      28.56      
   121957    |      78.87       |      26.81      
   121958    |      78.58       |      28.33      
   121959    |      78.95       |      28.69      
   121960    |      80.39       |      21.01      
   121961    |      83.80       |      24.68      
   121962    |      85.41       |      15.58      
   121970    |      89.26       |      24.02      
   121971    |      89.49       |      24.32      
   121972    |      88.71       |      29.42      
   121973    |      89.65       |      30.70      
   121974    |      89.24       |      33.15      
   121975    |      88.74       |      32.46      
   121976    |      89.77       |      26.24      
   121995    |      86.57       |      21.06      
   121996    |      87.43       |      25.75      
   122015    |      89.74       |      37.94      
   122016    |      89.31       |      34.43      
   122033    |      88.06       |      43.62      
   122034    |      87.76       |      40.35      
   122036    |      89.90       |      32.61      
   122164    |      69.90       |      39.51      
   122165    |      71.87       |      41.28      
   122166    |      72.20       |      40.04      
   122167    |      73.77       |      41.53      
   122168    |      73.96       |      40.78      
   122169    |      73.11       |      39.95      
   122170    |      75.37       |      31.99      
   122171    |      78.67       |      35.48      
   122172    |      80.36       |      29.81      
   122173    |      81.54       |      31.24      
   122174    |      81.86       |      30.18      
   122175    |      80.85       |      28.91      
   122176    |      78.64       |      36.15      
   122177    |      77.36       |      34.57      
   122178    |      75.23       |      42.27      
   122179    |      74.05       |      40.90      
   122180    |      71.99       |      49.19      
   122181    |      73.29       |      50.66      
   122182    |      73.47       |      49.73      
   122183    |      72.54       |      48.71      
   122184    |      74.74       |      38.08      
   122185    |      74.85       |      38.19      
   122186    |      78.79       |      23.19      
   122187    |      80.49       |      25.05      
   122188    |      83.84       |      13.37      
   122189    |      86.93       |      17.22      
   122190    |      83.60       |      30.20      
   122191    |      82.80       |      29.16      
   122192    |      80.42       |      39.30      
   122193    |      81.39       |      40.42      
   122194    |      82.75       |      34.00      
   122195    |      87.05       |      39.46      
   122196    |      88.17       |      34.32      
   122197    |      87.79       |      33.80      
   122198    |      87.86       |      33.46      
   122199    |      89.68       |      35.92      
   122215    |      86.17       |      21.07      
   122216    |      85.57       |      24.46      
   122217    |      85.98       |      24.99      
   122218    |      86.23       |      23.44      
   122228    |      89.55       |      30.70      
   122229    |      87.56       |      28.14      
   122230    |      86.92       |      32.52      
   122231    |      86.35       |      31.81      
   122232    |      86.99       |      27.53      
   122233    |      85.51       |      25.68      
   122234    |      86.38       |      20.19      
   122235    |      82.82       |      16.28      
   122236    |      84.31       |       8.65      
   122237    |      84.24       |       8.62      
   122238    |      85.99       |       5.09      
   122295    |      89.49       |      32.03      
   122296    |      89.79       |      35.03      
   122419    |      60.09       |      48.77      
   122420    |      61.02       |      45.21      
   122421    |      65.58       |      48.41      
   122422    |      66.73       |      43.59      
   122423    |      71.63       |      47.71      
   122424    |      73.43       |      39.87      
   122425    |      73.84       |      40.26      
   122426    |      74.89       |      36.27      
   122427    |      75.70       |      37.06      
   122428    |      77.08       |      32.02      
   122429    |      80.07       |      35.32      
   122430    |      82.03       |      28.77      
   122431    |      81.96       |      28.67      
   122432    |      80.26       |      34.12      
   122433    |      77.53       |      30.65      
   122434    |      74.62       |      40.78      
   122435    |      75.02       |      41.23      
   122436    |      73.12       |      50.70      
   122437    |      70.05       |      47.43      
   122438    |      69.69       |      49.30      
   122439    |      68.08       |      47.68      
   122440    |      69.85       |      39.68      
   122441    |      69.29       |      39.15      
   122442    |      72.38       |      27.91      
   122443    |      72.22       |      27.79      
   122444    |      74.36       |      21.38      
   122445    |      79.05       |      25.26      
   122446    |      77.78       |      30.07      
   122447    |      81.55       |      34.32      
   122448    |      80.24       |      40.57      
   122449    |      80.96       |      41.38      
   122450    |      81.26       |      39.82      
   122451    |      81.90       |      40.54      
   122452    |      83.16       |      34.07      
   122453    |      86.04       |      37.56      
   122454    |      86.37       |      35.89      
   122455    |      84.39       |      33.46      
   122456    |      85.25       |      29.25      
   122457    |      86.48       |      30.75      
   122458    |      87.95       |      23.92      
   122474    |      89.29       |      28.62      
   122475    |      87.31       |      25.85      
   122476    |      88.17       |      20.31      
   122483    |      89.72       |      16.99      
   122484    |      88.15       |      28.11      
   122485    |      86.35       |      25.93      
   122486    |      85.53       |      31.91      
   122487    |      83.15       |      29.27      
   122488    |      83.58       |      26.05      
   122489    |      78.89       |      21.84      
   122490    |      79.55       |      17.88      
   122491    |      76.50       |      16.87      
   122492    |      77.22       |      14.18      
   122493    |      77.20       |      14.19      
   122494    |      77.13       |      14.40      
   122495    |      77.94       |      14.27      
   122496    |      78.76       |      11.74      
   122497    |      81.77       |      11.19      
   122498    |      86.08       |      15.24      
   122499    |      79.79       |      14.47      
   122500    |      82.12       |      21.77      
   122501    |      77.35       |      21.15      
   122502    |      77.26       |      20.91      
   122503    |      82.00       |      21.52      
   122504    |      81.75       |      20.53      
   122505    |      86.56       |      22.51      
   122506    |      86.56       |      22.49      
   122523    |      86.26       |      30.08      
   122524    |      87.59       |      38.60      
   122533    |      89.70       |      22.39      
   122547    |      87.65       |      40.81      
   122548    |      87.73       |      41.53      
   122549    |      79.76       |      36.44      
   122550    |      79.59       |      34.94      
   122551    |      80.97       |      35.67      
   122552    |      80.74       |      33.64      
   122553    |      85.14       |      36.19      
   122554    |      83.77       |      23.75      
   122674    |      62.22       |      47.88      
   122675    |      60.23       |      46.61      
   122676    |      59.20       |      50.87      
   122677    |      60.38       |      51.60      
   122678    |      60.44       |      51.32      
   122679    |      61.00       |      51.68      
   122680    |      62.82       |      44.07      
   122681    |      68.22       |      48.05      
   122682    |      70.43       |      38.56      
   122683    |      74.68       |      42.33      
   122684    |      76.24       |      36.01      
   122685    |      75.21       |      35.02      
   122686    |      76.73       |      29.71      
   122687    |      78.55       |      31.61      
   122688    |      79.02       |      30.34      
   122689    |      80.25       |      32.17      
   122690    |      78.10       |      40.72      
   122691    |      75.37       |      37.32      
   122692    |      73.29       |      46.69      
   122693    |      69.89       |      43.04      
   122694    |      69.03       |      47.42      
   122695    |      67.79       |      46.24      
   122696    |      69.31       |      39.16      
   122697    |      66.38       |      36.66      
   122698    |      68.49       |      29.75      
   122699    |      65.57       |      28.54      
   122700    |      63.96       |      32.48      
   122701    |      66.85       |      34.04      
   122702    |      65.50       |      39.14      
   122703    |      71.80       |      44.19      
   122704    |      71.95       |      43.37      
   122705    |      73.05       |      44.30      
   122706    |      73.38       |      42.33      
   122707    |      73.21       |      42.17      
   122708    |      73.64       |      39.77      
   122709    |      75.49       |      41.44      
   122710    |      76.65       |      34.89      
   122711    |      76.88       |      35.10      
   122712    |      77.44       |      32.25      
   122713    |      81.83       |      36.53      
   122714    |      82.25       |      34.22      
   122715    |      87.56       |      40.32      
   122716    |      89.70       |      29.78      
   122737    |      89.42       |      13.68      
   122738    |      88.93       |      17.03      
   122739    |      86.26       |      13.94      
   122740    |      84.53       |      26.25      
   122741    |      80.78       |      22.71      
   122742    |      79.81       |      30.22      
   122743    |      74.48       |      26.42      
   122744    |      74.83       |      24.10      
   122745    |      70.96       |      23.20      
   122746    |      71.51       |      21.02      
   122747    |      71.65       |      21.00      
   122748    |      72.40       |      18.63      
   122749    |      72.38       |      18.65      
   122750    |      72.13       |      19.32      
   122751    |      67.97       |      22.35      
   122752    |      68.23       |      22.18      
   122753    |      61.76       |      28.81      
   122754    |      64.99       |      28.96      
   122755    |      70.81       |      26.83      
   122756    |      70.92       |      27.05      
   122757    |      75.21       |      26.64      
   122758    |      73.24       |      21.92      
   122759    |      76.79       |      21.32      
   122760    |      77.04       |      22.12      
   122761    |      79.26       |      22.27      
   122762    |      79.38       |      22.72      
   122763    |      83.58       |      23.96      
   122764    |      82.40       |      19.25      
   122765    |      85.95       |      20.68      
   122766    |      86.00       |      20.97      
   122767    |      89.25       |      23.15      
   122768    |      88.55       |      18.09      
   122779    |      86.58       |      37.90      
   122780    |      86.58       |      37.87      
   122781    |      87.69       |      38.58      
   122782    |      87.65       |      38.33      
   122793    |      88.53       |      34.25      
   122794    |      89.56       |      42.02      
   122795    |      87.42       |      40.50      
   122796    |      87.87       |      43.86      
   122797    |      88.38       |      44.23      
   122798    |      87.96       |      40.95      
   122805    |      83.81       |      42.54      
   122806    |      82.75       |      33.77      
   122807    |      82.61       |      33.70      
   122808    |      81.86       |      27.25      
   122809    |      88.37       |      31.08      
   122810    |      86.82       |      18.65      
   122930    |      62.53       |      45.59      
   122931    |      62.91       |      45.83      
   122932    |      61.74       |      51.07      
   122933    |      58.93       |      49.34      
   122934    |      58.20       |      52.84      
   122935    |      59.48       |      53.59      
   122936    |      59.91       |      51.09      
   122937    |      67.21       |      56.01      
   122938    |      69.27       |      43.81      
   122939    |      73.30       |      47.11      
   122940    |      75.77       |      34.88      
   122941    |      76.19       |      35.25      
   122942    |      76.91       |      31.99      
   122943    |      79.36       |      34.11      
   122944    |      79.57       |      32.29      
   122945    |      82.90       |      36.34      
   122946    |      82.92       |      36.21      
   122947    |      77.88       |      29.89      
   122948    |      75.50       |      41.65      
   122949    |      75.14       |      41.24      
   122950    |      74.54       |      44.40      
   122951    |      73.52       |      43.34      
   122952    |      75.68       |      33.15      
   122953    |      66.72       |      26.67      
   122954    |      66.03       |      28.22      
   122955    |      65.43       |      28.13      
   122956    |      62.34       |      36.51      
   122957    |      68.30       |      40.45      
   122958    |      67.40       |      45.44      
   122959    |      69.76       |      47.44      
   122960    |      70.04       |      45.33      
   122961    |      68.46       |      44.06      
   122962    |      68.50       |      43.80      
   122963    |      70.79       |      45.57      
   122964    |      71.17       |      42.77      
   122965    |      72.87       |      44.16      
   122966    |      74.13       |      35.92      
   122967    |      71.89       |      34.18      
   122968    |      71.00       |      39.54      
   122969    |      69.48       |      38.50      
   122970    |      68.76       |      44.09      
   122971    |      71.00       |      45.56      
   122972    |      71.47       |      39.39      
   122973    |      75.90       |      42.68      
   122974    |      76.84       |      31.52      
   122975    |      82.98       |      24.39      
   122976    |      83.22       |      11.47      
   122977    |      82.38       |      11.11      
   122978    |      83.24       |       7.44      
   122979    |      83.96       |       7.18      
   122980    |      83.49       |       9.19      
   122981    |      89.56       |      15.46      
   122982    |      89.42       |      16.28      
   122991    |      87.75       |      10.91      
   122992    |      87.12       |      14.03      
   122993    |      83.53       |      10.73      
   122994    |      82.62       |      15.33      
   122995    |      79.73       |      13.92      
   122996    |      77.85       |      24.06      
   122997    |      74.39       |      22.40      
   122998    |      73.66       |      26.93      
   122999    |      70.65       |      25.96      
   123000    |      71.24       |      23.00      
   123001    |      69.90       |      23.12      
   123002    |      70.10       |      22.38      
   123003    |      69.24       |      22.65      
   123004    |      69.82       |      21.10      
   123005    |      69.76       |      21.14      
   123006    |      70.75       |      19.60      
   123007    |      68.21       |      22.59      
   123008    |      69.39       |      22.82      
   123009    |      61.92       |      28.66      
   123010    |      63.02       |      28.78      
   123011    |      68.56       |      25.46      
   123012    |      68.08       |      24.89      
   123013    |      76.56       |      22.12      
   123014    |      75.71       |      20.13      
   123015    |      75.04       |      20.28      
   123016    |      75.92       |      22.29      
   123017    |      76.94       |      22.22      
   123018    |      77.06       |      22.58      
   123019    |      79.37       |      22.75      
   123020    |      79.32       |      22.58      
   123021    |      78.03       |      22.43      
   123022    |      77.47       |      20.69      
   123023    |      84.17       |      21.90      
   123024    |      82.86       |      17.91      
   123025    |      86.67       |      18.98      
   123026    |      87.48       |      22.59      
   123031    |      89.84       |      20.05      
   123047    |      89.87       |      26.50      
   123051    |      88.30       |      42.32      
   123052    |      88.81       |      45.98      
   123053    |      86.38       |      44.26      
   123054    |      85.44       |      37.34      
   123055    |      89.90       |      40.50      
   123056    |      89.42       |      37.18      
   123075    |      88.70       |      31.75      
   123076    |      88.40       |      29.48      
   123077    |      87.66       |      29.03      
   123078    |      88.24       |      33.85      
   123079    |      88.59       |      34.08      
   123080    |      89.53       |      41.12      
   123185    |      70.59       |      37.66      
   123186    |      69.15       |      43.41      
   123187    |      65.22       |      40.67      
   123188    |      63.60       |      47.33      
   123189    |      63.75       |      47.42      
   123190    |      62.83       |      52.29      
   123191    |      66.67       |      54.92      
   123192    |      66.52       |      56.22      
   123193    |      69.41       |      58.32      
   123194    |      70.75       |      47.76      
   123195    |      70.49       |      47.55      
   123196    |      72.63       |      36.27      
   123197    |      77.64       |      40.61      
   123198    |      78.69       |      34.24      
   123199    |      81.63       |      37.23      
   123200    |      81.75       |      36.45      
   123201    |      75.93       |      30.35      
   123202    |      75.91       |      30.44      
   123203    |      74.62       |      29.22      
   123204    |      71.91       |      42.08      
   123205    |      73.05       |      43.17      
   123206    |      72.99       |      43.49      
   123207    |      67.70       |      38.83      
   123208    |      72.39       |      22.78      
   123209    |      72.10       |      22.65      
   123210    |      71.65       |      23.88      
   123211    |      76.60       |      27.69      
   123212    |      74.19       |      38.58      
   123213    |      74.56       |      38.95      
   123214    |      73.39       |      46.43      
   123215    |      68.17       |      41.82      
   123216    |      67.78       |      44.33      
   123217    |      65.36       |      42.59      
   123218    |      64.59       |      47.97      
   123219    |      67.67       |      50.10      
   123220    |      68.11       |      45.81      
   123221    |      70.60       |      47.67      
   123222    |      72.44       |      33.97      
   123223    |      72.10       |      33.73      
   123224    |      71.44       |      37.72      
   123225    |      69.39       |      36.35      
   123226    |      68.25       |      46.54      
   123227    |      61.44       |      42.93      
   123228    |      61.11       |      48.06      
   123229    |      58.33       |      46.93      
   123230    |      58.63       |      40.69      
   123231    |      66.11       |      43.46      
   123232    |      68.31       |      22.87      
   123233    |      73.50       |      22.21      
   123234    |      75.29       |      15.31      
   123235    |      81.63       |      15.07      
   123236    |      81.22       |      17.50      
   123237    |      87.43       |      24.34      
   123238    |      87.51       |      23.81      
   123239    |      89.51       |      26.57      
   123240    |      89.73       |      25.10      
   123245    |      88.39       |       9.98      
   123246    |      88.22       |      10.84      
   123247    |      85.03       |       7.70      
   123248    |      84.45       |      10.22      
   123249    |      79.81       |      10.62      
   123250    |      78.10       |      15.18      
   123251    |      75.34       |      15.73      
   123252    |      73.33       |      23.17      
   123253    |      70.46       |      22.96      
   123254    |      69.63       |      26.75      
   123255    |      68.06       |      26.67      
   123256    |      68.63       |      24.24      
   123257    |      68.20       |      24.35      
   123258    |      68.51       |      23.34      
   123259    |      68.09       |      23.52      
   123260    |      68.57       |      22.31      
   123261    |      69.43       |      21.81      
   123262    |      71.53       |      19.27      
   123263    |      72.41       |      18.15      
   123264    |      73.77       |      18.48      
   123265    |      72.68       |      20.46      
   123266    |      71.86       |      19.77      
   123267    |      70.83       |      21.48      
   123268    |      70.96       |      21.61      
   123269    |      71.91       |      21.10      
   123270    |      73.02       |      22.86      
   123271    |      72.64       |      22.96      
   123272    |      73.04       |      23.76      
   123273    |      74.56       |      23.48      
   123274    |      74.67       |      23.77      
   123275    |      75.74       |      23.68      
   123276    |      75.35       |      22.62      
   123277    |      79.25       |      22.65      
   123278    |      77.72       |      18.34      
   123279    |      80.60       |      18.18      
   123280    |      80.28       |      17.23      
   123281    |      83.45       |      17.53      
   123282    |      84.07       |      19.86      
   123283    |      88.90       |      22.03      
   123284    |      89.37       |      24.24      
   123303    |      88.65       |      32.46      
   123304    |      89.50       |      37.96      
   123311    |      89.75       |      36.20      
   123312    |      89.22       |      32.65      
   123331    |      85.37       |      34.41      
   123332    |      84.73       |      29.92      
   123333    |      85.54       |      30.35      
   123334    |      86.32       |      35.86      
   123335    |      84.65       |      34.92      
   123336    |      85.77       |      42.81      
   123337    |      84.92       |      42.33      
   123338    |      84.26       |      37.42      
   123339    |      89.69       |      40.76      
   123340    |      88.56       |      31.66      
   123440    |      76.27       |      35.86      
   123441    |      74.21       |      34.03      
   123442    |      73.31       |      37.52      
   123443    |      71.02       |      35.73      
   123444    |      68.67       |      45.61      
   123445    |      73.96       |      49.85      
   123446    |      73.49       |      53.01      
   123447    |      73.89       |      53.33      
   123448    |      73.40       |      57.35      
   123449    |      66.96       |      52.43      
   123450    |      67.51       |      48.47      
   123451    |      69.45       |      49.88      
   123452    |      70.50       |      42.43      
   123453    |      75.31       |      46.40      
   123454    |      76.59       |      38.05      
   123455    |      77.72       |      39.12      
   123456    |      79.41       |      29.45      
   123457    |      77.15       |      27.25      
   123458    |      76.87       |      28.48      
   123459    |      75.30       |      27.07      
   123460    |      72.01       |      43.46      
   123461    |      65.51       |      38.39      
   123462    |      65.14       |      40.02      
   123463    |      61.43       |      37.97      
   123464    |      65.22       |      27.61      
   123465    |      70.04       |      29.34      
   123466    |      69.71       |      30.49      
   123467    |      72.70       |      32.87      
   123468    |      71.28       |      39.95      
   123469    |      68.75       |      37.79      
   123470    |      67.99       |      41.90      
   123471    |      63.80       |      38.92      
   123472    |      62.82       |      43.81      
   123473    |      61.80       |      43.21      
   123474    |      60.58       |      53.00      
   123475    |      59.35       |      52.30      
   123476    |      59.35       |      52.31      
   123477    |      60.36       |      52.86      
   123478    |      62.33       |      38.71      
   123479    |      66.62       |      40.90      
   123480    |      67.15       |      37.44      
   123481    |      68.22       |      38.05      
   123482    |      68.02       |      39.56      
   123483    |      66.27       |      38.61      
   123484    |      65.82       |      43.11      
   123485    |      61.76       |      41.21      
   123486    |      61.46       |      45.81      
   123487    |      60.23       |      45.31      
   123488    |      62.30       |      30.83      
   123489    |      72.53       |      33.74      
   123490    |      74.54       |      19.66      
   123491    |      83.11       |      25.09      
   123492    |      83.12       |      25.04      
   123493    |      86.47       |      28.94      
   123494    |      86.76       |      26.69      
   123495    |      89.01       |      29.66      
   123496    |      89.03       |      29.47      
   123497    |      86.79       |      26.51      
   123498    |      88.39       |      17.04      
   123499    |      85.08       |      13.05      
   123500    |      85.55       |      10.81      
   123501    |      82.51       |       9.27      
   123502    |      82.37       |       9.68      
   123503    |      80.41       |      10.25      
   123504    |      80.69       |       9.77      
   123505    |      77.54       |      13.62      
   123506    |      75.41       |      15.69      
   123507    |      72.68       |      17.75      
   123508    |      70.34       |      23.08      
   123509    |      68.28       |      23.60      
   123510    |      67.25       |      27.35      
   123511    |      66.84       |      27.39      
   123512    |      67.46       |      25.03      
   123513    |      67.97       |      24.90      
   123514    |      68.50       |      23.16      
   123515    |      68.71       |      23.08      
   123516    |      69.03       |      22.21      
   123517    |      68.22       |      22.69      
   123518    |      69.77       |      20.82      
   123519    |      69.44       |      21.25      
   123520    |      71.21       |      21.91      
   123521    |      72.20       |      20.18      
   123522    |      72.18       |      20.16      
   123523    |      72.06       |      20.38      
   123524    |      72.65       |      21.05      
   123525    |      70.42       |      22.18      
   123526    |      72.02       |      24.41      
   123527    |      71.06       |      24.69      
   123528    |      71.07       |      24.72      
   123529    |      72.46       |      24.32      
   123530    |      71.45       |      22.51      
   123531    |      78.00       |      21.00      
   123532    |      76.85       |      18.28      
   123533    |      81.12       |      17.89      
   123534    |      80.26       |      15.45      
   123535    |      81.21       |      15.38      
   123536    |      81.16       |      15.26      
   123537    |      82.79       |      15.29      
   123538    |      84.20       |      20.59      
   123539    |      83.34       |      20.32      
   123540    |      84.28       |      24.06      
   123541    |      86.93       |      25.25      
   123542    |      86.99       |      25.54      
   123551    |      86.98       |      29.78      
   123552    |      87.94       |      34.41      
   123553    |      84.78       |      32.55      
   123554    |      84.65       |      31.94      
   123555    |      87.20       |      33.42      
   123556    |      86.83       |      31.52      
   123557    |      87.63       |      32.02      
   123558    |      87.51       |      31.37      
   123581    |      84.53       |      19.66      
   123582    |      86.22       |      29.36      
   123583    |      84.05       |      28.21      
   123584    |      85.32       |      34.95      
   123587    |      88.67       |      39.33      
   123588    |      87.63       |      33.57      
   123589    |      82.39       |      30.86      
   123590    |      82.99       |      34.72      
   123591    |      85.62       |      36.09      
   123592    |      84.97       |      31.67      
   123597    |      87.20       |      32.05      
   123696    |      70.26       |      35.54      
   123697    |      70.78       |      35.91      
   123698    |      70.79       |      35.84      
   123699    |      76.01       |      40.13      
   123700    |      74.22       |      49.79      
   123701    |      74.43       |      49.96      
   123702    |      73.95       |      53.32      
   123703    |      73.10       |      52.61      
   123704    |      73.36       |      50.62      
   123705    |      71.47       |      49.07      
   123706    |      71.43       |      49.33      
   123707    |      71.60       |      49.46      
   123708    |      71.88       |      47.24      
   123709    |      73.42       |      48.49      
   123710    |      74.71       |      39.81      
   123711    |      76.22       |      41.17      
   123712    |      79.05       |      26.71      
   123713    |      79.19       |      26.85      
   123714    |      79.43       |      25.75      
   123715    |      72.50       |      21.17      
   123716    |      67.70       |      37.37      
   123717    |      61.12       |      34.22      
   123718    |      59.53       |      39.15      
   123719    |      62.31       |      40.43      
   123720    |      64.51       |      32.56      
   123721    |      68.14       |      34.64      
   123722    |      68.09       |      34.85      
   123723    |      65.28       |      33.16      
   123724    |      63.53       |      40.22      
   123725    |      59.89       |      38.40      
   123726    |      59.02       |      41.62      
   123727    |      59.32       |      41.76      
   123728    |      58.66       |      44.91      
   123729    |      60.39       |      45.81      
   123730    |      59.67       |      52.16      
   123731    |      57.13       |      50.82      
   123732    |      56.85       |      54.54      
   123733    |      53.70       |      53.09      
   123734    |      54.44       |      47.55      
   123735    |      60.88       |      50.47      
   123736    |      62.02       |      41.28      
   123737    |      65.61       |      43.11      
   123738    |      66.17       |      38.68      
   123739    |      69.37       |      40.56      
   123740    |      69.75       |      36.97      
   123741    |      73.22       |      39.35      
   123742    |      73.23       |      39.16      
   123743    |      72.51       |      38.64      
   123744    |      72.89       |      33.60      
   123745    |      78.99       |      38.37      
   123746    |      80.09       |      25.98      
   123747    |      87.12       |      33.28      
   123748    |      87.52       |      28.86      
   123749    |      89.56       |      31.38      
   123750    |      89.78       |      29.65      
   123751    |      84.19       |      22.78      
   123752    |      83.62       |      27.06      
   123753    |      78.11       |      22.27      
   123754    |      79.37       |      16.10      
   123755    |      79.84       |      16.31      
   123756    |      81.50       |      10.14      
   123757    |      80.35       |      10.51      
   123758    |      80.50       |      10.18      
   123759    |      76.52       |      14.68      
   123760    |      76.49       |      14.66      
   123761    |      74.93       |      17.15      
   123762    |      73.05       |      17.39      
   123763    |      71.32       |      19.37      
   123764    |      68.85       |      23.09      
   123765    |      68.52       |      23.23      
   123766    |      67.47       |      26.88      
   123767    |      65.51       |      27.25      
   123768    |      65.56       |      27.07      
   123769    |      65.84       |      26.99      
   123770    |      66.39       |      25.24      
   123771    |      65.82       |      25.53      
   123772    |      66.20       |      24.66      
   123773    |      62.61       |      27.91      
   123774    |      63.17       |      27.61      
   123775    |      62.97       |      27.90      
   123776    |      64.33       |      28.04      
   123777    |      67.35       |      23.47      
   123778    |      68.62       |      23.82      
   123779    |      70.48       |      20.82      
   123780    |      71.84       |      21.86      
   123781    |      72.18       |      21.21      
   123782    |      73.18       |      22.68      
   123783    |      74.24       |      22.41      
   123784    |      73.33       |      20.78      
   123785    |      76.36       |      19.87      
   123786    |      75.23       |      17.84      
   123787    |      77.01       |      17.14      
   123788    |      77.46       |      18.11      
   123789    |      76.93       |      18.22      
   123790    |      76.38       |      17.12      
   123791    |      79.30       |      16.31      
   123792    |      78.81       |      15.08      
   123793    |      82.02       |      14.57      
   123794    |      82.76       |      17.16      
   123795    |      87.55       |      18.82      
   123796    |      87.84       |      20.09      
   123812    |      89.97       |      29.09      
   123835    |      83.39       |      27.20      
   123836    |      84.69       |      34.71      
   123837    |      76.65       |      31.42      
   123838    |      76.98       |      33.22      
   123839    |      77.42       |      33.35      
   123840    |      77.26       |      32.54      
   123841    |      84.22       |      35.36      
   123842    |      84.62       |      37.49      
   123844    |      89.67       |      33.33      
   123845    |      89.35       |      33.13      
   123846    |      89.32       |      32.96      
   123847    |      88.99       |      32.76      
   123848    |      88.66       |      30.54      
   123849    |      88.62       |      30.52      
   123850    |      89.50       |      36.60      
   123951    |      66.34       |      40.61      
   123952    |      67.14       |      37.56      
   123953    |      69.72       |      39.28      
   123954    |      68.99       |      42.38      
   123955    |      70.79       |      43.75      
   123956    |      69.47       |      51.35      
   123957    |      69.49       |      51.37      
   123958    |      69.17       |      53.69      
   123959    |      71.85       |      55.75      
   123960    |      72.71       |      48.73      
   123961    |      77.33       |      52.72      
   123962    |      77.95       |      48.01      
   123963    |      77.20       |      47.30      
   123964    |      77.14       |      47.67      
   123965    |      71.71       |      42.98      
   123966    |      71.81       |      42.37      
   123967    |      70.79       |      41.57      
   123968    |      73.49       |      28.84      
   123969    |      72.14       |      27.93      
   123970    |      74.78       |      19.62      
   123971    |      71.35       |      19.85      
   123972    |      67.07       |      30.24      
   123973    |      69.13       |      31.28      
   123974    |      67.60       |      37.83      
   123975    |      67.63       |      37.85      
   123976    |      68.33       |      34.56      
   123977    |      67.22       |      33.84      
   123978    |      67.78       |      31.74      
   123979    |      66.74       |      31.18      
   123980    |      65.65       |      34.98      
   123981    |      62.32       |      33.55      
   123982    |      60.07       |      41.34      
   123983    |      59.92       |      41.27      
   123984    |      58.87       |      46.63      
   123985    |      60.39       |      47.42      
   123986    |      60.17       |      49.29      
   123987    |      58.02       |      48.16      
   123988    |      57.69       |      50.98      
   123989    |      57.98       |      51.12      
   123990    |      57.91       |      51.91      
   123991    |      60.23       |      53.16      
   123992    |      60.79       |      45.64      
   123993    |      63.80       |      47.29      
   123994    |      64.21       |      43.03      
   123995    |      68.52       |      45.68      
   123996    |      68.83       |      41.16      
   123997    |      72.96       |      44.09      
   123998    |      73.31       |      38.34      
   123999    |      79.17       |      43.24      
   124000    |      79.47       |      38.26      
   124001    |      83.89       |      42.53      
   124002    |      84.57       |      33.57      
   124003    |      88.20       |      37.73      
   124004    |      88.96       |      31.41      
   124005    |      86.22       |      28.12      
   124006    |      87.08       |      22.26      
   124007    |      84.57       |      19.34      
   124008    |      84.50       |      19.69      
   124009    |      83.42       |      18.60      
   124010    |      84.34       |      13.99      
   124011    |      82.01       |      12.43      
   124012    |      83.37       |       7.74      
   124013    |      77.13       |      15.30      
   124014    |      76.34       |      14.88      
   124015    |      73.43       |      19.72      
   124016    |      72.71       |      19.29      
   124017    |      72.30       |      19.99      
   124018    |      70.86       |      19.85      
   124019    |      70.23       |      20.69      
   124020    |      67.61       |      24.10      
   124021    |      66.90       |      24.45      
   124022    |      66.11       |      26.73      
   124023    |      65.37       |      26.97      
   124024    |      65.18       |      27.60      
   124025    |      65.66       |      27.48      
   124026    |      66.46       |      24.95      
   124027    |      66.23       |      25.08      
   124028    |      67.76       |      22.74      
   124029    |      67.12       |      23.48      
   124030    |      67.49       |      23.33      
   124031    |      67.94       |      22.76      
   124032    |      68.14       |      22.69      
   124033    |      68.31       |      22.47      
   124034    |      68.88       |      22.46      
   124035    |      69.16       |      22.05      
   124036    |      70.48       |      22.90      
   124037    |      72.96       |      18.53      
   124038    |      75.01       |      21.04      
   124039    |      77.65       |      15.51      
   124040    |      77.65       |      15.52      
   124041    |      79.60       |      14.88      
   124042    |      79.47       |      14.61      
   124043    |      78.11       |      15.06      
   124044    |      79.02       |      16.89      
   124045    |      78.81       |      16.92      
   124046    |      77.74       |      14.83      
   124047    |      79.50       |      14.14      
   124048    |      79.79       |      14.79      
   124049    |      78.90       |      15.03      
   124050    |      79.45       |      16.44      
   124051    |      83.63       |      16.57      
   124052    |      84.37       |      19.34      
   124053    |      87.12       |      20.45      
   124054    |      87.68       |      22.91      
   124055    |      87.73       |      22.95      
   124056    |      88.77       |      27.57      
   124071    |      89.46       |      31.43      
   124072    |      88.59       |      26.95      
   124075    |      86.45       |      37.35      
   124076    |      86.91       |      40.04      
   124085    |      87.03       |      39.00      
   124086    |      87.24       |      40.29      
   124087    |      89.08       |      41.51      
   124088    |      88.28       |      36.98      
   124089    |      88.55       |      37.16      
   124090    |      88.64       |      37.74      
   124091    |      84.52       |      35.32      
   124092    |      84.34       |      34.35      
   124093    |      84.89       |      34.65      
   124094    |      84.06       |      30.09      
   124095    |      83.65       |      29.90      
   124096    |      83.62       |      29.73      
   124097    |      83.18       |      29.54      
   124098    |      83.89       |      33.39      
   124099    |      88.83       |      36.16      
   124100    |      87.86       |      30.47      
   124105    |      78.21       |      34.91      
   124106    |      78.88       |      39.39      
   124107    |      80.22       |      39.93      
   124108    |      79.37       |      34.06      
   124207    |      67.95       |      45.42      
   124208    |      69.24       |      39.49      
   124209    |      71.60       |      41.28      
   124210    |      71.12       |      43.64      
   124211    |      70.95       |      43.51      
   124212    |      69.64       |      51.33      
   124213    |      70.90       |      52.30      
   124214    |      70.42       |      56.14      
   124215    |      73.36       |      58.47      
   124216    |      73.90       |      53.48      
   124217    |      78.13       |      57.11      
   124218    |      79.46       |      46.88      
   124219    |      77.74       |      45.21      
   124220    |      78.40       |      41.24      
   124221    |      72.38       |      35.94      
   124222    |      71.28       |      41.41      
   124223    |      65.42       |      37.52      
   124224    |      67.40       |      30.59      
   124225    |      66.94       |      30.41      
   124226    |      71.41       |      19.81      
   124227    |      75.62       |      19.97      
   124228    |      72.81       |      29.52      
   124229    |      71.65       |      28.66      
   124230    |      69.68       |      36.98      
   124231    |      65.58       |      34.34      
   124232    |      65.45       |      34.83      
   124233    |      65.27       |      34.73      
   124234    |      66.18       |      31.54      
   124235    |      65.58       |      31.30      
   124236    |      65.54       |      31.42      
   124237    |      63.92       |      30.93      
   124238    |      61.03       |      40.63      
   124239    |      61.95       |      41.09      
   124240    |      60.97       |      47.14      
   124241    |      57.79       |      45.57      
   124242    |      57.30       |      48.57      
   124243    |      59.40       |      49.62      
   124244    |      59.31       |      50.46      
   124245    |      62.87       |      52.51      
   124246    |      62.90       |      51.94      
   124247    |      59.64       |      50.01      
   124248    |      59.71       |      49.34      
   124249    |      62.05       |      50.68      
   124250    |      62.19       |      48.58      
   124251    |      67.05       |      51.73      
   124252    |      67.23       |      46.34      
   124253    |      72.10       |      49.82      
   124254    |      72.25       |      45.34      
   124255    |      80.02       |      51.76      
   124256    |      80.11       |      43.26      
   124257    |      86.47       |      49.15      
   124258    |      87.31       |      37.81      
   124264    |      89.59       |      17.35      
   124265    |      82.98       |      10.80      
   124266    |      82.65       |      12.03      
   124267    |      74.96       |      15.89      
   124268    |      76.21       |      16.16      
   124269    |      73.74       |      20.66      
   124270    |      73.07       |      20.07      
   124271    |      72.00       |      22.06      
   124272    |      70.90       |      21.34      
   124273    |      70.22       |      22.52      
   124274    |      68.70       |      22.24      
   124275    |      69.83       |      20.81      
   124276    |      67.90       |      23.52      
   124277    |      67.79       |      23.59      
   124278    |      67.12       |      25.40      
   124279    |      67.72       |      25.24      
   124280    |      67.56       |      25.83      
   124281    |      67.43       |      25.85      
   124282    |      68.31       |      23.13      
   124283    |      68.30       |      23.14      
   124284    |      70.06       |      20.54      
   124285    |      70.60       |      19.93      
   124286    |      70.99       |      19.70      
   124287    |      71.02       |      19.68      
   124288    |      71.14       |      19.63      
   124289    |      71.22       |      19.54      
   124290    |      71.68       |      19.51      
   124291    |      71.56       |      19.70      
   124292    |      71.77       |      19.76      
   124293    |      72.26       |      19.01      
   124294    |      73.32       |      19.76      
   124295    |      76.18       |      14.87      
   124296    |      77.16       |      15.65      
   124297    |      77.88       |      15.33      
   124298    |      78.15       |      15.79      
   124299    |      78.26       |      15.75      
   124300    |      78.25       |      15.74      
   124301    |      80.99       |      15.22      
   124302    |      80.39       |      13.78      
   124303    |      78.01       |      14.59      
   124304    |      78.77       |      16.14      
   124305    |      78.24       |      16.26      
   124306    |      78.02       |      15.81      
   124307    |      80.89       |      15.18      
   124308    |      81.82       |      18.35      
   124309    |      84.85       |      19.06      
   124310    |      85.70       |      22.45      
   124311    |      87.19       |      23.15      
   124312    |      88.10       |      27.16      
   124313    |      88.80       |      27.57      
   124323    |      89.79       |      29.59      
   124325    |      89.36       |      33.14      
   124326    |      89.89       |      35.93      
   124327    |      88.22       |      34.84      
   124328    |      87.26       |      29.94      
   124329    |      84.58       |      28.46      
   124330    |      86.64       |      39.68      
   124333    |      86.93       |      40.05      
   124334    |      86.38       |      36.73      
   124335    |      87.48       |      37.44      
   124336    |      88.30       |      42.53      
   124337    |      87.49       |      42.01      
   124338    |      87.50       |      42.08      
   124339    |      87.09       |      41.82      
   124340    |      86.94       |      40.89      
   124341    |      89.04       |      42.26      
   124342    |      88.64       |      39.89      
   124343    |      88.66       |      39.91      
   124344    |      87.60       |      33.73      
   124351    |      89.84       |      28.18      
   124353    |      85.04       |      29.17      
   124354    |      85.44       |      31.46      
   124355    |      86.93       |      32.28      
   124356    |      86.59       |      30.27      
   124357    |      87.28       |      30.67      
   124358    |      87.96       |      34.92      
   124359    |      84.76       |      33.17      
   124360    |      86.37       |      43.25      
   124361    |      89.37       |      45.01      
   124362    |      88.03       |      36.29      
   124363    |      87.40       |      35.93      
   124364    |      86.13       |      26.92      
   124462    |      63.52       |      47.37      
   124463    |      68.04       |      50.25      
   124464    |      69.58       |      42.02      
   124465    |      71.10       |      43.16      
   124466    |      71.03       |      43.49      
   124467    |      72.27       |      44.47      
   124468    |      70.91       |      52.30      
   124469    |      70.74       |      52.17      
   124470    |      69.90       |      59.38      
   124471    |      69.56       |      59.12      
   124472    |      69.55       |      59.24      
   124473    |      69.24       |      59.00      
   124474    |      70.74       |      47.08      
   124475    |      71.87       |      47.98      
   124476    |      74.27       |      35.27      
   124477    |      69.88       |      32.12      
   124478    |      68.95       |      35.76      
   124479    |      63.69       |      33.33      
   124480    |      64.02       |      32.35      
   124481    |      64.62       |      32.53      
   124482    |      67.15       |      25.95      
   124483    |      70.64       |      26.78      
   124484    |      69.77       |      29.66      
   124485    |      69.18       |      29.32      
   124486    |      68.17       |      32.94      
   124487    |      65.41       |      31.57      
   124488    |      64.32       |      35.30      
   124489    |      63.23       |      34.83      
   124490    |      63.99       |      32.37      
   124491    |      62.91       |      32.12      
   124492    |      63.13       |      31.52      
   124493    |      64.39       |      31.82      
   124494    |      61.92       |      41.12      
   124495    |      61.72       |      41.02      
   124496    |      61.23       |      43.63      
   124497    |      62.20       |      44.13      
   124498    |      61.59       |      48.54      
   124499    |      66.18       |      51.41      
   124500    |      66.20       |      51.09      
   124501    |      66.14       |      51.04      
   124502    |      66.53       |      46.81      
   124503    |      64.16       |      45.20      
   124504    |      63.62       |      49.95      
   124505    |      66.49       |      51.95      
   124506    |      66.49       |      51.96      
   124507    |      69.05       |      53.94      
   124508    |      69.19       |      50.87      
   124509    |      74.35       |      55.07      
   124510    |      74.36       |      53.22      
   124511    |      81.05       |      58.96      
   124512    |      81.21       |      50.05      
   124513    |      80.53       |      49.49      
   124514    |      80.81       |      43.59      
   124515    |      78.60       |      41.75      
   124516    |      80.33       |      27.71      
   124517    |      78.87       |      26.60      
   124518    |      80.48       |      18.02      
   124519    |      75.71       |      16.92      
   124520    |      75.86       |      16.49      
   124521    |      72.60       |      18.11      
   124522    |      74.12       |      16.74      
   124523    |      70.31       |      22.61      
   124524    |      71.06       |      23.05      
   124525    |      72.27       |      20.84      
   124526    |      72.86       |      21.31      
   124527    |      72.50       |      22.01      
   124528    |      71.61       |      21.22      
   124529    |      70.70       |      22.86      
   124530    |      68.20       |      22.47      
   124531    |      70.92       |      19.76      
   124532    |      69.98       |      21.54      
   124533    |      72.25       |      20.85      
   124534    |      72.06       |      21.49      
   124535    |      71.31       |      21.59      
   124536    |      70.94       |      22.86      
   124537    |      70.60       |      22.89      
   124538    |      71.46       |      20.20      
   124539    |      71.17       |      20.34      
   124540    |      72.68       |      17.88      
   124541    |      72.66       |      17.90      
   124542    |      73.02       |      17.68      
   124543    |      73.59       |      17.00      
   124544    |      73.87       |      16.86      
   124545    |      74.75       |      15.81      
   124546    |      75.57       |      15.65      
   124547    |      77.04       |      13.61      
   124548    |      77.58       |      13.57      
   124549    |      77.12       |      14.32      
   124550    |      76.85       |      14.21      
   124551    |      76.23       |      15.18      
   124552    |      77.56       |      16.67      
   124553    |      75.13       |      17.68      
   124554    |      75.66       |      18.40      
   124555    |      75.30       |      18.54      
   124556    |      74.52       |      17.60      
   124557    |      77.97       |      16.02      
   124558    |      77.72       |      15.57      
   124559    |      78.91       |      15.17      
   124560    |      78.80       |      14.97      
   124561    |      80.52       |      14.53      
   124562    |      80.38       |      14.16      
   124563    |      79.51       |      14.39      
   124564    |      80.45       |      17.02      
   124565    |      83.36       |      17.23      
   124566    |      83.58       |      18.07      
   124567    |      89.56       |      20.67      
   124568    |      89.68       |      21.22      
   124579    |      86.76       |      34.05      
   124580    |      87.17       |      36.13      
   124581    |      86.05       |      35.48      
   124582    |      85.85       |      34.54      
   124583    |      88.74       |      36.28      
   124584    |      87.54       |      30.06      
   124585    |      87.32       |      29.93      
   124586    |      87.82       |      32.56      
   124591    |      85.36       |      37.10      
   124592    |      86.13       |      41.80      
   124593    |      87.63       |      42.74      
   124594    |      87.08       |      39.47      
   124596    |      89.51       |      38.29      
   124601    |      89.53       |      33.21      
   124602    |      89.51       |      33.12      
   124607    |      86.66       |      30.49      
   124608    |      87.27       |      33.83      
   124609    |      86.85       |      33.59      
   124610    |      86.46       |      31.37      
   124611    |      86.14       |      31.20      
   124612    |      86.69       |      34.69      
   124613    |      81.86       |      32.31      
   124614    |      83.30       |      41.14      
   124615    |      78.37       |      39.02      
   124616    |      78.79       |      41.55      
   124617    |      84.23       |      44.03      
   124618    |      82.67       |      33.86      
   124619    |      87.70       |      36.41      
   124620    |      86.44       |      27.40      
   124621    |      85.77       |      27.08      
   124717    |      69.00       |      43.19      
   124718    |      67.58       |      50.43      
   124719    |      67.85       |      50.61      
   124720    |      68.98       |      43.97      
   124721    |      71.41       |      45.75      
   124722    |      71.61       |      44.70      
   124723    |      74.71       |      47.24      
   124724    |      74.07       |      51.22      
   124725    |      74.58       |      51.65      
   124726    |      73.78       |      57.96      
   124727    |      69.25       |      54.32      
   124728    |      68.77       |      59.15      
   124729    |      64.57       |      56.17      
   124730    |      65.31       |      50.30      
   124731    |      63.75       |      49.26      
   124732    |      67.42       |      33.47      
   124733    |      67.40       |      33.45      
   124734    |      68.33       |      30.39      
   124735    |      67.49       |      30.03      
   124736    |      67.21       |      30.89      
   124737    |      67.51       |      31.02      
   124738    |      68.44       |      28.15      
   124739    |      72.15       |      30.31      
   124740    |      72.96       |      27.32      
   124741    |      72.42       |      26.94      
   124742    |      72.22       |      27.60      
   124743    |      69.87       |      26.30      
   124744    |      68.20       |      31.90      
   124745    |      68.88       |      32.30      
   124746    |      70.31       |      27.22      
   124747    |      69.19       |      26.73      
   124748    |      68.36       |      29.28      
   124749    |      67.33       |      28.85      
   124750    |      64.51       |      39.53      
   124751    |      65.27       |      40.02      
   124752    |      64.86       |      42.79      
   124753    |      68.85       |      45.24      
   124754    |      68.30       |      50.58      
   124755    |      69.47       |      51.45      
   124756    |      69.62       |      49.71      
   124757    |      70.52       |      50.41      
   124758    |      71.39       |      42.09      
   124759    |      73.25       |      43.65      
   124760    |      72.66       |      49.68      
   124761    |      72.55       |      49.58      
   124762    |      72.32       |      52.83      
   124763    |      74.12       |      54.45      
   124764    |      74.09       |      55.15      
   124765    |      78.13       |      58.96      
   124767    |      81.23       |      58.92      
   124768    |      80.48       |      49.51      
   124769    |      74.54       |      45.88      
   124770    |      74.77       |      43.07      
   124771    |      67.26       |      38.84      
   124772    |      68.29       |      32.40      
   124773    |      67.57       |      32.19      
   124774    |      70.60       |      21.45      
   124775    |      71.76       |      21.13      
   124776    |      73.55       |      17.20      
   124777    |      71.14       |      19.52      
   124778    |      73.69       |      19.49      
   124779    |      74.18       |      18.63      
   124780    |      74.50       |      18.82      
   124781    |      74.70       |      18.45      
   124782    |      75.63       |      19.34      
   124783    |      75.19       |      20.24      
   124784    |      74.55       |      19.40      
   124785    |      76.23       |      16.42      
   124786    |      73.41       |      17.33      
   124787    |      74.70       |      16.50      
   124788    |      73.49       |      19.81      
   124789    |      74.29       |      19.80      
   124790    |      74.57       |      18.82      
   124791    |      75.66       |      18.89      
   124792    |      75.70       |      18.72      
   124793    |      74.16       |      18.67      
   124794    |      74.70       |      17.08      
   124795    |      75.10       |      16.98      
   124796    |      76.76       |      13.82      
   124797    |      77.92       |      12.75      
   124798    |      78.44       |      12.15      
   124799    |      77.37       |      13.51      
   124800    |      76.88       |      13.70      
   124801    |      76.95       |      13.62      
   124802    |      76.77       |      13.79      
   124803    |      78.88       |      11.75      
   124804    |      79.29       |      11.69      
   124805    |      80.78       |      10.62      
   124806    |      80.74       |      10.60      
   124807    |      79.13       |      13.53      
   124808    |      80.78       |      16.63      
   124809    |      76.87       |      17.35      
   124810    |      76.29       |      16.53      
   124811    |      78.64       |      15.62      
   124812    |      77.25       |      13.95      
   124813    |      79.71       |      12.43      
   124814    |      80.66       |      14.23      
   124815    |      78.63       |      14.72      
   124816    |      78.37       |      14.26      
   124817    |      80.37       |      13.48      
   124818    |      81.05       |      15.28      
   124819    |      78.83       |      15.66      
   124820    |      79.75       |      18.47      
   124821    |      78.73       |      18.55      
   124822    |      78.43       |      17.72      
   124823    |      83.82       |      17.92      
   124824    |      83.87       |      18.12      
   124833    |      89.22       |      33.65      
   124837    |      86.94       |      36.23      
   124838    |      86.99       |      36.49      
   124839    |      84.46       |      35.12      
   124840    |      83.97       |      32.81      
   124841    |      82.58       |      32.14      
   124842    |      83.07       |      34.68      
   124843    |      82.78       |      34.54      
   124844    |      84.33       |      42.57      
   124847    |      87.19       |      42.94      
   124848    |      86.35       |      37.50      
   124861    |      89.89       |      33.49      
   124863    |      87.52       |      34.97      
   124864    |      87.75       |      36.10      
   124865    |      85.15       |      34.63      
   124866    |      85.22       |      35.07      
   124867    |      81.78       |      33.43      
   124868    |      82.60       |      38.35      
   124869    |      80.45       |      37.41      
   124870    |      81.20       |      42.04      
   124871    |      81.24       |      42.06      
   124872    |      80.45       |      36.84      
   124873    |      84.84       |      38.87      
   124874    |      84.03       |      33.18      
   124875    |      84.12       |      33.23      
   124876    |      84.15       |      33.46      
   124877    |      78.38       |      31.33      
   124973    |      80.86       |      38.51      
   124974    |      78.87       |      47.19      
   124975    |      75.60       |      44.07      
   124976    |      75.50       |      44.49      
   124977    |      76.92       |      45.76      
   124978    |      76.74       |      46.70      
   124979    |      76.98       |      46.91      
   124980    |      76.27       |      51.22      
   124981    |      77.31       |      52.16      
   124982    |      77.33       |      52.03      
   124983    |      76.78       |      51.53      
   124984    |      76.64       |      52.50      
   124985    |      71.52       |      48.09      
   124986    |      71.85       |      46.20      
   124987    |      69.55       |      44.35      
   124988    |      72.72       |      30.73      
   124989    |      74.01       |      31.74      
   124990    |      75.77       |      25.43      
   124991    |      74.26       |      24.36      
   124992    |      73.09       |      28.06      
   124993    |      72.14       |      27.40      
   124994    |      71.15       |      30.79      
   124995    |      72.26       |      31.64      
   124996    |      73.74       |      26.29      
   124997    |      73.67       |      26.23      
   124998    |      74.46       |      23.60      
   124999    |      74.97       |      23.98      
   125000    |      73.17       |      30.28      
   125001    |      71.55       |      29.01      
   125002    |      72.89       |      24.45      
   125003    |      74.60       |      25.63      
   125004    |      74.94       |      24.40      
   125005    |      75.79       |      25.10      
   125006    |      73.06       |      36.93      
   125007    |      74.31       |      38.29      
   125008    |      73.30       |      43.51      
   125009    |      74.52       |      44.65      
   125010    |      73.84       |      50.00      
   125011    |      71.94       |      48.34      
   125012    |      71.76       |      49.99      
   125013    |      70.84       |      49.20      
   125014    |      71.41       |      44.31      
   125015    |      74.46       |      47.05      
   125016    |      74.27       |      49.01      
   125017    |      77.35       |      51.98      
   125018    |      77.22       |      53.64      
   125019    |      78.72       |      55.19      
   125020    |      78.48       |      58.88      
   125021    |      79.32       |      59.78      
   125023    |      74.54       |      57.47      
   125024    |      77.24       |      44.83      
   125025    |      75.11       |      43.00      
   125026    |      76.61       |      34.04      
   125027    |      75.71       |      33.36      
   125028    |      77.10       |      26.58      
   125029    |      73.00       |      24.51      
   125030    |      74.76       |      18.64      
   125031    |      72.65       |      19.08      
   125032    |      74.88       |      15.79      
   125033    |      72.67       |      18.72      
   125034    |      73.84       |      18.96      
   125035    |      74.91       |      17.14      
   125036    |      75.69       |      17.59      
   125037    |      76.62       |      15.88      
   125038    |      78.44       |      17.67      
   125039    |      78.97       |      16.51      
   125040    |      77.53       |      15.26      
   125041    |      78.77       |      13.09      
   125042    |      75.80       |      15.49      
   125043    |      75.97       |      15.42      
   125044    |      74.35       |      19.77      
   125045    |      74.14       |      19.76      
   125046    |      73.99       |      20.24      
   125047    |      73.70       |      20.23      
   125048    |      74.19       |      18.67      
   125049    |      74.57       |      18.64      
   125050    |      75.15       |      16.95      
   125051    |      74.95       |      17.01      
   125052    |      76.24       |      14.43      
   125053    |      76.68       |      14.10      
   125054    |      77.96       |      12.94      
   125055    |      80.22       |      10.42      
   125056    |      80.32       |      10.29      
   125057    |      79.86       |      10.74      
   125058    |      79.56       |      11.07      
   125059    |      79.28       |      11.33      
   125060    |      79.89       |      10.92      
   125061    |      80.64       |      10.31      
   125062    |      81.75       |      11.46      
   125063    |      81.03       |      11.71      
   125064    |      81.61       |      12.87      
   125065    |      85.71       |      13.06      
   125066    |      84.29       |       8.98      
   125067    |      84.29       |       8.98      
   125068    |      83.74       |       7.98      
   125069    |      82.31       |       8.80      
   125070    |      83.83       |      11.71      
   125071    |      82.81       |      13.92      
   125072    |      83.16       |      14.86      
   125073    |      75.95       |      16.82      
   125074    |      77.35       |      19.45      
   125075    |      76.32       |      19.68      
   125076    |      77.13       |      21.39      
   125077    |      76.36       |      21.51      
   125078    |      75.29       |      19.09      
   125079    |      77.75       |      18.36      
   125080    |      78.46       |      20.30      
   125081    |      80.80       |      20.35      
   125082    |      84.85       |      35.14      
   125083    |      89.59       |      37.64      
   125095    |      85.39       |      37.14      
   125096    |      85.38       |      37.12      
   125097    |      80.35       |      34.56      
   125098    |      80.75       |      36.59      
   125099    |      79.94       |      36.24      
   125100    |      81.11       |      41.99      
   125101    |      83.14       |      43.06      
   125102    |      84.15       |      47.80      
   125103    |      83.18       |      47.27      
   125104    |      80.76       |      36.77      
   125105    |      84.06       |      38.33      
   125106    |      83.70       |      36.50      
   125107    |      85.12       |      37.26      
   125108    |      85.61       |      39.86      
   125109    |      87.31       |      40.84      
   125110    |      85.49       |      30.64      
   125115    |      87.76       |      33.20      
   125116    |      89.06       |      41.06      
   125117    |      82.73       |      37.54      
   125118    |      82.89       |      38.51      
   125119    |      83.54       |      38.84      
   125120    |      83.10       |      34.76      
   125121    |      86.56       |      36.58      
   125122    |      86.91       |      39.04      
   125123    |      82.03       |      36.53      
   125124    |      82.74       |      41.38      
   125125    |      79.44       |      39.91      
   125126    |      79.68       |      41.49      
   125127    |      81.08       |      42.10      
   125128    |      79.83       |      33.60      
   125129    |      83.83       |      35.26      
   125130    |      83.57       |      33.30      
   125131    |      83.67       |      33.35      
   125132    |      84.26       |      37.83      
   125133    |      79.38       |      35.74      
   125134    |      80.47       |      44.09      
   125229    |      84.67       |      35.27      
   125230    |      82.97       |      42.34      
   125231    |      83.14       |      42.52      
   125232    |      82.70       |      44.52      
   125233    |      78.16       |      39.95      
   125234    |      76.72       |      46.98      
   125235    |      76.11       |      46.42      
   125236    |      75.06       |      52.75      
   125237    |      76.75       |      54.23      
   125238    |      77.17       |      51.44      
   125239    |      75.72       |      50.11      
   125240    |      76.29       |      46.66      
   125241    |      73.78       |      44.44      
   125242    |      74.10       |      42.80      
   125243    |      74.67       |      43.31      
   125244    |      77.57       |      30.46      
   125245    |      79.57       |      32.56      
   125246    |      82.59       |      21.10      
   125247    |      81.01       |      19.37      
   125248    |      79.55       |      24.27      
   125249    |      76.03       |      21.13      
   125250    |      72.91       |      31.37      
   125251    |      74.01       |      32.35      
   125252    |      75.96       |      25.18      
   125253    |      76.41       |      25.60      
   125254    |      77.16       |      22.96      
   125255    |      76.41       |      22.32      
   125256    |      74.94       |      27.44      
   125257    |      76.36       |      28.78      
   125258    |      77.49       |      24.38      
   125259    |      79.61       |      26.61      
   125260    |      80.41       |      23.36      
   125261    |      83.35       |      26.93      
   125262    |      81.32       |      36.58      
   125263    |      82.64       |      38.28      
   125264    |      81.80       |      42.95      
   125265    |      80.45       |      41.33      
   125266    |      79.71       |      46.18      
   125267    |      75.96       |      42.28      
   125268    |      75.24       |      47.78      
   125269    |      73.88       |      46.51      
   125270    |      73.79       |      47.28      
   125271    |      76.72       |      50.11      
   125272    |      76.53       |      52.21      
   125273    |      79.21       |      54.92      
   125274    |      79.20       |      55.08      
   125275    |      79.23       |      55.11      
   125276    |      78.87       |      59.89      
   125277    |      77.77       |      58.75      
   125278    |      78.01       |      56.49      
   125279    |      77.38       |      55.81      
   125280    |      79.58       |      41.46      
   125281    |      80.60       |      42.51      
   125282    |      82.92       |      30.72      
   125283    |      78.44       |      26.47      
   125284    |      79.91       |      20.38      
   125285    |      74.65       |      18.46      
   125286    |      75.39       |      16.64      
   125287    |      71.17       |      19.50      
   125288    |      72.76       |      18.65      
   125289    |      72.95       |      18.38      
   125290    |      73.63       |      18.39      
   125291    |      74.85       |      16.48      
   125292    |      75.82       |      16.65      
   125293    |      77.19       |      14.34      
   125294    |      79.53       |      16.10      
   125295    |      81.87       |      11.25      
   125296    |      81.29       |      10.79      
   125297    |      80.81       |      11.68      
   125298    |      77.29       |      14.22      
   125299    |      76.83       |      14.40      
   125300    |      75.03       |      19.06      
   125301    |      73.57       |      19.07      
   125302    |      72.94       |      20.87      
   125303    |      72.12       |      20.91      
   125304    |      72.18       |      20.72      
   125305    |      74.04       |      20.76      
   125306    |      75.39       |      16.63      
   125307    |      75.75       |      16.56      
   125308    |      77.04       |      13.76      
   125309    |      77.80       |      13.30      
   125310    |      78.52       |      12.13      
   125311    |      80.05       |      11.13      
   125312    |      80.96       |       9.66      
   125313    |      80.54       |      10.13      
   125314    |      80.16       |      10.48      
   125315    |      80.32       |      10.35      
   125316    |      80.53       |      10.09      
   125317    |      82.71       |       8.05      
   125318    |      83.42       |       8.48      
   125319    |      85.90       |       7.83      
   125320    |      85.34       |       6.59      
   125321    |      89.75       |       7.17      
   125322    |      89.34       |       5.56      
   125323    |      89.04       |       5.44      
   125324    |      89.86       |       8.65      
   125325    |      83.56       |       8.18      
   125326    |      84.80       |      11.01      
   125327    |      86.54       |      11.28      
   125328    |      87.91       |      16.22      
   125329    |      83.14       |      14.90      
   125330    |      84.15       |      18.11      
   125331    |      79.19       |      17.81      
   125332    |      79.37       |      18.29      
   125333    |      80.86       |      18.24      
   125334    |      79.24       |      14.09      
   125335    |      81.09       |      13.53      
   125336    |      83.27       |      20.49      
   125337    |      78.84       |      20.00      
   125338    |      85.01       |      40.61      
   125339    |      79.13       |      38.29      
   125340    |      81.28       |      45.17      
   125341    |      80.20       |      44.74      
   125342    |      77.46       |      35.81      
   125343    |      85.82       |      39.18      
   125344    |      84.18       |      33.15      
   125349    |      89.86       |      42.76      
   125350    |      89.98       |      43.30      
   125351    |      87.50       |      41.72      
   125352    |      85.83       |      33.71      
   125353    |      89.20       |      35.75      
   125354    |      89.04       |      35.00      
   125355    |      87.11       |      33.80      
   125356    |      89.27       |      44.35      
   125357    |      83.49       |      40.94      
   125358    |      85.34       |      49.34      
   125359    |      83.21       |      48.18      
   125360    |      81.81       |      41.81      
   125361    |      75.81       |      39.39      
   125362    |      76.29       |      41.69      
   125363    |      74.49       |      41.09      
   125364    |      73.79       |      37.52      
   125365    |      82.95       |      40.92      
   125366    |      80.22       |      25.66      
   125367    |      88.83       |      29.49      
   125368    |      89.69       |      34.42      
   125371    |      84.99       |      39.11      
   125372    |      85.72       |      43.36      
   125373    |      84.31       |      42.59      
   125374    |      83.62       |      38.06      
   125375    |      83.79       |      38.15      
   125376    |      83.13       |      33.11      
   125377    |      84.91       |      33.97      
   125378    |      86.26       |      44.05      
   125379    |      81.28       |      41.49      
   125380    |      81.79       |      44.90      
   125381    |      78.50       |      43.46      
   125382    |      77.38       |      35.54      
   125383    |      85.33       |      38.95      
   125384    |      84.44       |      32.21      
   125385    |      83.47       |      31.77      
   125386    |      83.56       |      32.50      
   125387    |      84.45       |      32.92      
   125388    |      85.21       |      38.82      
   125389    |      83.71       |      38.07      
   125390    |      85.26       |      49.11      
   125484    |      74.74       |      37.84      
   125485    |      75.76       |      38.72      
   125486    |      74.45       |      44.64      
   125487    |      74.49       |      44.67      
   125488    |      75.30       |      40.86      
   125489    |      73.59       |      39.39      
   125490    |      71.82       |      47.81      
   125491    |      72.25       |      48.15      
   125492    |      71.02       |      55.96      
   125493    |      69.99       |      55.17      
   125494    |      70.48       |      51.76      
   125495    |      70.09       |      51.45      
   125496    |      71.16       |      45.36      
   125497    |      72.73       |      46.65      
   125498    |      73.28       |      43.76      
   125499    |      70.28       |      41.24      
   125500    |      71.75       |      35.18      
   125501    |      75.15       |      38.25      
   125502    |      80.20       |      19.67      
   125503    |      83.14       |      23.09      
   125504    |      84.56       |      17.94      
   125505    |      80.77       |      13.90      
   125506    |      75.22       |      31.93      
   125507    |      73.36       |      30.15      
   125508    |      74.40       |      26.48      
   125509    |      76.33       |      28.29      
   125510    |      78.23       |      21.50      
   125511    |      80.33       |      23.75      
   125512    |      79.26       |      27.86      
   125513    |      81.99       |      31.26      
   125514    |      83.24       |      25.84      
   125515    |      84.58       |      27.67      
   125516    |      84.78       |      26.72      
   125517    |      87.32       |      30.25      
   125518    |      85.80       |      37.93      
   125519    |      85.74       |      37.83      
   125520    |      85.23       |      40.62      
   125521    |      82.92       |      37.68      
   125522    |      82.39       |      40.79      
   125523    |      82.21       |      40.57      
   125524    |      81.64       |      44.43      
   125525    |      81.80       |      44.60      
   125526    |      81.27       |      48.99      
   125527    |      81.09       |      48.79      
   125528    |      80.49       |      54.62      
   125529    |      79.05       |      53.11      
   125530    |      78.85       |      55.21      
   125531    |      77.78       |      54.09      
   125532    |      77.32       |      58.88      
   125533    |      77.67       |      59.22      
   125534    |      78.03       |      55.63      
   125535    |      80.09       |      57.69      
   125536    |      82.57       |      42.02      
   125537    |      78.13       |      37.39      
   125538    |      80.73       |      25.53      
   125539    |      74.71       |      21.41      
   125540    |      76.20       |      17.22      
   125541    |      73.88       |      17.64      
   125542    |      75.72       |      14.97      
   125543    |      75.10       |      15.65      
   125544    |      76.16       |      15.22      
   125545    |      77.30       |      13.61      
   125546    |      77.94       |      13.47      
   125547    |      77.57       |      14.07      
   125548    |      77.51       |      14.05      
   125549    |      76.83       |      15.17      
   125550    |      77.25       |      15.33      
   125551    |      78.28       |      13.53      
   125552    |      78.62       |      13.66      
   125553    |      80.65       |      10.36      
   125554    |      78.54       |      12.82      
   125555    |      79.73       |      12.61      
   125556    |      79.05       |      14.51      
   125557    |      79.51       |      14.64      
   125558    |      79.39       |      15.02      
   125559    |      78.93       |      14.88      
   125560    |      78.05       |      17.83      
   125561    |      77.37       |      17.55      
   125562    |      78.39       |      14.31      
   125563    |      79.83       |      14.62      
   125564    |      81.36       |      10.04      
   125565    |      81.41       |      10.03      
   125566    |      81.47       |       9.87      
   125567    |      80.35       |      10.44      
   125568    |      80.97       |       9.71      
   125569    |      82.19       |       8.61      
   125570    |      82.26       |       8.49      
   125571    |      82.28       |       8.48      
   125572    |      82.48       |       8.17      
   125573    |      82.18       |       8.47      
   125574    |      82.67       |       8.26      
   125575    |      85.33       |       6.66      
   125576    |      84.49       |       6.18      
   125577    |      88.19       |       4.06      
   125578    |      88.05       |       3.72      
   125583    |      89.57       |       8.02      
   125587    |      88.29       |      15.79      
   125588    |      88.14       |      15.21      
   125589    |      84.68       |      14.04      
   125590    |      84.08       |      12.05      
   125591    |      80.80       |      12.59      
   125592    |      84.76       |      25.49      
   125593    |      78.49       |      23.97      
   125594    |      85.00       |      45.68      
   125595    |      79.63       |      43.46      
   125596    |      80.35       |      45.70      
   125597    |      80.32       |      45.69      
   125598    |      77.17       |      35.54      
   125599    |      77.68       |      35.68      
   125600    |      76.58       |      31.86      
   125601    |      82.76       |      33.85      
   125602    |      82.95       |      34.57      
   125611    |      88.49       |      35.20      
   125612    |      89.66       |      40.91      
   125617    |      81.31       |      42.05      
   125618    |      81.61       |      43.48      
   125619    |      76.78       |      41.45      
   125620    |      74.99       |      32.34      
   125621    |      80.21       |      33.76      
   125622    |      79.31       |      28.58      
   125623    |      76.59       |      28.04      
   125624    |      77.50       |      33.62      
   125625    |      84.28       |      36.32      
   125626    |      85.19       |      41.56      
   125633    |      84.42       |      32.52      
   125634    |      85.65       |      42.04      
   125635    |      88.07       |      43.40      
   125636    |      87.63       |      40.18      
   125638    |      89.08       |      34.02      
   125639    |      84.78       |      31.68      
   125640    |      84.68       |      30.96      
   125641    |      85.94       |      31.58      
   125642    |      85.99       |      31.96      
   125643    |      85.44       |      31.69      
   125644    |      86.79       |      41.23      
   125645    |      83.50       |      39.53      
   125646    |      85.30       |      51.25      
   125647    |      82.94       |      50.06      
   125740    |      68.03       |      41.91      
   125741    |      72.27       |      45.03      
   125742    |      72.17       |      45.51      
   125743    |      66.36       |      41.37      
   125744    |      66.00       |      42.79      
   125745    |      70.77       |      46.14      
   125746    |      70.26       |      48.89      
   125747    |      70.57       |      49.12      
   125748    |      69.68       |      55.29      
   125749    |      67.08       |      53.46      
   125750    |      67.20       |      52.58      
   125751    |      68.08       |      53.20      
   125752    |      68.88       |      48.11      
   125753    |      68.24       |      47.65      
   125754    |      69.46       |      41.59      
   125755    |      67.97       |      40.49      
   125756    |      67.81       |      41.13      
   125757    |      66.13       |      39.93      
   125758    |      69.49       |      28.78      
   125759    |      67.92       |      28.04      
   125760    |      71.28       |      20.80      
   125761    |      72.95       |      20.95      
   125762    |      68.80       |      32.37      
   125763    |      68.76       |      32.34      
   125764    |      68.94       |      31.71      
   125765    |      73.29       |      35.43      
   125766    |      75.84       |      25.42      
   125767    |      82.22       |      32.76      
   125768    |      82.58       |      31.18      
   125769    |      80.93       |      29.02      
   125770    |      81.10       |      28.26      
   125771    |      83.44       |      31.28      
   125772    |      83.58       |      30.60      
   125773    |      87.92       |      36.55      
   125774    |      87.69       |      37.71      
   125775    |      86.35       |      35.85      
   125776    |      86.09       |      37.27      
   125777    |      85.46       |      36.45      
   125778    |      84.85       |      40.14      
   125779    |      86.47       |      42.17      
   125780    |      86.22       |      43.89      
   125781    |      85.83       |      43.40      
   125782    |      85.23       |      48.00      
   125783    |      83.03       |      45.44      
   125784    |      82.25       |      52.33      
   125785    |      78.87       |      48.82      
   125786    |      78.33       |      53.94      
   125787    |      77.03       |      52.64      
   125788    |      76.42       |      59.60      
   125789    |      76.61       |      59.77      
   125790    |      76.69       |      58.70      
   125791    |      68.44       |      51.89      
   125792    |      70.10       |      40.79      
   125793    |      64.90       |      37.63      
   125794    |      68.45       |      26.15      
   125795    |      69.26       |      26.25      
   125796    |      72.51       |      18.94      
   125797    |      72.70       |      18.86      
   125798    |      75.05       |      15.72      
   125799    |      75.44       |      15.29      
   125800    |      76.09       |      14.84      
   125801    |      76.68       |      14.12      
   125802    |      77.86       |      13.80      
   125803    |      78.72       |      12.48      
   125804    |      79.60       |      12.61      
   125805    |      79.76       |      12.34      
   125806    |      79.63       |      12.28      
   125807    |      81.26       |       9.74      
   125808    |      81.32       |       9.72      
   125809    |      83.90       |       7.16      
   125810    |      82.64       |      10.26      
   125811    |      83.21       |      10.50      
   125812    |      82.59       |      12.53      
   125813    |      83.42       |      13.16      
   125814    |      83.87       |      11.54      
   125815    |      83.56       |      11.30      
   125816    |      82.78       |      14.08      
   125817    |      83.14       |      14.40      
   125818    |      83.71       |      12.18      
   125819    |      85.21       |      13.71      
   125820    |      87.35       |       5.44      
   125821    |      87.34       |       5.43      
   125822    |      87.84       |       3.71      
   125823    |      87.69       |       3.66      
   125824    |      87.59       |       3.97      
   125825    |      86.65       |       4.09      
   125826    |      86.24       |       4.93      
   125827    |      85.14       |       5.55      
   125828    |      84.99       |       5.71      
   125829    |      84.36       |       6.37      
   125830    |      84.58       |       6.31      
   125831    |      84.37       |       6.65      
   125832    |      83.32       |       7.67      
   125833    |      86.48       |       4.18      
   125834    |      87.44       |       5.19      
   125835    |      86.20       |       5.48      
   125836    |      87.51       |       9.31      
   125837    |      87.81       |       9.41      
   125838    |      86.87       |       6.41      
   125845    |      87.82       |      15.38      
   125846    |      88.78       |      19.32      
   125847    |      78.04       |      17.43      
   125848    |      80.76       |      26.52      
   125849    |      82.30       |      26.95      
   125850    |      87.59       |      45.66      
   125851    |      86.41       |      45.05      
   125852    |      87.66       |      49.62      
   125853    |      79.74       |      46.04      
   125854    |      77.69       |      39.46      
   125855    |      73.04       |      38.35      
   125856    |      70.06       |      28.88      
   125857    |      80.13       |      29.58      
   125858    |      79.63       |      27.68      
   125859    |      89.11       |      31.95      
   125867    |      89.97       |      38.90      
   125868    |      88.73       |      32.74      
   125875    |      87.76       |      41.02      
   125876    |      85.59       |      28.88      
   125877    |      82.73       |      27.63      
   125878    |      82.82       |      28.15      
   125879    |      81.06       |      27.57      
   125880    |      81.35       |      29.28      
   125881    |      83.77       |      30.24      
   125882    |      85.05       |      38.21      
   125883    |      88.77       |      40.30      
   125884    |      88.85       |      40.80      
   125885    |      89.32       |      41.10      
   125886    |      88.28       |      33.76      
   125895    |      84.05       |      35.98      
   125896    |      83.66       |      32.84      
   125897    |      82.12       |      32.19      
   125898    |      82.45       |      35.08      
   125899    |      80.72       |      34.38      
   125900    |      82.36       |      46.31      
   125901    |      78.76       |      44.74      
   125902    |      79.93       |      51.96      
   125903    |      81.70       |      52.75      
   125995    |      68.25       |      56.28      
   125996    |      69.92       |      45.97      
   125997    |      70.48       |      46.38      
   125998    |      72.17       |      38.60      
   125999    |      73.62       |      39.72      
   126000    |      72.40       |      45.52      
   126001    |      72.17       |      45.33      
   126002    |      71.56       |      48.75      
   126003    |      71.06       |      48.36      
   126004    |      70.46       |      52.09      
   126005    |      68.97       |      50.99      
   126006    |      68.69       |      52.96      
   126007    |      64.31       |      49.96      
   126008    |      64.40       |      49.42      
   126009    |      59.56       |      46.65      
   126010    |      60.03       |      44.72      
   126011    |      58.29       |      43.90      
   126012    |      58.12       |      44.52      
   126013    |      54.25       |      43.10      
   126014    |      57.30       |      36.18      
   126015    |      56.41       |      36.23      
   126016    |      58.40       |      33.06      
   126017    |      62.74       |      33.11      
   126018    |      61.32       |      36.85      
   126019    |      64.28       |      38.48      
   126020    |      63.96       |      39.72      
   126021    |      66.16       |      41.29      
   126022    |      66.89       |      37.99      
   126023    |      71.01       |      41.38      
   126024    |      73.02       |      31.59      
   126025    |      74.74       |      33.21      
   126026    |      74.68       |      33.49      
   126027    |      76.79       |      35.68      
   126028    |      76.25       |      38.47      
   126029    |      80.83       |      43.64      
   126030    |      82.05       |      36.34      
   126031    |      84.56       |      39.55      
   126032    |      85.06       |      36.52      
   126033    |      85.72       |      37.37      
   126034    |      84.91       |      42.37      
   126035    |      83.92       |      41.11      
   126036    |      83.51       |      43.80      
   126037    |      80.20       |      39.94      
   126038    |      79.29       |      46.29      
   126039    |      76.14       |      42.94      
   126040    |      75.22       |      50.03      
   126041    |      75.47       |      50.27      
   126042    |      75.16       |      53.27      
   126043    |      74.49       |      52.65      
   126045    |      66.31       |      54.85      
   126046    |      66.48       |      52.79      
   126047    |      61.45       |      49.55      
   126048    |      63.46       |      38.57      
   126049    |      65.11       |      39.38      
   126050    |      68.54       |      26.82      
   126051    |      71.91       |      27.92      
   126052    |      75.73       |      16.14      
   126053    |      74.94       |      16.43      
   126054    |      76.56       |      14.19      
   126055    |      77.64       |      13.21      
   126056    |      78.61       |      12.20      
   126057    |      80.34       |      10.55      
   126058    |      81.94       |       9.36      
   126059    |      83.49       |       7.27      
   126060    |      85.00       |       7.85      
   126061    |      86.36       |       5.29      
   126062    |      86.06       |       5.10      
   126063    |      88.07       |       3.06      
   126064    |      87.83       |       3.71      
   126065    |      88.63       |       4.29      
   126066    |      87.54       |       8.11      
   126067    |      86.27       |       6.86      
   126068    |      84.66       |      12.55      
   126069    |      83.85       |      11.80      
   126070    |      84.07       |      11.01      
   126071    |      85.49       |      12.32      
   126072    |      85.19       |      13.52      
   126073    |      86.95       |      15.79      
   126074    |      87.62       |      13.05      
   126075    |      87.55       |      12.95      
   126076    |      89.68       |       4.56      
   126085    |      87.98       |       4.59      
   126086    |      87.64       |       3.85      
   126087    |      86.59       |       4.40      
   126088    |      85.23       |       6.85      
   126089    |      86.68       |       5.07      
   126090    |      87.89       |       3.40      
   126091    |      89.98       |       3.43      
   126094    |      89.03       |       2.33      
   126103    |      81.61       |      23.56      
   126104    |      82.22       |      25.65      
   126105    |      82.17       |      25.64      
   126106    |      87.47       |      44.37      
   126107    |      88.90       |      45.14      
   126109    |      89.31       |      48.95      
   126110    |      86.95       |      40.20      
   126111    |      81.00       |      37.57      
   126112    |      77.63       |      23.90      
   126113    |      75.89       |      23.89      
   126114    |      76.34       |      25.68      
   126115    |      81.36       |      26.61      
   126116    |      84.01       |      37.51      
   126119    |      86.04       |      36.59      
   126120    |      86.42       |      38.23      
   126121    |      87.26       |      38.73      
   126122    |      87.67       |      40.56      
   126125    |      85.36       |      34.05      
   126126    |      87.65       |      44.72      
   126127    |      87.56       |      44.68      
   126128    |      89.40       |      53.78      
   126133    |      84.35       |      29.46      
   126134    |      84.21       |      28.70      
   126135    |      82.85       |      28.15      
   126136    |      82.75       |      27.47      
   126137    |      83.91       |      27.96      
   126138    |      85.32       |      37.39      
   126139    |      86.08       |      37.80      
   126140    |      86.25       |      39.01      
   126141    |      89.16       |      40.71      
   126142    |      88.20       |      33.57      
   126143    |      88.45       |      33.72      
   126144    |      88.80       |      36.61      
   126145    |      89.81       |      37.23      
   126147    |      86.97       |      40.98      
   126148    |      86.83       |      39.86      
   126149    |      84.43       |      38.58      
   126150    |      85.03       |      43.40      
   126151    |      87.73       |      44.89      
   126152    |      86.92       |      38.29      
   126153    |      79.59       |      34.91      
   126154    |      80.38       |      41.55      
   126155    |      74.39       |      39.46      
   126156    |      75.57       |      48.27      
   126157    |      77.07       |      48.84      
   126158    |      77.17       |      49.48      
   126159    |      81.41       |      51.28      
   126160    |      82.29       |      56.96      
   126250    |      73.05       |      54.38      
   126251    |      69.85       |      52.11      
   126252    |      70.89       |      46.21      
   126253    |      70.40       |      45.85      
   126254    |      71.49       |      40.61      
   126255    |      71.92       |      40.92      
   126256    |      70.90       |      45.86      
   126257    |      66.96       |      43.10      
   126258    |      65.47       |      50.84      
   126259    |      69.23       |      53.34      
   126260    |      69.58       |      50.74      
   126261    |      66.71       |      48.83      
   126262    |      66.72       |      48.80      
   126263    |      58.92       |      44.46      
   126264    |      58.16       |      47.49      
   126265    |      54.47       |      46.04      
   126266    |      54.33       |      46.51      
   126267    |      53.91       |      46.37      
   126268    |      55.27       |      42.38      
   126269    |      53.29       |      41.92      
   126270    |      56.05       |      36.56      
   126271    |      56.62       |      36.53      
   126272    |      55.52       |      38.60      
   126273    |      58.09       |      39.34      
   126274    |      56.84       |      42.99      
   126275    |      60.37       |      44.91      
   126276    |      60.52       |      44.21      
   126277    |      61.87       |      45.09      
   126278    |      61.79       |      45.52      
   126279    |      60.83       |      44.90      
   126280    |      62.13       |      39.37      
   126281    |      65.22       |      41.35      
   126282    |      65.44       |      40.32      
   126283    |      68.08       |      42.31      
   126284    |      67.15       |      47.75      
   126285    |      71.82       |      51.80      
   126286    |      73.16       |      42.30      
   126287    |      80.72       |      50.19      
   126288    |      82.59       |      37.86      
   126289    |      83.27       |      38.70      
   126290    |      82.86       |      41.31      
   126291    |      76.07       |      33.76      
   126292    |      74.61       |      41.72      
   126293    |      72.45       |      39.69      
   126294    |      71.65       |      44.65      
   126295    |      74.67       |      47.43      
   126296    |      74.29       |      50.69      
   126297    |      72.27       |      48.87      
   126298    |      71.78       |      53.71      
   126299    |      66.43       |      49.48      
   126300    |      65.83       |      55.08      
   126301    |      61.43       |      52.19      
   126302    |      61.76       |      49.39      
   126303    |      59.49       |      48.13      
   126304    |      60.55       |      42.27      
   126305    |      60.68       |      42.33      
   126306    |      62.64       |      34.32      
   126307    |      66.01       |      35.36      
   126308    |      71.37       |      19.80      
   126309    |      72.58       |      19.24      
   126310    |      74.15       |      16.67      
   126311    |      78.44       |      15.24      
   126312    |      80.62       |      10.31      
   126313    |      86.46       |      12.60      
   126314    |      89.84       |       0.92      
   126318    |      89.71       |       1.89      
   126319    |      89.24       |       1.70      
   126320    |      88.33       |       4.46      
   126321    |      88.89       |       5.08      
   126322    |      88.73       |       5.64      
   126323    |      89.01       |       6.01      
   126324    |      87.90       |      10.07      
   126325    |      89.24       |      12.09      
   126326    |      89.43       |      11.32      
   126343    |      89.88       |       1.96      
   126344    |      87.97       |       6.69      
   126345    |      89.27       |       5.39      
   126346    |      89.29       |       5.30      
   126350    |      89.18       |       1.55      
   126351    |      87.17       |       3.69      
   126352    |      86.37       |       5.99      
   126358    |      85.55       |      35.13      
   126359    |      81.04       |      33.33      
   126360    |      79.65       |      28.71      
   126361    |      78.16       |      28.41      
   126362    |      83.78       |      46.66      
   126363    |      83.19       |      46.40      
   126364    |      83.16       |      46.29      
   126365    |      89.76       |      49.50      
   126366    |      86.15       |      35.82      
   126368    |      88.47       |      28.25      
   126369    |      76.84       |      24.52      
   126370    |      77.51       |      27.27      
   126371    |      74.65       |      27.03      
   126372    |      77.01       |      36.71      
   126373    |      81.89       |      38.56      
   126374    |      83.99       |      47.03      
   126375    |      79.12       |      44.75      
   126376    |      78.27       |      41.32      
   126377    |      79.10       |      41.66      
   126378    |      77.46       |      34.56      
   126379    |      89.05       |      40.09      
   126380    |      89.67       |      42.84      
   126381    |      83.69       |      39.41      
   126382    |      84.58       |      43.42      
   126383    |      87.16       |      44.91      
   126384    |      86.78       |      43.17      
   126389    |      86.92       |      37.58      
   126390    |      85.68       |      30.33      
   126391    |      83.24       |      29.21      
   126392    |      83.34       |      29.87      
   126393    |      80.46       |      28.81      
   126394    |      81.34       |      35.05      
   126395    |      85.94       |      37.14      
   126396    |      85.27       |      32.56      
   126399    |      86.78       |      34.13      
   126400    |      88.00       |      43.83      
   126401    |      80.67       |      40.13      
   126402    |      81.91       |      49.10      
   126403    |      79.03       |      47.84      
   126404    |      78.48       |      43.53      
   126405    |      78.60       |      43.59      
   126406    |      77.98       |      38.33      
   126407    |      87.10       |      42.62      
   126408    |      87.61       |      46.46      
   126409    |      78.56       |      42.03      
   126410    |      80.12       |      52.76      
   126411    |      68.00       |      48.67      
   126412    |      68.03       |      48.88      
   126413    |      72.39       |      50.08      
   126414    |      71.75       |      45.52      
   126415    |      79.65       |      48.25      
   126416    |      81.43       |      58.88      
   126417    |      79.78       |      58.13      
   126506    |      71.61       |      51.38      
   126507    |      71.11       |      51.03      
   126508    |      72.11       |      45.14      
   126509    |      68.01       |      42.29      
   126510    |      67.89       |      42.80      
   126511    |      65.97       |      41.63      
   126512    |      65.44       |      43.90      
   126513    |      66.92       |      44.81      
   126514    |      65.25       |      55.16      
   126515    |      63.51       |      54.10      
   126516    |      64.13       |      50.17      
   126517    |      58.47       |      47.25      
   126518    |      59.24       |      44.26      
   126519    |      55.72       |      43.08      
   126520    |      54.80       |      45.83      
   126521    |      52.69       |      45.29      
   126522    |      51.83       |      47.85      
   126523    |      49.24       |      47.39      
   126524    |      50.68       |      43.99      
   126525    |      52.15       |      44.17      
   126526    |      55.33       |      37.64      
   126527    |      58.18       |      38.00      
   126528    |      57.46       |      39.79      
   126529    |      57.40       |      39.77      
   126530    |      54.80       |      48.24      
   126531    |      59.30       |      50.77      
   126532    |      60.07       |      46.05      
   126533    |      63.77       |      48.54      
   126534    |      64.65       |      42.96      
   126535    |      61.14       |      40.70      
   126536    |      60.36       |      43.97      
   126537    |      60.97       |      44.33      
   126538    |      60.64       |      45.96      
   126539    |      64.99       |      48.79      
   126540    |      64.42       |      54.57      
   126541    |      68.18       |      57.31      
   126542    |      68.43       |      53.73      
   126543    |      70.97       |      55.82      
   126544    |      72.58       |      41.85      
   126545    |      71.78       |      41.11      
   126546    |      72.91       |      35.09      
   126547    |      71.76       |      34.10      
   126548    |      70.51       |      40.58      
   126549    |      76.71       |      46.40      
   126550    |      76.67       |      46.76      
   126551    |      74.06       |      44.18      
   126552    |      73.54       |      48.37      
   126553    |      64.94       |      41.49      
   126554    |      63.51       |      50.99      
   126555    |      62.27       |      50.22      
   126556    |      62.13       |      51.80      
   126557    |      62.21       |      51.85      
   126558    |      62.93       |      45.97      
   126559    |      59.98       |      44.59      
   126560    |      60.39       |      42.53      
   126561    |      61.61       |      43.07      
   126562    |      62.70       |      37.56      
   126563    |      64.15       |      38.08      
   126564    |      68.85       |      22.69      
   126565    |      72.53       |      22.00      
   126566    |      73.50       |      19.27      
   126567    |      77.35       |      20.08      
   126568    |      78.17       |      17.04      
   126569    |      82.69       |      20.31      
   126570    |      87.20       |       3.74      
   126571    |      86.75       |       4.06      
   126572    |      87.83       |       4.80      
   126573    |      88.54       |       3.44      
   126574    |      87.56       |       3.31      
   126575    |      88.52       |       3.25      
   126576    |      87.80       |       5.58      
   126577    |      88.11       |       5.89      
   126578    |      87.96       |       6.40      
   126580    |      89.68       |      12.05      
   126601    |      88.91       |       6.58      
   126603    |      81.31       |       9.86      
   126604    |      86.80       |      16.77      
   126605    |      84.45       |      22.20      
   126606    |      80.64       |      12.65      
   126607    |      75.60       |      15.69      
   126608    |      75.67       |      15.71      
   126609    |      69.54       |      21.19      
   126610    |      81.28       |      41.35      
   126611    |      77.00       |      40.08      
   126612    |      83.45       |      55.67      
   126613    |      83.21       |      55.59      
   126614    |      76.26       |      36.35      
   126615    |      80.91       |      37.70      
   126616    |      78.26       |      29.04      
   126617    |      78.97       |      29.19      
   126618    |      83.57       |      44.78      
   126619    |      85.63       |      45.72      
   126620    |      84.92       |      43.38      
   126621    |      87.11       |      44.43      
   126622    |      85.53       |      38.67      
   126623    |      82.84       |      37.49      
   126624    |      82.48       |      36.08      
   126625    |      77.30       |      34.26      
   126626    |      76.12       |      29.51      
   126627    |      74.76       |      29.33      
   126628    |      76.71       |      37.75      
   126629    |      75.82       |      37.48      
   126630    |      78.61       |      48.36      
   126631    |      79.94       |      48.94      
   126632    |      77.68       |      40.30      
   126633    |      79.13       |      40.87      
   126634    |      76.68       |      29.91      
   126635    |      82.49       |      31.76      
   126636    |      83.89       |      38.47      
   126639    |      88.64       |      41.91      
   126640    |      87.98       |      38.95      
   126647    |      87.08       |      29.72      
   126648    |      87.65       |      33.79      
   126649    |      81.50       |      30.95      
   126650    |      81.66       |      32.16      
   126651    |      84.49       |      33.38      
   126652    |      84.62       |      34.55      
   126653    |      82.88       |      33.74      
   126654    |      84.98       |      49.48      
   126655    |      75.49       |      45.51      
   126656    |      75.92       |      48.36      
   126657    |      77.11       |      48.81      
   126658    |      77.70       |      52.52      
   126659    |      76.28       |      51.95      
   126660    |      75.41       |      46.24      
   126661    |      74.25       |      45.83      
   126662    |      73.54       |      39.27      
   126663    |      75.37       |      39.81      
   126664    |      76.56       |      49.63      
   126665    |      78.45       |      50.41      
   126666    |      79.14       |      54.89      
   126667    |      77.33       |      54.14      
   126668    |      76.13       |      45.97      
   126669    |      73.96       |      45.25      
   126670    |      73.35       |      40.10      
   126671    |      78.47       |      41.65      
   126672    |      80.24       |      53.90      
   126673    |      86.14       |      56.82      
   126761    |      63.85       |      45.30      
   126762    |      62.05       |      55.43      
   126763    |      56.60       |      52.93      
   126764    |      57.56       |      48.28      
   126765    |      60.29       |      49.47      
   126766    |      61.44       |      44.25      
   126767    |      64.99       |      46.08      
   126768    |      65.04       |      45.80      
   126769    |      64.82       |      45.67      
   126770    |      63.36       |      54.19      
   126771    |      57.73       |      51.38      
   126772    |      58.62       |      47.17      
   126773    |      53.00       |      45.39      
   126774    |      53.14       |      44.99      
   126775    |      50.75       |      44.69      
   126776    |      49.47       |      47.72      
   126777    |      48.69       |      47.63      
   126778    |      48.58       |      47.92      
   126779    |      47.64       |      47.86      
   126780    |      47.73       |      47.64      
   126781    |      49.81       |      47.89      
   126782    |      51.81       |      42.91      
   126783    |      53.92       |      43.27      
   126784    |      54.52       |      41.85      
   126785    |      55.60       |      42.42      
   126786    |      52.82       |      54.39      
   126787    |      52.98       |      54.47      
   126788    |      53.01       |      54.23      
   126789    |      54.46       |      54.95      
   126790    |      56.50       |      43.57      
   126791    |      58.88       |      44.70      
   126792    |      58.67       |      45.63      
   126793    |      60.93       |      46.95      
   126794    |      60.41       |      50.98      
   126795    |      60.91       |      51.27      
   126797    |      55.49       |      57.74      
   126800    |      52.84       |      51.39      
   126801    |      58.76       |      54.93      
   126802    |      61.06       |      40.39      
   126803    |      73.30       |      49.21      
   126804    |      73.47       |      47.56      
   126805    |      72.26       |      46.45      
   126806    |      72.44       |      44.84      
   126807    |      62.79       |      37.95      
   126808    |      61.44       |      43.59      
   126809    |      58.39       |      42.06      
   126810    |      56.52       |      53.60      
   126811    |      58.06       |      54.35      
   126812    |      58.07       |      54.24      
   126813    |      56.91       |      53.68      
   126814    |      57.76       |      46.04      
   126815    |      62.61       |      48.20      
   126816    |      63.70       |      41.78      
   126817    |      67.55       |      44.10      
   126818    |      68.71       |      35.27      
   126819    |      69.58       |      35.75      
   126820    |      72.19       |      22.28      
   126821    |      76.80       |      23.77      
   126822    |      77.63       |      19.92      
   126823    |      79.40       |      21.01      
   126824    |      79.21       |      21.84      
   126825    |      78.19       |      21.12      
   126826    |      82.07       |       8.76      
   126827    |      83.31       |       7.77      
   126828    |      84.58       |       6.86      
   126829    |      85.90       |       4.99      
   126830    |      85.12       |       6.11      
   126831    |      86.50       |       6.19      
   126832    |      86.22       |       6.96      
   126833    |      87.31       |       8.08      
   126834    |      86.66       |      10.63      
   126836    |      89.83       |      18.84      
   126857    |      86.77       |       4.05      
   126858    |      89.17       |       9.63      
   126859    |      84.30       |       8.96      
   126860    |      87.94       |      20.49      
   126861    |      88.14       |      20.07      
   126862    |      87.63       |      18.22      
   126863    |      74.52       |      18.74      
   126864    |      79.41       |      27.63      
   126865    |      58.79       |      33.20      
   126866    |      68.06       |      49.21      
   126867    |      68.71       |      49.31      
   126868    |      70.64       |      52.99      
   126869    |      82.11       |      56.37      
   126870    |      73.77       |      32.89      
   126871    |      79.63       |      34.07      
   126872    |      77.62       |      27.50      
   126873    |      79.86       |      27.94      
   126874    |      83.27       |      40.54      
   126875    |      87.71       |      42.70      
   126876    |      87.82       |      43.13      
   126877    |      86.66       |      42.53      
   126878    |      86.70       |      42.68      
   126879    |      81.83       |      40.65      
   126880    |      81.23       |      38.58      
   126881    |      79.40       |      37.84      
   126882    |      78.23       |      32.80      
   126883    |      73.16       |      31.72      
   126884    |      74.96       |      39.35      
   126885    |      74.47       |      39.21      
   126886    |      75.21       |      42.24      
   126887    |      83.80       |      45.86      
   126888    |      81.57       |      36.03      
   126889    |      83.92       |      37.16      
   126890    |      83.08       |      33.29      
   126891    |      75.41       |      30.81      
   126892    |      77.30       |      39.63      
   126893    |      79.60       |      40.53      
   126894    |      79.68       |      40.90      
   126895    |      87.16       |      44.64      
   126896    |      84.31       |      33.10      
   126905    |      83.15       |      36.00      
   126906    |      82.91       |      34.03      
   126907    |      80.28       |      33.01      
   126908    |      81.66       |      43.79      
   126909    |      73.84       |      41.04      
   126910    |      76.72       |      58.48      
   126911    |      71.42       |      56.84      
   126912    |      70.48       |      51.67      
   126913    |      70.39       |      51.64      
   126914    |      70.56       |      52.74      
   126915    |      74.57       |      54.17      
   126916    |      73.31       |      45.24      
   126917    |      75.70       |      46.09      
   126918    |      74.99       |      39.61      
   126919    |      73.64       |      39.22      
   126920    |      74.47       |      46.99      
   126921    |      78.57       |      48.61      
   126922    |      78.87       |      50.99      
   126923    |      83.22       |      53.01      
   126924    |      82.08       |      43.97      
   126925    |      81.02       |      43.49      
   126926    |      80.60       |      39.77      
   126927    |      76.25       |      38.34      
   126928    |      77.92       |      48.19      
   126929    |      85.07       |      51.67      
   126930    |      85.83       |      58.01      
   127017    |      61.37       |      45.94      
   127018    |      60.39       |      50.63      
   127019    |      60.28       |      50.58      
   127020    |      60.50       |      49.36      
   127021    |      61.03       |      49.60      
   127022    |      61.30       |      48.15      
   127023    |      60.30       |      47.69      
   127024    |      60.16       |      48.37      
   127025    |      59.47       |      48.07      
   127026    |      58.96       |      50.64      
   127027    |      50.74       |      48.03      
   127028    |      51.19       |      46.78      
   127029    |      48.21       |      46.60      
   127030    |      48.06       |      46.89      
   127031    |      49.26       |      46.90      
   127032    |      49.08       |      47.34      
   127033    |      46.90       |      47.33      
   127034    |      46.07       |      49.14      
   127035    |      47.22       |      49.13      
   127036    |      46.86       |      50.15      
   127037    |      46.73       |      50.15      
   127038    |      47.31       |      48.48      
   127039    |      48.83       |      48.44      
   127040    |      49.30       |      46.76      
   127041    |      53.33       |      47.75      
   127042    |      52.26       |      54.91      
   127043    |      46.18       |      52.79      
   127046    |      45.89       |      53.11      
   127047    |      53.02       |      55.53      
   127048    |      53.44       |      51.18      
   127049    |      54.38       |      51.58      
   127050    |      54.04       |      54.93      
   127051    |      51.24       |      53.73      
   127053    |      47.72       |      59.19      
   127058    |      58.31       |      56.45      
   127059    |      62.46       |      58.64      
   127060    |      62.33       |      51.22      
   127061    |      52.79       |      46.88      
   127062    |      53.35       |      44.62      
   127063    |      58.32       |      46.19      
   127064    |      59.04       |      41.63      
   127065    |      64.01       |      43.96      
   127066    |      63.50       |      51.21      
   127067    |      57.25       |      48.35      
   127068    |      57.03       |      53.63      
   127069    |      54.34       |      52.61      
   127070    |      54.32       |      53.03      
   127071    |      60.81       |      55.46      
   127072    |      60.34       |      48.44      
   127073    |      65.24       |      50.81      
   127074    |      65.87       |      37.98      
   127075    |      69.77       |      40.10      
   127076    |      71.75       |      26.90      
   127077    |      77.18       |      29.87      
   127078    |      78.44       |      21.53      
   127079    |      79.91       |      22.49      
   127080    |      80.30       |      20.02      
   127081    |      79.92       |      19.75      
   127082    |      82.73       |       8.35      
   127083    |      85.23       |       8.00      
   127084    |      86.47       |       4.44      
   127085    |      88.21       |       3.28      
   127086    |      87.69       |       5.52      
   127087    |      87.56       |       5.44      
   127088    |      87.23       |       8.12      
   127099    |      89.46       |       8.86      
   127119    |      82.23       |      21.34      
   127120    |      85.32       |      37.79      
   127121    |      72.33       |      33.09      
   127122    |      77.28       |      48.46      
   127123    |      71.55       |      46.73      
   127124    |      70.65       |      44.08      
   127125    |      79.76       |      46.84      
   127126    |      74.66       |      28.88      
   127127    |      78.27       |      29.45      
   127128    |      77.28       |      25.10      
   127129    |      80.18       |      25.63      
   127130    |      84.06       |      42.33      
   127131    |      81.90       |      41.34      
   127132    |      83.60       |      48.33      
   127133    |      80.68       |      46.98      
   127134    |      78.78       |      39.05      
   127135    |      86.53       |      42.78      
   127136    |      85.66       |      37.78      
   127137    |      84.42       |      37.01      
   127138    |      85.44       |      42.07      
   127139    |      72.57       |      36.73      
   127140    |      73.39       |      40.64      
   127141    |      73.14       |      40.57      
   127142    |      72.42       |      37.43      
   127143    |      79.53       |      39.71      
   127144    |      78.32       |      33.97      
   127145    |      82.37       |      35.65      
   127146    |      82.25       |      35.02      
   127147    |      80.87       |      34.42      
   127148    |      81.25       |      36.56      
   127149    |      82.26       |      37.02      
   127150    |      81.80       |      34.35      
   127151    |      87.82       |      37.50      
   127152    |      86.80       |      28.25      
   127154    |      89.78       |      28.07      
   127161    |      84.48       |      43.92      
   127162    |      83.92       |      39.61      
   127163    |      77.97       |      37.06      
   127164    |      79.26       |      47.55      
   127165    |      76.90       |      46.58      
   127166    |      78.78       |      58.50      
   127167    |      77.56       |      57.96      
   127168    |      76.75       |      52.77      
   127169    |      72.19       |      50.71      
   127170    |      72.08       |      49.91      
   127171    |      74.12       |      50.69      
   127172    |      73.24       |      43.14      
   127173    |      75.53       |      43.98      
   127174    |      75.24       |      40.70      
   127175    |      73.92       |      40.26      
   127176    |      74.51       |      47.75      
   127177    |      73.69       |      47.45      
   127178    |      74.19       |      51.97      
   127179    |      75.81       |      52.59      
   127180    |      75.29       |      47.43      
   127181    |      75.32       |      47.44      
   127182    |      75.28       |      46.97      
   127183    |      70.63       |      45.41      
   127184    |      70.71       |      43.37      
   127185    |      79.54       |      47.30      
   127186    |      79.63       |      48.72      
   127272    |      59.42       |      47.18      
   127273    |      61.43       |      48.03      
   127274    |      61.01       |      50.15      
   127275    |      64.26       |      51.74      
   127276    |      64.98       |      47.35      
   127277    |      62.90       |      46.29      
   127278    |      62.93       |      46.12      
   127279    |      57.59       |      43.97      
   127280    |      56.00       |      50.30      
   127281    |      50.72       |      48.90      
   127282    |      51.08       |      47.79      
   127283    |      48.50       |      47.54      
   127284    |      49.32       |      45.69      
   127285    |      50.63       |      45.72      
   127286    |      50.57       |      45.87      
   127287    |      49.13       |      45.85      
   127288    |      49.39       |      45.29      
   127289    |      49.49       |      45.29      
   127290    |      48.22       |      48.36      
   127291    |      46.80       |      48.35      
   127292    |      45.84       |      50.85      
   127293    |      42.54       |      50.94      
   127294    |      41.07       |      54.48      
   127295    |      44.02       |      54.56      
   127296    |      44.10       |      54.20      
   127297    |      43.37       |      54.11      
   127298    |      43.14       |      54.96      
   127299    |      44.92       |      55.30      
   127302    |      47.85       |      58.67      
   127303    |      48.66       |      58.95      
   127304    |      48.99       |      54.90      
   127305    |      49.12       |      54.94      
   127306    |      49.10       |      55.07      
   127307    |      49.21       |      55.11      
   127308    |      48.95       |      58.45      
   127309    |      50.05       |      58.83      
   127316    |      44.39       |      53.14      
   127317    |      48.64       |      54.11      
   127318    |      48.80       |      52.64      
   127319    |      58.59       |      56.14      
   127320    |      58.88       |      47.05      
   127321    |      61.95       |      48.54      
   127322    |      62.11       |      45.37      
   127323    |      60.02       |      44.48      
   127324    |      59.71       |      49.27      
   127325    |      58.82       |      48.91      
   127326    |      59.03       |      56.46      
   127327    |      60.62       |      57.15      
   127328    |      60.28       |      53.61      
   127329    |      62.10       |      54.39      
   127330    |      62.00       |      44.67      
   127331    |      65.78       |      46.35      
   127332    |      66.55       |      35.86      
   127333    |      67.30       |      36.13      
   127334    |      68.30       |      29.65      
   127335    |      68.29       |      29.65      
   127336    |      68.79       |      27.20      
   127337    |      73.69       |      28.68      
   127338    |      76.52       |      15.26      
   127339    |      83.98       |      17.64      
   127340    |      86.42       |       4.83      
   127341    |      88.63       |       5.57      
   127342    |      88.74       |       4.87      
   127343    |      88.28       |       4.52      
   127344    |      86.89       |      13.33      
   127345    |      87.49       |      14.02      
   127346    |      86.32       |      21.96      
   127353    |      87.24       |       6.79      
   127354    |      86.69       |       9.65      
   127355    |      85.87       |       8.91      
   127356    |      86.53       |       5.80      
   127361    |      88.75       |       5.22      
   127362    |      89.21       |       7.45      
   127363    |      88.54       |       7.12      
   127364    |      88.45       |       6.73      
   127377    |      87.28       |      36.87      
   127378    |      89.34       |      46.43      
   127379    |      85.09       |      44.06      
   127380    |      83.26       |      37.06      
   127381    |      81.71       |      36.35      
   127382    |      79.49       |      26.90      
   127383    |      77.60       |      26.51      
   127384    |      77.01       |      23.93      
   127385    |      78.56       |      24.09      
   127386    |      80.34       |      32.47      
   127391    |      87.07       |      34.30      
   127392    |      88.43       |      41.70      
   127393    |      83.62       |      38.82      
   127394    |      85.59       |      48.83      
   127395    |      78.98       |      45.46      
   127396    |      78.19       |      41.86      
   127397    |      73.87       |      40.33      
   127398    |      72.00       |      30.48      
   127399    |      80.30       |      32.30      
   127400    |      79.01       |      25.21      
   127401    |      87.87       |      29.16      
   127402    |      89.61       |      39.52      
   127403    |      81.94       |      35.19      
   127404    |      81.98       |      35.44      
   127405    |      82.76       |      35.81      
   127406    |      82.20       |      32.03      
   127407    |      84.36       |      33.05      
   127408    |      83.89       |      29.49      
   127409    |      84.12       |      29.60      
   127410    |      84.61       |      33.48      
   127411    |      81.72       |      32.13      
   127412    |      82.95       |      40.85      
   127413    |      85.56       |      42.25      
   127414    |      86.83       |      50.66      
   127417    |      89.01       |      52.57      
   127418    |      87.98       |      44.83      
   127419    |      81.10       |      41.17      
   127420    |      81.71       |      45.98      
   127421    |      81.90       |      46.07      
   127422    |      83.21       |      55.11      
   127423    |      84.20       |      55.65      
   127424    |      84.01       |      54.32      
   127425    |      78.85       |      51.63      
   127426    |      78.52       |      49.17      
   127427    |      75.61       |      47.88      
   127428    |      75.20       |      44.11      
   127429    |      72.98       |      43.31      
   127430    |      72.85       |      41.49      
   127431    |      73.55       |      41.72      
   127432    |      74.19       |      49.34      
   127433    |      72.72       |      48.81      
   127434    |      73.44       |      55.28      
   127435    |      70.41       |      54.23      
   127436    |      69.87       |      49.09      
   127437    |      71.58       |      49.64      
   127438    |      71.57       |      49.55      
   127439    |      71.20       |      49.43      
   127440    |      71.05       |      41.88      
   127441    |      72.34       |      42.29      
   127442    |      72.36       |      44.72      
   127443    |      80.47       |      48.28      
   127527    |      67.00       |      44.16      
   127528    |      66.84       |      44.91      
   127529    |      61.98       |      42.50      
   127530    |      59.57       |      54.48      
   127531    |      52.30       |      51.89      
   127532    |      51.99       |      53.34      
   127533    |      48.74       |      52.58      
   127534    |      49.51       |      49.89      
   127535    |      50.39       |      50.03      
   127536    |      50.72       |      48.91      
   127537    |      47.80       |      48.65      
   127538    |      48.10       |      47.88      
   127539    |      50.26       |      47.97      
   127540    |      51.23       |      45.26      
   127541    |      54.99       |      45.79      
   127542    |      57.26       |      39.37      
   127543    |      56.38       |      39.29      
   127544    |      56.02       |      40.12      
   127545    |      52.21       |      40.32      
   127546    |      49.10       |      46.48      
   127547    |      42.73       |      48.31      
   127548    |      38.61       |      54.27      
   127549    |      40.59       |      54.00      
   127550    |      39.23       |      58.23      
   127551    |      39.30       |      58.23      
   127552    |      39.65       |      56.93      
   127553    |      41.82       |      57.12      
   127554    |      41.72       |      57.60      
   127555    |      47.82       |      58.87      
   127559    |      40.85       |      59.85      
   127562    |      42.70       |      59.38      
   127564    |      48.27       |      59.95      
   127572    |      45.85       |      56.07      
   127573    |      57.69       |      59.95      
   127574    |      57.44       |      56.83      
   127575    |      53.69       |      55.49      
   127576    |      53.64       |      53.52      
   127577    |      52.82       |      53.25      
   127578    |      53.09       |      49.12      
   127579    |      59.66       |      51.40      
   127580    |      59.67       |      48.39      
   127581    |      63.88       |      50.27      
   127582    |      64.15       |      55.25      
   127583    |      64.60       |      55.48      
   127584    |      64.45       |      53.08      
   127585    |      63.43       |      52.60      
   127586    |      63.29       |      47.80      
   127587    |      62.49       |      47.46      
   127588    |      62.96       |      39.07      
   127589    |      63.19       |      39.13      
   127590    |      64.19       |      32.77      
   127591    |      65.00       |      32.86      
   127592    |      64.66       |      34.77      
   127593    |      66.64       |      35.31      
   127594    |      67.83       |      27.83      
   127595    |      75.19       |      30.38      
   127596    |      77.86       |      13.83      
   127597    |      82.02       |      14.00      
   127598    |      83.12       |       8.54      
   127599    |      82.55       |       8.78      
   127600    |      80.90       |      16.97      
   127601    |      80.96       |      17.01      
   127602    |      79.12       |      31.14      
   127603    |      84.26       |      36.29      
   127604    |      84.50       |      34.09      
   127605    |      89.30       |      28.39      
   127609    |      89.05       |       1.90      
   127610    |      87.87       |       8.02      
   127611    |      89.10       |       9.50      
   127612    |      89.00       |      10.11      
   127613    |      87.96       |       8.76      
   127614    |      88.98       |       2.84      
   127615    |      87.55       |       3.41      
   127616    |      88.31       |       5.49      
   127625    |      87.97       |       5.47      
   127627    |      85.01       |      16.73      
   127628    |      86.57       |      23.22      
   127629    |      89.01       |      24.64      
   127637    |      88.01       |      34.55      
   127638    |      86.60       |      27.40      
   127639    |      81.82       |      25.24      
   127640    |      81.46       |      23.44      
   127641    |      78.35       |      22.83      
   127642    |      78.61       |      24.10      
   127643    |      88.29       |      27.86      
   127644    |      89.18       |      32.19      
   127649    |      87.09       |      42.33      
   127650    |      88.26       |      48.42      
   127651    |      87.48       |      47.94      
   127652    |      86.52       |      42.77      
   127653    |      81.50       |      40.01      
   127654    |      79.03       |      25.16      
   127655    |      79.00       |      25.16      
   127656    |      79.13       |      26.14      
   127657    |      78.07       |      25.88      
   127658    |      81.40       |      45.91      
   127659    |      78.60       |      44.67      
   127660    |      77.42       |      37.85      
   127661    |      77.68       |      37.94      
   127662    |      76.92       |      32.51      
   127663    |      79.76       |      33.46      
   127664    |      79.67       |      32.72      
   127665    |      78.92       |      32.45      
   127666    |      79.82       |      39.35      
   127667    |      76.67       |      38.15      
   127668    |      77.95       |      47.10      
   127669    |      74.77       |      45.86      
   127670    |      74.76       |      45.80      
   127671    |      85.94       |      51.08      
   127672    |      85.52       |      48.15      
   127675    |      84.69       |      46.43      
   127676    |      85.14       |      49.42      
   127677    |      80.16       |      46.83      
   127678    |      81.20       |      53.86      
   127679    |      83.41       |      55.01      
   127680    |      83.98       |      58.63      
   127681    |      79.77       |      56.44      
   127682    |      79.34       |      53.50      
   127683    |      74.63       |      51.37      
   127684    |      74.16       |      47.36      
   127685    |      71.47       |      46.39      
   127686    |      71.31       |      44.38      
   127687    |      69.32       |      43.83      
   127688    |      69.74       |      49.04      
   127689    |      72.91       |      50.10      
   127690    |      73.17       |      52.74      
   127691    |      75.97       |      53.85      
   127692    |      75.60       |      49.27      
   127693    |      71.83       |      47.84      
   127694    |      71.75       |      46.20      
   127695    |      75.08       |      47.43      
   127696    |      74.94       |      41.33      
   127697    |      72.93       |      40.63      
   127698    |      72.97       |      45.06      
   127699    |      72.23       |      44.81      
   127700    |      72.31       |      47.30      
   127782    |      60.02       |      48.30      
   127783    |      60.48       |      48.49      
   127784    |      61.87       |      42.58      
   127785    |      59.00       |      41.61      
   127786    |      57.12       |      48.57      
   127787    |      48.82       |      47.05      
   127788    |      46.32       |      54.41      
   127789    |      46.74       |      54.47      
   127790    |      47.28       |      52.39      
   127791    |      47.28       |      52.39      
   127792    |      48.77       |      47.87      
   127793    |      50.33       |      47.97      
   127794    |      50.35       |      47.91      
   127795    |      49.44       |      47.84      
   127796    |      48.55       |      50.60      
   127797    |      48.53       |      50.60      
   127798    |      51.12       |      43.56      
   127799    |      53.52       |      43.59      
   127800    |      57.02       |      36.18      
   127801    |      52.82       |      38.10      
   127802    |      49.86       |      41.57      
   127803    |      49.09       |      42.03      
   127804    |      43.28       |      51.81      
   127805    |      44.72       |      51.82      
   127806    |      43.91       |      54.76      
   127807    |      43.31       |      54.70      
   127808    |      42.94       |      56.29      
   127809    |      47.52       |      57.13      
   127810    |      47.41       |      59.15      
   127811    |      47.89       |      59.28      
   127812    |      47.89       |      59.70      
   127813    |      43.01       |      58.47      
   127814    |      43.03       |      58.34      
   127815    |      41.88       |      58.10      
   127830    |      52.60       |      56.19      
   127831    |      54.53       |      56.82      
   127832    |      54.52       |      52.15      
   127833    |      59.53       |      54.05      
   127834    |      59.43       |      51.55      
   127835    |      63.13       |      53.19      
   127836    |      63.01       |      50.77      
   127837    |      66.79       |      52.63      
   127838    |      66.91       |      54.28      
   127839    |      69.02       |      55.43      
   127840    |      68.63       |      49.78      
   127841    |      68.39       |      49.65      
   127842    |      68.25       |      44.08      
   127843    |      66.65       |      43.31      
   127844    |      66.91       |      36.63      
   127845    |      64.72       |      36.03      
   127846    |      65.20       |      32.72      
   127847    |      66.07       |      32.85      
   127848    |      65.56       |      36.07      
   127849    |      67.02       |      36.61      
   127850    |      67.14       |      35.25      
   127851    |      67.15       |      35.26      
   127852    |      68.92       |      24.29      
   127853    |      71.12       |      24.08      
   127854    |      73.06       |      18.03      
   127855    |      76.54       |      16.30      
   127856    |      75.51       |      20.73      
   127857    |      83.15       |      25.72      
   127858    |      82.08       |      36.87      
   127859    |      82.60       |      37.38      
   127860    |      82.85       |      34.49      
   127861    |      76.84       |      29.17      
   127862    |      78.54       |      16.29      
   127863    |      75.95       |      16.35      
   127864    |      77.24       |      13.73      
   127865    |      78.73       |      12.47      
   127866    |      77.73       |      15.87      
   127867    |      81.05       |      17.17      
   127868    |      81.87       |      11.97      
   127869    |      83.82       |      13.03      
   127870    |      85.60       |       5.39      
   127871    |      85.48       |       5.55      
   127872    |      85.71       |       5.68      
   127873    |      84.92       |       6.20      
   127874    |      84.85       |       6.20      
   127875    |      86.18       |       5.25      
   127876    |      87.11       |       8.31      
   127877    |      88.33       |       8.78      
   127878    |      88.92       |      11.48      
   127879    |      83.78       |      10.05      
   127880    |      86.11       |      19.15      
   127881    |      81.65       |      17.74      
   127882    |      83.32       |      23.88      
   127883    |      83.65       |      24.00      
   127884    |      84.15       |      25.89      
   127885    |      82.92       |      25.37      
   127886    |      84.85       |      33.52      
   127887    |      86.28       |      34.33      
   127888    |      87.70       |      41.41      
   127894    |      89.22       |      26.82      
   127895    |      88.58       |      26.42      
   127896    |      88.28       |      24.83      
   127897    |      83.09       |      22.32      
   127898    |      84.09       |      27.19      
   127899    |      77.30       |      25.18      
   127900    |      78.54       |      30.96      
   127901    |      85.54       |      33.96      
   127902    |      87.31       |      42.51      
   127909    |      85.44       |      43.29      
   127910    |      84.00       |      35.19      
   127911    |      70.99       |      31.46      
   127912    |      71.56       |      35.51      
   127913    |      67.58       |      35.22      
   127914    |      68.81       |      42.38      
   127915    |      80.82       |      46.23      
   127916    |      78.96       |      35.44      
   127917    |      80.43       |      36.03      
   127918    |      79.85       |      31.85      
   127919    |      78.56       |      31.41      
   127920    |      78.86       |      33.79      
   127921    |      78.32       |      33.60      
   127922    |      78.67       |      36.49      
   127923    |      82.17       |      38.02      
   127924    |      83.95       |      49.78      
   127925    |      78.15       |      46.99      
   127926    |      77.82       |      44.97      
   127927    |      76.74       |      44.53      
   127928    |      76.99       |      46.37      
   127929    |      83.24       |      49.29      
   127930    |      83.79       |      52.71      
   127931    |      86.79       |      54.40      
   127932    |      87.07       |      56.14      
   127933    |      79.78       |      52.24      
   127934    |      80.31       |      55.52      
   127935    |      79.17       |      54.97      
   127936    |      79.38       |      56.31      
   127937    |      83.92       |      58.66      
   127938    |      83.11       |      53.02      
   127939    |      81.70       |      52.28      
   127940    |      81.47       |      50.46      
   127941    |      74.34       |      47.26      
   127942    |      74.24       |      46.32      
   127943    |      70.37       |      45.02      
   127944    |      70.28       |      43.56      
   127945    |      75.63       |      45.38      
   127946    |      75.68       |      46.09      
   127947    |      80.82       |      48.43      
   127948    |      81.19       |      53.45      
   127949    |      74.00       |      50.22      
   127950    |      73.75       |      45.61      
   127951    |      73.06       |      45.36      
   127952    |      72.96       |      39.72      
   127953    |      75.90       |      40.75      
   127954    |      75.95       |      43.68      
   127955    |      75.49       |      43.50      
   127956    |      75.55       |      45.38      
   127957    |      75.45       |      45.34      
   128038    |      57.02       |      50.72      
   128039    |      54.35       |      49.94      
   128040    |      55.98       |      43.82      
   128041    |      54.04       |      43.56      
   128042    |      54.42       |      42.53      
   128043    |      57.11       |      42.92      
   128044    |      55.73       |      47.93      
   128045    |      55.17       |      47.78      
   128046    |      55.56       |      46.25      
   128047    |      52.52       |      45.68      
   128048    |      52.24       |      46.51      
   128049    |      48.74       |      46.36      
   128050    |      47.56       |      49.36      
   128051    |      44.56       |      49.57      
   128052    |      42.50       |      55.36      
   128053    |      40.58       |      55.45      
   128054    |      41.21       |      53.62      
   128055    |      40.65       |      53.72      
   128056    |      47.78       |      43.17      
   128057    |      48.00       |      42.93      
   128058    |      46.15       |      44.87      
   128059    |      48.58       |      43.59      
   128060    |      44.94       |      51.66      
   128061    |      46.40       |      51.75      
   128062    |      46.20       |      52.55      
   128063    |      48.78       |      52.99      
   128064    |      48.37       |      56.55      
   128065    |      47.35       |      56.30      
   128066    |      47.15       |      59.78      
   128067    |      47.35       |      59.83      
   128068    |      47.60       |      55.28      
   128069    |      47.14       |      55.17      
   128070    |      47.24       |      54.36      
   128071    |      48.84       |      54.75      
   128072    |      48.73       |      58.72      
   128073    |      50.30       |      59.22      
   128088    |      55.79       |      56.38      
   128089    |      63.73       |      59.62      
   128090    |      62.98       |      53.29      
   128091    |      63.00       |      53.30      
   128092    |      63.11       |      54.65      
   128093    |      62.25       |      54.26      
   128094    |      62.70       |      58.73      
   128095    |      60.01       |      57.53      
   128096    |      59.76       |      54.71      
   128097    |      65.17       |      57.07      
   128098    |      64.55       |      44.61      
   128099    |      65.83       |      45.15      
   128100    |      66.44       |      34.83      
   128101    |      63.74       |      34.38      
   128102    |      63.69       |      34.67      
   128103    |      66.69       |      35.14      
   128104    |      66.63       |      36.89      
   128105    |      67.18       |      37.08      
   128106    |      67.29       |      35.18      
   128107    |      62.58       |      34.33      
   128108    |      63.27       |      30.75      
   128109    |      62.12       |      31.05      
   128110    |      62.94       |      28.87      
   128111    |      72.55       |      28.35      
   128112    |      72.28       |      31.32      
   128113    |      81.00       |      37.37      
   128114    |      80.97       |      37.90      
   128115    |      79.25       |      36.42      
   128116    |      79.77       |      27.79      
   128118    |      76.43       |      15.93      
   128139    |      75.60       |      29.55      
   128141    |      75.14       |      32.38      
   128143    |      79.31       |      37.07      
   128144    |      80.36       |      40.88      
   128145    |      84.87       |      42.96      
   128146    |      83.79       |      38.45      
   128155    |      85.11       |      26.62      
   128156    |      87.14       |      36.62      
   128157    |      76.96       |      32.18      
   128158    |      80.82       |      49.30      
   128159    |      77.76       |      47.93      
   128160    |      78.39       |      50.46      
   128161    |      84.20       |      53.24      
   128162    |      82.91       |      47.62      
   128163    |      86.80       |      49.72      
   128164    |      87.61       |      53.54      
   128165    |      83.93       |      51.55      
   128166    |      82.23       |      43.52      
   128167    |      75.03       |      40.75      
   128168    |      73.57       |      32.70      
   128169    |      74.95       |      32.94      
   128170    |      74.70       |      31.26      
   128171    |      81.70       |      33.46      
   128172    |      81.44       |      31.67      
   128173    |      83.65       |      32.72      
   128174    |      83.82       |      34.01      
   128175    |      79.53       |      32.07      
   128176    |      79.95       |      35.48      
   128177    |      77.64       |      34.60      
   128178    |      78.33       |      39.73      
   128179    |      75.33       |      38.68      
   128180    |      77.40       |      51.27      
   128181    |      79.58       |      52.21      
   128182    |      78.42       |      45.85      
   128183    |      77.22       |      45.36      
   128184    |      77.47       |      46.72      
   128185    |      76.84       |      46.47      
   128186    |      77.35       |      49.55      
   128187    |      83.83       |      52.70      
   128188    |      83.41       |      50.08      
   128191    |      85.56       |      52.81      
   128192    |      85.50       |      52.38      
   128193    |      86.22       |      52.80      
   128194    |      85.98       |      51.06      
   128195    |      86.52       |      51.37      
   128196    |      86.69       |      52.67      
   128197    |      82.12       |      50.15      
   128198    |      82.04       |      49.47      
   128199    |      74.55       |      46.14      
   128200    |      74.20       |      41.98      
   128201    |      73.16       |      41.64      
   128202    |      73.41       |      45.76      
   128203    |      75.16       |      46.42      
   128204    |      75.68       |      52.77      
   128205    |      79.35       |      54.43      
   128206    |      78.63       |      38.91      
   128207    |      82.27       |      40.74      
   128208    |      82.23       |      38.30      
   128209    |      78.26       |      36.38      
   128210    |      78.32       |      43.84      
   128211    |      76.81       |      43.18      
   128212    |      76.80       |      42.72      
   128213    |      78.70       |      43.54      
   128293    |      57.53       |      52.36      
   128294    |      58.50       |      47.10      
   128295    |      55.64       |      46.31      
   128296    |      57.29       |      41.04      
   128297    |      57.18       |      41.03      
   128298    |      56.34       |      43.50      
   128299    |      60.64       |      44.68      
   128300    |      60.82       |      43.91      
   128301    |      57.10       |      42.89      
   128302    |      57.38       |      42.00      
   128303    |      56.93       |      41.91      
   128304    |      58.03       |      38.86      
   128305    |      55.02       |      38.82      
   128306    |      53.51       |      42.09      
   128307    |      49.85       |      42.62      
   128308    |      46.17       |      50.89      
   128309    |      43.39       |      51.10      
   128310    |      43.20       |      51.57      
   128311    |      41.53       |      51.88      
   128312    |      47.75       |      43.20      
   128313    |      51.14       |      40.89      
   128314    |      50.57       |      41.83      
   128315    |      54.01       |      41.34      
   128316    |      52.00       |      47.59      
   128317    |      51.17       |      47.45      
   128318    |      50.20       |      52.00      
   128319    |      50.91       |      52.17      
   128320    |      50.67       |      54.02      
   128321    |      49.35       |      53.64      
   128322    |      49.01       |      58.74      
   128323    |      46.23       |      57.97      
   128324    |      46.45       |      55.66      
   128325    |      48.02       |      56.08      
   128326    |      48.08       |      55.27      
   128327    |      50.64       |      56.01      
   128328    |      50.69       |      58.99      
   128329    |      48.84       |      58.40      
   128346    |      59.96       |      55.08      
   128347    |      64.47       |      56.98      
   128348    |      64.09       |      53.22      
   128349    |      61.42       |      52.09      
   128350    |      61.75       |      56.50      
   128351    |      58.03       |      55.04      
   128354    |      56.91       |      51.03      
   128355    |      54.17       |      50.34      
   128356    |      55.18       |      41.34      
   128357    |      61.94       |      42.12      
   128358    |      62.12       |      38.48      
   128359    |      69.79       |      40.94      
   128360    |      69.80       |      35.43      
   128361    |      69.06       |      35.14      
   128362    |      69.46       |      29.02      
   128364    |      66.02       |      27.57      
   128405    |      89.13       |      29.42      
   128411    |      87.98       |      32.66      
   128412    |      89.10       |      37.99      
   128413    |      87.00       |      36.70      
   128415    |      84.44       |      47.25      
   128416    |      85.18       |      50.63      
   128417    |      81.33       |      48.70      
   128418    |      81.65       |      50.12      
   128419    |      79.94       |      49.34      
   128420    |      80.47       |      51.60      
   128421    |      86.08       |      54.30      
   128422    |      84.09       |      45.46      
   128423    |      81.20       |      44.14      
   128424    |      78.44       |      30.24      
   128425    |      77.25       |      29.95      
   128426    |      77.03       |      28.54      
   128427    |      78.08       |      28.79      
   128428    |      78.59       |      32.48      
   128429    |      79.58       |      32.84      
   128430    |      79.85       |      34.78      
   128431    |      81.30       |      35.44      
   128432    |      82.04       |      40.93      
   128433    |      75.59       |      38.35      
   128434    |      77.61       |      50.46      
   128435    |      67.42       |      47.39      
   128436    |      67.85       |      49.70      
   128437    |      75.98       |      52.16      
   128438    |      73.47       |      38.61      
   128439    |      83.95       |      42.76      
   128440    |      83.85       |      42.23      
   128441    |      84.72       |      42.69      
   128442    |      86.26       |      51.44      
   128443    |      79.90       |      48.06      
   128444    |      80.15       |      49.69      
   128445    |      82.21       |      50.72      
   128446    |      82.33       |      51.50      
   128448    |      89.99       |      51.63      
   128449    |      88.75       |      50.87      
   128450    |      88.96       |      52.34      
   128451    |      86.45       |      50.84      
   128452    |      86.70       |      52.76      
   128453    |      86.60       |      52.71      
   128454    |      86.46       |      51.63      
   128455    |      82.26       |      49.36      
   128456    |      81.94       |      46.40      
   128457    |      73.06       |      42.74      
   128458    |      73.42       |      47.34      
   128459    |      71.86       |      46.79      
   128460    |      71.81       |      45.93      
   128461    |      80.85       |      49.82      
   128462    |      80.37       |      39.99      
   128463    |      78.41       |      39.05      
   128464    |      78.51       |      45.74      
   128465    |      73.27       |      43.61      
   128466    |      73.30       |      45.02      
   128467    |      75.18       |      45.72      
   128468    |      75.09       |      41.90      
   128469    |      76.99       |      42.61      
   128470    |      77.20       |      47.60      
   128548    |      58.78       |      51.57      
   128549    |      58.25       |      51.38      
   128550    |      59.89       |      43.31      
   128551    |      57.65       |      42.77      
   128552    |      58.52       |      40.01      
   128553    |      59.65       |      40.20      
   128554    |      57.96       |      46.49      
   128555    |      54.54       |      45.69      
   128556    |      54.87       |      44.58      
   128557    |      54.04       |      44.48      
   128558    |      54.19       |      44.03      
   128559    |      52.58       |      43.91      
   128560    |      54.78       |      39.04      
   128561    |      54.16       |      39.13      
   128562    |      54.50       |      38.49      
   128563    |      55.04       |      38.40      
   128564    |      52.99       |      43.13      
   128565    |      50.37       |      43.34      
   128566    |      49.67       |      44.90      
   128567    |      50.26       |      44.85      
   128568    |      52.91       |      39.31      
   128569    |      55.93       |      38.67      
   128570    |      55.29       |      40.33      
   128571    |      55.74       |      40.33      
   128572    |      54.39       |      45.08      
   128573    |      53.70       |      44.98      
   128574    |      52.43       |      51.13      
   128575    |      50.92       |      50.75      
   128576    |      50.60       |      52.79      
   128577    |      49.75       |      52.53      
   128578    |      49.39       |      55.81      
   128579    |      47.30       |      55.23      
   128580    |      47.21       |      56.64      
   128581    |      51.30       |      57.84      
   128582    |      51.27       |      55.61      
   128583    |      50.21       |      55.29      
   128584    |      50.22       |      57.53      
   128585    |      46.09       |      56.42      
   128604    |      62.64       |      51.36      
   128605    |      62.75       |      51.40      
   128606    |      62.80       |      52.10      
   128607    |      61.77       |      51.70      
   128608    |      62.27       |      57.75      
   128609    |      58.18       |      56.15      
   128610    |      57.74       |      47.73      
   128673    |      88.44       |      48.96      
   128674    |      88.77       |      50.43      
   128675    |      84.74       |      48.38      
   128676    |      84.95       |      49.18      
   128677    |      84.87       |      49.15      
   128678    |      83.73       |      44.53      
   128679    |      84.83       |      45.07      
   128680    |      82.21       |      32.85      
   128681    |      77.13       |      31.19      
   128682    |      77.33       |      32.21      
   128683    |      73.29       |      31.46      
   128684    |      74.05       |      35.65      
   128685    |      74.11       |      35.67      
   128686    |      74.44       |      37.79      
   128687    |      75.05       |      37.97      
   128688    |      77.07       |      50.00      
   128689    |      71.11       |      48.13      
   128690    |      73.20       |      57.48      
   128691    |      69.00       |      56.32      
   128692    |      66.67       |      47.17      
   128693    |      70.35       |      47.91      
   128694    |      67.88       |      32.10      
   128695    |      80.47       |      34.06      
   128696    |      81.06       |      37.66      
   128697    |      86.98       |      40.68      
   128698    |      89.38       |      54.14      
   128699    |      85.42       |      51.87      
   128700    |      86.22       |      56.01      
   128701    |      77.21       |      51.47      
   128702    |      77.77       |      55.02      
   128703    |      76.92       |      54.63      
   128704    |      76.73       |      53.24      
   128705    |      81.88       |      55.63      
   128706    |      81.58       |      53.64      
   128707    |      83.89       |      54.77      
   128708    |      83.72       |      53.79      
   128709    |      84.16       |      54.02      
   128710    |      83.99       |      52.92      
   128711    |      83.92       |      52.89      
   128712    |      83.26       |      48.23      
   128713    |      80.80       |      47.03      
   128714    |      80.72       |      46.40      
   128715    |      77.35       |      44.87      
   128716    |      77.23       |      43.56      
   128717    |      76.14       |      43.11      
   128718    |      76.22       |      44.94      
   128719    |      73.87       |      43.96      
   128720    |      74.05       |      49.39      
   128721    |      73.10       |      49.05      
   128722    |      72.90       |      43.71      
   128723    |      74.52       |      44.24      
   128724    |      74.29       |      38.18      
   128725    |      78.73       |      39.69      
   128726    |      78.98       |      44.64      
   128727    |      80.91       |      45.52      
   128803    |      62.58       |      49.30      
   128804    |      62.68       |      48.60      
   128805    |      62.21       |      48.41      
   128806    |      64.45       |      37.96      
   128807    |      63.51       |      37.67      
   128808    |      63.59       |      37.37      
   128809    |      62.30       |      37.05      
   128810    |      61.19       |      40.87      
   128811    |      55.20       |      40.21      
   128812    |      53.47       |      44.94      
   128813    |      51.46       |      44.91      
   128814    |      51.50       |      44.80      
   128815    |      48.58       |      45.14      
   128816    |      49.76       |      43.04      
   128817    |      52.29       |      42.86      
   128818    |      53.85       |      39.45      
   128819    |      55.30       |      39.29      
   128820    |      55.38       |      39.09      
   128821    |      54.67       |      39.17      
   128822    |      53.42       |      42.26      
   128823    |      50.96       |      42.56      
   128824    |      50.72       |      43.07      
   128825    |      49.83       |      43.28      
   128826    |      48.59       |      46.16      
   128827    |      50.68       |      45.98      
   128828    |      50.24       |      47.65      
   128829    |      53.08       |      47.85      
   128830    |      52.83       |      49.39      
   128831    |      49.99       |      48.96      
   128832    |      48.95       |      53.10      
   128833    |      46.45       |      52.19      
   128834    |      45.89       |      56.22      
   128835    |      47.83       |      56.74      
   128838    |      50.62       |      55.04      
   128839    |      50.65       |      55.05      
   128840    |      50.73       |      53.29      
   128841    |      51.14       |      53.41      
   128842    |      51.14       |      55.82      
   128843    |      55.24       |      57.16      
   128848    |      62.03       |      56.63      
   128849    |      61.79       |      56.53      
   128851    |      55.94       |      58.19      
   128860    |      60.53       |      52.75      
   128933    |      84.02       |      49.70      
   128935    |      81.90       |      45.61      
   128936    |      79.87       |      37.12      
   128937    |      77.06       |      36.27      
   128938    |      75.67       |      30.43      
   128939    |      78.86       |      31.13      
   128940    |      80.44       |      38.16      
   128941    |      73.60       |      36.02      
   128942    |      76.90       |      49.92      
   128943    |      64.23       |      45.87      
   128944    |      66.13       |      59.56      
   128945    |      64.05       |      59.17      
   128946    |      63.95       |      58.89      
   128947    |      69.51       |      60.00      
   128948    |      65.09       |      44.24      
   128949    |      69.82       |      44.83      
   128950    |      67.51       |      32.47      
   128951    |      67.47       |      32.48      
   128952    |      69.07       |      44.09      
   128953    |      70.80       |      44.44      
   128954    |      74.23       |      58.39      
   128956    |      77.99       |      57.80      
   128957    |      80.71       |      59.05      
   128958    |      80.45       |      57.89      
   128959    |      76.56       |      55.78      
   128961    |      68.95       |      58.31      
   128966    |      69.72       |      56.87      
   128967    |      74.39       |      58.45      
   128968    |      72.82       |      49.07      
   128969    |      78.23       |      51.05      
   128970    |      77.45       |      45.88      
   128971    |      79.83       |      46.92      
   128972    |      79.89       |      47.39      
   128973    |      74.76       |      45.15      
   128974    |      74.68       |      44.31      
   128975    |      76.10       |      45.02      
   128976    |      76.21       |      42.43      
   128977    |      81.93       |      44.82      
   128978    |      81.47       |      36.94      
   128979    |      83.11       |      37.70      
   128980    |      82.78       |      31.46      
   128981    |      84.40       |      32.22      
   128982    |      85.25       |      44.34      
   128983    |      82.30       |      42.83      
   129058    |      61.34       |      50.09      
   129059    |      60.70       |      49.83      
   129060    |      60.78       |      49.32      
   129061    |      59.52       |      48.88      
   129062    |      61.72       |      38.96      
   129063    |      63.50       |      39.44      
   129064    |      64.59       |      35.41      
   129065    |      62.33       |      35.01      
   129066    |      62.61       |      34.19      
   129067    |      59.10       |      34.49      
   129068    |      56.65       |      40.72      
   129069    |      52.45       |      41.24      
   129070    |      52.05       |      42.13      
   129071    |      54.44       |      41.66      
   129072    |      54.65       |      40.92      
   129073    |      55.62       |      40.90      
   129074    |      56.56       |      38.25      
   129075    |      55.74       |      38.33      
   129076    |      55.77       |      38.25      
   129077    |      54.33       |      38.55      
   129078    |      53.46       |      40.40      
   129079    |      52.26       |      40.70      
   129080    |      51.88       |      41.50      
   129081    |      52.30       |      41.40      
   129082    |      50.72       |      45.97      
   129083    |      54.41       |      46.04      
   129084    |      54.28       |      46.99      
   129085    |      54.07       |      46.97      
   129086    |      54.22       |      45.71      
   129087    |      51.09       |      46.00      
   129088    |      51.03       |      48.96      
   129089    |      50.95       |      48.95      
   129090    |      50.79       |      54.78      
   129091    |      52.06       |      55.12      
   129092    |      52.59       |      59.98      
   129093    |      51.86       |      59.75      
   129094    |      51.38       |      54.59      
   129095    |      55.01       |      55.60      
   129096    |      54.62       |      51.14      
   129097    |      59.73       |      52.88      
   129098    |      59.91       |      54.49      
   129099    |      67.22       |      57.85      
   129101    |      64.51       |      59.11      
   129104    |      58.13       |      58.88      
   129106    |      60.36       |      55.43      
   129107    |      64.33       |      57.02      
   129199    |      78.09       |      49.05      
   129200    |      82.55       |      57.66      
   129201    |      72.69       |      55.18      
   129202    |      71.46       |      52.11      
   129203    |      73.02       |      52.45      
   129204    |      68.52       |      38.67      
   129205    |      71.93       |      38.95      
   129206    |      70.70       |      33.91      
   129207    |      65.45       |      34.31      
   129208    |      69.83       |      49.96      
   129209    |      62.83       |      49.01      
   129212    |      67.49       |      59.93      
   129214    |      70.47       |      55.51      
   129215    |      79.50       |      58.46      
   129218    |      78.73       |      59.74      
   129219    |      74.04       |      58.29      
   129220    |      74.44       |      59.68      
   129221    |      72.29       |      59.03      
   129222    |      71.34       |      55.40      
   129223    |      71.71       |      55.51      
   129224    |      70.19       |      49.26      
   129225    |      71.90       |      49.70      
   129226    |      71.10       |      45.26      
   129227    |      76.08       |      46.76      
   129228    |      76.03       |      46.50      
   129229    |      79.25       |      47.78      
   129230    |      78.83       |      45.43      
   129231    |      75.04       |      44.08      
   129232    |      73.85       |      40.14      
   129233    |      78.48       |      41.11      
   129234    |      77.26       |      31.22      
   129235    |      86.42       |      34.56      
   129236    |      85.54       |      26.57      
   129237    |      89.22       |      28.55      
   129239    |      84.81       |      44.57      
   129240    |      86.81       |      59.49      
   129314    |      57.61       |      51.89      
   129315    |      60.04       |      52.72      
   129316    |      60.62       |      48.16      
   129317    |      60.00       |      47.94      
   129318    |      61.38       |      40.92      
   129319    |      62.02       |      41.09      
   129320    |      64.10       |      33.66      
   129321    |      61.25       |      33.58      
   129322    |      61.89       |      32.09      
   129323    |      58.98       |      33.04      
   129324    |      56.65       |      37.60      
   129325    |      55.68       |      37.83      
   129326    |      54.11       |      41.94      
   129327    |      54.58       |      41.91      
   129328    |      54.63       |      41.72      
   129329    |      53.83       |      41.77      
   129330    |      54.78       |      39.17      
   129331    |      54.11       |      39.31      
   129332    |      54.54       |      38.38      
   129333    |      53.76       |      38.65      
   129334    |      53.07       |      40.00      
   129335    |      53.78       |      39.81      
   129336    |      53.57       |      40.32      
   129337    |      54.89       |      40.10      
   129338    |      53.33       |      46.86      
   129339    |      52.69       |      46.83      
   129340    |      52.53       |      48.13      
   129341    |      52.25       |      48.12      
   129342    |      52.62       |      44.82      
   129343    |      55.87       |      44.85      
   129344    |      55.84       |      45.47      
   129345    |      57.99       |      45.84      
   129346    |      58.24       |      51.26      
   129347    |      56.20       |      50.66      
   129348    |      56.76       |      56.79      
   129349    |      55.05       |      56.24      
   129350    |      54.97       |      55.63      
   129351    |      54.42       |      55.46      
   129352    |      54.49       |      56.00      
   129353    |      61.61       |      58.58      
   129357    |      70.97       |      56.04      
   129358    |      71.25       |      57.34      
   129359    |      64.73       |      54.18      
   129360    |      65.48       |      57.72      
   129463    |      68.09       |      36.07      
   129465    |      68.70       |      50.81      
   129466    |      70.06       |      54.59      
   129467    |      75.78       |      56.17      
   129468    |      74.61       |      52.80      
   129469    |      76.80       |      53.48      
   129470    |      74.15       |      45.90      
   129471    |      81.71       |      48.18      
   129472    |      82.81       |      51.48      
   129475    |      85.99       |      55.70      
   129476    |      86.84       |      58.81      
   129477    |      80.33       |      56.12      
   129478    |      78.87       |      50.63      
   129479    |      78.80       |      50.60      
   129480    |      77.47       |      44.85      
   129481    |      76.92       |      44.67      
   129482    |      76.52       |      42.81      
   129483    |      75.14       |      42.40      
   129484    |      75.34       |      43.48      
   129485    |      78.94       |      44.66      
   129486    |      78.72       |      43.70      
   129487    |      80.61       |      44.40      
   129488    |      79.36       |      38.24      
   129489    |      77.55       |      37.73      
   129490    |      76.68       |      32.74      
   129491    |      75.36       |      32.52      
   129492    |      75.10       |      30.11      
   129493    |      78.19       |      30.64      
   129494    |      81.37       |      51.74      
   129495    |      82.78       |      52.37      
   129569    |      61.16       |      49.55      
   129570    |      60.87       |      52.19      
   129571    |      56.61       |      50.84      
   129572    |      56.69       |      50.24      
   129573    |      52.69       |      49.46      
   129574    |      53.05       |      47.72      
   129575    |      53.72       |      47.79      
   129576    |      57.03       |      37.21      
   129577    |      59.21       |      37.00      
   129578    |      62.35       |      29.95      
   129579    |      64.90       |      29.28      
   129580    |      64.46       |      30.36      
   129581    |      60.90       |      31.23      
   129582    |      57.41       |      39.62      
   129583    |      51.71       |      40.80      
   129584    |      49.93       |      45.09      
   129585    |      48.84       |      45.31      
   129586    |      49.69       |      43.26      
   129587    |      51.06       |      42.86      
   129588    |      52.35       |      39.95      
   129589    |      55.32       |      39.07      
   129590    |      55.62       |      38.24      
   129591    |      56.65       |      38.07      
   129592    |      56.39       |      38.88      
   129593    |      56.63       |      38.86      
   129594    |      55.37       |      44.80      
   129595    |      51.78       |      44.80      
   129596    |      51.25       |      48.88      
   129597    |      50.65       |      48.87      
   129598    |      50.66       |      48.75      
   129599    |      55.50       |      49.18      
   129600    |      55.47       |      47.55      
   129601    |      58.93       |      48.30      
   129602    |      58.97       |      48.91      
   129603    |      60.11       |      49.24      
   129604    |      60.55       |      52.96      
   129605    |      59.58       |      52.62      
   129606    |      59.55       |      52.34      
   129607    |      58.78       |      52.08      
   129608    |      59.93       |      59.51      
   129727    |      76.73       |      44.12      
   129728    |      78.16       |      48.31      
   129729    |      84.53       |      50.53      
   129730    |      87.15       |      58.73      
   129731    |      89.53       |      59.79      
   129732    |      89.54       |      59.82      
   129733    |      87.09       |      58.69      
   129734    |      84.50       |      49.37      
   129735    |      82.48       |      48.52      
   129736    |      81.36       |      44.04      
   129737    |      79.70       |      43.44      
   129738    |      79.13       |      41.01      
   129739    |      79.24       |      41.04      
   129740    |      77.80       |      35.08      
   129741    |      85.10       |      37.63      
   129742    |      85.29       |      38.51      
   129743    |      86.77       |      39.23      
   129744    |      88.21       |      45.45      
   129745    |      75.51       |      40.63      
   129746    |      76.32       |      44.51      
   129747    |      63.41       |      42.80      
   129748    |      63.01       |      39.79      
   129749    |      62.78       |      39.81      
   129750    |      64.40       |      52.00      
   129751    |      75.76       |      54.87      
   129824    |      60.92       |      49.72      
   129825    |      62.32       |      50.25      
   129826    |      62.72       |      46.67      
   129827    |      53.68       |      44.78      
   129828    |      52.57       |      49.57      
   129829    |      48.03       |      49.48      
   129830    |      47.30       |      52.88      
   129831    |      45.87       |      52.92      
   129832    |      47.76       |      46.82      
   129833    |      55.22       |      46.70      
   129834    |      58.82       |      34.56      
   129835    |      62.24       |      34.13      
   129836    |      64.96       |      27.55      
   129837    |      63.03       |      28.50      
   129838    |      60.76       |      32.67      
   129839    |      56.79       |      34.55      
   129840    |      52.88       |      41.82      
   129841    |      50.54       |      42.37      
   129842    |      49.89       |      43.89      
   129843    |      52.50       |      43.43      
   129844    |      53.28       |      40.83      
   129845    |      54.55       |      40.59      
   129846    |      54.85       |      39.61      
   129847    |      56.42       |      39.39      
   129848    |      56.55       |      38.93      
   129849    |      57.62       |      38.91      
   129850    |      57.34       |      40.39      
   129851    |      56.49       |      40.40      
   129852    |      55.94       |      44.88      
   129853    |      55.75       |      44.87      
   129854    |      55.72       |      49.04      
   129855    |      60.01       |      49.98      
   129856    |      59.89       |      47.70      
   129858    |      62.98       |      47.53      
   129991    |      88.18       |      47.45      
   129992    |      87.23       |      43.44      
   129993    |      84.52       |      42.24      
   129994    |      84.08       |      40.57      
   129995    |      81.46       |      39.58      
   129996    |      79.40       |      31.12      
   129997    |      82.56       |      32.02      
   129998    |      84.01       |      38.02      
   129999    |      85.21       |      38.56      
   130000    |      88.70       |      54.27      
   130001    |      78.95       |      50.26      
   130002    |      78.38       |      48.01      
   130003    |      73.15       |      46.59      
   130004    |      71.83       |      40.53      
   130005    |      62.48       |      40.26      
   130006    |      63.41       |      47.15      
   130007    |      69.51       |      48.26      
   130010    |      78.40       |      59.94      
   130011    |      77.16       |      59.47      
   130080    |      62.10       |      50.40      
   130081    |      58.76       |      49.37      
   130082    |      60.48       |      39.48      
   130083    |      57.75       |      39.31      
   130084    |      57.01       |      42.11      
   130085    |      53.59       |      42.27      
   130086    |      52.36       |      47.61      
   130087    |      49.89       |      47.82      
   130088    |      49.57       |      51.20      
   130089    |      49.63       |      51.20      
   130090    |      51.11       |      43.55      
   130091    |      52.33       |      43.28      
   130092    |      56.14       |      35.16      
   130093    |      57.86       |      34.01      
   130094    |      58.67       |      32.75      
   130095    |      57.44       |      33.73      
   130096    |      54.56       |      38.76      
   130097    |      54.75       |      38.71      
   130098    |      53.50       |      42.61      
   130099    |      56.72       |      42.61      
   130100    |      57.60       |      38.07      
   130101    |      57.23       |      38.11      
   130102    |      57.06       |      38.88      
   130104    |      56.65       |      39.71      
   130106    |      58.84       |      38.56      
   130253    |      70.28       |      37.98      
   130254    |      73.08       |      48.34      
   130255    |      69.49       |      47.63      
   130256    |      70.52       |      50.82      
   130257    |      86.16       |      55.52      
   130258    |      82.95       |      43.53      
   130259    |      84.94       |      44.34      
   130260    |      86.08       |      48.77      
   130261    |      67.65       |      43.60      
   130262    |      70.26       |      53.50      
   130263    |      57.18       |      52.10      
   130266    |      70.63       |      57.75      
   130335    |      55.43       |      56.87      
   130336    |      55.88       |      51.47      
   130337    |      54.52       |      51.16      
   130338    |      56.74       |      40.15      
   130339    |      52.31       |      40.92      
   130340    |      50.72       |      44.76      
   130341    |      49.70       |      44.96      
   130342    |      48.83       |      48.73      
   130343    |      49.00       |      48.71      
   130344    |      48.75       |      51.93      
   130346    |      48.00       |      47.08      
   130515    |      72.75       |      49.82      
   130517    |      70.83       |      58.05      
   130522    |      58.24       |      52.90      
   130523    |      73.48       |      55.70      
   130524    |      71.05       |      42.31      
   130590    |      53.87       |      58.02      
   130591    |      53.79       |      58.00      
   130592    |      54.23       |      51.39      
   130594    |      50.20       |      42.85      
   130779    |      63.66       |      48.26      
   130780    |      61.41       |      39.29      
   130781    |      74.18       |      39.99      
