=== Visibility Analysis Summary ===
Total patches: 196608
Geometric visible: 10415 (5.3%)
Light illuminated: 10415 (100.0% of geometric)
Reflection conditions met: 10415 (100.0% of geometric)
Light unoccluded: 10415 (100.0% of geometric)
Final visible: 10415 (5.3% of total)
Visible area: 489.13 (6.2% of total area)

=== Detailed Visibility Information ===
Patch Index  | Incidence Angle  |  Viewing Angle  
-------------+------------------+-----------------
   140483    |      44.71       |      38.43      
   140485    |      44.10       |      38.53      
   140486    |      45.15       |      39.40      
   140487    |      45.15       |      39.50      
   140733    |      37.98       |      30.56      
   140735    |      48.21       |      40.46      
   140736    |      47.57       |      39.89      
   140737    |      46.68       |      39.69      
   140738    |      43.35       |      36.81      
   140739    |      43.09       |      37.25      
   140740    |      42.91       |      37.12      
   140741    |      42.89       |      37.42      
   140742    |      44.56       |      38.80      
   140743    |      44.61       |      39.80      
   140846    |      44.81       |      52.72      
   140847    |      44.23       |      52.95      
   140848    |      38.95       |      46.33      
   140849    |      39.24       |      46.39      
   140850    |      38.96       |      46.00      
   140851    |      39.69       |      46.25      
   140852    |      40.41       |      47.26      
   140979    |      50.44       |      43.60      
   140981    |      57.57       |      50.93      
   140982    |      50.81       |      45.20      
   140983    |      51.32       |      47.54      
   140984    |      41.83       |      41.84      
   140985    |      37.80       |      35.31      
   140986    |      35.75       |      34.30      
   140987    |      33.05       |      27.19      
   140988    |      39.73       |      32.68      
   140989    |      39.87       |      32.69      
   140990    |      47.51       |      39.62      
   140991    |      46.35       |      39.18      
   140992    |      46.03       |      38.91      
   140993    |      45.56       |      39.03      
   140994    |      42.30       |      36.30      
   140995    |      42.26       |      37.18      
   140996    |      43.65       |      38.29      
   140997    |      44.11       |      40.12      
   140998    |      46.47       |      41.93      
   141102    |      42.12       |      50.41      
   141103    |      37.49       |      45.74      
   141104    |      36.53       |      44.49      
   141105    |      36.84       |      44.50      
   141106    |      37.94       |      45.91      
   141107    |      39.14       |      46.15      
   141108    |      39.54       |      46.68      
   141109    |      39.89       |      46.78      
   141110    |      40.23       |      47.24      
   141111    |      39.41       |      47.04      
   141112    |      37.68       |      44.71      
   141113    |      38.56       |      45.02      
   141114    |      40.35       |      47.52      
   141115    |      42.97       |      48.62      
   141116    |      48.30       |      55.95      
   141118    |      50.96       |      57.00      
   141228    |      50.37       |      42.89      
   141230    |      49.52       |      41.79      
   141231    |      57.23       |      49.60      
   141232    |      55.17       |      47.77      
   141233    |      54.68       |      48.05      
   141234    |      53.18       |      46.78      
   141235    |      53.48       |      46.62      
   141236    |      55.07       |      48.04      
   141237    |      54.31       |      48.65      
   141238    |      47.62       |      43.37      
   141239    |      47.55       |      43.10      
   141240    |      40.69       |      38.47      
   141241    |      39.02       |      34.08      
   141242    |      38.56       |      33.76      
   141243    |      38.69       |      32.63      
   141244    |      42.41       |      35.74      
   141245    |      42.18       |      35.84      
   141246    |      47.28       |      40.25      
   141247    |      46.79       |      40.34      
   141248    |      46.49       |      40.10      
   141249    |      46.38       |      40.58      
   141250    |      42.59       |      37.55      
   141251    |      42.68       |      37.99      
   141252    |      41.47       |      37.10      
   141253    |      42.27       |      39.09      
   141254    |      44.82       |      40.92      
   141356    |      47.73       |      55.72      
   141357    |      47.52       |      57.49      
   141358    |      36.18       |      44.67      
   141359    |      35.66       |      44.15      
   141360    |      37.47       |      46.27      
   141361    |      38.49       |      46.19      
   141362    |      38.82       |      46.60      
   141363    |      38.74       |      46.59      
   141364    |      35.28       |      41.96      
   141365    |      33.81       |      41.70      
   141366    |      33.56       |      41.35      
   141367    |      33.45       |      41.35      
   141368    |      35.60       |      44.04      
   141369    |      37.08       |      44.17      
   141370    |      43.37       |      52.03      
   141371    |      46.02       |      52.53      
   141374    |      49.51       |      55.29      
   141375    |      48.75       |      54.98      
   141376    |      43.80       |      47.69      
   141377    |      40.46       |      46.47      
   141378    |      40.89       |      47.10      
   141379    |      41.06       |      47.15      
   141380    |      42.90       |      49.73      
   141381    |      43.71       |      49.93      
   141382    |      44.38       |      50.87      
   141383    |      43.97       |      50.76      
   141384    |      43.79       |      50.51      
   141386    |      41.12       |      48.44      
   141464    |      47.88       |      40.41      
   141466    |      51.66       |      45.46      
   141467    |      50.90       |      45.80      
   141468    |      44.23       |      40.91      
   141469    |      44.00       |      39.68      
   141470    |      40.01       |      37.16      
   141471    |      38.19       |      35.54      
   141472    |      40.41       |      36.92      
   141473    |      31.99       |      29.32      
   141474    |      40.57       |      34.81      
   141475    |      39.33       |      33.62      
   141476    |      37.58       |      32.34      
   141477    |      37.17       |      31.96      
   141478    |      32.83       |      29.17      
   141479    |      29.23       |      25.98      
   141480    |      35.48       |      29.94      
   141481    |      36.90       |      31.32      
   141482    |      47.44       |      40.09      
   141483    |      44.46       |      37.10      
   141484    |      48.95       |      41.16      
   141485    |      47.59       |      40.47      
   141486    |      50.85       |      43.40      
   141487    |      48.62       |      42.49      
   141488    |      53.93       |      47.17      
   141489    |      53.30       |      47.40      
   141490    |      56.87       |      50.49      
   141491    |      56.63       |      51.92      
   141492    |      58.67       |      53.60      
   141493    |      58.76       |      54.23      
   141494    |      54.56       |      50.98      
   141495    |      54.12       |      49.23      
   141496    |      48.46       |      44.87      
   141497    |      47.97       |      42.88      
   141498    |      46.48       |      41.73      
   141499    |      46.53       |      40.78      
   141500    |      46.08       |      40.42      
   141501    |      46.14       |      40.31      
   141502    |      48.45       |      42.27      
   141503    |      48.24       |      42.40      
   141504    |      47.25       |      41.57      
   141505    |      47.21       |      41.95      
   141506    |      43.80       |      39.25      
   141507    |      44.73       |      41.67      
   141508    |      44.42       |      41.47      
   141509    |      43.74       |      39.94      
   141613    |      41.35       |      50.36      
   141614    |      39.17       |      47.82      
   141615    |      39.79       |      47.58      
   141616    |      41.30       |      49.42      
   141617    |      41.19       |      49.44      
   141618    |      37.49       |      44.79      
   141619    |      36.68       |      44.74      
   141620    |      32.28       |      38.78      
   141621    |      31.36       |      38.58      
   141622    |      33.22       |      41.06      
   141623    |      33.23       |      41.06      
   141624    |      38.29       |      47.21      
   141625    |      38.98       |      46.94      
   141626    |      41.45       |      49.92      
   141627    |      41.19       |      50.12      
   141628    |      40.37       |      49.15      
   141629    |      40.27       |      49.77      
   141630    |      35.69       |      44.59      
   141631    |      36.90       |      44.11      
   141632    |      35.56       |      42.27      
   141633    |      39.21       |      43.51      
   141634    |      41.73       |      47.56      
   141635    |      41.29       |      47.43      
   141636    |      41.48       |      47.69      
   141637    |      40.32       |      47.49      
   141638    |      38.15       |      44.48      
   141639    |      36.81       |      44.33      
   141640    |      37.77       |      45.54      
   141641    |      37.99       |      45.50      
   141642    |      36.62       |      43.66      
   141643    |      35.70       |      43.82      
   141644    |      36.94       |      45.32      
   141645    |      36.86       |      45.50      
   141646    |      35.97       |      44.44      
   141647    |      37.00       |      43.97      
   141648    |      33.88       |      39.38      
   141649    |      33.79       |      39.36      
   141650    |      34.16       |      39.95      
   141651    |      34.77       |      40.13      
   141652    |      35.93       |      42.00      
   141653    |      29.72       |      35.19      
   141654    |      28.25       |      31.47      
   141655    |      31.14       |      34.97      
   141656    |      31.25       |      31.31      
   141657    |      32.87       |      33.59      
   141658    |      32.74       |      33.92      
   141659    |      30.73       |      31.12      
   141660    |      30.58       |      34.37      
   141661    |      27.36       |      30.39      
   141662    |      28.81       |      34.31      
   141663    |      29.27       |      34.81      
   141664    |      30.43       |      36.77      
   141665    |      32.51       |      37.47      
   141666    |      35.65       |      42.53      
   141667    |      36.17       |      42.67      
   141668    |      38.42       |      45.81      
   141669    |      37.88       |      45.80      
   141670    |      34.38       |      41.06      
   141673    |      30.84       |      35.12      
   141675    |      33.55       |      35.68      
   141676    |      33.69       |      37.69      
   141706    |      38.29       |      35.55      
   141708    |      39.37       |      36.83      
   141710    |      47.32       |      43.56      
   141712    |      48.13       |      42.03      
   141714    |      54.31       |      45.59      
   141715    |      50.83       |      42.07      
   141716    |      57.19       |      48.12      
   141717    |      59.72       |      50.70      
   141718    |      49.44       |      41.03      
   141719    |      53.41       |      45.08      
   141720    |      41.86       |      34.88      
   141721    |      50.01       |      42.98      
   141722    |      44.99       |      38.79      
   141723    |      44.57       |      41.03      
   141724    |      46.06       |      42.06      
   141725    |      46.20       |      42.78      
   141726    |      43.52       |      41.10      
   141727    |      43.10       |      39.92      
   141728    |      45.32       |      41.41      
   141729    |      40.21       |      36.68      
   141730    |      45.61       |      40.47      
   141731    |      43.95       |      38.89      
   141732    |      42.67       |      37.96      
   141733    |      40.67       |      36.07      
   141734    |      40.60       |      36.02      
   141735    |      31.55       |      27.61      
   141736    |      34.31       |      29.37      
   141737    |      37.57       |      32.49      
   141738    |      48.71       |      41.63      
   141739    |      47.82       |      41.46      
   141740    |      49.94       |      43.29      
   141741    |      50.40       |      43.41      
   141742    |      46.70       |      40.19      
   141743    |      45.62       |      40.97      
   141744    |      52.94       |      46.98      
   141745    |      52.59       |      47.78      
   141746    |      54.00       |      48.94      
   141747    |      54.04       |      49.49      
   141748    |      55.90       |      50.99      
   141749    |      56.25       |      52.63      
   141750    |      59.23       |      54.98      
   141751    |      59.14       |      54.44      
   141752    |      55.89       |      51.85      
   141753    |      56.12       |      49.81      
   141754    |      49.57       |      44.29      
   141755    |      49.75       |      43.79      
   141756    |      47.66       |      42.06      
   141757    |      47.69       |      42.00      
   141758    |      48.54       |      42.73      
   141759    |      48.40       |      43.15      
   141760    |      48.00       |      42.84      
   141761    |      48.13       |      43.67      
   141762    |      43.29       |      40.06      
   141763    |      43.26       |      39.99      
   141764    |      44.79       |      41.10      
   141765    |      44.24       |      38.95      
   141870    |      39.80       |      47.73      
   141871    |      39.38       |      47.98      
   141872    |      37.14       |      45.29      
   141873    |      36.77       |      45.56      
   141874    |      31.91       |      39.57      
   141875    |      31.43       |      39.66      
   141876    |      28.82       |      36.21      
   141877    |      29.34       |      36.27      
   141878    |      33.63       |      41.94      
   141879    |      34.17       |      41.85      
   141880    |      39.03       |      47.79      
   141881    |      39.01       |      47.82      
   141882    |      36.98       |      45.40      
   141883    |      36.70       |      45.82      
   141884    |      32.79       |      41.20      
   141885    |      32.83       |      42.69      
   141886    |      29.84       |      39.37      
   141887    |      30.02       |      39.81      
   141888    |      32.07       |      42.03      
   141889    |      32.43       |      39.59      
   141890    |      36.58       |      44.90      
   141891    |      38.53       |      44.75      
   141892    |      37.93       |      43.85      
   141893    |      36.77       |      43.61      
   141894    |      34.28       |      39.87      
   141895    |      32.32       |      39.51      
   141896    |      32.24       |      39.38      
   141897    |      31.28       |      40.14      
   141898    |      28.92       |      37.27      
   141899    |      28.88       |      37.22      
   141900    |      32.23       |      41.21      
   141901    |      32.29       |      41.45      
   141902    |      37.41       |      47.09      
   141903    |      36.91       |      45.21      
   141904    |      35.28       |      43.22      
   141905    |      38.77       |      43.64      
   141906    |      38.14       |      42.53      
   141907    |      36.35       |      41.83      
   141908    |      35.31       |      40.01      
   141909    |      28.40       |      31.98      
   141910    |      28.67       |      32.79      
   141911    |      33.24       |      38.05      
   141912    |      32.12       |      32.85      
   141913    |      34.77       |      36.35      
   141914    |      35.07       |      35.34      
   141915    |      32.55       |      31.73      
   141916    |      31.65       |      34.30      
   141917    |      32.07       |      34.80      
   141918    |      33.94       |      39.37      
   141919    |      35.01       |      39.81      
   141920    |      36.84       |      42.89      
   141921    |      37.92       |      43.31      
   141922    |      39.72       |      46.10      
   141923    |      39.73       |      46.10      
   141924    |      41.67       |      48.78      
   141925    |      41.85       |      48.82      
   141926    |      41.03       |      47.68      
   141927    |      42.50       |      48.28      
   141928    |      40.75       |      45.11      
   141929    |      43.30       |      46.63      
   141930    |      43.01       |      44.79      
   141931    |      43.22       |      44.94      
   141932    |      43.22       |      45.27      
   141933    |      38.85       |      42.47      
   141934    |      38.69       |      41.80      
   141935    |      32.28       |      38.48      
   141936    |      30.17       |      33.85      
   141937    |      26.40       |      32.22      
   141938    |      25.64       |      26.63      
   141939    |      30.47       |      29.85      
   141940    |      29.75       |      30.16      
   141941    |      34.01       |      33.20      
   141942    |      32.90       |      33.72      
   141943    |      29.91       |      31.80      
   141944    |      33.27       |      30.70      
   141945    |      30.17       |      28.29      
   141946    |      33.12       |      29.20      
   141947    |      41.99       |      37.04      
   141948    |      37.15       |      34.57      
   141949    |      41.62       |      38.36      
   141950    |      39.24       |      37.50      
   141951    |      37.23       |      35.90      
   141952    |      36.87       |      35.86      
   141953    |      29.15       |      30.26      
   141954    |      28.92       |      30.81      
   141955    |      31.91       |      32.82      
   141956    |      31.95       |      32.78      
   141957    |      43.48       |      41.85      
   141958    |      53.40       |      47.71      
   141959    |      45.52       |      40.26      
   141960    |      51.23       |      44.56      
   141961    |      41.28       |      34.91      
   141962    |      34.02       |      30.28      
   141963    |      33.12       |      29.50      
   141964    |      31.64       |      28.93      
   141965    |      34.93       |      31.74      
   141966    |      38.17       |      33.47      
   141967    |      40.52       |      35.66      
   141968    |      47.65       |      40.96      
   141969    |      45.64       |      39.00      
   141970    |      63.72       |      55.05      
   141971    |      53.70       |      44.86      
   141972    |      55.76       |      46.82      
   141973    |      58.30       |      49.42      
   141974    |      47.45       |      39.33      
   141975    |      51.02       |      42.96      
   141976    |      39.43       |      33.02      
   141977    |      44.18       |      37.67      
   141978    |      32.77       |      29.83      
   141979    |      42.24       |      38.34      
   141980    |      42.49       |      38.52      
   141981    |      42.89       |      39.93      
   141982    |      43.44       |      40.29      
   141983    |      43.06       |      38.78      
   141984    |      44.08       |      39.51      
   141985    |      42.19       |      37.72      
   141986    |      42.88       |      38.22      
   141987    |      47.28       |      42.44      
   141988    |      44.73       |      40.58      
   141989    |      45.70       |      41.50      
   141990    |      49.58       |      44.41      
   141991    |      39.66       |      34.89      
   141992    |      41.57       |      36.30      
   141993    |      34.21       |      29.23      
   141994    |      44.75       |      37.71      
   141995    |      43.42       |      37.76      
   141996    |      51.24       |      44.40      
   141997    |      49.94       |      44.78      
   141998    |      46.81       |      42.33      
   141999    |      46.82       |      42.56      
   142000    |      50.78       |      45.69      
   142001    |      50.76       |      46.18      
   142002    |      52.04       |      47.20      
   142003    |      52.03       |      46.94      
   142004    |      49.24       |      44.72      
   142005    |      49.60       |      46.02      
   142006    |      56.57       |      51.52      
   142007    |      56.60       |      51.21      
   142008    |      59.53       |      53.72      
   142009    |      60.22       |      53.40      
   142010    |      51.50       |      45.81      
   142011    |      51.53       |      45.74      
   142012    |      49.38       |      43.95      
   142013    |      49.44       |      43.78      
   142014    |      47.73       |      42.37      
   142015    |      47.71       |      42.81      
   142016    |      46.68       |      42.00      
   142017    |      46.93       |      42.96      
   142018    |      44.04       |      40.84      
   142019    |      43.29       |      37.97      
   142020    |      43.74       |      38.35      
   142021    |      45.42       |      37.94      
   142126    |      35.80       |      44.50      
   142127    |      35.84       |      44.42      
   142128    |      35.85       |      44.41      
   142129    |      35.97       |      44.30      
   142130    |      32.98       |      40.53      
   142131    |      33.07       |      40.53      
   142132    |      30.92       |      37.53      
   142133    |      30.31       |      37.44      
   142134    |      33.79       |      41.98      
   142135    |      33.72       |      42.01      
   142136    |      36.59       |      45.42      
   142137    |      36.53       |      45.65      
   142138    |      36.72       |      45.85      
   142139    |      36.95       |      45.36      
   142140    |      34.82       |      42.74      
   142141    |      34.69       |      42.78      
   142142    |      35.55       |      43.83      
   142143    |      35.40       |      43.98      
   142144    |      40.60       |      49.94      
   142145    |      40.58       |      49.19      
   142146    |      37.56       |      45.55      
   142147    |      37.45       |      45.62      
   142148    |      31.46       |      37.46      
   142149    |      30.26       |      37.32      
   142150    |      28.92       |      35.31      
   142151    |      27.31       |      33.56      
   142152    |      29.93       |      37.45      
   142153    |      22.41       |      29.58      
   142154    |      27.01       |      35.73      
   142155    |      30.16       |      38.85      
   142156    |      33.24       |      42.41      
   142157    |      33.15       |      41.95      
   142158    |      35.45       |      44.57      
   142159    |      36.23       |      46.07      
   142160    |      32.37       |      41.88      
   142161    |      31.97       |      40.47      
   142162    |      25.42       |      31.57      
   142163    |      31.36       |      37.93      
   142164    |      27.93       |      31.55      
   142165    |      31.23       |      35.43      
   142166    |      31.94       |      36.91      
   142167    |      30.24       |      34.98      
   142168    |      29.27       |      31.18      
   142169    |      31.28       |      33.76      
   142170    |      32.12       |      31.28      
   142171    |      31.77       |      30.74      
   142172    |      30.83       |      33.66      
   142173    |      31.80       |      34.83      
   142174    |      34.26       |      40.10      
   142175    |      35.19       |      40.44      
   142176    |      35.72       |      41.34      
   142177    |      34.70       |      41.01      
   142178    |      35.20       |      41.73      
   142179    |      34.62       |      41.62      
   142180    |      37.65       |      45.57      
   142181    |      38.02       |      45.55      
   142182    |      40.67       |      48.83      
   142183    |      42.87       |      49.31      
   142184    |      42.39       |      48.58      
   142185    |      47.49       |      51.37      
   142186    |      46.56       |      48.62      
   142187    |      48.09       |      49.71      
   142188    |      48.11       |      49.43      
   142189    |      45.97       |      47.92      
   142190    |      45.97       |      47.99      
   142191    |      43.27       |      46.16      
   142192    |      43.27       |      45.16      
   142193    |      39.51       |      42.69      
   142194    |      39.93       |      40.38      
   142195    |      37.95       |      38.98      
   142196    |      38.37       |      38.50      
   142197    |      36.93       |      37.47      
   142198    |      36.68       |      37.76      
   142199    |      37.39       |      38.26      
   142200    |      39.14       |      37.73      
   142201    |      41.20       |      39.38      
   142202    |      41.54       |      39.46      
   142203    |      44.26       |      41.73      
   142204    |      42.15       |      41.23      
   142205    |      46.47       |      44.74      
   142206    |      46.16       |      44.65      
   142207    |      45.02       |      43.73      
   142208    |      45.37       |      43.81      
   142209    |      40.91       |      40.19      
   142210    |      41.76       |      40.29      
   142211    |      28.62       |      30.48      
   142212    |      35.21       |      30.79      
   142213    |      17.44       |      17.11      
   142214    |      33.93       |      25.53      
   142215    |      40.90       |      32.59      
   142216    |      34.02       |      26.85      
   142217    |      48.02       |      40.69      
   142218    |      39.21       |      33.96      
   142219    |      30.65       |      26.13      
   142220    |      32.78       |      27.34      
   142221    |      23.93       |      19.40      
   142222    |      24.75       |      19.74      
   142223    |      33.74       |      28.01      
   142224    |      46.43       |      38.24      
   142225    |      41.14       |      32.88      
   142226    |      61.71       |      52.33      
   142227    |      59.30       |      49.88      
   142228    |      53.08       |      43.85      
   142229    |      54.42       |      45.23      
   142230    |      39.86       |      31.54      
   142231    |      47.19       |      39.01      
   142232    |      30.70       |      25.73      
   142233    |      43.16       |      37.53      
   142234    |      35.61       |      32.52      
   142235    |      33.57       |      30.73      
   142236    |      36.69       |      32.51      
   142237    |      35.72       |      31.63      
   142238    |      35.38       |      31.41      
   142239    |      42.22       |      37.78      
   142240    |      42.27       |      37.81      
   142241    |      44.24       |      39.69      
   142242    |      40.86       |      37.38      
   142243    |      47.44       |      43.53      
   142244    |      47.68       |      43.70      
   142245    |      46.40       |      42.50      
   142246    |      50.69       |      45.71      
   142247    |      52.38       |      45.22      
   142248    |      47.64       |      41.11      
   142249    |      36.45       |      29.95      
   142250    |      34.77       |      28.61      
   142251    |      41.04       |      34.85      
   142252    |      43.04       |      36.53      
   142253    |      42.19       |      38.33      
   142254    |      44.93       |      40.36      
   142255    |      45.08       |      39.65      
   142256    |      45.32       |      39.86      
   142257    |      45.62       |      39.47      
   142258    |      45.69       |      39.54      
   142259    |      45.46       |      39.79      
   142260    |      41.24       |      36.46      
   142261    |      41.24       |      36.35      
   142262    |      49.97       |      43.55      
   142263    |      50.54       |      43.54      
   142264    |      55.96       |      48.48      
   142265    |      55.35       |      48.27      
   142266    |      48.58       |      42.30      
   142267    |      48.33       |      42.52      
   142268    |      48.51       |      42.68      
   142269    |      48.37       |      43.46      
   142270    |      48.11       |      43.26      
   142271    |      48.12       |      43.36      
   142272    |      45.50       |      41.33      
   142273    |      45.27       |      39.85      
   142274    |      44.16       |      38.96      
   142275    |      44.50       |      38.23      
   142276    |      49.21       |      42.40      
   142277    |      49.88       |      42.58      
   142382    |      33.44       |      43.17      
   142383    |      33.24       |      42.41      
   142384    |      34.74       |      44.10      
   142385    |      34.80       |      43.52      
   142386    |      35.07       |      43.83      
   142387    |      36.42       |      43.41      
   142388    |      34.66       |      40.96      
   142389    |      35.09       |      41.08      
   142390    |      37.76       |      44.80      
   142391    |      37.14       |      44.78      
   142392    |      38.55       |      46.51      
   142393    |      38.19       |      46.77      
   142394    |      38.15       |      46.71      
   142395    |      38.04       |      46.95      
   142396    |      35.12       |      43.50      
   142397    |      35.52       |      43.31      
   142398    |      36.14       |      44.08      
   142399    |      35.97       |      44.17      
   142400    |      40.30       |      49.24      
   142401    |      40.41       |      49.76      
   142402    |      33.28       |      41.48      
   142403    |      33.11       |      41.82      
   142404    |      26.73       |      33.45      
   142405    |      26.66       |      33.45      
   142406    |      26.20       |      32.72      
   142407    |      26.32       |      32.73      
   142408    |      26.56       |      33.10      
   142409    |      26.82       |      33.11      
   142410    |      32.56       |      40.88      
   142411    |      32.59       |      40.82      
   142412    |      35.29       |      44.01      
   142413    |      35.30       |      44.09      
   142414    |      34.84       |      43.54      
   142415    |      35.00       |      44.18      
   142416    |      30.68       |      39.19      
   142417    |      31.37       |      41.04      
   142418    |      22.68       |      30.97      
   142419    |      31.75       |      40.08      
   142420    |      24.71       |      29.85      
   142421    |      34.43       |      40.51      
   142422    |      32.17       |      36.64      
   142423    |      30.46       |      34.67      
   142424    |      29.63       |      32.24      
   142425    |      32.23       |      35.41      
   142426    |      32.86       |      31.82      
   142427    |      34.97       |      34.84      
   142428    |      34.71       |      37.49      
   142429    |      31.95       |      34.05      
   142430    |      35.06       |      41.11      
   142431    |      35.66       |      41.31      
   142432    |      35.16       |      40.46      
   142433    |      34.43       |      40.19      
   142434    |      34.27       |      39.90      
   142435    |      32.57       |      39.44      
   142436    |      37.38       |      45.62      
   142437    |      37.62       |      45.53      
   142438    |      40.49       |      48.96      
   142439    |      40.72       |      48.87      
   142440    |      36.23       |      43.13      
   142441    |      36.38       |      43.18      
   142442    |      34.67       |      40.56      
   142443    |      43.66       |      45.81      
   142444    |      44.29       |      47.96      
   142445    |      52.07       |      53.31      
   142446    |      52.15       |      54.40      
   142447    |      53.75       |      55.55      
   142448    |      53.82       |      54.63      
   142449    |      50.22       |      52.00      
   142450    |      51.11       |      50.72      
   142451    |      47.26       |      47.75      
   142452    |      47.40       |      47.67      
   142453    |      44.31       |      43.23      
   142454    |      43.93       |      43.24      
   142455    |      37.19       |      38.25      
   142456    |      38.66       |      37.65      
   142457    |      40.26       |      38.91      
   142458    |      40.57       |      38.95      
   142459    |      42.65       |      40.64      
   142460    |      40.45       |      40.51      
   142461    |      44.40       |      43.59      
   142462    |      45.01       |      43.66      
   142463    |      46.06       |      44.53      
   142464    |      49.26       |      45.80      
   142465    |      39.84       |      37.71      
   142466    |      41.94       |      38.53      
   142467    |      34.59       |      32.31      
   142468    |      40.22       |      35.03      
   142469    |      34.26       |      29.63      
   142470    |      39.54       |      33.12      
   142471    |      40.46       |      34.01      
   142472    |      37.93       |      32.17      
   142473    |      38.96       |      33.17      
   142474    |      39.03       |      33.22      
   142475    |      37.31       |      31.60      
   142476    |      37.18       |      31.51      
   142477    |      32.96       |      27.56      
   142478    |      34.01       |      28.24      
   142479    |      24.70       |      19.65      
   142480    |      45.45       |      36.50      
   142481    |      43.25       |      34.26      
   142482    |      57.42       |      47.95      
   142483    |      61.66       |      52.27      
   142484    |      51.96       |      42.89      
   142485    |      54.32       |      45.31      
   142486    |      36.83       |      29.29      
   142487    |      43.14       |      35.65      
   142488    |      29.69       |      25.61      
   142489    |      33.29       |      28.88      
   142490    |      30.45       |      27.36      
   142491    |      33.52       |      30.07      
   142492    |      33.39       |      30.00      
   142493    |      38.49       |      34.62      
   142494    |      37.20       |      33.83      
   142495    |      38.30       |      34.85      
   142496    |      43.09       |      38.13      
   142497    |      40.33       |      35.50      
   142498    |      41.93       |      36.68      
   142499    |      33.68       |      28.79      
   142500    |      35.45       |      30.04      
   142501    |      39.45       |      33.93      
   142502    |      51.42       |      44.05      
   142503    |      50.33       |      43.70      
   142504    |      48.49       |      42.13      
   142505    |      50.26       |      42.66      
   142506    |      37.17       |      31.46      
   142507    |      36.59       |      30.90      
   142508    |      35.00       |      29.70      
   142509    |      35.01       |      29.73      
   142510    |      40.52       |      34.11      
   142511    |      40.23       |      34.18      
   142512    |      43.55       |      36.99      
   142513    |      43.61       |      36.98      
   142514    |      41.93       |      35.57      
   142515    |      42.01       |      35.55      
   142516    |      37.47       |      31.85      
   142517    |      38.62       |      31.47      
   142518    |      46.07       |      38.23      
   142519    |      44.65       |      37.60      
   142520    |      51.79       |      44.11      
   142521    |      50.00       |      43.70      
   142522    |      47.66       |      41.71      
   142523    |      47.52       |      41.93      
   142524    |      45.95       |      40.65      
   142525    |      45.93       |      40.87      
   142526    |      46.12       |      41.04      
   142527    |      46.40       |      40.39      
   142528    |      44.07       |      38.45      
   142529    |      44.19       |      38.22      
   142530    |      45.38       |      39.25      
   142531    |      45.24       |      39.40      
   142532    |      53.24       |      46.46      
   142533    |      54.20       |      46.81      
   142639    |      34.30       |      43.86      
   142640    |      33.21       |      42.62      
   142641    |      33.29       |      42.90      
   142642    |      34.67       |      44.40      
   142643    |      34.46       |      43.31      
   142644    |      31.56       |      39.82      
   142645    |      33.19       |      39.69      
   142646    |      36.08       |      43.56      
   142647    |      36.32       |      43.55      
   142648    |      39.34       |      47.32      
   142649    |      39.47       |      47.28      
   142650    |      40.19       |      48.15      
   142651    |      39.98       |      48.25      
   142652    |      36.68       |      44.17      
   142653    |      36.12       |      44.33      
   142654    |      33.69       |      41.27      
   142655    |      33.13       |      41.54      
   142656    |      35.37       |      44.18      
   142657    |      35.66       |      45.32      
   142658    |      30.91       |      39.98      
   142659    |      30.93       |      39.54      
   142660    |      25.97       |      33.05      
   142661    |      26.23       |      33.03      
   142662    |      25.51       |      31.87      
   142663    |      25.16       |      31.86      
   142664    |      26.98       |      34.49      
   142665    |      28.14       |      34.37      
   142666    |      32.62       |      40.54      
   142667    |      32.47       |      40.79      
   142668    |      34.21       |      42.85      
   142669    |      34.25       |      43.14      
   142670    |      32.80       |      41.44      
   142671    |      32.90       |      41.94      
   142672    |      29.16       |      37.54      
   142673    |      29.14       |      37.94      
   142674    |      31.77       |      40.94      
   142675    |      31.62       |      39.97      
   142676    |      34.95       |      43.84      
   142677    |      37.36       |      43.01      
   142678    |      37.11       |      42.60      
   142679    |      41.68       |      44.73      
   142680    |      41.28       |      43.70      
   142681    |      36.69       |      38.13      
   142682    |      36.91       |      36.74      
   142683    |      38.37       |      38.67      
   142684    |      38.21       |      39.90      
   142685    |      36.26       |      37.42      
   142686    |      37.99       |      42.75      
   142687    |      36.15       |      42.04      
   142688    |      37.01       |      43.32      
   142689    |      39.44       |      44.26      
   142690    |      40.63       |      46.23      
   142691    |      42.07       |      46.88      
   142692    |      43.75       |      49.54      
   142693    |      40.96       |      48.74      
   142694    |      40.71       |      48.42      
   142695    |      40.06       |      48.57      
   142696    |      34.95       |      42.26      
   142697    |      35.37       |      42.35      
   142698    |      35.44       |      42.45      
   142699    |      38.01       |      43.54      
   142700    |      41.85       |      49.20      
   142701    |      51.13       |      54.41      
   142702    |      50.85       |      53.58      
   142703    |      52.53       |      54.76      
   142704    |      53.09       |      52.83      
   142705    |      48.47       |      49.29      
   142706    |      49.24       |      48.79      
   142707    |      47.13       |      45.77      
   142708    |      46.77       |      45.75      
   142709    |      45.40       |      43.67      
   142710    |      44.30       |      43.60      
   142711    |      43.40       |      42.24      
   142712    |      43.07       |      42.23      
   142713    |      41.76       |      40.13      
   142714    |      41.87       |      40.15      
   142715    |      41.30       |      39.70      
   142716    |      41.03       |      39.66      
   142717    |      35.82       |      35.68      
   142718    |      39.08       |      36.09      
   142719    |      35.07       |      32.82      
   142720    |      37.50       |      33.68      
   142721    |      42.61       |      38.21      
   142722    |      45.55       |      40.07      
   142723    |      35.31       |      30.71      
   142724    |      41.87       |      35.14      
   142725    |      35.00       |      28.52      
   142726    |      33.37       |      27.39      
   142727    |      40.19       |      33.91      
   142728    |      35.53       |      30.77      
   142729    |      40.68       |      35.56      
   142730    |      39.81       |      34.99      
   142731    |      42.69       |      37.68      
   142732    |      42.61       |      37.63      
   142733    |      40.86       |      36.00      
   142734    |      48.60       |      41.79      
   142735    |      31.86       |      25.44      
   142736    |      47.62       |      38.85      
   142737    |      46.07       |      37.28      
   142738    |      54.96       |      45.73      
   142739    |      59.76       |      50.65      
   142740    |      48.71       |      40.21      
   142741    |      55.61       |      47.26      
   142742    |      39.48       |      33.25      
   142743    |      41.99       |      35.73      
   142744    |      33.60       |      29.90      
   142745    |      32.38       |      28.81      
   142746    |      30.72       |      28.02      
   142747    |      31.93       |      29.07      
   142748    |      31.95       |      29.08      
   142749    |      34.66       |      31.47      
   142750    |      35.84       |      32.13      
   142751    |      35.51       |      31.85      
   142752    |      42.61       |      36.85      
   142753    |      39.73       |      34.06      
   142754    |      44.50       |      37.91      
   142755    |      36.57       |      30.01      
   142756    |      36.90       |      30.29      
   142757    |      31.49       |      24.89      
   142758    |      37.96       |      30.35      
   142759    |      46.82       |      39.40      
   142760    |      49.87       |      42.18      
   142761    |      48.59       |      41.63      
   142762    |      39.07       |      33.73      
   142763    |      38.86       |      33.54      
   142764    |      37.52       |      32.53      
   142765    |      36.56       |      31.61      
   142766    |      40.92       |      35.00      
   142767    |      40.86       |      35.05      
   142768    |      44.65       |      38.22      
   142769    |      44.31       |      38.38      
   142770    |      44.59       |      38.63      
   142771    |      44.34       |      39.16      
   142772    |      46.50       |      40.91      
   142773    |      46.52       |      40.85      
   142774    |      49.68       |      43.53      
   142775    |      49.53       |      43.64      
   142776    |      51.16       |      45.04      
   142777    |      51.01       |      45.17      
   142778    |      48.58       |      43.14      
   142779    |      49.16       |      42.65      
   142780    |      43.01       |      37.45      
   142781    |      44.51       |      37.16      
   142782    |      41.30       |      34.31      
   142783    |      41.48       |      34.34      
   142784    |      39.47       |      32.58      
   142785    |      38.92       |      32.87      
   142786    |      41.78       |      35.31      
   142787    |      41.37       |      36.29      
   142788    |      56.72       |      49.71      
   142789    |      57.55       |      50.09      
   142895    |      37.34       |      46.47      
   142896    |      34.82       |      43.56      
   142897    |      34.80       |      43.91      
   142898    |      36.23       |      45.51      
   142899    |      36.28       |      45.73      
   142900    |      32.45       |      41.35      
   142901    |      32.82       |      40.85      
   142902    |      36.59       |      45.35      
   142903    |      37.57       |      44.81      
   142904    |      41.66       |      49.84      
   142905    |      42.12       |      49.68      
   142906    |      38.86       |      45.49      
   142907    |      37.27       |      45.67      
   142908    |      31.30       |      38.00      
   142909    |      29.70       |      38.37      
   142910    |      29.14       |      37.67      
   142911    |      29.22       |      37.58      
   142912    |      33.05       |      42.13      
   142913    |      33.08       |      42.28      
   142914    |      28.96       |      37.42      
   142915    |      29.05       |      38.47      
   142916    |      21.60       |      29.31      
   142917    |      21.41       |      29.46      
   142918    |      20.17       |      27.68      
   142919    |      19.31       |      26.78      
   142920    |      23.48       |      32.30      
   142921    |      23.58       |      31.81      
   142922    |      30.08       |      39.47      
   142923    |      29.83       |      38.26      
   142924    |      32.75       |      41.67      
   142925    |      32.74       |      41.63      
   142926    |      32.75       |      41.63      
   142927    |      32.71       |      41.35      
   142928    |      29.89       |      37.92      
   142929    |      29.82       |      38.05      
   142930    |      31.70       |      40.30      
   142931    |      31.86       |      41.00      
   142932    |      38.21       |      47.93      
   142933    |      37.37       |      45.83      
   142934    |      34.13       |      41.94      
   142935    |      36.37       |      41.95      
   142936    |      33.61       |      36.72      
   142937    |      37.69       |      39.06      
   142938    |      37.71       |      38.02      
   142939    |      39.31       |      40.04      
   142940    |      39.31       |      40.32      
   142941    |      39.22       |      40.20      
   142942    |      39.98       |      43.46      
   142943    |      37.33       |      42.15      
   142944    |      37.92       |      43.16      
   142945    |      36.15       |      42.55      
   142946    |      38.53       |      45.79      
   142947    |      40.99       |      46.53      
   142948    |      41.79       |      47.72      
   142949    |      41.73       |      47.69      
   142950    |      42.86       |      49.29      
   142951    |      41.24       |      48.87      
   142952    |      38.80       |      45.72      
   142953    |      38.94       |      45.76      
   142954    |      37.93       |      44.33      
   142955    |      37.38       |      44.14      
   142956    |      37.18       |      43.85      
   142957    |      35.44       |      43.53      
   142958    |      29.50       |      34.94      
   142959    |      33.13       |      36.81      
   142960    |      34.53       |      33.88      
   142961    |      42.41       |      44.63      
   142962    |      44.64       |      43.17      
   142963    |      44.67       |      43.20      
   142964    |      45.02       |      43.26      
   142965    |      44.19       |      41.94      
   142966    |      42.90       |      41.70      
   142967    |      45.40       |      45.37      
   142968    |      46.77       |      45.37      
   142969    |      46.80       |      45.40      
   142970    |      46.91       |      45.43      
   142971    |      44.34       |      40.93      
   142972    |      43.66       |      40.62      
   142973    |      36.61       |      34.90      
   142974    |      38.90       |      35.56      
   142975    |      37.84       |      34.68      
   142976    |      39.77       |      35.57      
   142977    |      37.24       |      33.36      
   142978    |      44.02       |      37.68      
   142979    |      41.89       |      35.65      
   142980    |      41.08       |      35.06      
   142981    |      44.36       |      38.22      
   142982    |      42.44       |      36.83      
   142983    |      36.12       |      30.88      
   142984    |      35.57       |      30.54      
   142985    |      34.79       |      29.83      
   142986    |      34.58       |      29.70      
   142987    |      38.47       |      33.33      
   142988    |      42.27       |      36.05      
   142989    |      37.91       |      31.84      
   142990    |      47.19       |      39.36      
   142991    |      44.36       |      36.52      
   142992    |      50.34       |      41.87      
   142993    |      48.90       |      40.41      
   142994    |      53.29       |      44.50      
   142995    |      57.94       |      49.25      
   142996    |      48.11       |      40.25      
   142997    |      51.94       |      44.13      
   142998    |      40.22       |      34.32      
   142999    |      40.89       |      34.97      
   143000    |      35.06       |      30.97      
   143001    |      32.80       |      28.94      
   143002    |      30.33       |      27.74      
   143003    |      30.97       |      28.30      
   143004    |      30.77       |      28.21      
   143005    |      32.53       |      29.73      
   143006    |      35.16       |      31.18      
   143007    |      34.67       |      30.74      
   143008    |      43.72       |      37.36      
   143009    |      40.26       |      33.95      
   143010    |      42.58       |      35.87      
   143011    |      44.05       |      37.35      
   143012    |      42.53       |      36.08      
   143013    |      37.56       |      31.13      
   143014    |      38.55       |      31.94      
   143015    |      41.67       |      35.09      
   143016    |      47.18       |      39.88      
   143017    |      45.37       |      40.11      
   143018    |      42.68       |      38.07      
   143019    |      43.01       |      37.22      
   143020    |      38.58       |      33.80      
   143021    |      38.58       |      33.84      
   143022    |      42.13       |      36.58      
   143023    |      42.13       |      36.58      
   143024    |      44.31       |      38.37      
   143025    |      44.07       |      38.82      
   143026    |      44.09       |      38.85      
   143027    |      44.05       |      39.08      
   143028    |      47.22       |      41.66      
   143029    |      47.26       |      41.58      
   143030    |      49.18       |      43.21      
   143031    |      49.11       |      43.27      
   143032    |      50.18       |      44.19      
   143033    |      50.09       |      44.27      
   143034    |      51.89       |      45.82      
   143035    |      54.01       |      46.34      
   143036    |      46.36       |      39.36      
   143037    |      48.18       |      40.22      
   143038    |      40.63       |      33.29      
   143039    |      41.20       |      33.53      
   143040    |      34.78       |      27.83      
   143041    |      35.11       |      27.84      
   143042    |      32.43       |      25.53      
   143043    |      32.92       |      25.52      
   143044    |      51.12       |      42.67      
   143152    |      36.51       |      45.43      
   143153    |      36.61       |      45.03      
   143154    |      37.87       |      46.49      
   143155    |      37.83       |      46.83      
   143156    |      33.01       |      41.13      
   143157    |      32.74       |      41.57      
   143158    |      31.68       |      40.31      
   143159    |      31.79       |      41.37      
   143160    |      33.61       |      43.36      
   143161    |      33.45       |      42.96      
   143162    |      27.14       |      35.65      
   143163    |      27.10       |      35.70      
   143164    |      23.35       |      30.74      
   143165    |      22.61       |      31.00      
   143166    |      28.16       |      37.61      
   143167    |      28.21       |      36.91      
   143168    |      33.48       |      43.02      
   143169    |      33.24       |      42.27      
   143170    |      26.95       |      34.52      
   143171    |      26.48       |      35.44      
   143172    |      21.42       |      28.92      
   143173    |      21.25       |      29.03      
   143174    |      21.59       |      29.48      
   143175    |      22.44       |      29.16      
   143176    |      27.25       |      35.71      
   143177    |      27.43       |      35.35      
   143178    |      32.62       |      41.57      
   143179    |      32.60       |      41.48      
   143180    |      34.43       |      43.55      
   143181    |      34.29       |      42.91      
   143182    |      35.29       |      44.05      
   143183    |      35.28       |      43.67      
   143184    |      31.47       |      38.96      
   143185    |      31.32       |      39.06      
   143186    |      32.11       |      40.03      
   143187    |      31.97       |      40.50      
   143188    |      37.42       |      46.68      
   143189    |      38.08       |      47.81      
   143190    |      29.04       |      37.80      
   143191    |      28.28       |      37.04      
   143192    |      20.03       |      25.06      
   143193    |      31.16       |      37.33      
   143194    |      27.74       |      29.06      
   143195    |      37.86       |      41.34      
   143196    |      36.92       |      37.99      
   143197    |      42.98       |      45.30      
   143198    |      43.53       |      46.70      
   143199    |      41.06       |      43.83      
   143200    |      41.39       |      44.82      
   143201    |      37.78       |      43.02      
   143202    |      40.22       |      46.65      
   143203    |      39.30       |      46.46      
   143204    |      41.97       |      49.80      
   143205    |      45.04       |      50.65      
   143206    |      44.99       |      50.55      
   143207    |      43.68       |      50.00      
   143208    |      41.67       |      47.09      
   143209    |      39.34       |      46.18      
   143210    |      36.08       |      41.40      
   143211    |      33.59       |      40.48      
   143212    |      29.49       |      33.11      
   143213    |      22.77       |      31.50      
   143214    |      18.62       |      25.96      
   143215    |      18.95       |      25.97      
   143216    |      17.69       |      21.78      
   143217    |      31.99       |      38.50      
   143218    |      31.74       |      29.68      
   143219    |      39.11       |      40.72      
   143220    |      42.20       |      39.82      
   143221    |      43.98       |      42.64      
   143222    |      42.84       |      42.77      
   143223    |      40.52       |      39.31      
   143224    |      41.05       |      39.38      
   143225    |      40.68       |      38.76      
   143226    |      43.28       |      39.76      
   143227    |      43.28       |      39.75      
   143228    |      42.57       |      39.43      
   143229    |      42.02       |      38.22      
   143230    |      40.80       |      37.65      
   143231    |      41.38       |      38.87      
   143232    |      46.55       |      41.45      
   143233    |      38.61       |      34.17      
   143234    |      46.42       |      39.64      
   143235    |      42.64       |      35.95      
   143236    |      37.10       |      32.01      
   143237    |      43.62       |      38.18      
   143238    |      41.24       |      36.58      
   143239    |      45.72       |      40.79      
   143240    |      48.33       |      42.66      
   143241    |      35.69       |      30.67      
   143242    |      40.26       |      33.88      
   143243    |      30.74       |      24.70      
   143244    |      38.42       |      30.63      
   143245    |      36.97       |      29.18      
   143246    |      38.05       |      30.11      
   143247    |      47.07       |      39.20      
   143248    |      47.96       |      39.98      
   143249    |      52.96       |      45.06      
   143250    |      56.34       |      48.13      
   143251    |      55.10       |      47.64      
   143252    |      52.14       |      45.10      
   143253    |      51.72       |      45.25      
   143254    |      44.95       |      39.96      
   143255    |      45.02       |      39.26      
   143256    |      39.19       |      35.15      
   143257    |      36.59       |      32.77      
   143258    |      33.04       |      30.97      
   143259    |      33.66       |      31.52      
   143260    |      33.60       |      31.49      
   143261    |      33.90       |      31.75      
   143262    |      37.96       |      33.97      
   143263    |      36.12       |      32.29      
   143264    |      44.19       |      38.10      
   143265    |      44.98       |      38.90      
   143266    |      44.51       |      38.52      
   143267    |      45.70       |      39.70      
   143268    |      42.96       |      37.53      
   143269    |      46.87       |      41.38      
   143270    |      47.37       |      41.78      
   143271    |      43.12       |      37.61      
   143272    |      44.53       |      38.74      
   143273    |      43.03       |      37.26      
   143274    |      43.16       |      37.38      
   143275    |      43.10       |      37.43      
   143276    |      41.87       |      36.47      
   143277    |      36.21       |      30.93      
   143278    |      39.90       |      33.83      
   143279    |      39.52       |      34.34      
   143280    |      41.94       |      36.27      
   143281    |      42.00       |      37.88      
   143282    |      45.01       |      40.17      
   143283    |      45.03       |      39.80      
   143284    |      47.49       |      41.83      
   143285    |      48.99       |      41.69      
   143286    |      44.10       |      37.33      
   143287    |      44.83       |      37.51      
   143288    |      43.10       |      35.98      
   143289    |      42.96       |      35.94      
   143290    |      53.08       |      45.23      
   143291    |      52.69       |      45.00      
   143292    |      50.60       |      43.08      
   143293    |      51.72       |      43.74      
   143294    |      42.97       |      35.66      
   143295    |      44.56       |      36.49      
   143296    |      35.44       |      28.22      
   143297    |      36.65       |      28.60      
   143298    |      32.08       |      24.43      
   143299    |      37.40       |      28.42      
   143300    |      44.47       |      35.48      
   143408    |      32.89       |      41.55      
   143409    |      32.87       |      42.39      
   143410    |      32.33       |      41.78      
   143411    |      32.39       |      41.98      
   143412    |      27.67       |      36.60      
   143413    |      27.66       |      36.79      
   143414    |      23.21       |      31.31      
   143415    |      23.59       |      33.90      
   143416    |      29.06       |      39.62      
   143417    |      29.00       |      39.54      
   143418    |      25.82       |      36.20      
   143419    |      24.75       |      33.75      
   143420    |      25.46       |      34.57      
   143421    |      27.16       |      33.78      
   143422    |      33.72       |      42.21      
   143423    |      33.76       |      42.11      
   143424    |      36.32       |      45.03      
   143425    |      36.41       |      45.42      
   143426    |      29.23       |      36.85      
   143427    |      29.65       |      36.69      
   143428    |      27.69       |      33.82      
   143429    |      27.60       |      33.81      
   143430    |      30.91       |      38.45      
   143431    |      32.70       |      38.42      
   143432    |      35.00       |      41.71      
   143433    |      34.72       |      41.74      
   143434    |      35.55       |      42.81      
   143435    |      35.02       |      43.51      
   143436    |      37.24       |      46.05      
   143437    |      37.20       |      45.79      
   143438    |      38.16       |      46.88      
   143439    |      38.15       |      46.38      
   143440    |      33.69       |      40.88      
   143441    |      33.79       |      40.85      
   143442    |      36.53       |      44.32      
   143443    |      37.00       |      44.04      
   143444    |      39.87       |      47.61      
   143445    |      39.79       |      48.63      
   143446    |      31.64       |      38.83      
   143447    |      31.15       |      39.30      
   143448    |      29.00       |      36.58      
   143449    |      30.02       |      36.36      
   143450    |      29.78       |      35.99      
   143451    |      32.96       |      36.97      
   143452    |      36.04       |      42.07      
   143453    |      43.16       |      45.46      
   143454    |      44.14       |      47.55      
   143455    |      46.93       |      49.20      
   143456    |      46.46       |      48.22      
   143457    |      42.28       |      45.65      
   143458    |      44.52       |      49.44      
   143459    |      42.38       |      48.56      
   143460    |      44.94       |      51.92      
   143461    |      44.29       |      51.85      
   143462    |      37.53       |      42.59      
   143463    |      35.20       |      41.77      
   143464    |      34.30       |      40.47      
   143465    |      34.31       |      40.48      
   143466    |      32.21       |      37.01      
   143467    |      30.41       |      36.32      
   143468    |      27.88       |      30.48      
   143469    |      25.18       |      29.11      
   143470    |      26.03       |      31.16      
   143471    |      24.47       |      30.85      
   143472    |      32.48       |      40.92      
   143473    |      33.06       |      39.37      
   143474    |      30.35       |      34.61      
   143475    |      35.63       |      37.37      
   143476    |      37.38       |      35.79      
   143477    |      38.02       |      36.80      
   143478    |      38.12       |      36.81      
   143479    |      40.70       |      40.67      
   143480    |      42.51       |      40.66      
   143481    |      41.44       |      38.83      
   143482    |      43.15       |      39.58      
   143483    |      42.05       |      36.80      
   143484    |      39.19       |      35.08      
   143485    |      38.97       |      34.46      
   143486    |      35.57       |      32.77      
   143487    |      34.35       |      29.81      
   143488    |      42.58       |      35.83      
   143489    |      40.65       |      33.90      
   143490    |      44.07       |      36.68      
   143491    |      44.17       |      36.80      
   143492    |      36.35       |      30.79      
   143493    |      35.56       |      30.05      
   143494    |      32.17       |      28.05      
   143495    |      40.76       |      35.99      
   143496    |      47.23       |      40.74      
   143497    |      45.03       |      38.59      
   143498    |      47.14       |      40.29      
   143499    |      39.05       |      32.31      
   143500    |      37.25       |      30.92      
   143501    |      43.07       |      36.63      
   143502    |      40.27       |      34.47      
   143503    |      44.94       |      39.01      
   143504    |      52.39       |      45.30      
   143505    |      51.93       |      45.33      
   143506    |      56.40       |      49.18      
   143507    |      55.71       |      49.29      
   143508    |      53.89       |      47.79      
   143509    |      53.74       |      48.18      
   143510    |      50.51       |      45.70      
   143511    |      50.49       |      45.41      
   143512    |      44.45       |      41.17      
   143513    |      43.89       |      39.35      
   143514    |      38.10       |      35.82      
   143515    |      34.92       |      33.07      
   143516    |      35.93       |      33.49      
   143517    |      33.67       |      31.55      
   143518    |      37.91       |      33.88      
   143519    |      38.05       |      34.42      
   143520    |      42.23       |      37.32      
   143521    |      48.89       |      43.83      
   143522    |      48.98       |      43.90      
   143523    |      49.04       |      43.72      
   143524    |      49.58       |      44.16      
   143525    |      43.59       |      38.29      
   143526    |      46.27       |      40.44      
   143527    |      47.08       |      40.31      
   143528    |      43.06       |      36.93      
   143529    |      43.08       |      36.96      
   143530    |      38.67       |      33.47      
   143531    |      44.85       |      39.54      
   143532    |      43.67       |      38.63      
   143533    |      43.93       |      38.17      
   143534    |      42.74       |      37.22      
   143535    |      38.49       |      33.05      
   143536    |      36.76       |      31.76      
   143537    |      36.80       |      31.52      
   143538    |      40.64       |      34.58      
   143539    |      41.41       |      34.43      
   143540    |      47.57       |      39.98      
   143541    |      50.55       |      42.00      
   143542    |      41.31       |      33.23      
   143543    |      43.84       |      35.13      
   143544    |      36.90       |      28.47      
   143545    |      37.79       |      29.15      
   143546    |      46.23       |      37.39      
   143547    |      42.83       |      34.67      
   143548    |      49.26       |      40.83      
   143549    |      47.08       |      39.28      
   143550    |      46.31       |      38.58      
   143551    |      46.01       |      38.41      
   143552    |      40.75       |      33.58      
   143553    |      43.27       |      34.94      
   143554    |      41.44       |      33.22      
   143555    |      41.92       |      33.56      
   143556    |      44.63       |      36.19      
   143557    |      46.67       |      37.90      
   143664    |      29.96       |      38.97      
   143665    |      29.97       |      39.20      
   143666    |      26.68       |      35.36      
   143667    |      27.63       |      38.00      
   143668    |      22.20       |      32.15      
   143669    |      22.40       |      32.52      
   143670    |      25.29       |      35.60      
   143671    |      25.04       |      32.72      
   143672    |      34.16       |      43.58      
   143673    |      34.28       |      43.89      
   143674    |      31.47       |      40.76      
   143675    |      31.46       |      40.71      
   143676    |      30.42       |      39.51      
   143677    |      30.73       |      38.74      
   143678    |      37.36       |      46.44      
   143679    |      37.60       |      45.40      
   143680    |      40.54       |      48.86      
   143681    |      40.64       |      48.62      
   143682    |      35.41       |      42.10      
   143683    |      35.59       |      42.10      
   143684    |      33.21       |      38.62      
   143685    |      33.52       |      38.70      
   143686    |      35.38       |      41.50      
   143687    |      34.60       |      41.46      
   143688    |      33.46       |      39.87      
   143689    |      32.85       |      39.91      
   143690    |      32.14       |      38.94      
   143691    |      31.34       |      39.36      
   143692    |      34.08       |      42.63      
   143693    |      34.40       |      43.73      
   143694    |      35.82       |      45.26      
   143695    |      35.56       |      44.74      
   143696    |      32.71       |      41.52      
   143697    |      33.11       |      40.39      
   143698    |      35.63       |      43.53      
   143699    |      35.62       |      43.55      
   143700    |      36.52       |      44.62      
   143701    |      36.49       |      44.80      
   143702    |      31.91       |      39.16      
   143703    |      32.02       |      39.12      
   143704    |      32.74       |      40.04      
   143705    |      33.13       |      39.93      
   143706    |      31.74       |      37.96      
   143707    |      32.25       |      38.03      
   143708    |      33.68       |      40.10      
   143709    |      33.73       |      40.11      
   143710    |      32.60       |      38.48      
   143711    |      35.02       |      39.28      
   143712    |      33.48       |      35.90      
   143713    |      33.66       |      36.00      
   143714    |      35.73       |      40.40      
   143715    |      33.62       |      39.66      
   143716    |      35.12       |      41.76      
   143717    |      33.80       |      42.18      
   143718    |      28.45       |      35.45      
   143719    |      29.68       |      35.60      
   143720    |      29.85       |      35.85      
   143721    |      28.82       |      35.71      
   143722    |      26.24       |      31.60      
   143723    |      26.06       |      31.55      
   143724    |      24.69       |      28.25      
   143725    |      26.44       |      29.09      
   143726    |      29.49       |      35.57      
   143727    |      31.71       |      36.19      
   143728    |      37.35       |      44.50      
   143729    |      37.02       |      44.75      
   143730    |      29.18       |      32.95      
   143731    |      27.98       |      32.50      
   143732    |      28.99       |      27.36      
   143733    |      30.01       |      29.17      
   143734    |      29.52       |      29.40      
   143735    |      34.96       |      37.07      
   143736    |      38.78       |      35.95      
   143737    |      38.61       |      35.61      
   143738    |      43.22       |      38.10      
   143739    |      43.00       |      36.37      
   143740    |      37.06       |      32.27      
   143741    |      36.92       |      31.58      
   143742    |      34.74       |      30.25      
   143743    |      34.56       |      28.86      
   143744    |      38.81       |      32.01      
   143745    |      42.34       |      35.52      
   143746    |      42.98       |      36.04      
   143747    |      45.89       |      38.96      
   143748    |      38.94       |      33.70      
   143749    |      37.89       |      32.71      
   143750    |      37.57       |      32.50      
   143751    |      30.58       |      26.02      
   143752    |      37.80       |      30.92      
   143753    |      45.54       |      38.63      
   143754    |      43.70       |      37.14      
   143755    |      48.20       |      41.60      
   143756    |      41.94       |      36.78      
   143757    |      41.95       |      36.79      
   143758    |      41.72       |      36.63      
   143759    |      43.25       |      38.10      
   143760    |      51.32       |      44.57      
   143761    |      50.91       |      44.69      
   143762    |      54.12       |      47.40      
   143763    |      53.75       |      47.57      
   143764    |      52.08       |      46.21      
   143765    |      52.21       |      46.00      
   143766    |      48.41       |      42.96      
   143767    |      48.40       |      42.96      
   143768    |      44.58       |      40.13      
   143769    |      44.52       |      39.78      
   143770    |      40.03       |      36.82      
   143771    |      35.06       |      32.36      
   143772    |      36.96       |      33.39      
   143773    |      31.87       |      28.82      
   143774    |      34.80       |      30.50      
   143775    |      34.67       |      30.39      
   143776    |      36.01       |      31.29      
   143777    |      42.11       |      37.18      
   143778    |      46.40       |      40.52      
   143779    |      46.13       |      41.05      
   143780    |      48.68       |      43.07      
   143781    |      49.48       |      42.79      
   143782    |      48.30       |      41.79      
   143783    |      48.42       |      41.79      
   143784    |      42.33       |      36.76      
   143785    |      45.53       |      39.93      
   143786    |      40.48       |      36.08      
   143787    |      42.29       |      37.83      
   143788    |      46.08       |      40.75      
   143789    |      46.14       |      40.65      
   143790    |      44.61       |      39.45      
   143791    |      46.16       |      39.02      
   143792    |      36.02       |      30.55      
   143793    |      38.72       |      30.73      
   143794    |      37.74       |      29.86      
   143795    |      39.35       |      30.90      
   143796    |      49.21       |      40.43      
   143797    |      48.28       |      39.66      
   143798    |      45.05       |      36.56      
   143799    |      47.30       |      38.43      
   143800    |      38.04       |      29.45      
   143801    |      38.88       |      30.13      
   143802    |      40.06       |      31.30      
   143803    |      38.26       |      29.88      
   143804    |      43.31       |      34.75      
   143805    |      39.41       |      32.48      
   143806    |      46.34       |      38.79      
   143807    |      46.09       |      38.66      
   143808    |      47.58       |      40.06      
   143809    |      50.95       |      42.43      
   143810    |      42.73       |      34.51      
   143811    |      46.27       |      37.42      
   143812    |      46.29       |      37.45      
   143813    |      50.68       |      41.65      
   143921    |      31.33       |      40.03      
   143922    |      25.29       |      32.35      
   143923    |      24.15       |      33.41      
   143924    |      24.67       |      33.99      
   143925    |      24.67       |      33.99      
   143926    |      33.47       |      43.60      
   143927    |      32.59       |      41.37      
   143928    |      34.85       |      43.93      
   143929    |      34.89       |      44.16      
   143930    |      33.54       |      42.64      
   143931    |      33.53       |      42.42      
   143932    |      35.75       |      44.90      
   143933    |      35.88       |      43.94      
   143934    |      44.82       |      54.05      
   143935    |      44.83       |      52.67      
   143936    |      47.97       |      56.29      
   143937    |      48.60       |      55.67      
   143938    |      43.17       |      48.66      
   143939    |      43.05       |      48.63      
   143940    |      39.52       |      43.20      
   143941    |      37.58       |      42.38      
   143942    |      35.87       |      39.34      
   143943    |      31.01       |      37.85      
   143944    |      29.22       |      35.25      
   143945    |      27.96       |      35.37      
   143946    |      26.68       |      33.59      
   143947    |      25.98       |      34.00      
   143948    |      28.68       |      37.28      
   143949    |      29.14       |      38.67      
   143950    |      31.65       |      41.38      
   143951    |      32.47       |      42.54      
   143952    |      33.71       |      43.81      
   143953    |      31.88       |      40.83      
   143954    |      35.61       |      44.97      
   143955    |      35.15       |      43.12      
   143956    |      34.16       |      41.89      
   143957    |      34.04       |      42.59      
   143958    |      30.53       |      38.37      
   143959    |      30.71       |      38.17      
   143960    |      30.75       |      38.20      
   143961    |      30.63       |      38.32      
   143962    |      28.84       |      35.97      
   143963    |      29.23       |      35.88      
   143964    |      27.63       |      33.48      
   143965    |      26.05       |      33.87      
   143966    |      23.30       |      30.13      
   143967    |      22.76       |      30.44      
   143968    |      19.58       |      25.67      
   143969    |      23.28       |      26.54      
   143970    |      27.84       |      34.85      
   143971    |      29.69       |      35.05      
   143972    |      31.80       |      38.24      
   143973    |      31.05       |      38.25      
   143974    |      28.77       |      35.07      
   143975    |      28.01       |      35.06      
   143976    |      26.80       |      33.32      
   143977    |      26.93       |      33.33      
   143978    |      25.97       |      31.81      
   143979    |      26.70       |      31.98      
   143980    |      25.81       |      30.14      
   143981    |      27.58       |      30.87      
   143982    |      29.17       |      34.38      
   143983    |      27.87       |      34.16      
   143984    |      27.22       |      33.14      
   143985    |      26.07       |      35.07      
   143986    |      18.58       |      25.81      
   143987    |      20.73       |      25.55      
   143988    |      20.19       |      23.55      
   143989    |      29.57       |      28.70      
   143990    |      30.65       |      28.59      
   143991    |      17.37       |      20.96      
   143992    |      23.73       |      18.51      
   143993    |      24.11       |      17.32      
   143994    |      33.57       |      24.88      
   143995    |      31.46       |      25.33      
   143996    |      32.22       |      25.87      
   143997    |      32.14       |      27.13      
   143998    |      34.29       |      28.52      
   143999    |      34.39       |      29.78      
   144000    |      40.39       |      33.96      
   144001    |      40.20       |      34.98      
   144002    |      45.11       |      38.66      
   144003    |      44.88       |      39.39      
   144004    |      42.87       |      37.97      
   144005    |      40.99       |      36.19      
   144006    |      39.83       |      35.44      
   144007    |      40.59       |      36.17      
   144008    |      44.79       |      39.11      
   144009    |      42.54       |      36.95      
   144010    |      46.08       |      39.68      
   144011    |      44.49       |      38.12      
   144012    |      40.05       |      34.74      
   144013    |      41.22       |      35.88      
   144014    |      41.68       |      36.22      
   144015    |      40.36       |      34.96      
   144016    |      47.84       |      40.97      
   144017    |      48.58       |      41.11      
   144018    |      47.91       |      40.54      
   144019    |      47.97       |      40.56      
   144020    |      46.97       |      39.70      
   144021    |      45.91       |      40.07      
   144022    |      46.17       |      40.29      
   144023    |      46.04       |      40.81      
   144024    |      44.37       |      39.59      
   144025    |      44.37       |      39.15      
   144026    |      40.27       |      36.25      
   144027    |      36.72       |      32.96      
   144028    |      36.55       |      32.85      
   144029    |      36.41       |      32.74      
   144030    |      38.56       |      34.13      
   144031    |      35.21       |      30.98      
   144032    |      36.56       |      31.88      
   144033    |      36.34       |      31.68      
   144034    |      36.83       |      32.03      
   144035    |      46.22       |      41.14      
   144036    |      52.01       |      45.84      
   144037    |      51.85       |      45.92      
   144038    |      51.89       |      45.97      
   144039    |      52.51       |      45.85      
   144040    |      43.24       |      38.23      
   144041    |      44.92       |      39.88      
   144042    |      39.97       |      36.29      
   144043    |      43.58       |      39.72      
   144044    |      48.47       |      43.41      
   144045    |      48.50       |      43.32      
   144046    |      52.49       |      46.63      
   144047    |      55.15       |      47.37      
   144048    |      44.15       |      37.48      
   144049    |      47.59       |      39.22      
   144050    |      41.29       |      33.32      
   144051    |      42.97       |      34.47      
   144052    |      48.06       |      39.39      
   144053    |      48.89       |      40.08      
   144054    |      47.98       |      39.22      
   144055    |      46.73       |      38.20      
   144056    |      41.11       |      32.84      
   144057    |      42.77       |      34.10      
   144058    |      37.95       |      29.48      
   144059    |      38.21       |      29.68      
   144060    |      33.76       |      25.47      
   144061    |      32.23       |      24.72      
   144062    |      42.18       |      33.96      
   144063    |      43.43       |      34.90      
   144064    |      50.05       |      41.38      
   144065    |      51.76       |      42.89      
   144066    |      46.86       |      38.08      
   144067    |      50.37       |      41.36      
   144068    |      51.44       |      42.44      
   144069    |      55.51       |      46.50      
   144177    |      30.19       |      40.02      
   144178    |      24.48       |      33.58      
   144179    |      25.75       |      32.69      
   144180    |      31.24       |      39.79      
   144181    |      31.58       |      39.40      
   144182    |      34.68       |      43.13      
   144183    |      35.17       |      44.98      
   144184    |      32.59       |      42.18      
   144185    |      32.54       |      42.04      
   144186    |      35.72       |      45.49      
   144187    |      35.25       |      44.02      
   144188    |      39.50       |      48.76      
   144189    |      39.39       |      47.89      
   144190    |      48.83       |      58.32      
   144191    |      48.40       |      57.06      
   144192    |      44.91       |      53.11      
   144193    |      44.87       |      53.67      
   144194    |      34.31       |      41.02      
   144195    |      34.23       |      41.02      
   144196    |      31.82       |      37.60      
   144197    |      34.11       |      38.37      
   144198    |      34.00       |      38.16      
   144199    |      35.20       |      38.72      
   144200    |      34.53       |      37.10      
   144201    |      28.83       |      34.91      
   144202    |      28.04       |      33.63      
   144203    |      26.68       |      33.57      
   144204    |      29.96       |      37.89      
   144205    |      29.85       |      38.18      
   144206    |      29.25       |      37.44      
   144207    |      30.55       |      40.50      
   144208    |      33.75       |      43.84      
   144209    |      32.12       |      42.25      
   144210    |      41.41       |      51.80      
   144211    |      37.47       |      46.46      
   144212    |      35.60       |      44.34      
   144213    |      35.75       |      43.18      
   144214    |      32.11       |      38.35      
   144215    |      31.05       |      38.77      
   144216    |      29.36       |      36.58      
   144217    |      29.07       |      36.84      
   144218    |      26.88       |      33.94      
   144219    |      26.57       |      34.15      
   144220    |      24.44       |      31.21      
   144221    |      24.79       |      31.15      
   144222    |      23.25       |      28.50      
   144223    |      21.45       |      28.66      
   144224    |      20.69       |      27.53      
   144225    |      21.84       |      27.45      
   144226    |      25.66       |      33.18      
   144227    |      25.75       |      33.12      
   144228    |      28.29       |      36.33      
   144229    |      29.05       |      35.89      
   144230    |      26.88       |      32.63      
   144231    |      25.80       |      32.55      
   144232    |      25.13       |      31.53      
   144233    |      24.71       |      31.56      
   144234    |      22.59       |      28.09      
   144235    |      21.45       |      28.03      
   144236    |      20.23       |      25.85      
   144237    |      21.02       |      25.97      
   144238    |      23.44       |      30.21      
   144239    |      24.25       |      30.15      
   144240    |      22.68       |      26.93      
   144241    |      19.56       |      26.91      
   144242    |      18.87       |      25.86      
   144243    |      18.76       |      25.94      
   144244    |      20.08       |      27.78      
   144245    |      25.90       |      28.66      
   144246    |      28.46       |      26.19      
   144247    |      27.44       |      20.44      
   144248    |      25.55       |      19.21      
   144249    |      29.61       |      20.09      
   144250    |      23.46       |      14.46      
   144251    |      20.80       |      15.78      
   144252    |      25.09       |      18.17      
   144253    |      24.83       |      21.24      
   144254    |      29.23       |      23.45      
   144255    |      29.89       |      27.00      
   144256    |      33.42       |      28.69      
   144257    |      40.38       |      35.18      
   144258    |      41.43       |      35.92      
   144259    |      44.33       |      38.71      
   144260    |      43.39       |      38.03      
   144261    |      41.25       |      35.99      
   144262    |      40.92       |      35.76      
   144263    |      37.27       |      32.33      
   144264    |      40.44       |      34.54      
   144265    |      43.59       |      37.63      
   144266    |      44.03       |      37.98      
   144267    |      47.42       |      41.32      
   144268    |      45.57       |      39.87      
   144269    |      39.22       |      33.70      
   144270    |      44.60       |      37.92      
   144271    |      37.08       |      30.43      
   144272    |      46.48       |      38.50      
   144273    |      45.55       |      38.13      
   144274    |      47.19       |      39.59      
   144275    |      45.54       |      40.03      
   144276    |      46.59       |      40.87      
   144277    |      46.61       |      42.45      
   144278    |      48.86       |      44.09      
   144279    |      48.91       |      43.30      
   144280    |      46.07       |      41.13      
   144281    |      46.09       |      40.75      
   144282    |      41.92       |      37.74      
   144283    |      40.15       |      36.10      
   144284    |      37.90       |      34.69      
   144285    |      39.02       |      35.72      
   144286    |      42.60       |      38.08      
   144287    |      39.16       |      34.83      
   144288    |      37.89       |      33.99      
   144289    |      39.95       |      35.94      
   144290    |      42.41       |      37.67      
   144291    |      38.05       |      33.50      
   144292    |      48.39       |      41.72      
   144293    |      50.20       |      42.41      
   144294    |      44.05       |      36.90      
   144295    |      50.91       |      43.90      
   144296    |      39.58       |      34.55      
   144297    |      42.87       |      37.78      
   144298    |      43.16       |      38.00      
   144299    |      33.95       |      29.04      
   144300    |      48.99       |      41.54      
   144301    |      37.53       |      29.75      
   144302    |      51.22       |      42.61      
   144303    |      53.11       |      44.20      
   144304    |      46.19       |      37.50      
   144305    |      44.21       |      36.03      
   144306    |      44.46       |      36.29      
   144307    |      44.66       |      36.42      
   144308    |      50.63       |      42.14      
   144309    |      51.39       |      42.75      
   144310    |      47.09       |      38.61      
   144311    |      46.05       |      37.85      
   144312    |      45.39       |      37.25      
   144313    |      45.85       |      37.57      
   144314    |      40.70       |      32.73      
   144315    |      42.79       |      34.21      
   144316    |      30.94       |      23.05      
   144317    |      37.04       |      27.95      
   144318    |      39.97       |      30.88      
   144319    |      40.37       |      31.28      
   144320    |      49.27       |      40.19      
   144321    |      46.75       |      37.74      
   144322    |      50.65       |      41.65      
   144323    |      50.93       |      41.92      
   144324    |      57.13       |      48.11      
   144325    |      59.20       |      50.17      
   144434    |      30.87       |      39.97      
   144435    |      31.43       |      38.98      
   144436    |      34.61       |      42.85      
   144437    |      34.79       |      42.64      
   144438    |      35.00       |      42.88      
   144439    |      34.75       |      43.17      
   144440    |      35.83       |      44.43      
   144441    |      35.79       |      44.76      
   144442    |      38.07       |      47.31      
   144443    |      38.12       |      47.45      
   144444    |      38.26       |      47.59      
   144445    |      38.34       |      47.79      
   144446    |      39.56       |      49.10      
   144447    |      41.88       |      52.38      
   144448    |      30.49       |      40.50      
   144449    |      31.86       |      42.33      
   144450    |      24.52       |      34.65      
   144451    |      23.61       |      32.51      
   144452    |      28.61       |      38.18      
   144453    |      30.30       |      36.32      
   144454    |      31.49       |      38.03      
   144455    |      35.14       |      39.15      
   144456    |      33.59       |      35.34      
   144457    |      31.19       |      34.06      
   144458    |      31.77       |      35.51      
   144459    |      29.28       |      34.63      
   144460    |      29.75       |      35.42      
   144461    |      27.60       |      36.04      
   144462    |      27.91       |      36.39      
   144463    |      18.23       |      26.94      
   144464    |      31.98       |      42.14      
   144465    |      33.70       |      43.79      
   144466    |      41.76       |      52.09      
   144467    |      40.57       |      50.92      
   144468    |      29.64       |      39.60      
   144469    |      37.77       |      47.44      
   144470    |      27.63       |      36.17      
   144471    |      28.30       |      35.25      
   144472    |      27.31       |      33.80      
   144473    |      26.41       |      34.23      
   144474    |      24.80       |      32.08      
   144475    |      24.67       |      32.20      
   144476    |      23.62       |      30.75      
   144477    |      23.77       |      30.67      
   144478    |      20.60       |      24.76      
   144479    |      18.29       |      24.58      
   144480    |      17.88       |      23.79      
   144481    |      16.49       |      24.37      
   144482    |      21.12       |      30.12      
   144483    |      21.02       |      29.53      
   144484    |      25.77       |      34.99      
   144485    |      25.48       |      34.05      
   144486    |      21.38       |      28.88      
   144487    |      22.11       |      28.65      
   144488    |      20.61       |      25.95      
   144489    |      18.53       |      26.25      
   144490    |      16.41       |      22.91      
   144491    |      16.19       |      22.97      
   144492    |      17.53       |      25.03      
   144493    |      18.76       |      24.64      
   144494    |      22.16       |      29.83      
   144495    |      22.58       |      29.50      
   144496    |      20.03       |      25.00      
   144497    |      20.57       |      25.11      
   144498    |      21.31       |      26.77      
   144499    |      20.20       |      26.87      
   144500    |      17.83       |      21.49      
   144501    |      14.57       |      23.82      
   144502    |      22.89       |      13.93      
   144503    |      22.02       |      13.69      
   144504    |      30.21       |      20.90      
   144505    |      27.94       |      19.82      
   144506    |      19.85       |      14.49      
   144507    |      19.94       |      14.12      
   144508    |      18.94       |      13.72      
   144509    |      18.94       |      15.45      
   144510    |      19.33       |      15.52      
   144511    |      22.18       |      17.84      
   144512    |      23.47       |      18.38      
   144513    |      30.13       |      24.54      
   144514    |      31.43       |      25.39      
   144515    |      38.37       |      32.12      
   144516    |      35.11       |      29.82      
   144517    |      42.36       |      36.77      
   144518    |      40.29       |      35.29      
   144519    |      41.49       |      36.45      
   144520    |      46.87       |      40.57      
   144521    |      39.31       |      33.11      
   144522    |      41.89       |      35.16      
   144523    |      41.48       |      34.76      
   144524    |      42.75       |      35.81      
   144525    |      40.64       |      33.72      
   144526    |      46.31       |      38.60      
   144527    |      40.47       |      32.64      
   144528    |      42.95       |      34.87      
   144529    |      40.72       |      34.42      
   144530    |      41.32       |      34.91      
   144531    |      41.38       |      38.29      
   144532    |      45.29       |      40.90      
   144533    |      45.40       |      41.40      
   144534    |      50.56       |      45.23      
   144535    |      50.69       |      44.83      
   144536    |      47.34       |      42.21      
   144537    |      47.35       |      42.04      
   144538    |      42.78       |      38.73      
   144539    |      42.64       |      37.89      
   144540    |      39.26       |      35.62      
   144541    |      36.67       |      33.25      
   144542    |      41.12       |      36.20      
   144543    |      40.69       |      35.81      
   144544    |      39.85       |      35.21      
   144545    |      35.35       |      30.93      
   144546    |      45.73       |      39.01      
   144547    |      34.01       |      27.18      
   144548    |      48.42       |      40.08      
   144549    |      47.98       |      39.63      
   144550    |      37.02       |      29.66      
   144551    |      43.93       |      36.75      
   144552    |      41.58       |      34.72      
   144553    |      32.40       |      25.38      
   144554    |      39.18       |      31.29      
   144555    |      32.62       |      24.47      
   144556    |      44.28       |      35.48      
   144557    |      43.49       |      34.67      
   144558    |      50.83       |      41.84      
   144559    |      53.07       |      44.15      
   144560    |      42.56       |      33.98      
   144561    |      39.59       |      32.22      
   144562    |      46.07       |      38.14      
   144563    |      45.36       |      37.76      
   144564    |      54.10       |      45.93      
   144565    |      55.01       |      46.61      
   144566    |      47.09       |      39.09      
   144567    |      47.26       |      39.21      
   144568    |      47.19       |      39.16      
   144569    |      48.40       |      40.01      
   144570    |      44.71       |      36.51      
   144571    |      49.80       |      40.79      
   144572    |      38.65       |      29.81      
   144573    |      40.16       |      31.16      
   144574    |      41.39       |      32.40      
   144575    |      39.72       |      30.91      
   144576    |      47.72       |      38.81      
   144577    |      48.33       |      39.38      
   144578    |      51.72       |      42.76      
   144579    |      53.95       |      44.91      
   144580    |      59.75       |      50.72      
   144581    |      59.00       |      49.99      
   144582    |      61.23       |      52.23      
   144690    |      31.85       |      40.61      
   144691    |      31.85       |      40.72      
   144692    |      32.77       |      41.77      
   144693    |      32.82       |      41.39      
   144694    |      33.61       |      42.30      
   144695    |      33.84       |      41.92      
   144696    |      32.41       |      40.14      
   144697    |      31.99       |      41.31      
   144698    |      32.81       |      42.21      
   144699    |      33.52       |      43.58      
   144700    |      34.00       |      44.08      
   144701    |      34.04       |      44.13      
   144702    |      32.28       |      42.25      
   144703    |      33.88       |      44.38      
   144704    |      29.51       |      39.85      
   144705    |      29.23       |      39.48      
   144706    |      27.23       |      37.35      
   144707    |      26.54       |      36.17      
   144708    |      29.69       |      39.58      
   144709    |      29.20       |      38.63      
   144710    |      28.21       |      37.51      
   144711    |      29.01       |      36.00      
   144712    |      24.35       |      26.92      
   144713    |      34.63       |      38.90      
   144714    |      33.89       |      37.37      
   144715    |      29.17       |      31.82      
   144716    |      31.39       |      36.77      
   144717    |      18.27       |      21.71      
   144718    |      22.20       |      29.77      
   144719    |      22.79       |      30.36      
   144720    |      36.46       |      46.15      
   144721    |      36.25       |      45.83      
   144722    |      43.03       |      53.00      
   144723    |      35.12       |      45.33      
   144724    |      34.98       |      45.17      
   144725    |      32.83       |      43.07      
   144726    |      23.00       |      32.70      
   144727    |      36.12       |      45.35      
   144728    |      24.97       |      31.95      
   144729    |      25.93       |      32.93      
   144730    |      25.97       |      32.97      
   144731    |      22.90       |      29.78      
   144732    |      23.84       |      31.11      
   144733    |      23.98       |      31.01      
   144734    |      20.75       |      25.29      
   144735    |      21.45       |      25.45      
   144736    |      21.10       |      23.88      
   144737    |      16.98       |      23.08      
   144738    |      21.04       |      29.14      
   144739    |      21.12       |      30.10      
   144740    |      27.86       |      37.49      
   144741    |      27.06       |      36.00      
   144742    |      23.74       |      32.12      
   144743    |      24.52       |      31.37      
   144744    |      21.28       |      25.11      
   144745    |      18.96       |      24.58      
   144746    |      19.51       |      25.63      
   144747    |      19.90       |      25.63      
   144748    |      21.92       |      28.94      
   144749    |      22.41       |      28.82      
   144750    |      24.54       |      31.88      
   144751    |      24.66       |      31.80      
   144752    |      21.02       |      25.63      
   144753    |      20.76       |      25.58      
   144754    |      20.12       |      21.87      
   144755    |      13.81       |      21.04      
   144756    |      12.05       |      16.86      
   144757    |       9.22       |       3.39      
   144758    |      19.86       |      10.04      
   144759    |      16.93       |       8.82      
   144760    |      25.13       |      15.72      
   144761    |      22.01       |      15.04      
   144762    |      19.70       |      13.75      
   144763    |      19.64       |      13.92      
   144764    |      17.41       |      13.20      
   144765    |      16.97       |      12.88      
   144766    |      18.53       |      13.28      
   144767    |      16.50       |      11.62      
   144768    |      18.13       |      12.18      
   144769    |      20.92       |      14.76      
   144770    |      20.83       |      14.71      
   144771    |      30.12       |      23.64      
   144772    |      27.12       |      21.69      
   144773    |      33.49       |      27.75      
   144774    |      36.85       |      30.24      
   144775    |      34.26       |      27.68      
   144776    |      43.74       |      35.67      
   144777    |      40.19       |      32.03      
   144778    |      40.40       |      32.23      
   144779    |      37.00       |      28.72      
   144780    |      37.63       |      29.30      
   144781    |      38.29       |      29.99      
   144782    |      37.94       |      29.68      
   144783    |      45.19       |      37.16      
   144784    |      37.83       |      30.75      
   144785    |      36.72       |      31.67      
   144786    |      32.98       |      29.31      
   144787    |      36.22       |      32.28      
   144788    |      39.62       |      34.57      
   144789    |      39.61       |      34.80      
   144790    |      47.33       |      40.80      
   144791    |      47.13       |      40.90      
   144792    |      44.98       |      39.20      
   144793    |      45.31       |      38.87      
   144794    |      39.59       |      34.42      
   144795    |      40.49       |      35.30      
   144796    |      39.12       |      34.31      
   144797    |      34.55       |      29.99      
   144798    |      38.24       |      32.61      
   144799    |      37.99       |      32.38      
   144800    |      40.55       |      34.38      
   144801    |      33.84       |      27.73      
   144802    |      45.67       |      37.83      
   144803    |      41.08       |      33.11      
   144804    |      44.61       |      36.38      
   144805    |      49.53       |      41.46      
   144806    |      40.60       |      33.42      
   144807    |      37.42       |      30.18      
   144808    |      46.63       |      38.49      
   144809    |      36.30       |      27.75      
   144810    |      38.74       |      30.07      
   144811    |      36.62       |      27.86      
   144812    |      35.13       |      26.46      
   144813    |      46.70       |      38.53      
   144814    |      53.31       |      44.81      
   144815    |      50.14       |      42.75      
   144816    |      43.11       |      36.56      
   144817    |      47.17       |      38.59      
   144818    |      42.26       |      33.93      
   144819    |      43.67       |      34.99      
   144820    |      52.18       |      43.29      
   144821    |      48.86       |      40.65      
   144822    |      47.09       |      38.99      
   144823    |      46.31       |      38.52      
   144824    |      50.39       |      42.36      
   144825    |      52.95       |      44.29      
   144826    |      52.57       |      43.94      
   144827    |      52.74       |      44.09      
   144828    |      43.62       |      35.29      
   144829    |      41.01       |      33.86      
   144830    |      45.93       |      38.36      
   144831    |      47.11       |      39.05      
   144832    |      52.88       |      44.61      
   144833    |      55.26       |      46.57      
   144834    |      57.44       |      48.72      
   144835    |      58.33       |      49.53      
   144836    |      61.49       |      52.67      
   144837    |      64.43       |      55.44      
   144838    |      59.93       |      50.97      
   144946    |      27.84       |      37.22      
   144947    |      27.92       |      37.52      
   144948    |      31.40       |      41.33      
   144949    |      31.04       |      40.37      
   144950    |      33.11       |      42.67      
   144951    |      32.96       |      41.76      
   144952    |      29.40       |      37.45      
   144953    |      29.25       |      37.59      
   144954    |      32.39       |      41.30      
   144955    |      32.53       |      41.97      
   144956    |      32.56       |      41.99      
   144957    |      33.49       |      43.65      
   144958    |      30.62       |      40.58      
   144959    |      31.07       |      41.26      
   144960    |      30.85       |      41.01      
   144961    |      30.70       |      40.78      
   144962    |      27.90       |      37.78      
   144963    |      27.99       |      37.92      
   144964    |      29.29       |      39.31      
   144965    |      29.23       |      39.21      
   144966    |      29.16       |      39.11      
   144967    |      28.45       |      37.68      
   144968    |      20.21       |      27.07      
   144969    |      27.10       |      34.17      
   144970    |      23.17       |      26.53      
   144971    |      19.19       |      21.32      
   144972    |      19.17       |      22.45      
   144973    |      18.82       |      21.97      
   144974    |      25.91       |      34.31      
   144975    |      26.90       |      33.51      
   144976    |      38.05       |      47.11      
   144977    |      38.31       |      47.62      
   144978    |      39.30       |      48.68      
   144979    |      35.92       |      45.40      
   144980    |      36.48       |      46.00      
   144981    |      35.81       |      45.34      
   144982    |      35.03       |      44.49      
   144983    |      34.79       |      44.25      
   144984    |      23.77       |      31.28      
   144985    |      31.64       |      39.19      
   144986    |      27.44       |      33.32      
   144987    |      27.19       |      33.03      
   144988    |      28.11       |      34.46      
   144989    |      23.80       |      29.86      
   144990    |      22.80       |      28.08      
   144991    |      24.48       |      28.38      
   144992    |      24.08       |      27.14      
   144993    |      25.34       |      27.69      
   144994    |      27.02       |      32.02      
   144995    |      24.65       |      31.94      
   144996    |      29.20       |      37.62      
   144997    |      29.59       |      38.88      
   144998    |      24.82       |      33.50      
   144999    |      24.85       |      32.97      
   145000    |      19.62       |      25.20      
   145001    |      22.14       |      25.85      
   145002    |      22.92       |      27.94      
   145003    |      22.25       |      27.83      
   145004    |      21.66       |      26.60      
   145005    |      19.31       |      26.90      
   145006    |      18.25       |      25.34      
   145007    |      17.95       |      26.84      
   145008    |      12.17       |      18.66      
   145009    |      12.05       |      18.71      
   145010    |      13.64       |      11.51      
   145011    |       6.40       |       9.98      
   145012    |      10.69       |       6.38      
   145013    |      12.51       |       3.84      
   145014    |      15.72       |       6.25      
   145015    |      13.93       |       6.26      
   145016    |      18.67       |       9.62      
   145017    |      16.30       |      10.67      
   145018    |      17.92       |      11.36      
   145019    |      17.55       |      12.21      
   145020    |      16.51       |      11.94      
   145021    |      16.56       |      13.64      
   145022    |      15.80       |      13.74      
   145023    |      22.50       |      18.55      
   145024    |      27.66       |      21.21      
   145025    |      18.37       |      12.53      
   145026    |      21.11       |      14.04      
   145027    |      19.39       |      12.36      
   145028    |      22.00       |      14.17      
   145029    |      22.10       |      14.29      
   145030    |      34.57       |      25.33      
   145031    |      29.84       |      20.35      
   145032    |      33.94       |      24.35      
   145033    |      40.11       |      30.80      
   145034    |      32.72       |      23.81      
   145035    |      39.19       |      30.60      
   145036    |      34.05       |      25.98      
   145037    |      38.95       |      31.07      
   145038    |      34.64       |      27.38      
   145039    |      41.70       |      34.56      
   145040    |      32.19       |      27.25      
   145041    |      36.40       |      31.26      
   145042    |      31.25       |      28.15      
   145043    |      34.39       |      30.95      
   145044    |      39.83       |      34.47      
   145045    |      37.60       |      32.34      
   145046    |      44.63       |      37.85      
   145047    |      45.83       |      38.10      
   145048    |      42.00       |      34.77      
   145049    |      41.34       |      34.80      
   145050    |      37.12       |      31.53      
   145051    |      37.70       |      32.10      
   145052    |      37.00       |      31.59      
   145053    |      36.52       |      31.14      
   145054    |      42.09       |      35.49      
   145055    |      34.69       |      28.11      
   145056    |      38.68       |      31.42      
   145057    |      36.61       |      29.32      
   145058    |      43.82       |      35.75      
   145059    |      44.98       |      36.95      
   145060    |      47.36       |      39.16      
   145061    |      44.44       |      36.15      
   145062    |      43.00       |      34.82      
   145063    |      36.80       |      28.38      
   145064    |      45.05       |      36.23      
   145065    |      44.24       |      35.40      
   145066    |      35.53       |      27.13      
   145067    |      40.21       |      32.04      
   145068    |      33.38       |      25.92      
   145069    |      39.53       |      32.29      
   145070    |      46.93       |      38.98      
   145071    |      47.98       |      40.07      
   145072    |      49.82       |      41.80      
   145073    |      52.00       |      43.37      
   145074    |      45.35       |      37.02      
   145075    |      45.76       |      37.32      
   145076    |      47.47       |      38.97      
   145077    |      44.09       |      37.19      
   145078    |      48.59       |      41.25      
   145079    |      48.41       |      41.19      
   145080    |      57.70       |      49.81      
   145081    |      58.19       |      50.14      
   145082    |      56.91       |      48.94      
   145083    |      55.25       |      47.99      
   145084    |      45.59       |      39.35      
   145085    |      46.29       |      39.30      
   145086    |      50.87       |      43.51      
   145087    |      53.03       |      44.85      
   145088    |      57.78       |      49.45      
   145089    |      59.06       |      50.50      
   145090    |      60.27       |      51.69      
   145091    |      60.58       |      51.96      
   145092    |      67.53       |      58.81      
   145094    |      62.74       |      53.95      
   145202    |      27.27       |      37.28      
   145203    |      27.01       |      36.57      
   145204    |      29.66       |      39.50      
   145205    |      30.08       |      40.26      
   145206    |      34.28       |      44.68      
   145207    |      33.02       |      42.58      
   145208    |      30.01       |      39.18      
   145209    |      30.47       |      38.29      
   145210    |      29.52       |      37.03      
   145211    |      29.02       |      38.62      
   145212    |      28.95       |      38.52      
   145213    |      29.47       |      39.52      
   145214    |      29.47       |      39.49      
   145215    |      29.71       |      39.85      
   145216    |      29.71       |      39.83      
   145217    |      30.15       |      40.45      
   145218    |      26.96       |      37.06      
   145219    |      29.07       |      39.06      
   145220    |      29.33       |      39.33      
   145221    |      30.45       |      40.39      
   145222    |      29.55       |      39.41      
   145223    |      27.89       |      37.81      
   145224    |      20.08       |      28.93      
   145225    |      25.10       |      33.79      
   145226    |      18.14       |      20.40      
   145227    |      18.15       |      20.41      
   145228    |      18.10       |      21.36      
   145229    |      18.06       |      21.30      
   145230    |      25.37       |      34.05      
   145231    |      25.36       |      33.89      
   145232    |      35.20       |      44.85      
   145233    |      33.80       |      43.49      
   145234    |      34.69       |      44.44      
   145235    |      38.79       |      48.38      
   145236    |      36.46       |      45.86      
   145237    |      41.05       |      50.30      
   145238    |      37.46       |      46.31      
   145239    |      37.49       |      46.37      
   145240    |      30.93       |      38.63      
   145241    |      32.50       |      40.20      
   145242    |      27.71       |      33.44      
   145243    |      29.65       |      35.50      
   145244    |      28.56       |      33.65      
   145245    |      29.51       |      34.69      
   145246    |      28.57       |      32.83      
   145247    |      27.49       |      31.58      
   145248    |      26.54       |      29.27      
   145249    |      26.38       |      29.19      
   145250    |      27.12       |      31.39      
   145251    |      25.77       |      30.93      
   145252    |      27.35       |      33.58      
   145253    |      25.89       |      34.94      
   145254    |      23.24       |      31.86      
   145255    |      23.35       |      32.33      
   145256    |      18.89       |      26.88      
   145257    |      21.18       |      26.46      
   145258    |      20.38       |      24.04      
   145259    |      17.46       |      23.48      
   145260    |      16.43       |      20.16      
   145261    |      13.40       |      20.09      
   145262    |      12.43       |      17.32      
   145263    |      10.57       |      20.08      
   145264    |       5.42       |      12.23      
   145265    |       4.63       |      14.51      
   145266    |       8.33       |       3.35      
   145267    |       7.37       |       5.62      
   145268    |      12.77       |       4.61      
   145269    |      12.10       |       5.21      
   145270    |      13.75       |       5.83      
   145271    |      14.51       |       5.65      
   145272    |      13.21       |       4.84      
   145273    |      12.19       |       5.74      
   145274    |      14.15       |       6.43      
   145275    |      13.51       |       7.07      
   145276    |      11.68       |       6.89      
   145277    |      12.33       |       5.57      
   145278    |       9.97       |       5.70      
   145279    |       9.89       |       5.95      
   145280    |      21.10       |      11.74      
   145281    |      22.75       |      13.56      
   145282    |      20.71       |      11.76      
   145283    |      18.83       |       9.69      
   145284    |      12.07       |       5.32      
   145285    |      23.38       |      16.40      
   145286    |      28.25       |      20.17      
   145287    |      38.47       |      30.74      
   145288    |      40.00       |      32.08      
   145289    |      37.87       |      29.91      
   145290    |      31.55       |      24.65      
   145291    |      38.24       |      31.40      
   145292    |      36.58       |      30.08      
   145293    |      38.85       |      32.35      
   145294    |      36.75       |      30.74      
   145295    |      38.95       |      32.94      
   145296    |      33.79       |      29.21      
   145297    |      33.86       |      29.78      
   145298    |      35.17       |      30.59      
   145299    |      27.48       |      23.60      
   145300    |      36.42       |      29.65      
   145301    |      34.31       |      27.56      
   145302    |      44.27       |      36.14      
   145303    |      43.00       |      35.60      
   145304    |      40.92       |      33.83      
   145305    |      39.26       |      32.18      
   145306    |      33.96       |      27.98      
   145307    |      35.53       |      29.53      
   145308    |      34.13       |      28.51      
   145309    |      35.98       |      30.32      
   145310    |      41.39       |      34.60      
   145311    |      42.03       |      34.69      
   145312    |      44.01       |      36.44      
   145313    |      37.23       |      29.51      
   145314    |      41.46       |      33.32      
   145315    |      43.93       |      35.88      
   145316    |      44.01       |      35.97      
   145317    |      48.49       |      40.60      
   145318    |      43.13       |      35.79      
   145319    |      46.20       |      38.94      
   145320    |      47.81       |      40.38      
   145321    |      50.36       |      42.99      
   145322    |      46.05       |      39.21      
   145323    |      39.76       |      32.80      
   145324    |      38.66       |      31.88      
   145325    |      35.14       |      28.29      
   145326    |      48.15       |      39.97      
   145327    |      45.67       |      37.39      
   145328    |      52.32       |      43.74      
   145329    |      51.49       |      43.14      
   145330    |      47.46       |      39.35      
   145331    |      46.63       |      38.89      
   145332    |      42.20       |      34.89      
   145333    |      41.62       |      34.91      
   145334    |      47.70       |      40.33      
   145335    |      46.94       |      40.20      
   145336    |      59.80       |      52.01      
   145337    |      57.59       |      51.18      
   145338    |      59.36       |      52.78      
   145339    |      58.87       |      52.77      
   145340    |      54.58       |      49.02      
   145341    |      57.58       |      49.76      
   145342    |      55.82       |      48.11      
   145343    |      58.81       |      50.31      
   145344    |      59.52       |      51.02      
   145345    |      59.67       |      51.15      
   145346    |      61.15       |      52.60      
   145347    |      63.84       |      54.99      
   145349    |      67.12       |      58.40      
   145350    |      67.47       |      58.76      
   145458    |      23.99       |      34.71      
   145459    |      30.79       |      41.21      
   145460    |      32.76       |      43.26      
   145461    |      31.52       |      40.96      
   145462    |      35.75       |      45.62      
   145463    |      36.01       |      46.08      
   145464    |      29.12       |      38.47      
   145465    |      27.50       |      36.89      
   145466    |      24.03       |      32.73      
   145467    |      21.69       |      30.41      
   145468    |      27.87       |      37.67      
   145469    |      27.88       |      37.67      
   145470    |      29.76       |      39.72      
   145471    |      30.72       |      40.65      
   145472    |      30.61       |      40.51      
   145473    |      29.05       |      39.00      
   145474    |      29.23       |      39.18      
   145475    |      29.25       |      39.20      
   145476    |      30.16       |      40.17      
   145477    |      31.61       |      41.55      
   145478    |      28.88       |      38.57      
   145479    |      31.50       |      41.08      
   145480    |      25.37       |      33.98      
   145481    |      33.73       |      42.20      
   145482    |      25.10       |      26.62      
   145483    |      35.12       |      38.91      
   145484    |      34.44       |      35.95      
   145485    |      27.90       |      26.90      
   145486    |      31.52       |      38.82      
   145487    |      15.00       |      21.07      
   145488    |      31.19       |      41.49      
   145489    |      33.14       |      43.37      
   145490    |      35.36       |      45.65      
   145491    |      43.46       |      53.50      
   145492    |      38.56       |      48.32      
   145493    |      46.95       |      56.47      
   145494    |      38.55       |      47.16      
   145495    |      37.16       |      45.78      
   145496    |      32.74       |      40.38      
   145497    |      27.80       |      35.40      
   145498    |      25.73       |      32.42      
   145499    |      27.19       |      33.94      
   145500    |      25.88       |      31.77      
   145501    |      26.97       |      32.94      
   145502    |      25.62       |      30.05      
   145503    |      26.27       |      30.80      
   145504    |      26.22       |      28.95      
   145505    |      27.88       |      31.02      
   145506    |      27.83       |      30.60      
   145507    |      24.36       |      28.96      
   145508    |      25.44       |      31.26      
   145509    |      24.37       |      31.11      
   145510    |      26.09       |      33.56      
   145511    |      25.76       |      33.81      
   145512    |      20.58       |      25.31      
   145513    |      17.34       |      25.72      
   145514    |      13.31       |      18.15      
   145515    |      10.04       |      12.96      
   145516    |       9.71       |      14.85      
   145517    |      11.55       |      17.31      
   145518    |      11.40       |      16.53      
   145519    |       8.87       |      12.22      
   145520    |       8.46       |      13.91      
   145521    |       6.89       |       4.65      
   145522    |       6.78       |       4.73      
   145523    |       6.54       |      10.46      
   145524    |      12.94       |       6.91      
   145525    |      12.43       |      11.19      
   145526    |      17.74       |      11.59      
   145527    |      17.93       |      11.30      
   145528    |      14.85       |      10.24      
   145529    |      17.03       |       8.24      
   145530    |      12.88       |       5.77      
   145531    |      14.64       |       5.32      
   145532    |      11.47       |       3.31      
   145533    |      11.87       |       3.09      
   145534    |       8.38       |       3.30      
   145535    |      13.31       |       3.83      
   145536    |      18.95       |       9.12      
   145537    |      21.04       |      11.10      
   145538    |      18.89       |       8.97      
   145539    |      20.15       |      10.31      
   145540    |       9.86       |       1.58      
   145541    |      11.47       |       3.20      
   145542    |      16.80       |       7.28      
   145543    |      27.48       |      18.97      
   145544    |      31.72       |      22.80      
   145545    |      38.13       |      29.55      
   145546    |      26.63       |      19.87      
   145547    |      31.99       |      25.24      
   145548    |      30.13       |      23.87      
   145549    |      37.17       |      30.83      
   145550    |      37.73       |      31.27      
   145551    |      35.38       |      28.95      
   145552    |      32.25       |      26.77      
   145553    |      28.87       |      23.62      
   145554    |      34.00       |      27.24      
   145555    |      27.77       |      21.10      
   145556    |      34.78       |      26.79      
   145557    |      32.53       |      24.49      
   145558    |      34.06       |      25.85      
   145559    |      40.79       |      32.79      
   145560    |      37.04       |      29.50      
   145561    |      39.44       |      31.96      
   145562    |      29.39       |      24.26      
   145563    |      36.21       |      30.78      
   145564    |      35.96       |      30.60      
   145565    |      35.41       |      30.09      
   145566    |      47.06       |      39.56      
   145567    |      41.03       |      33.42      
   145568    |      48.22       |      39.93      
   145569    |      41.05       |      32.51      
   145570    |      39.06       |      30.67      
   145571    |      41.00       |      32.70      
   145572    |      41.28       |      32.97      
   145573    |      43.48       |      35.26      
   145574    |      37.63       |      29.99      
   145575    |      42.70       |      35.21      
   145576    |      44.48       |      36.82      
   145577    |      47.30       |      39.73      
   145578    |      45.43       |      38.06      
   145579    |      44.08       |      36.69      
   145580    |      42.70       |      35.48      
   145581    |      36.82       |      29.45      
   145582    |      49.39       |      41.00      
   145583    |      47.31       |      38.85      
   145584    |      50.25       |      41.68      
   145585    |      50.91       |      42.22      
   145586    |      43.64       |      35.26      
   145587    |      42.97       |      34.82      
   145588    |      37.43       |      29.74      
   145589    |      36.82       |      29.61      
   145590    |      42.15       |      34.40      
   145591    |      41.88       |      34.28      
   145592    |      48.32       |      40.27      
   145593    |      46.07       |      39.49      
   145594    |      52.27       |      45.06      
   145595    |      52.90       |      45.33      
   145596    |      57.54       |      49.70      
   145597    |      60.50       |      51.92      
   145598    |      58.80       |      50.29      
   145599    |      62.99       |      54.01      
   145600    |      56.78       |      47.88      
   145601    |      57.97       |      48.99      
   145602    |      62.25       |      53.26      
   145603    |      60.14       |      51.28      
   145604    |      65.45       |      56.56      
   145605    |      64.18       |      55.39      
   145606    |      66.20       |      57.39      
   145714    |      29.60       |      40.25      
   145715    |      39.54       |      49.80      
   145716    |      36.07       |      46.08      
   145717    |      35.93       |      45.80      
   145718    |      35.80       |      45.65      
   145719    |      33.27       |      43.20      
   145720    |      27.95       |      37.23      
   145721    |      29.13       |      38.37      
   145722    |      24.30       |      32.36      
   145723    |      30.66       |      38.73      
   145724    |      33.17       |      41.83      
   145725    |      27.68       |      36.39      
   145726    |      32.56       |      42.10      
   145727    |      27.57       |      37.23      
   145728    |      29.42       |      39.28      
   145729    |      31.37       |      41.15      
   145730    |      30.39       |      40.07      
   145731    |      31.00       |      40.64      
   145732    |      32.37       |      42.14      
   145733    |      37.47       |      47.06      
   145734    |      33.56       |      42.69      
   145735    |      35.10       |      44.18      
   145736    |      32.72       |      41.40      
   145737    |      33.66       |      42.32      
   145738    |      25.52       |      30.75      
   145739    |      27.24       |      32.63      
   145740    |      27.72       |      26.70      
   145741    |      25.46       |      22.70      
   145742    |      22.36       |      26.61      
   145743    |      21.96       |      26.13      
   145744    |      36.00       |      45.61      
   145745    |      34.23       |      43.88      
   145746    |      42.78       |      52.94      
   145747    |      40.68       |      50.89      
   145748    |      42.84       |      53.12      
   145749    |      43.03       |      53.29      
   145750    |      32.34       |      42.04      
   145751    |      32.19       |      41.88      
   145752    |      24.26       |      32.77      
   145753    |      21.14       |      29.69      
   145754    |      20.79       |      29.23      
   145755    |      23.08       |      31.47      
   145756    |      20.75       |      28.27      
   145757    |      24.16       |      31.73      
   145758    |      21.42       |      26.90      
   145759    |      23.54       |      29.26      
   145760    |      22.71       |      26.47      
   145761    |      26.54       |      31.04      
   145762    |      26.18       |      29.08      
   145763    |      27.98       |      31.32      
   145764    |      28.55       |      33.11      
   145765    |      26.98       |      32.53      
   145766    |      29.11       |      35.99      
   145767    |      18.42       |      24.47      
   145768    |      17.87       |      23.08      
   145769    |      10.31       |      10.60      
   145770    |       9.06       |      12.15      
   145771    |       9.05       |      12.13      
   145772    |       8.87       |      15.52      
   145773    |       9.05       |      15.71      
   145774    |       9.15       |      12.43      
   145775    |       9.67       |      13.46      
   145776    |      11.84       |      10.92      
   145777    |      11.77       |      10.36      
   145778    |       9.50       |      12.56      
   145779    |       8.90       |      11.08      
   145780    |      10.85       |       9.37      
   145781    |      10.94       |      10.29      
   145782    |      17.65       |      10.82      
   145783    |      18.52       |      10.44      
   145784    |      18.04       |      10.12      
   145785    |      20.24       |      10.80      
   145786    |      15.14       |       6.53      
   145787    |      15.72       |       6.62      
   145788    |      12.31       |       4.45      
   145789    |      11.15       |       6.18      
   145790    |      14.82       |       7.14      
   145791    |      14.25       |       6.57      
   145792    |      20.25       |      11.13      
   145793    |      19.19       |       9.96      
   145794    |      19.48       |      10.24      
   145795    |      19.19       |       9.93      
   145796    |      15.20       |       6.59      
   145797    |       9.86       |       0.17      
   145798    |      19.64       |       9.78      
   145799    |      17.13       |       7.52      
   145800    |      19.21       |       9.55      
   145801    |      30.92       |      21.57      
   145802    |      20.01       |      11.74      
   145803    |      24.36       |      16.36      
   145804    |      25.44       |      17.26      
   145805    |      26.05       |      17.92      
   145806    |      30.44       |      21.76      
   145807    |      31.83       |      23.23      
   145808    |      27.03       |      19.09      
   145809    |      25.76       |      17.79      
   145810    |      27.37       |      19.15      
   145811    |      30.27       |      22.17      
   145812    |      31.71       |      23.43      
   145813    |      34.25       |      26.07      
   145814    |      32.85       |      24.85      
   145815    |      34.87       |      26.95      
   145816    |      31.61       |      24.18      
   145817    |      37.75       |      30.42      
   145818    |      27.82       |      23.18      
   145819    |      30.58       |      25.75      
   145820    |      35.73       |      29.34      
   145821    |      32.26       |      25.92      
   145822    |      46.36       |      38.04      
   145823    |      43.64       |      35.25      
   145824    |      48.68       |      39.99      
   145825    |      46.56       |      37.80      
   145826    |      39.21       |      30.94      
   145827    |      39.46       |      31.21      
   145828    |      39.24       |      31.02      
   145829    |      41.91       |      33.81      
   145830    |      44.86       |      36.54      
   145831    |      34.82       |      26.08      
   145832    |      42.45       |      33.42      
   145833    |      39.95       |      30.85      
   145834    |      35.96       |      26.97      
   145835    |      40.89       |      32.13      
   145836    |      38.12       |      29.51      
   145837    |      38.37       |      29.78      
   145838    |      43.65       |      34.85      
   145839    |      48.48       |      39.86      
   145840    |      50.98       |      42.29      
   145841    |      50.46       |      41.86      
   145842    |      42.83       |      34.63      
   145843    |      42.97       |      34.72      
   145844    |      35.44       |      27.85      
   145845    |      36.38       |      28.26      
   145846    |      39.02       |      30.73      
   145847    |      42.36       |      33.39      
   145848    |      36.03       |      27.21      
   145849    |      37.18       |      28.20      
   145850    |      44.52       |      35.48      
   145851    |      46.12       |      37.01      
   145852    |      55.50       |      46.39      
   145853    |      54.77       |      45.68      
   145854    |      61.15       |      52.06      
   145855    |      60.46       |      51.38      
   145856    |      56.99       |      47.94      
   145857    |      54.67       |      45.73      
   145858    |      59.14       |      50.18      
   145859    |      56.59       |      47.86      
   145860    |      63.93       |      55.10      
   145861    |      66.49       |      57.51      
   145862    |      63.47       |      54.52      
   145970    |      39.39       |      49.67      
   145971    |      36.82       |      47.19      
   145972    |      34.84       |      45.08      
   145973    |      35.25       |      45.47      
   145974    |      32.80       |      42.83      
   145975    |      30.77       |      40.87      
   145976    |      27.11       |      36.82      
   145977    |      29.62       |      39.23      
   145978    |      26.26       |      35.31      
   145979    |      34.03       |      42.91      
   145980    |      30.53       |      38.60      
   145981    |      24.31       |      32.34      
   145982    |      29.27       |      38.54      
   145983    |      25.03       |      34.40      
   145984    |      30.36       |      40.38      
   145985    |      31.52       |      41.48      
   145986    |      30.19       |      40.02      
   145987    |      32.39       |      42.13      
   145988    |      35.52       |      45.52      
   145989    |      40.03       |      49.87      
   145990    |      34.24       |      43.50      
   145991    |      33.83       |      43.09      
   145992    |      32.06       |      41.06      
   145993    |      16.74       |      26.30      
   145994    |      14.13       |      23.02      
   145995    |      12.94       |      21.87      
   145996    |      14.63       |      10.51      
   145997    |      23.48       |      26.65      
   145998    |      23.59       |      27.44      
   145999    |      34.31       |      39.50      
   146000    |      41.79       |      49.86      
   146001    |      35.20       |      43.28      
   146002    |      44.76       |      54.21      
   146003    |      38.43       |      48.03      
   146004    |      44.49       |      54.49      
   146005    |      33.05       |      43.36      
   146006    |      30.13       |      40.32      
   146007    |      26.36       |      36.66      
   146008    |      17.82       |      27.48      
   146009    |      20.30       |      29.83      
   146010    |      19.75       |      29.19      
   146011    |      20.16       |      29.56      
   146012    |      18.78       |      27.92      
   146013    |      19.52       |      28.62      
   146014    |      15.87       |      23.66      
   146015    |      22.94       |      30.82      
   146016    |      19.96       |      25.67      
   146017    |      23.25       |      29.31      
   146018    |      22.15       |      26.27      
   146019    |      21.63       |      25.61      
   146020    |      22.26       |      27.76      
   146021    |      22.14       |      27.61      
   146022    |      22.03       |      27.34      
   146023    |      13.74       |      16.49      
   146024    |      14.76       |      15.07      
   146025    |      13.84       |      11.72      
   146026    |      11.17       |      13.85      
   146027    |       9.83       |       9.54      
   146028    |       8.01       |      15.09      
   146029    |       4.58       |      10.19      
   146030    |       4.60       |      10.13      
   146031    |       4.62       |      10.17      
   146032    |       8.40       |       6.11      
   146033    |       8.13       |       7.64      
   146034    |       6.53       |       9.21      
   146035    |       6.88       |       5.51      
   146036    |       6.78       |       5.58      
   146037    |       7.64       |       3.68      
   146038    |      16.89       |       7.16      
   146039    |      12.91       |       8.84      
   146040    |      21.75       |      13.37      
   146041    |      20.69       |      13.40      
   146042    |      18.85       |      12.30      
   146043    |      20.32       |      11.90      
   146044    |      12.30       |       8.10      
   146045    |      12.63       |       7.08      
   146046    |      13.70       |       7.30      
   146047    |      15.90       |       9.29      
   146048    |      19.32       |      11.36      
   146049    |      21.87       |      14.02      
   146050    |      21.49       |      13.74      
   146051    |      21.14       |      13.39      
   146052    |      18.77       |      11.81      
   146053    |      16.58       |       9.68      
   146054    |      18.03       |      10.53      
   146055    |      22.08       |      14.68      
   146056    |      22.42       |      14.93      
   146057    |      21.13       |      13.63      
   146058    |      25.72       |      17.28      
   146059    |      19.40       |      10.49      
   146060    |      28.47       |      18.97      
   146061    |      23.55       |      13.82      
   146062    |      24.43       |      14.71      
   146063    |      29.03       |      19.52      
   146064    |      25.84       |      16.45      
   146065    |      24.51       |      15.04      
   146066    |      23.42       |      14.01      
   146067    |      25.60       |      16.36      
   146068    |      22.81       |      13.75      
   146069    |      31.02       |      22.46      
   146070    |      26.13       |      18.21      
   146071    |      33.72       |      26.01      
   146072    |      29.50       |      22.60      
   146073    |      33.22       |      26.34      
   146074    |      32.64       |      25.89      
   146075    |      22.36       |      15.68      
   146076    |      30.70       |      22.34      
   146077    |      30.05       |      21.67      
   146078    |      39.12       |      30.12      
   146079    |      44.64       |      35.86      
   146080    |      44.66       |      35.89      
   146081    |      49.01       |      40.40      
   146082    |      43.06       |      34.87      
   146083    |      39.04       |      30.70      
   146084    |      37.70       |      29.49      
   146085    |      39.52       |      31.40      
   146086    |      43.82       |      35.39      
   146087    |      44.61       |      36.22      
   146088    |      49.96       |      41.29      
   146089    |      42.73       |      33.80      
   146090    |      41.40       |      32.52      
   146091    |      35.67       |      26.57      
   146092    |      33.01       |      24.00      
   146093    |      37.60       |      28.81      
   146094    |      36.23       |      27.51      
   146095    |      45.42       |      37.09      
   146096    |      50.65       |      42.08      
   146097    |      48.35       |      40.47      
   146098    |      45.64       |      38.00      
   146099    |      48.45       |      39.86      
   146100    |      37.29       |      29.40      
   146101    |      40.67       |      31.79      
   146102    |      44.90       |      35.94      
   146103    |      42.10       |      33.07      
   146104    |      41.50       |      32.50      
   146105    |      36.35       |      27.24      
   146106    |      45.88       |      36.75      
   146107    |      42.53       |      33.58      
   146108    |      55.51       |      46.45      
   146109    |      54.62       |      45.61      
   146110    |      61.30       |      52.26      
   146111    |      60.30       |      51.31      
   146112    |      54.83       |      45.90      
   146113    |      56.03       |      47.03      
   146114    |      54.55       |      45.58      
   146115    |      52.03       |      43.29      
   146116    |      67.38       |      58.46      
   146117    |      65.74       |      56.94      
   146118    |      63.83       |      55.07      
   146226    |      36.43       |      46.88      
   146227    |      42.62       |      52.83      
   146228    |      37.28       |      47.08      
   146229    |      38.75       |      48.49      
   146230    |      34.66       |      43.91      
   146231    |      31.29       |      40.64      
   146232    |      31.02       |      40.31      
   146233    |      28.96       |      38.30      
   146234    |      30.78       |      40.37      
   146235    |      23.13       |      33.00      
   146236    |      19.76       |      29.03      
   146237    |      22.94       |      32.10      
   146238    |      24.63       |      34.10      
   146239    |      30.76       |      40.03      
   146240    |      33.20       |      42.79      
   146241    |      29.30       |      39.01      
   146242    |      31.60       |      41.52      
   146243    |      31.60       |      41.51      
   146244    |      37.73       |      48.02      
   146245    |      35.66       |      46.01      
   146246    |      30.37       |      40.42      
   146247    |      29.17       |      39.25      
   146248    |      19.38       |      28.05      
   146249    |      18.67       |      27.35      
   146250    |      16.38       |      24.01      
   146251    |      24.07       |      31.78      
   146252    |      20.35       |      24.06      
   146253    |      32.45       |      37.80      
   146254    |      32.61       |      38.09      
   146255    |      41.51       |      47.50      
   146256    |      42.93       |      49.49      
   146257    |      40.48       |      46.97      
   146258    |      46.15       |      54.19      
   146259    |      38.76       |      46.83      
   146260    |      41.20       |      49.73      
   146261    |      24.25       |      33.09      
   146262    |      29.12       |      38.69      
   146263    |      19.92       |      29.85      
   146264    |      19.33       |      29.19      
   146265    |      21.87       |      31.60      
   146266    |      19.95       |      29.42      
   146267    |      18.15       |      27.69      
   146268    |      18.21       |      27.75      
   146269    |      21.13       |      30.53      
   146270    |      19.08       |      28.09      
   146271    |      22.41       |      31.32      
   146272    |      18.10       |      25.44      
   146273    |      19.62       |      27.01      
   146274    |      17.51       |      22.24      
   146275    |      16.57       |      21.04      
   146276    |      17.51       |      24.00      
   146277    |      13.93       |      19.90      
   146278    |      13.82       |      16.55      
   146279    |      15.21       |      18.70      
   146280    |      17.61       |      16.04      
   146281    |      18.08       |      17.33      
   146282    |      17.56       |      17.58      
   146283    |      16.25       |      12.59      
   146284    |      11.92       |      15.20      
   146285    |      10.21       |       6.03      
   146286    |       5.23       |      10.48      
   146287    |       7.01       |       3.25      
   146288    |       5.63       |       4.58      
   146289    |       7.00       |       3.27      
   146290    |       6.04       |       4.23      
   146291    |       5.02       |       5.12      
   146292    |       7.29       |       2.84      
   146293    |       4.62       |       7.93      
   146294    |      10.25       |       4.03      
   146295    |      12.65       |      17.09      
   146296    |      22.07       |      15.44      
   146297    |      21.59       |      18.15      
   146298    |      25.93       |      20.10      
   146299    |      28.53       |      19.84      
   146300    |      15.62       |      11.67      
   146301    |      16.65       |       9.37      
   146302    |      12.79       |       8.15      
   146303    |      15.20       |       9.93      
   146304    |      17.53       |      10.82      
   146305    |      21.01       |      14.17      
   146306    |      20.52       |      13.88      
   146307    |      23.30       |      16.59      
   146308    |      22.99       |      16.39      
   146309    |      19.53       |      13.08      
   146310    |      19.86       |      13.27      
   146311    |      19.23       |      12.67      
   146312    |      24.12       |      16.06      
   146313    |      21.48       |      13.31      
   146314    |      23.60       |      15.06      
   146315    |      25.81       |      17.41      
   146316    |      33.84       |      24.73      
   146317    |      28.61       |      19.21      
   146318    |      31.53       |      22.05      
   146319    |      24.45       |      14.71      
   146320    |      23.28       |      13.56      
   146321    |      25.48       |      15.83      
   146322    |      18.66       |       9.13      
   146323    |      23.92       |      14.88      
   146324    |      14.33       |       7.38      
   146325    |      26.60       |      19.57      
   146326    |      22.17       |      16.70      
   146327    |      31.41       |      25.44      
   146328    |      33.13       |      26.70      
   146329    |      31.02       |      24.63      
   146330    |      40.21       |      32.22      
   146331    |      28.57       |      20.20      
   146332    |      36.10       |      27.12      
   146333    |      28.76       |      19.46      
   146334    |      34.88       |      25.47      
   146335    |      38.19       |      28.89      
   146336    |      40.14       |      30.81      
   146337    |      43.22       |      34.01      
   146338    |      39.46       |      30.36      
   146339    |      40.52       |      31.48      
   146340    |      38.38       |      29.43      
   146341    |      35.54       |      26.48      
   146342    |      34.90       |      25.87      
   146343    |      43.18       |      34.53      
   146344    |      48.67       |      39.80      
   146345    |      49.37       |      40.54      
   146346    |      45.79       |      37.10      
   146347    |      41.50       |      32.66      
   146348    |      31.94       |      23.69      
   146349    |      35.54       |      27.47      
   146350    |      37.22       |      29.01      
   146351    |      37.95       |      29.78      
   146352    |      46.61       |      37.97      
   146353    |      44.93       |      36.24      
   146354    |      47.65       |      38.89      
   146355    |      49.09       |      40.13      
   146356    |      43.89       |      35.07      
   146357    |      40.46       |      31.53      
   146358    |      44.05       |      35.06      
   146359    |      44.89       |      35.93      
   146360    |      42.20       |      33.32      
   146361    |      43.51       |      34.49      
   146362    |      42.37       |      33.38      
   146363    |      41.82       |      32.89      
   146364    |      54.32       |      45.27      
   146365    |      56.13       |      47.03      
   146366    |      58.82       |      49.73      
   146367    |      57.91       |      48.84      
   146368    |      55.51       |      46.46      
   146369    |      51.97       |      43.18      
   146370    |      51.87       |      43.10      
   146371    |      52.04       |      43.25      
   146372    |      64.51       |      55.59      
   146373    |      63.05       |      54.24      
   146374    |      63.84       |      55.03      
   146483    |      41.97       |      52.57      
   146484    |      35.96       |      46.27      
   146485    |      38.20       |      48.42      
   146486    |      30.58       |      40.09      
   146487    |      31.44       |      40.90      
   146488    |      29.64       |      38.82      
   146489    |      25.36       |      34.66      
   146490    |      25.30       |      34.59      
   146491    |      22.67       |      32.04      
   146492    |      22.40       |      31.71      
   146493    |      29.89       |      38.96      
   146494    |      30.91       |      40.15      
   146495    |      29.12       |      38.39      
   146496    |      30.35       |      39.81      
   146497    |      31.29       |      40.70      
   146498    |      32.94       |      42.54      
   146499    |      33.08       |      42.67      
   146500    |      37.51       |      47.48      
   146501    |      37.38       |      47.34      
   146502    |      31.87       |      41.31      
   146503    |      28.60       |      38.13      
   146504    |      21.43       |      29.25      
   146505    |      28.33       |      36.16      
   146506    |      26.52       |      33.62      
   146507    |      34.25       |      41.50      
   146508    |      30.92       |      36.55      
   146509    |      35.08       |      40.96      
   146510    |      36.98       |      43.74      
   146511    |      39.89       |      46.72      
   146512    |      39.46       |      46.14      
   146513    |      37.89       |      44.51      
   146514    |      40.99       |      48.60      
   146515    |      30.10       |      37.62      
   146516    |      29.70       |      37.07      
   146517    |      25.31       |      32.59      
   146518    |      26.80       |      34.66      
   146519    |      26.27       |      34.12      
   146520    |      27.31       |      35.46      
   146521    |      23.05       |      31.22      
   146522    |      22.76       |      30.83      
   146523    |      19.15       |      27.21      
   146524    |      22.46       |      31.45      
   146525    |      25.85       |      34.73      
   146526    |      23.98       |      32.44      
   146527    |      24.42       |      32.86      
   146528    |      20.98       |      28.01      
   146529    |      20.82       |      27.83      
   146530    |      18.95       |      22.93      
   146531    |      18.94       |      22.90      
   146532    |      19.07       |      23.81      
   146533    |      17.54       |      21.88      
   146534    |      17.56       |      20.64      
   146535    |      17.53       |      20.58      
   146536    |      19.39       |      18.70      
   146537    |      18.14       |      13.84      
   146538    |      17.10       |      13.66      
   146539    |      17.71       |      10.90      
   146540    |      12.65       |       9.65      
   146541    |      13.69       |       6.68      
   146542    |       9.17       |       6.82      
   146543    |      10.01       |       4.42      
   146544    |       7.97       |       5.28      
   146545    |      10.13       |       1.59      
   146546    |       5.13       |       5.29      
   146547    |       4.08       |       7.49      
   146548    |       4.00       |       7.57      
   146549    |       9.88       |      17.22      
   146550    |       9.03       |      14.59      
   146551    |       6.59       |      10.37      
   146552    |      13.84       |       7.17      
   146553    |      14.88       |       6.58      
   146554    |      26.59       |      16.93      
   146555    |      23.70       |      15.02      
   146556    |      17.13       |      10.20      
   146557    |      16.34       |      11.69      
   146558    |      15.15       |      11.56      
   146559    |      15.29       |      13.23      
   146560    |      16.03       |      13.14      
   146561    |      22.55       |      18.20      
   146562    |      23.67       |      18.66      
   146563    |      24.19       |      19.14      
   146564    |      29.76       |      22.69      
   146565    |      22.31       |      15.32      
   146566    |      23.85       |      16.40      
   146567    |      18.71       |      11.20      
   146568    |      21.33       |      13.12      
   146569    |      24.12       |      16.06      
   146570    |      20.73       |      13.57      
   146571    |      25.97       |      18.84      
   146572    |      34.51       |      25.97      
   146573    |      35.20       |      26.71      
   146574    |      42.37       |      33.37      
   146575    |      31.49       |      21.99      
   146576    |      24.13       |      14.95      
   146577    |      23.89       |      14.71      
   146578    |      17.88       |       9.45      
   146579    |      19.89       |      11.63      
   146580    |      12.45       |       8.20      
   146581    |      16.71       |      11.51      
   146582    |      13.61       |      11.34      
   146583    |      24.76       |      20.10      
   146584    |      30.18       |      23.53      
   146585    |      32.46       |      25.80      
   146586    |      47.36       |      38.83      
   146587    |      37.53       |      28.66      
   146588    |      41.54       |      32.49      
   146589    |      35.28       |      26.00      
   146590    |      38.75       |      29.41      
   146591    |      34.75       |      25.31      
   146592    |      36.77       |      27.32      
   146593    |      40.05       |      30.70      
   146594    |      33.79       |      24.59      
   146595    |      39.93       |      31.01      
   146596    |      44.65       |      35.58      
   146597    |      37.43       |      28.12      
   146598    |      34.54       |      25.28      
   146599    |      34.39       |      25.14      
   146600    |      39.24       |      29.94      
   146601    |      48.22       |      39.23      
   146602    |      44.48       |      35.61      
   146603    |      45.27       |      36.45      
   146604    |      34.48       |      26.25      
   146605    |      31.70       |      23.34      
   146606    |      38.36       |      29.62      
   146607    |      35.28       |      26.41      
   146608    |      44.22       |      35.15      
   146609    |      44.73       |      35.68      
   146610    |      51.14       |      42.02      
   146611    |      47.81       |      38.63      
   146612    |      44.33       |      35.20      
   146613    |      42.11       |      32.95      
   146614    |      41.56       |      32.41      
   146615    |      43.41       |      34.31      
   146616    |      49.11       |      39.98      
   146617    |      41.84       |      32.68      
   146618    |      39.70       |      30.55      
   146619    |      38.23       |      29.10      
   146620    |      55.34       |      46.22      
   146621    |      50.12       |      41.14      
   146622    |      58.54       |      49.51      
   146623    |      59.69       |      50.62      
   146624    |      50.21       |      41.20      
   146625    |      45.21       |      37.04      
   146626    |      54.11       |      45.60      
   146627    |      54.30       |      45.76      
   146628    |      63.87       |      55.15      
   146629    |      65.00       |      56.17      
   146630    |      65.45       |      56.63      
   146739    |      37.24       |      48.13      
   146740    |      35.00       |      45.85      
   146741    |      31.54       |      42.47      
   146742    |      25.78       |      36.60      
   146743    |      31.13       |      41.75      
   146744    |      22.64       |      32.70      
   146745    |      26.92       |      36.76      
   146746    |      23.12       |      32.37      
   146747    |      28.75       |      37.80      
   146748    |      29.46       |      38.63      
   146749    |      29.05       |      38.22      
   146750    |      29.35       |      38.57      
   146751    |      27.06       |      36.34      
   146752    |      30.10       |      39.79      
   146753    |      30.71       |      40.37      
   146754    |      32.16       |      41.96      
   146755    |      32.17       |      41.96      
   146756    |      36.64       |      46.76      
   146757    |      36.39       |      46.51      
   146758    |      28.94       |      38.39      
   146759    |      30.86       |      40.23      
   146760    |      25.90       |      34.34      
   146761    |      29.20       |      37.58      
   146762    |      29.19       |      37.55      
   146763    |      34.28       |      42.58      
   146764    |      29.83       |      36.74      
   146765    |      36.41       |      43.46      
   146766    |      37.29       |      44.62      
   146767    |      31.92       |      39.16      
   146768    |      33.07       |      40.69      
   146769    |      35.73       |      43.35      
   146770    |      33.34       |      40.12      
   146771    |      33.43       |      40.19      
   146772    |      31.65       |      37.46      
   146773    |      28.09       |      33.64      
   146774    |      30.23       |      37.10      
   146775    |      22.71       |      29.27      
   146776    |      24.82       |      32.49      
   146777    |      20.63       |      28.25      
   146778    |      20.62       |      28.21      
   146779    |      20.86       |      28.45      
   146780    |      25.60       |      34.55      
   146781    |      26.37       |      35.29      
   146782    |      24.30       |      32.77      
   146783    |      27.13       |      35.55      
   146784    |      22.60       |      29.16      
   146785    |      18.72       |      24.91      
   146786    |      17.87       |      22.02      
   146787    |      16.76       |      20.53      
   146788    |      16.79       |      21.27      
   146789    |      16.41       |      20.76      
   146790    |      16.46       |      19.67      
   146791    |      13.01       |      13.25      
   146792    |      17.36       |      12.79      
   146793    |      17.79       |      11.28      
   146794    |      18.06       |      11.43      
   146795    |      18.21       |      11.25      
   146796    |      15.65       |      10.09      
   146797    |      15.70       |       9.94      
   146798    |      13.06       |       9.51      
   146799    |      13.15       |       8.94      
   146800    |      13.39       |       8.96      
   146801    |      13.30       |      11.94      
   146802    |      11.50       |      13.24      
   146803    |      11.52       |      13.29      
   146804    |      11.50       |      18.21      
   146805    |       5.79       |       6.10      
   146806    |       3.51       |       8.69      
   146807    |       5.98       |       4.11      
   146808    |      13.84       |       3.78      
   146809    |       9.87       |      12.52      
   146810    |      24.13       |      15.66      
   146811    |      21.91       |      16.90      
   146812    |      19.83       |      16.25      
   146813    |      19.90       |      14.64      
   146814    |      13.89       |      15.54      
   146815    |      20.03       |      18.62      
   146816    |      19.70       |      18.70      
   146817    |      22.03       |      20.27      
   146818    |      26.39       |      21.46      
   146819    |      24.65       |      19.95      
   146820    |      30.52       |      23.59      
   146821    |      30.20       |      23.29      
   146822    |      29.91       |      23.08      
   146823    |      25.17       |      18.42      
   146824    |      26.42       |      19.31      
   146825    |      22.91       |      15.82      
   146826    |      24.83       |      17.22      
   146827    |      20.00       |      12.26      
   146828    |      25.27       |      16.53      
   146829    |      35.25       |      27.03      
   146830    |      45.26       |      36.27      
   146831    |      42.08       |      32.96      
   146832    |      33.78       |      25.25      
   146833    |      24.24       |      15.14      
   146834    |      15.16       |       8.03      
   146835    |      19.51       |      12.40      
   146836    |      15.99       |      10.67      
   146837    |      12.17       |       7.71      
   146838    |      12.88       |       7.70      
   146839    |       9.86       |       5.72      
   146840    |      20.30       |      11.27      
   146841    |      25.65       |      17.02      
   146842    |      43.61       |      34.21      
   146843    |      44.42       |      35.06      
   146844    |      45.48       |      36.10      
   146845    |      40.04       |      30.55      
   146846    |      40.83       |      31.35      
   146847    |      38.16       |      28.66      
   146848    |      32.85       |      23.38      
   146849    |      37.09       |      27.76      
   146850    |      31.57       |      22.39      
   146851    |      34.16       |      25.12      
   146852    |      41.71       |      32.47      
   146853    |      44.46       |      35.32      
   146854    |      41.10       |      32.07      
   146855    |      34.45       |      25.16      
   146856    |      37.98       |      28.67      
   146857    |      39.33       |      30.07      
   146858    |      35.89       |      26.69      
   146859    |      44.57       |      35.73      
   146860    |      36.35       |      27.92      
   146861    |      33.55       |      24.99      
   146862    |      37.08       |      28.34      
   146863    |      38.65       |      30.00      
   146864    |      39.24       |      30.57      
   146865    |      47.36       |      39.02      
   146866    |      53.86       |      45.24      
   146867    |      55.73       |      46.84      
   146868    |      59.52       |      50.57      
   146869    |      43.48       |      34.26      
   146870    |      45.08       |      35.88      
   146871    |      40.52       |      31.40      
   146872    |      41.99       |      32.89      
   146873    |      48.40       |      39.24      
   146874    |      38.42       |      29.29      
   146875    |      37.43       |      28.35      
   146876    |      49.42       |      40.30      
   146877    |      48.62       |      39.51      
   146878    |      55.44       |      46.34      
   146879    |      59.61       |      50.54      
   146880    |      40.88       |      31.96      
   146881    |      38.52       |      30.13      
   146882    |      52.55       |      43.75      
   146883    |      51.64       |      42.97      
   146884    |      64.70       |      55.83      
   146885    |      65.89       |      56.95      
   146886    |      65.20       |      56.28      
   146887    |      64.13       |      55.27      
   146994    |      38.62       |      49.26      
   146995    |      34.40       |      45.17      
   146996    |      32.68       |      43.40      
   146997    |      29.90       |      40.70      
   146998    |      30.27       |      41.07      
   146999    |      35.94       |      46.53      
   147000    |      26.27       |      36.28      
   147001    |      27.10       |      37.06      
   147002    |      25.79       |      35.60      
   147003    |      18.64       |      28.82      
   147004    |      23.79       |      34.32      
   147005    |      29.65       |      39.91      
   147006    |      24.96       |      34.79      
   147007    |      34.79       |      44.25      
   147008    |      32.77       |      41.93      
   147009    |      28.52       |      37.80      
   147010    |      32.34       |      42.09      
   147011    |      31.23       |      41.01      
   147012    |      36.28       |      46.43      
   147013    |      31.26       |      41.57      
   147014    |      27.95       |      38.06      
   147015    |      26.40       |      36.56      
   147016    |      23.53       |      33.45      
   147017    |      31.73       |      41.31      
   147018    |      29.77       |      39.11      
   147019    |      35.65       |      44.81      
   147020    |      30.73       |      39.02      
   147021    |      39.17       |      47.36      
   147022    |      34.17       |      40.92      
   147023    |      35.20       |      41.96      
   147024    |      36.91       |      44.28      
   147025    |      34.12       |      41.45      
   147026    |      32.91       |      39.78      
   147027    |      30.03       |      36.82      
   147028    |      28.06       |      33.60      
   147029    |      18.64       |      23.02      
   147030    |      20.79       |      27.90      
   147031    |      14.79       |      21.66      
   147032    |      17.79       |      26.36      
   147033    |      17.20       |      25.77      
   147034    |      17.58       |      26.25      
   147035    |      20.87       |      29.43      
   147036    |      24.96       |      34.27      
   147037    |      26.39       |      35.65      
   147038    |      24.91       |      33.93      
   147039    |      19.20       |      28.40      
   147040    |      14.49       |      21.96      
   147041    |      10.39       |      17.55      
   147042    |       9.92       |      15.50      
   147043    |      11.26       |      17.21      
   147044    |      11.21       |      16.94      
   147045    |      12.25       |      18.20      
   147046    |      13.53       |      13.73      
   147047    |      12.83       |      10.88      
   147048    |      18.15       |      11.81      
   147049    |      17.97       |      12.24      
   147050    |      19.30       |      12.89      
   147051    |      19.02       |      13.78      
   147052    |      18.18       |      13.50      
   147053    |      18.16       |      13.98      
   147054    |      16.79       |      13.73      
   147055    |      16.88       |      14.37      
   147056    |      15.63       |      14.50      
   147057    |      15.42       |      13.47      
   147058    |      13.15       |      14.72      
   147059    |      12.02       |       9.03      
   147060    |       9.89       |      10.14      
   147061    |      11.54       |       4.02      
   147062    |       6.98       |       5.62      
   147063    |       6.99       |      10.37      
   147064    |       6.97       |      10.41      
   147065    |       9.49       |      14.82      
   147066    |      17.85       |      11.14      
   147067    |      17.32       |      15.23      
   147068    |      20.84       |      15.90      
   147069    |      20.82       |      16.05      
   147070    |      16.20       |      16.24      
   147071    |      13.62       |      15.26      
   147072    |      16.04       |      13.51      
   147073    |      14.33       |      12.50      
   147074    |      15.11       |      12.31      
   147075    |      26.34       |      21.39      
   147076    |      23.78       |      20.32      
   147077    |      37.25       |      32.35      
   147078    |      40.36       |      34.48      
   147079    |      33.61       |      28.02      
   147080    |      38.50       |      31.63      
   147081    |      27.06       |      20.26      
   147082    |      31.04       |      23.34      
   147083    |      24.39       |      16.47      
   147084    |      30.90       |      22.12      
   147085    |      24.71       |      15.53      
   147086    |      39.56       |      29.94      
   147087    |      44.08       |      34.64      
   147088    |      28.90       |      20.16      
   147089    |      33.96       |      25.50      
   147090    |      18.09       |      15.04      
   147091    |      21.96       |      18.13      
   147092    |      21.24       |      17.95      
   147093    |      21.49       |      18.17      
   147094    |      25.87       |      20.09      
   147095    |      14.37       |      10.13      
   147096    |      29.12       |      20.19      
   147097    |      19.82       |      10.34      
   147098    |      38.06       |      28.49      
   147099    |      43.25       |      33.75      
   147100    |      44.43       |      34.93      
   147101    |      45.07       |      35.60      
   147102    |      43.05       |      33.62      
   147103    |      40.86       |      31.39      
   147104    |      33.52       |      24.15      
   147105    |      33.08       |      23.71      
   147106    |      34.52       |      25.15      
   147107    |      30.98       |      21.53      
   147108    |      37.19       |      27.75      
   147109    |      41.33       |      31.96      
   147110    |      39.60       |      30.26      
   147111    |      40.37       |      31.06      
   147112    |      40.96       |      31.66      
   147113    |      37.78       |      28.42      
   147114    |      31.64       |      22.33      
   147115    |      36.05       |      26.90      
   147116    |      30.06       |      21.09      
   147117    |      35.74       |      27.09      
   147118    |      36.25       |      27.59      
   147119    |      37.57       |      28.99      
   147120    |      38.46       |      29.84      
   147121    |      39.64       |      31.08      
   147122    |      55.21       |      46.21      
   147123    |      53.44       |      44.66      
   147124    |      59.85       |      50.95      
   147125    |      64.78       |      55.59      
   147126    |      56.55       |      47.41      
   147127    |      44.76       |      35.60      
   147128    |      37.43       |      28.28      
   147129    |      42.91       |      33.75      
   147130    |      37.17       |      28.05      
   147131    |      42.49       |      33.43      
   147132    |      53.20       |      44.18      
   147133    |      48.02       |      39.25      
   147134    |      46.63       |      37.88      
   147135    |      54.83       |      45.78      
   147136    |      42.96       |      33.89      
   147137    |      33.36       |      24.85      
   147138    |      39.43       |      30.90      
   147139    |      47.28       |      38.30      
   147140    |      62.77       |      53.83      
   147141    |      57.12       |      48.11      
   147142    |      61.93       |      52.92      
   147143    |      59.24       |      50.31      
   147250    |      35.70       |      46.19      
   147251    |      35.13       |      45.64      
   147252    |      31.93       |      42.27      
   147253    |      34.32       |      44.55      
   147254    |      37.04       |      47.40      
   147255    |      32.30       |      42.84      
   147256    |      26.24       |      36.43      
   147257    |      22.26       |      32.65      
   147258    |      18.95       |      29.03      
   147259    |      23.56       |      33.36      
   147260    |      29.47       |      39.77      
   147261    |      38.37       |      48.31      
   147262    |      34.32       |      43.88      
   147263    |      35.54       |      45.05      
   147264    |      30.82       |      39.51      
   147265    |      23.59       |      32.42      
   147266    |      30.84       |      40.72      
   147267    |      28.38       |      38.35      
   147268    |      31.78       |      41.97      
   147269    |      32.45       |      42.60      
   147270    |      27.77       |      37.56      
   147271    |      34.56       |      44.08      
   147272    |      32.80       |      42.11      
   147273    |      40.95       |      50.03      
   147274    |      37.94       |      46.59      
   147275    |      33.70       |      42.43      
   147276    |      35.44       |      44.43      
   147277    |      24.06       |      33.40      
   147278    |      24.49       |      33.89      
   147279    |      30.36       |      39.53      
   147280    |      28.27       |      37.06      
   147281    |      26.26       |      35.10      
   147282    |      24.23       |      32.59      
   147283    |      17.83       |      26.34      
   147284    |      14.21       |      19.92      
   147285    |      15.68       |      21.56      
   147286    |      16.06       |      22.46      
   147287    |      16.55       |      22.97      
   147288    |      18.85       |      26.81      
   147289    |      15.40       |      23.39      
   147290    |      19.19       |      28.33      
   147291    |      20.83       |      29.88      
   147292    |      25.19       |      34.80      
   147293    |      22.57       |      32.29      
   147294    |      18.97       |      28.25      
   147295    |      17.51       |      26.85      
   147296    |      12.06       |      18.56      
   147297    |      13.33       |      20.01      
   147298    |      12.75       |      18.21      
   147299    |       9.93       |      14.30      
   147300    |      10.21       |      16.88      
   147301    |      11.88       |      18.75      
   147302    |      14.07       |      12.28      
   147303    |      15.02       |      15.27      
   147304    |      20.30       |      15.39      
   147305    |      20.60       |      14.16      
   147306    |      18.63       |      13.23      
   147307    |      18.65       |      13.14      
   147308    |      17.19       |      12.68      
   147309    |      17.45       |      14.93      
   147310    |      17.39       |      14.94      
   147311    |      17.46       |      15.24      
   147312    |      16.98       |      15.22      
   147313    |      16.89       |      13.12      
   147314    |      15.34       |      13.12      
   147315    |      15.73       |      10.03      
   147316    |      14.58       |       9.78      
   147317    |      14.75       |      13.96      
   147318    |      13.39       |      15.45      
   147319    |      12.04       |      12.02      
   147320    |      10.73       |      15.64      
   147321    |      10.50       |       1.23      
   147322    |       8.46       |       1.98      
   147323    |       6.12       |       8.45      
   147324    |      14.87       |       6.74      
   147325    |      14.05       |      14.94      
   147326    |      15.54       |      13.90      
   147327    |      12.85       |      12.78      
   147328    |      14.88       |      11.70      
   147329    |      14.47       |      11.45      
   147330    |      11.93       |      12.80      
   147331    |      18.22       |      16.21      
   147332    |      17.94       |      16.23      
   147333    |      24.53       |      21.23      
   147334    |      35.48       |      28.18      
   147335    |      35.79       |      28.51      
   147336    |      41.55       |      33.44      
   147337    |      34.71       |      26.37      
   147338    |      34.95       |      26.60      
   147339    |      29.36       |      20.74      
   147340    |      36.06       |      26.95      
   147341    |      29.92       |      20.48      
   147342    |      32.45       |      22.95      
   147343    |      40.84       |      31.78      
   147344    |      23.93       |      17.24      
   147345    |      34.07       |      27.33      
   147346    |      27.52       |      22.95      
   147347    |      18.13       |      15.07      
   147348    |      20.96       |      15.88      
   147349    |      17.30       |      12.77      
   147350    |      22.86       |      15.69      
   147351    |      22.65       |      15.49      
   147352    |      35.90       |      26.98      
   147353    |      28.46       |      19.19      
   147354    |      37.31       |      27.88      
   147355    |      38.75       |      29.37      
   147356    |      39.84       |      30.46      
   147357    |      45.49       |      36.29      
   147358    |      47.80       |      38.56      
   147359    |      43.41       |      34.07      
   147360    |      38.80       |      29.60      
   147361    |      33.46       |      24.07      
   147362    |      35.67       |      26.27      
   147363    |      34.40       |      24.98      
   147364    |      40.95       |      31.52      
   147365    |      37.19       |      27.77      
   147366    |      41.26       |      31.86      
   147367    |      39.44       |      30.09      
   147368    |      38.36       |      29.03      
   147369    |      40.60       |      31.23      
   147370    |      26.66       |      17.30      
   147371    |      31.86       |      22.65      
   147372    |      24.24       |      15.24      
   147373    |      31.01       |      22.48      
   147374    |      36.50       |      27.69      
   147375    |      35.73       |      26.89      
   147376    |      42.89       |      33.86      
   147377    |      36.17       |      26.94      
   147378    |      50.35       |      41.10      
   147379    |      50.39       |      41.15      
   147380    |      58.20       |      48.98      
   147381    |      65.02       |      55.85      
   147382    |      63.36       |      54.21      
   147383    |      55.44       |      46.25      
   147384    |      45.81       |      36.63      
   147385    |      37.17       |      28.20      
   147386    |      39.82       |      30.86      
   147387    |      42.52       |      33.46      
   147388    |      50.52       |      41.48      
   147389    |      53.55       |      44.45      
   147390    |      48.97       |      39.88      
   147391    |      47.07       |      38.02      
   147392    |      45.67       |      36.63      
   147393    |      42.34       |      33.43      
   147394    |      39.58       |      30.68      
   147395    |      40.69       |      31.88      
   147396    |      54.94       |      46.14      
   147397    |      45.85       |      36.88      
   147398    |      58.19       |      49.19      
   147399    |      54.05       |      45.30      
   147506    |      34.84       |      45.41      
   147507    |      38.87       |      49.27      
   147508    |      34.58       |      44.75      
   147509    |      30.67       |      41.00      
   147510    |      32.80       |      43.23      
   147511    |      23.96       |      34.77      
   147512    |      21.12       |      31.84      
   147513    |      27.24       |      37.65      
   147514    |      22.63       |      32.71      
   147515    |      31.12       |      40.76      
   147516    |      37.49       |      47.61      
   147517    |      33.95       |      44.21      
   147518    |      32.52       |      42.69      
   147519    |      28.10       |      38.46      
   147520    |      20.53       |      30.38      
   147521    |      18.50       |      28.46      
   147522    |      26.57       |      37.05      
   147523    |      28.92       |      39.29      
   147524    |      31.23       |      41.68      
   147525    |      34.81       |      45.12      
   147526    |      31.92       |      42.08      
   147527    |      36.01       |      46.01      
   147528    |      36.76       |      46.79      
   147529    |      33.58       |      43.71      
   147530    |      29.20       |      39.04      
   147531    |      25.31       |      35.31      
   147532    |      22.70       |      32.46      
   147533    |      24.49       |      34.15      
   147534    |      27.42       |      37.32      
   147535    |      27.05       |      36.96      
   147536    |      23.90       |      33.55      
   147537    |      20.82       |      30.62      
   147538    |      16.35       |      25.46      
   147539    |      13.27       |      22.55      
   147540    |      10.43       |      18.50      
   147541    |      18.03       |      25.97      
   147542    |      16.00       |      22.61      
   147543    |      15.59       |      22.16      
   147544    |      16.76       |      24.23      
   147545    |      14.47       |      21.90      
   147546    |      20.22       |      29.48      
   147547    |      22.43       |      31.57      
   147548    |      23.81       |      33.12      
   147549    |      23.50       |      32.82      
   147550    |      19.42       |      28.02      
   147551    |       9.11       |      18.43      
   147552    |       7.84       |      16.71      
   147553    |       5.43       |      14.44      
   147554    |       4.52       |      11.15      
   147555    |       9.82       |      17.35      
   147556    |       9.94       |      17.59      
   147557    |      16.22       |      23.98      
   147558    |      14.79       |      15.04      
   147559    |      18.36       |      21.08      
   147560    |      24.77       |      19.65      
   147561    |      24.75       |      19.35      
   147562    |      22.86       |      18.55      
   147563    |      23.14       |      19.73      
   147564    |      21.56       |      19.55      
   147565    |      22.18       |      20.91      
   147566    |      22.57       |      20.86      
   147567    |      22.71       |      21.15      
   147568    |      23.52       |      20.94      
   147569    |      23.18       |      19.80      
   147570    |      23.28       |      19.83      
   147571    |      23.25       |      17.58      
   147572    |      17.35       |      16.69      
   147573    |      16.63       |      11.95      
   147574    |      12.74       |      12.71      
   147575    |      12.58       |       7.97      
   147576    |      13.23       |       8.01      
   147577    |      13.78       |       7.08      
   147578    |       7.38       |       9.38      
   147579    |       8.20       |       3.97      
   147580    |       4.81       |       6.97      
   147581    |       4.94       |       9.51      
   147582    |       8.67       |       5.61      
   147583    |       8.47       |       9.87      
   147584    |      12.81       |       8.20      
   147585    |      12.58       |       8.04      
   147586    |       9.87       |       8.87      
   147587    |       7.73       |       8.38      
   147588    |       8.82       |       7.39      
   147589    |      12.60       |       9.17      
   147590    |      26.93       |      17.98      
   147591    |      32.30       |      23.70      
   147592    |      37.35       |      28.39      
   147593    |      39.90       |      31.08      
   147594    |      35.63       |      27.15      
   147595    |      34.64       |      26.13      
   147596    |      38.74       |      29.94      
   147597    |      36.45       |      27.54      
   147598    |      30.32       |      21.91      
   147599    |      34.44       |      26.23      
   147600    |      24.64       |      18.21      
   147601    |      24.61       |      18.23      
   147602    |      29.67       |      22.08      
   147603    |      19.23       |      11.29      
   147604    |      25.22       |      16.36      
   147605    |      15.31       |       5.67      
   147606    |      20.13       |      10.50      
   147607    |      19.77       |      10.15      
   147608    |      26.98       |      17.38      
   147609    |      34.57       |      25.17      
   147610    |      37.39       |      27.97      
   147611    |      34.78       |      25.64      
   147612    |      40.34       |      31.09      
   147613    |      36.19       |      27.69      
   147614    |      48.74       |      39.74      
   147615    |      44.83       |      36.47      
   147616    |      41.70       |      33.51      
   147617    |      45.58       |      36.55      
   147618    |      40.39       |      31.53      
   147619    |      36.52       |      27.47      
   147620    |      44.61       |      35.40      
   147621    |      41.35       |      32.04      
   147622    |      47.13       |      37.80      
   147623    |      41.28       |      31.87      
   147624    |      34.18       |      24.79      
   147625    |      38.60       |      29.31      
   147626    |      26.08       |      17.06      
   147627    |      27.30       |      18.38      
   147628    |      28.65       |      19.68      
   147629    |      23.93       |      14.70      
   147630    |      34.03       |      24.75      
   147631    |      35.63       |      26.39      
   147632    |      41.51       |      32.26      
   147633    |      42.09       |      32.83      
   147634    |      57.17       |      47.92      
   147635    |      49.66       |      40.52      
   147636    |      57.33       |      48.21      
   147637    |      57.41       |      48.29      
   147638    |      55.07       |      45.96      
   147639    |      62.41       |      53.21      
   147640    |      45.97       |      36.79      
   147641    |      46.18       |      37.00      
   147642    |      40.82       |      31.67      
   147643    |      41.47       |      32.31      
   147644    |      51.20       |      42.07      
   147645    |      47.08       |      38.04      
   147646    |      50.37       |      41.33      
   147647    |      50.49       |      41.45      
   147648    |      47.87       |      38.85      
   147649    |      46.78       |      37.85      
   147650    |      43.85       |      34.97      
   147651    |      48.48       |      39.43      
   147652    |      44.66       |      35.62      
   147653    |      41.35       |      32.43      
   147654    |      51.98       |      43.00      
   147655    |      46.52       |      38.32      
   147763    |      28.58       |      39.50      
   147764    |      28.39       |      39.29      
   147765    |      26.81       |      37.74      
   147766    |      23.67       |      34.56      
   147767    |      32.35       |      42.88      
   147768    |      27.67       |      37.97      
   147769    |      36.33       |      46.21      
   147770    |      31.86       |      41.32      
   147771    |      27.67       |      37.31      
   147772    |      34.37       |      44.54      
   147773    |      18.12       |      28.98      
   147774    |      25.98       |      36.84      
   147775    |      28.45       |      39.27      
   147776    |      16.66       |      27.31      
   147777    |      26.85       |      36.94      
   147778    |      29.44       |      39.68      
   147779    |      29.43       |      39.65      
   147780    |      34.37       |      44.78      
   147781    |      30.04       |      40.60      
   147782    |      33.34       |      43.95      
   147783    |      28.17       |      38.89      
   147784    |      30.98       |      41.71      
   147785    |      26.06       |      36.76      
   147786    |      22.74       |      33.44      
   147787    |      31.04       |      41.64      
   147788    |      22.20       |      32.58      
   147789    |      29.73       |      39.74      
   147790    |      27.29       |      37.13      
   147791    |      23.37       |      33.39      
   147792    |      20.79       |      30.60      
   147793    |      19.25       |      29.14      
   147794    |      13.82       |      22.84      
   147795    |      15.57       |      24.48      
   147796    |      15.59       |      24.49      
   147797    |      16.54       |      25.38      
   147798    |      13.40       |      20.82      
   147799    |      17.30       |      24.74      
   147800    |      16.31       |      23.05      
   147801    |      19.13       |      25.96      
   147802    |      24.08       |      32.69      
   147803    |      20.59       |      29.31      
   147804    |      23.74       |      32.98      
   147805    |      20.10       |      29.52      
   147806    |      13.13       |      20.57      
   147807    |      10.25       |      17.62      
   147808    |       9.79       |      16.55      
   147809    |       5.56       |      11.22      
   147810    |       7.01       |      15.93      
   147811    |       8.71       |      17.51      
   147812    |      11.62       |      21.15      
   147813    |      17.93       |      27.06      
   147814    |      11.28       |      15.39      
   147815    |      14.99       |      20.21      
   147816    |      22.49       |      16.40      
   147817    |      23.53       |      21.24      
   147818    |      24.59       |      21.38      
   147819    |      24.99       |      22.40      
   147820    |      23.65       |      22.44      
   147821    |      23.05       |      21.19      
   147822    |      22.82       |      21.24      
   147823    |      22.96       |      21.52      
   147824    |      24.67       |      21.49      
   147825    |      24.43       |      17.91      
   147826    |      22.90       |      17.09      
   147827    |      24.81       |      16.24      
   147828    |      15.89       |      10.89      
   147829    |      16.61       |       9.57      
   147830    |      13.02       |       8.62      
   147831    |      12.98       |      11.59      
   147832    |      16.48       |      11.41      
   147833    |      16.37       |      12.00      
   147834    |      14.08       |      12.10      
   147835    |      16.77       |       7.78      
   147836    |       4.92       |       9.49      
   147837    |       7.80       |       2.21      
   147838    |       4.02       |       5.98      
   147839    |       2.82       |       7.26      
   147840    |      10.40       |       1.03      
   147841    |      10.40       |       1.05      
   147842    |       8.86       |       1.43      
   147843    |       6.88       |       3.34      
   147844    |       8.88       |       1.58      
   147845    |       7.57       |       4.16      
   147846    |      18.40       |       8.84      
   147847    |      26.09       |      16.47      
   147848    |      26.48       |      16.87      
   147849    |      37.35       |      28.40      
   147850    |      38.72       |      29.70      
   147851    |      34.16       |      24.91      
   147852    |      40.34       |      30.92      
   147853    |      37.34       |      27.81      
   147854    |      26.24       |      17.03      
   147855    |      29.30       |      20.32      
   147856    |      24.42       |      15.86      
   147857    |      20.48       |      11.63      
   147858    |      31.72       |      22.31      
   147859    |      25.69       |      16.03      
   147860    |      23.61       |      13.97      
   147861    |      24.14       |      14.53      
   147862    |      25.23       |      15.64      
   147863    |      20.34       |      10.90      
   147864    |      25.70       |      16.20      
   147865    |      27.00       |      17.44      
   147866    |      33.56       |      24.00      
   147867    |      23.90       |      15.28      
   147868    |      34.52       |      25.37      
   147869    |      29.04       |      21.88      
   147870    |      44.30       |      35.77      
   147871    |      40.44       |      33.30      
   147872    |      49.49       |      41.58      
   147873    |      49.98       |      41.92      
   147874    |      44.18       |      36.55      
   147875    |      45.84       |      37.61      
   147876    |      47.59       |      39.28      
   147877    |      50.88       |      41.92      
   147878    |      48.79       |      39.90      
   147879    |      48.35       |      39.54      
   147880    |      36.74       |      28.57      
   147881    |      37.07       |      28.92      
   147882    |      36.05       |      28.00      
   147883    |      26.76       |      18.17      
   147884    |      36.27       |      27.26      
   147885    |      28.05       |      18.74      
   147886    |      32.89       |      23.59      
   147887    |      34.03       |      24.75      
   147888    |      41.83       |      32.56      
   147889    |      42.01       |      32.74      
   147890    |      61.89       |      52.64      
   147891    |      56.64       |      47.46      
   147892    |      58.24       |      49.08      
   147893    |      57.40       |      48.25      
   147894    |      55.13       |      46.00      
   147895    |      50.32       |      41.11      
   147896    |      46.13       |      36.94      
   147897    |      44.54       |      35.39      
   147898    |      41.96       |      32.84      
   147899    |      39.26       |      30.33      
   147900    |      47.36       |      38.34      
   147901    |      44.56       |      35.85      
   147902    |      52.17       |      43.34      
   147903    |      51.67       |      42.89      
   147904    |      48.46       |      39.76      
   147905    |      50.93       |      41.98      
   147906    |      50.62       |      41.69      
   147907    |      51.80       |      42.81      
   147908    |      41.60       |      32.70      
   147909    |      40.64       |      31.85      
   147910    |      43.11       |      34.31      
   147911    |      40.81       |      32.48      
   148019    |      23.62       |      34.52      
   148020    |      26.88       |      37.80      
   148021    |      26.59       |      37.51      
   148022    |      30.56       |      41.49      
   148023    |      36.57       |      47.33      
   148024    |      32.97       |      43.65      
   148025    |      34.34       |      44.95      
   148026    |      25.54       |      35.77      
   148027    |      21.84       |      32.28      
   148028    |      19.76       |      30.06      
   148029    |      19.44       |      29.75      
   148030    |      29.15       |      39.81      
   148031    |      32.61       |      43.13      
   148032    |      26.30       |      36.55      
   148033    |      29.56       |      39.64      
   148034    |      29.92       |      40.01      
   148035    |      27.41       |      37.61      
   148036    |      30.88       |      41.23      
   148037    |      26.07       |      36.61      
   148038    |      28.76       |      39.35      
   148039    |      21.04       |      31.79      
   148040    |      26.05       |      36.78      
   148041    |      26.10       |      36.82      
   148042    |      30.38       |      41.08      
   148043    |      33.74       |      44.44      
   148044    |      27.38       |      38.04      
   148045    |      31.77       |      42.32      
   148046    |      22.51       |      32.83      
   148047    |      28.35       |      38.37      
   148048    |      20.77       |      30.09      
   148049    |      20.67       |      29.98      
   148050    |      16.76       |      25.18      
   148051    |      14.33       |      22.84      
   148052    |      16.11       |      25.13      
   148053    |       9.55       |      19.05      
   148054    |      11.80       |      21.69      
   148055    |      21.83       |      31.01      
   148056    |      16.53       |      24.26      
   148057    |      22.14       |      29.81      
   148058    |      22.98       |      30.92      
   148059    |      15.33       |      23.42      
   148060    |      20.49       |      29.77      
   148061    |      17.31       |      26.77      
   148062    |      10.75       |      17.89      
   148063    |      13.47       |      20.69      
   148064    |      11.99       |      15.28      
   148065    |      13.97       |      18.08      
   148066    |      14.95       |      21.27      
   148067    |      12.16       |      18.10      
   148068    |      18.37       |      27.34      
   148069    |      12.29       |      21.61      
   148070    |       8.28       |      15.94      
   148071    |      13.45       |      21.18      
   148072    |      15.22       |      11.57      
   148073    |      17.05       |      17.33      
   148074    |      19.86       |      16.55      
   148075    |      19.87       |      16.58      
   148076    |      18.90       |      16.60      
   148077    |      19.73       |      18.72      
   148078    |      20.21       |      18.57      
   148079    |      19.53       |      16.60      
   148080    |      24.93       |      18.55      
   148081    |      25.31       |      18.03      
   148082    |      26.92       |      19.22      
   148083    |      27.37       |      19.22      
   148084    |      19.81       |      14.32      
   148085    |      21.19       |      13.07      
   148086    |      11.82       |      10.28      
   148087    |      12.27       |       6.83      
   148088    |      13.10       |       6.94      
   148089    |      13.21       |      13.87      
   148090    |      20.66       |      14.27      
   148091    |      20.80       |      18.97      
   148092    |      20.23       |      19.06      
   148093    |      19.85       |      13.61      
   148094    |      15.05       |      12.35      
   148095    |       6.94       |       9.94      
   148096    |      14.47       |       7.41      
   148097    |      11.02       |       4.36      
   148098    |      19.43       |      10.04      
   148099    |      10.39       |       4.72      
   148100    |      10.73       |       4.69      
   148101    |      10.48       |       5.27      
   148102    |      14.07       |       6.19      
   148103    |      17.98       |       8.15      
   148104    |      24.21       |      14.40      
   148105    |      26.30       |      16.51      
   148106    |      37.84       |      28.05      
   148107    |      37.43       |      27.65      
   148108    |      35.74       |      25.97      
   148109    |      39.86       |      30.19      
   148110    |      29.73       |      20.16      
   148111    |      25.68       |      15.96      
   148112    |      22.39       |      12.69      
   148113    |      23.01       |      13.35      
   148114    |      29.26       |      19.60      
   148115    |      31.44       |      21.85      
   148116    |      28.24       |      18.70      
   148117    |      23.59       |      13.94      
   148118    |      22.07       |      12.45      
   148119    |      25.27       |      15.72      
   148120    |      25.77       |      16.23      
   148121    |      20.14       |      12.31      
   148122    |      24.23       |      15.79      
   148123    |      21.79       |      15.51      
   148124    |      27.89       |      20.26      
   148125    |      28.51       |      20.51      
   148126    |      36.01       |      27.43      
   148127    |      35.95       |      27.38      
   148128    |      46.99       |      38.03      
   148129    |      42.83       |      34.83      
   148130    |      46.01       |      37.82      
   148131    |      44.07       |      36.59      
   148132    |      53.99       |      45.83      
   148133    |      53.33       |      45.36      
   148134    |      51.86       |      44.00      
   148135    |      53.04       |      44.83      
   148136    |      44.78       |      37.19      
   148137    |      37.50       |      29.62      
   148138    |      40.57       |      32.43      
   148139    |      35.23       |      26.85      
   148140    |      41.57       |      32.87      
   148141    |      36.50       |      27.58      
   148142    |      37.92       |      28.96      
   148143    |      33.39       |      24.25      
   148144    |      44.79       |      35.57      
   148145    |      41.96       |      32.70      
   148146    |      60.45       |      51.20      
   148147    |      62.14       |      52.90      
   148148    |      59.22       |      49.99      
   148149    |      62.54       |      53.32      
   148150    |      50.11       |      40.90      
   148151    |      50.21       |      41.01      
   148152    |      43.86       |      34.68      
   148153    |      40.67       |      31.53      
   148154    |      38.32       |      29.21      
   148155    |      36.49       |      27.54      
   148156    |      42.95       |      33.95      
   148157    |      40.89       |      32.11      
   148158    |      50.81       |      41.90      
   148159    |      50.56       |      41.68      
   148160    |      51.56       |      42.68      
   148161    |      50.91       |      42.10      
   148162    |      53.38       |      44.55      
   148163    |      51.57       |      42.98      
   148164    |      43.07       |      34.73      
   148165    |      43.26       |      34.87      
   148166    |      41.10       |      32.81      
   148167    |      44.77       |      35.88      
   148275    |      18.57       |      29.05      
   148276    |      27.10       |      37.89      
   148277    |      26.14       |      36.96      
   148278    |      35.84       |      46.75      
   148279    |      36.39       |      47.28      
   148280    |      33.29       |      44.14      
   148281    |      35.06       |      45.85      
   148282    |      21.93       |      32.34      
   148283    |      21.58       |      32.00      
   148284    |      19.53       |      29.81      
   148285    |      25.62       |      35.52      
   148286    |      33.26       |      43.62      
   148287    |      29.21       |      39.74      
   148288    |      28.16       |      38.63      
   148289    |      23.19       |      33.87      
   148290    |      25.66       |      36.36      
   148291    |      25.64       |      36.34      
   148292    |      25.57       |      36.25      
   148293    |      21.43       |      32.20      
   148294    |      21.09       |      31.84      
   148295    |      18.92       |      29.66      
   148296    |      26.13       |      36.84      
   148297    |      31.10       |      41.81      
   148298    |      33.78       |      44.47      
   148299    |      38.43       |      49.03      
   148300    |      31.95       |      42.46      
   148301    |      37.72       |      48.01      
   148302    |      28.77       |      38.67      
   148303    |      26.54       |      36.53      
   148304    |      20.36       |      29.78      
   148305    |      17.48       |      27.07      
   148306    |      13.68       |      22.47      
   148307    |      10.59       |      19.57      
   148308    |      10.54       |      19.49      
   148309    |      13.73       |      22.46      
   148310    |      20.18       |      29.99      
   148311    |      25.01       |      34.53      
   148312    |      19.36       |      27.97      
   148313    |      21.01       |      29.54      
   148314    |      17.55       |      24.81      
   148315    |      12.04       |      19.17      
   148316    |      17.85       |      27.10      
   148317    |      15.59       |      24.97      
   148318    |      11.27       |      19.42      
   148319    |      13.32       |      21.41      
   148320    |      10.79       |      15.86      
   148321    |      12.82       |      18.35      
   148322    |      12.89       |      18.58      
   148323    |      17.92       |      24.20      
   148324    |      18.90       |      25.85      
   148325    |      14.76       |      21.49      
   148326    |      15.25       |      22.34      
   148327    |      10.28       |      17.03      
   148328    |      10.86       |      11.45      
   148329    |      10.97       |      11.77      
   148330    |      14.91       |      10.28      
   148331    |      14.91       |      10.21      
   148332    |      12.24       |      10.68      
   148333    |      12.39       |      11.43      
   148334    |      14.81       |      10.76      
   148335    |      15.19       |      13.59      
   148336    |      24.49       |      16.87      
   148337    |      23.77       |      17.85      
   148338    |      28.97       |      21.36      
   148339    |      29.57       |      21.37      
   148340    |      24.14       |      17.32      
   148341    |      24.59       |      17.03      
   148342    |      16.90       |      13.37      
   148343    |      16.93       |      13.72      
   148344    |      14.19       |      14.79      
   148345    |      13.61       |      13.13      
   148346    |      15.25       |      12.56      
   148347    |      18.93       |      21.20      
   148348    |      24.91       |      20.35      
   148349    |      25.24       |      22.32      
   148350    |      23.60       |      22.18      
   148351    |      22.81       |      17.16      
   148352    |      26.10       |      19.19      
   148353    |      15.20       |       8.85      
   148354    |      25.46       |      16.44      
   148355    |      19.33       |       9.80      
   148356    |      12.22       |       4.12      
   148357    |       9.26       |       1.56      
   148358    |      13.83       |       4.14      
   148359    |      12.67       |       2.84      
   148360    |      27.70       |      17.87      
   148361    |      24.47       |      14.78      
   148362    |      33.71       |      23.97      
   148363    |      37.84       |      28.06      
   148364    |      38.19       |      28.43      
   148365    |      35.82       |      26.06      
   148366    |      27.37       |      17.64      
   148367    |      29.55       |      19.82      
   148368    |      23.23       |      13.52      
   148369    |      22.39       |      12.69      
   148370    |      26.27       |      16.58      
   148371    |      29.33       |      19.72      
   148372    |      26.10       |      16.53      
   148373    |      28.40       |      18.95      
   148374    |      22.50       |      13.23      
   148375    |      19.07       |      11.56      
   148376    |      20.24       |      12.46      
   148377    |      18.98       |      12.98      
   148378    |      20.94       |      14.22      
   148379    |      22.19       |      14.21      
   148380    |      27.41       |      18.85      
   148381    |      29.96       |      20.80      
   148382    |      34.32       |      25.08      
   148383    |      29.99       |      21.72      
   148384    |      40.26       |      31.41      
   148385    |      34.64       |      28.83      
   148386    |      44.78       |      37.48      
   148387    |      44.89       |      37.53      
   148388    |      53.33       |      45.35      
   148389    |      52.69       |      44.90      
   148390    |      54.29       |      46.41      
   148391    |      55.17       |      47.06      
   148392    |      45.62       |      38.26      
   148393    |      50.60       |      41.83      
   148394    |      45.14       |      36.57      
   148395    |      38.59       |      29.72      
   148396    |      43.15       |      34.18      
   148397    |      40.49       |      31.41      
   148398    |      42.44       |      33.35      
   148399    |      36.97       |      27.73      
   148400    |      45.41       |      36.14      
   148401    |      44.46       |      35.19      
   148402    |      60.47       |      51.22      
   148403    |      57.64       |      48.42      
   148404    |      63.39       |      54.18      
   148405    |      60.42       |      51.30      
   148406    |      52.17       |      43.13      
   148407    |      52.32       |      43.28      
   148408    |      42.16       |      33.27      
   148409    |      43.42       |      34.40      
   148410    |      36.77       |      27.86      
   148411    |      36.33       |      27.49      
   148412    |      40.40       |      31.50      
   148413    |      42.40       |      33.35      
   148414    |      49.24       |      40.18      
   148415    |      47.28       |      38.33      
   148416    |      49.95       |      40.99      
   148417    |      46.84       |      38.26      
   148418    |      51.22       |      42.56      
   148419    |      48.94       |      40.75      
   148420    |      45.19       |      37.17      
   148421    |      46.55       |      38.14      
   148422    |      47.72       |      39.29      
   148423    |      51.35       |      42.47      
   148531    |      18.96       |      29.01      
   148532    |      27.03       |      37.58      
   148533    |      29.06       |      39.50      
   148534    |      37.41       |      48.08      
   148535    |      38.36       |      48.99      
   148536    |      36.07       |      46.63      
   148537    |      28.24       |      39.09      
   148538    |      20.75       |      31.45      
   148539    |      25.13       |      35.60      
   148540    |      23.99       |      34.38      
   148541    |      29.11       |      39.21      
   148542    |      30.52       |      40.70      
   148543    |      20.51       |      31.19      
   148544    |      23.10       |      33.81      
   148545    |      15.82       |      26.57      
   148546    |      25.30       |      36.03      
   148547    |      23.84       |      34.47      
   148548    |      21.73       |      32.34      
   148549    |      24.51       |      35.26      
   148550    |      18.93       |      29.67      
   148551    |      25.94       |      36.55      
   148552    |      31.29       |      41.94      
   148553    |      35.30       |      45.82      
   148554    |      38.61       |      49.17      
   148555    |      41.31       |      51.77      
   148556    |      37.39       |      47.78      
   148557    |      35.71       |      46.14      
   148558    |      26.14       |      36.27      
   148559    |      21.96       |      32.29      
   148560    |      16.51       |      26.52      
   148561    |      15.07       |      25.18      
   148562    |       9.94       |      19.27      
   148563    |      12.87       |      21.95      
   148564    |      12.97       |      22.06      
   148565    |      19.19       |      27.90      
   148566    |      24.89       |      34.45      
   148567    |      23.19       |      32.84      
   148568    |      19.30       |      28.46      
   148569    |      15.05       |      24.48      
   148570    |      10.49       |      18.34      
   148571    |      12.97       |      20.78      
   148572    |      16.46       |      25.48      
   148573    |      17.52       |      26.47      
   148574    |      14.01       |      21.81      
   148575    |      19.07       |      26.83      
   148576    |      15.61       |      20.30      
   148577    |      23.36       |      29.10      
   148578    |      22.70       |      27.80      
   148579    |      22.25       |      27.28      
   148580    |      22.10       |      26.91      
   148581    |      17.92       |      21.87      
   148582    |      18.04       |      22.42      
   148583    |      14.68       |      18.01      
   148584    |      15.46       |      15.95      
   148585    |      15.58       |      16.17      
   148586    |      18.77       |      15.14      
   148587    |      18.85       |      15.53      
   148588    |      16.73       |      15.95      
   148589    |      15.77       |      11.26      
   148590    |      13.39       |      11.55      
   148591    |      13.43       |      11.79      
   148592    |      20.47       |      13.32      
   148593    |      20.05       |      13.95      
   148594    |      28.70       |      20.16      
   148595    |      28.15       |      20.02      
   148596    |      25.01       |      17.59      
   148597    |      24.35       |      18.30      
   148598    |      19.26       |      16.43      
   148599    |      19.18       |      16.05      
   148600    |      16.81       |      16.43      
   148601    |      17.21       |      17.37      
   148602    |      16.33       |      18.88      
   148603    |      18.41       |      21.90      
   148604    |      22.48       |      19.08      
   148605    |      24.81       |      24.81      
   148606    |      29.54       |      25.53      
   148607    |      29.48       |      24.73      
   148608    |      30.82       |      25.55      
   148609    |      32.73       |      24.83      
   148610    |      36.17       |      27.84      
   148611    |      25.77       |      16.95      
   148612    |      16.68       |      10.12      
   148613    |      13.27       |       7.02      
   148614    |      15.78       |       8.17      
   148615    |      14.80       |       7.17      
   148616    |      34.92       |      25.39      
   148617    |      27.69       |      17.87      
   148618    |      35.49       |      25.69      
   148619    |      33.54       |      23.76      
   148620    |      39.19       |      29.42      
   148621    |      38.33       |      28.58      
   148622    |      20.57       |      10.93      
   148623    |      27.49       |      17.95      
   148624    |      17.38       |       8.25      
   148625    |      24.81       |      16.38      
   148626    |      31.02       |      22.08      
   148627    |      26.91       |      17.73      
   148628    |      26.72       |      17.56      
   148629    |      26.86       |      17.68      
   148630    |      18.02       |       9.63      
   148631    |      21.32       |      11.85      
   148632    |      15.27       |       6.01      
   148633    |      17.74       |       8.16      
   148634    |      20.21       |      10.64      
   148635    |      19.50       |       9.95      
   148636    |      29.33       |      19.80      
   148637    |      25.78       |      16.47      
   148638    |      28.17       |      18.84      
   148639    |      24.16       |      15.73      
   148640    |      26.91       |      18.28      
   148641    |      23.07       |      18.88      
   148642    |      42.64       |      34.63      
   148643    |      42.93       |      34.83      
   148644    |      50.43       |      41.96      
   148645    |      52.41       |      43.61      
   148646    |      52.84       |      44.05      
   148647    |      53.80       |      44.90      
   148648    |      50.50       |      41.68      
   148649    |      57.50       |      48.18      
   148650    |      48.35       |      39.08      
   148651    |      42.83       |      33.48      
   148652    |      38.86       |      29.53      
   148653    |      42.19       |      32.92      
   148654    |      38.49       |      29.26      
   148655    |      42.40       |      33.31      
   148656    |      46.21       |      37.09      
   148657    |      45.27       |      36.23      
   148658    |      58.25       |      49.11      
   148659    |      56.79       |      47.73      
   148660    |      60.78       |      51.71      
   148661    |      58.19       |      49.33      
   148662    |      53.89       |      45.12      
   148663    |      53.77       |      45.02      
   148664    |      45.82       |      37.26      
   148665    |      44.79       |      36.46      
   148666    |      39.53       |      31.47      
   148667    |      39.43       |      31.41      
   148668    |      46.22       |      37.90      
   148669    |      48.37       |      39.65      
   148670    |      48.77       |      40.06      
   148671    |      46.66       |      38.34      
   148672    |      48.12       |      39.77      
   148673    |      48.44       |      40.02      
   148674    |      47.95       |      39.56      
   148675    |      51.35       |      42.48      
   148676    |      44.56       |      35.78      
   148677    |      45.01       |      36.19      
   148678    |      51.55       |      42.68      
   148679    |      50.39       |      41.63      
   148787    |      30.64       |      38.69      
   148788    |      33.27       |      41.83      
   148789    |      33.53       |      42.72      
   148790    |      41.46       |      51.35      
   148791    |      26.06       |      36.70      
   148792    |      28.82       |      39.51      
   148793    |      22.26       |      33.17      
   148794    |      23.68       |      34.58      
   148795    |      28.59       |      39.34      
   148796    |      27.01       |      37.72      
   148797    |      25.78       |      36.52      
   148798    |      20.67       |      31.30      
   148799    |      17.94       |      28.69      
   148800    |      16.08       |      26.78      
   148801    |      12.61       |      23.42      
   148802    |      23.51       |      34.30      
   148803    |      20.61       |      31.26      
   148804    |      24.76       |      35.40      
   148805    |      28.35       |      39.11      
   148806    |      25.43       |      36.18      
   148807    |      30.20       |      40.89      
   148808    |      34.71       |      45.41      
   148809    |      38.04       |      48.65      
   148810    |      40.77       |      51.40      
   148811    |      39.58       |      50.22      
   148812    |      35.16       |      45.76      
   148813    |      30.77       |      41.44      
   148814    |      21.24       |      31.86      
   148815    |      23.01       |      33.56      
   148816    |      14.64       |      24.97      
   148817    |      20.07       |      29.99      
   148818    |      13.34       |      22.19      
   148819    |      18.33       |      26.90      
   148820    |      19.09       |      27.83      
   148821    |      18.41       |      27.18      
   148822    |      23.48       |      33.02      
   148823    |      17.41       |      27.33      
   148824    |      14.66       |      24.27      
   148825    |      14.93       |      24.51      
   148826    |      11.15       |      19.83      
   148827    |      19.55       |      27.84      
   148828    |      19.39       |      27.62      
   148829    |      22.17       |      30.33      
   148830    |      20.07       |      27.50      
   148831    |      21.99       |      29.42      
   148832    |      20.23       |      26.77      
   148833    |      29.68       |      36.56      
   148834    |      26.03       |      30.33      
   148835    |      28.81       |      33.48      
   148836    |      27.83       |      30.30      
   148837    |      19.83       |      17.86      
   148838    |      17.62       |      20.40      
   148839    |      18.62       |      21.76      
   148840    |      19.31       |      19.69      
   148841    |      20.41       |      21.52      
   148842    |      23.14       |      20.42      
   148843    |      22.71       |      19.12      
   148844    |      22.14       |      19.04      
   148845    |      21.90       |      18.10      
   148846    |      19.32       |      18.08      
   148847    |      18.45       |      12.47      
   148848    |      19.32       |      12.89      
   148849    |      19.76       |      12.40      
   148850    |      26.38       |      17.56      
   148851    |      24.09       |      18.51      
   148852    |      24.89       |      18.97      
   148853    |      25.02       |      21.54      
   148854    |      23.77       |      21.25      
   148855    |      23.23       |      18.96      
   148856    |      18.83       |      18.96      
   148857    |      18.51       |      18.26      
   148858    |      17.27       |      20.93      
   148859    |      12.94       |       7.07      
   148860    |       8.63       |       8.43      
   148861    |      10.05       |       3.48      
   148862    |      18.89       |       9.29      
   148863    |      14.67       |       9.90      
   148864    |      30.02       |      20.89      
   148865    |      27.37       |      19.50      
   148866    |      40.07       |      30.95      
   148867    |      33.81       |      24.40      
   148868    |      15.93       |       9.52      
   148869    |      16.83       |      10.38      
   148870    |      19.03       |      11.70      
   148871    |      15.95       |       8.52      
   148872    |      41.01       |      31.48      
   148873    |      34.57       |      24.80      
   148874    |      36.08       |      26.33      
   148875    |      35.48       |      25.72      
   148876    |      33.40       |      23.66      
   148877    |      39.48       |      29.98      
   148878    |      25.70       |      16.63      
   148879    |      20.47       |      10.96      
   148880    |      18.52       |       9.09      
   148881    |      17.10       |       7.53      
   148882    |      29.77       |      20.12      
   148883    |      22.69       |      14.77      
   148884    |      27.98       |      19.41      
   148885    |      28.88       |      20.02      
   148886    |      22.90       |      14.60      
   148887    |      35.33       |      25.77      
   148888    |      18.11       |       8.92      
   148889    |      23.39       |      14.66      
   148890    |      20.88       |      12.48      
   148891    |      13.06       |       3.83      
   148892    |      25.52       |      16.02      
   148893    |      19.53       |      10.37      
   148894    |      23.00       |      13.74      
   148895    |      19.36       |      11.60      
   148896    |      22.30       |      14.06      
   148897    |      15.37       |       6.35      
   148898    |      42.25       |      32.84      
   148899    |      39.11       |      29.67      
   148900    |      50.93       |      41.50      
   148901    |      50.18       |      40.76      
   148902    |      56.19       |      46.79      
   148903    |      52.15       |      42.82      
   148904    |      57.25       |      47.92      
   148905    |      57.14       |      47.82      
   148906    |      44.40       |      35.12      
   148907    |      47.98       |      38.63      
   148908    |      31.75       |      22.41      
   148909    |      39.49       |      30.36      
   148910    |      38.96       |      29.86      
   148911    |      35.07       |      26.72      
   148912    |      46.27       |      37.47      
   148913    |      45.65       |      36.96      
   148914    |      57.52       |      48.59      
   148915    |      57.48       |      48.57      
   148916    |      57.97       |      49.07      
   148917    |      56.44       |      47.72      
   148918    |      54.29       |      45.63      
   148919    |      52.60       |      44.24      
   148920    |      45.86       |      37.76      
   148921    |      46.21       |      38.02      
   148922    |      40.10       |      32.24      
   148923    |      41.71       |      33.33      
   148924    |      49.10       |      40.51      
   148925    |      47.77       |      39.45      
   148926    |      46.96       |      38.69      
   148927    |      47.44       |      39.06      
   148928    |      48.61       |      40.21      
   148929    |      52.14       |      43.25      
   148930    |      51.46       |      42.59      
   148931    |      53.76       |      44.76      
   148932    |      44.28       |      35.35      
   148933    |      42.74       |      33.94      
   148934    |      49.82       |      40.97      
   148935    |      49.98       |      41.12      
   149044    |      41.29       |      48.06      
   149045    |      26.45       |      33.04      
   149046    |      33.28       |      41.87      
   149047    |      11.98       |      21.75      
   149048    |      23.06       |      33.72      
   149049    |      21.21       |      31.96      
   149050    |      28.31       |      39.15      
   149051    |      30.16       |      40.92      
   149052    |      26.04       |      36.72      
   149053    |      24.29       |      35.03      
   149054    |      18.46       |      29.03      
   149055    |      13.79       |      24.59      
   149056    |      12.73       |      23.50      
   149057    |      10.55       |      21.37      
   149058    |      20.38       |      31.16      
   149059    |      18.21       |      28.86      
   149060    |      28.66       |      39.31      
   149061    |      26.01       |      36.39      
   149062    |      30.84       |      41.25      
   149063    |      31.66       |      42.14      
   149064    |      38.54       |      49.03      
   149065    |      37.19       |      47.57      
   149066    |      40.50       |      50.88      
   149067    |      41.10       |      51.53      
   149068    |      31.81       |      42.16      
   149069    |      35.99       |      46.61      
   149070    |      22.97       |      33.58      
   149071    |      27.60       |      38.23      
   149072    |      18.63       |      29.20      
   149073    |      21.06       |      31.51      
   149074    |      14.62       |      24.82      
   149075    |      22.22       |      31.85      
   149076    |      17.83       |      26.84      
   149077    |      21.97       |      30.73      
   149078    |      20.83       |      29.34      
   149079    |      19.58       |      28.13      
   149080    |      18.24       |      26.39      
   149081    |      23.78       |      31.78      
   149082    |      22.07       |      29.49      
   149083    |      27.91       |      35.30      
   149084    |      26.46       |      33.33      
   149085    |      24.06       |      30.86      
   149086    |      24.09       |      30.90      
   149087    |      21.78       |      28.50      
   149088    |      25.19       |      33.18      
   149089    |      16.19       |      24.31      
   149090    |      15.64       |      23.54      
   149091    |      18.87       |      26.73      
   149092    |      17.48       |      15.30      
   149093    |      21.75       |      23.24      
   149094    |      21.58       |      24.27      
   149095    |      17.44       |      17.94      
   149096    |      17.07       |      18.45      
   149097    |      15.85       |      16.20      
   149098    |      19.69       |      15.52      
   149099    |      19.63       |      14.70      
   149100    |      19.01       |      14.53      
   149101    |      19.01       |      13.92      
   149102    |      19.72       |      14.19      
   149103    |      20.01       |      13.33      
   149104    |      20.68       |      13.74      
   149105    |      20.19       |      15.74      
   149106    |      22.87       |      16.93      
   149107    |      23.64       |      21.48      
   149108    |      25.31       |      21.84      
   149109    |      25.05       |      20.34      
   149110    |      24.06       |      19.93      
   149111    |      24.47       |      21.68      
   149112    |      21.93       |      21.70      
   149113    |      21.39       |      13.79      
   149114    |      15.37       |      10.79      
   149115    |      25.98       |      16.00      
   149116    |       9.66       |       2.33      
   149117    |      12.15       |       4.23      
   149118    |       7.20       |       5.54      
   149119    |      11.02       |       1.06      
   149120    |      18.69       |       8.75      
   149121    |      24.51       |      14.90      
   149122    |      38.41       |      28.59      
   149123    |      35.07       |      25.56      
   149124    |      20.33       |      11.81      
   149125    |      14.05       |       4.66      
   149126    |      17.16       |       7.56      
   149127    |      17.12       |       7.53      
   149128    |      37.78       |      28.00      
   149129    |      40.71       |      31.03      
   149130    |      36.81       |      27.17      
   149131    |      36.21       |      26.56      
   149132    |      32.90       |      23.29      
   149133    |      33.59       |      24.03      
   149134    |      29.18       |      19.70      
   149135    |      25.03       |      15.34      
   149136    |      21.63       |      11.97      
   149137    |      18.42       |       8.77      
   149138    |      20.62       |      10.97      
   149139    |      15.44       |       6.45      
   149140    |      27.76       |      18.27      
   149141    |      29.69       |      20.09      
   149142    |      35.28       |      25.69      
   149143    |      36.52       |      26.92      
   149144    |      22.25       |      12.66      
   149145    |      27.39       |      17.94      
   149146    |      13.54       |       5.24      
   149147    |      12.34       |       3.95      
   149148    |      19.39       |      10.06      
   149149    |      10.82       |       5.94      
   149150    |      18.53       |      10.08      
   149151    |      16.13       |      11.61      
   149152    |      34.98       |      26.26      
   149153    |      20.95       |      11.48      
   149154    |      47.56       |      38.11      
   149155    |      42.48       |      33.15      
   149156    |      54.50       |      45.14      
   149157    |      51.34       |      42.12      
   149158    |      59.41       |      50.15      
   149159    |      56.83       |      47.73      
   149160    |      50.68       |      41.67      
   149161    |      57.23       |      47.89      
   149162    |      35.13       |      25.87      
   149163    |      44.47       |      35.20      
   149164    |      31.72       |      22.54      
   149165    |      32.20       |      23.06      
   149166    |      32.22       |      23.09      
   149167    |      33.23       |      24.16      
   149168    |      43.76       |      34.58      
   149169    |      39.77       |      31.11      
   149170    |      57.08       |      48.07      
   149171    |      54.34       |      45.66      
   149172    |      56.56       |      47.85      
   149173    |      57.62       |      48.79      
   149174    |      50.85       |      42.14      
   149175    |      49.62       |      41.11      
   149176    |      45.50       |      37.13      
   149177    |      45.42       |      37.07      
   149178    |      42.39       |      34.17      
   149179    |      43.50       |      35.03      
   149180    |      46.76       |      38.22      
   149181    |      47.54       |      38.88      
   149182    |      46.31       |      37.70      
   149183    |      49.70       |      40.73      
   149184    |      51.62       |      42.66      
   149185    |      52.49       |      43.48      
   149186    |      53.90       |      44.90      
   149187    |      53.33       |      44.37      
   149188    |      42.29       |      33.41      
   149189    |      45.02       |      36.01      
   149190    |      48.65       |      39.65      
   149191    |      49.49       |      40.49      
   149300    |      21.34       |      29.34      
   149301    |      24.47       |      32.40      
   149302    |      21.35       |      27.75      
   149303    |       9.73       |      14.80      
   149304    |      22.30       |      32.67      
   149305    |      18.34       |      28.97      
   149306    |      29.94       |      40.78      
   149307    |      28.72       |      39.58      
   149308    |      24.12       |      34.92      
   149309    |      20.95       |      31.81      
   149310    |      13.78       |      24.59      
   149311    |      11.05       |      21.88      
   149312    |      10.57       |      21.38      
   149313    |       8.38       |      18.80      
   149314    |      18.43       |      28.99      
   149315    |      15.86       |      25.62      
   149316    |      26.65       |      36.81      
   149317    |      25.05       |      34.73      
   149318    |      33.41       |      43.36      
   149319    |      33.18       |      43.07      
   149320    |      38.54       |      48.54      
   149321    |      38.25       |      48.18      
   149322    |      42.64       |      52.64      
   149323    |      43.25       |      53.34      
   149324    |      38.21       |      48.20      
   149325    |      43.50       |      54.00      
   149326    |      28.34       |      38.78      
   149327    |      32.36       |      42.99      
   149328    |      20.88       |      31.50      
   149329    |      25.89       |      36.43      
   149330    |      20.37       |      30.82      
   149331    |      28.17       |      38.18      
   149332    |      20.43       |      29.79      
   149333    |      22.81       |      32.01      
   149334    |      19.49       |      28.07      
   149335    |      19.49       |      28.06      
   149336    |      21.18       |      30.09      
   149337    |      25.06       |      33.78      
   149338    |      24.20       |      32.74      
   149339    |      20.50       |      29.18      
   149340    |      19.29       |      27.67      
   149341    |      18.10       |      26.52      
   149342    |      17.41       |      25.60      
   149343    |      18.06       |      26.22      
   149344    |      17.06       |      24.87      
   149345    |      14.74       |      22.55      
   149346    |      16.81       |      25.36      
   149347    |       8.57       |      17.57      
   149348    |       6.51       |      11.24      
   149349    |      13.13       |      19.59      
   149350    |      13.27       |      14.07      
   149351    |      13.80       |      15.13      
   149352    |      14.21       |      14.63      
   149353    |      13.35       |      12.22      
   149354    |      17.81       |      12.26      
   149355    |      17.79       |      12.39      
   149356    |      17.94       |      12.45      
   149357    |      17.87       |      13.48      
   149358    |      21.06       |      14.77      
   149359    |      21.04       |      17.54      
   149360    |      21.86       |      17.77      
   149361    |      21.84       |      16.22      
   149362    |      17.89       |      15.04      
   149363    |      17.81       |      14.56      
   149364    |      21.41       |      15.75      
   149365    |      21.30       |      16.64      
   149366    |      19.66       |      16.14      
   149367    |      23.08       |      13.84      
   149368    |      19.46       |      10.70      
   149369    |      25.43       |      15.39      
   149370    |      26.15       |      16.13      
   149371    |      18.77       |      10.85      
   149372    |      14.64       |       8.54      
   149373    |      13.92       |      11.76      
   149374    |      12.85       |      12.15      
   149375    |      12.93       |      12.52      
   149376    |      22.60       |      14.68      
   149377    |      20.43       |      12.43      
   149378    |      35.34       |      25.95      
   149379    |      30.43       |      22.90      
   149380    |      24.26       |      18.28      
   149381    |      24.88       |      17.97      
   149382    |      21.44       |      15.68      
   149383    |      26.70       |      17.32      
   149384    |      38.09       |      28.50      
   149385    |      35.81       |      26.48      
   149386    |      37.32       |      27.98      
   149387    |      36.55       |      27.32      
   149388    |      35.85       |      26.66      
   149389    |      33.31       |      23.99      
   149390    |      35.70       |      26.33      
   149391    |      28.94       |      19.26      
   149392    |      21.68       |      12.09      
   149393    |      22.35       |      12.70      
   149394    |      15.13       |       5.58      
   149395    |      19.51       |       9.98      
   149396    |      29.65       |      20.03      
   149397    |      28.76       |      19.13      
   149398    |      36.50       |      26.87      
   149399    |      30.30       |      20.88      
   149400    |      27.61       |      18.25      
   149401    |      28.84       |      19.37      
   149402    |      12.26       |       3.65      
   149403    |      18.02       |       8.63      
   149404    |       9.41       |       2.63      
   149405    |       7.84       |       2.30      
   149406    |      11.60       |       2.40      
   149407    |       7.49       |       3.81      
   149408    |      33.05       |      23.59      
   149409    |      33.54       |      24.10      
   149410    |      54.20       |      44.76      
   149411    |      47.81       |      38.42      
   149412    |      57.38       |      47.98      
   149413    |      54.67       |      45.38      
   149414    |      56.07       |      46.78      
   149415    |      59.10       |      49.73      
   149416    |      49.88       |      40.54      
   149417    |      44.51       |      35.14      
   149418    |      34.88       |      25.52      
   149419    |      33.03       |      23.71      
   149420    |      27.88       |      18.59      
   149421    |      31.87       |      22.78      
   149422    |      33.65       |      24.55      
   149423    |      32.16       |      23.00      
   149424    |      37.84       |      28.62      
   149425    |      37.69       |      28.49      
   149426    |      51.48       |      42.26      
   149427    |      46.36       |      37.55      
   149428    |      57.19       |      48.27      
   149429    |      57.94       |      48.96      
   149430    |      47.87       |      38.99      
   149431    |      45.76       |      37.18      
   149432    |      44.67       |      36.14      
   149433    |      41.72       |      34.03      
   149434    |      46.00       |      38.10      
   149435    |      50.39       |      41.64      
   149436    |      47.48       |      38.80      
   149437    |      51.37       |      42.36      
   149438    |      49.67       |      40.68      
   149439    |      50.59       |      41.57      
   149440    |      52.46       |      43.44      
   149441    |      47.81       |      39.35      
   149442    |      56.13       |      47.53      
   149443    |      53.80       |      45.65      
   149444    |      50.96       |      42.92      
   149445    |      57.23       |      48.31      
   149446    |      51.12       |      42.24      
   149447    |      51.68       |      42.78      
   149556    |      18.23       |      28.33      
   149557    |      21.63       |      32.49      
   149558    |       1.33       |      11.50      
   149559    |       9.36       |      19.19      
   149560    |      18.18       |      28.87      
   149561    |      19.58       |      30.17      
   149562    |      28.92       |      39.71      
   149563    |      21.04       |      31.85      
   149564    |      21.15       |      31.95      
   149565    |      18.70       |      29.16      
   149566    |      12.26       |      22.51      
   149567    |      15.29       |      26.10      
   149568    |       7.83       |      18.64      
   149569    |       9.02       |      19.81      
   149570    |      13.74       |      24.52      
   149571    |      10.52       |      21.00      
   149572    |      22.55       |      33.12      
   149573    |      22.42       |      32.97      
   149574    |      30.98       |      41.54      
   149575    |      29.99       |      40.46      
   149576    |      36.35       |      46.83      
   149577    |      36.08       |      46.54      
   149578    |      41.87       |      52.33      
   149579    |      42.84       |      53.35      
   149580    |      43.53       |      54.03      
   149581    |      45.11       |      55.68      
   149582    |      32.64       |      43.20      
   149583    |      34.64       |      45.26      
   149584    |      26.06       |      36.67      
   149585    |      29.60       |      40.21      
   149586    |      26.93       |      37.51      
   149587    |      31.23       |      41.68      
   149588    |      20.57       |      30.72      
   149589    |      19.52       |      29.73      
   149590    |      16.28       |      26.29      
   149591    |      16.61       |      26.58      
   149592    |      21.30       |      31.50      
   149593    |      21.05       |      31.26      
   149594    |      17.46       |      27.49      
   149595    |      19.61       |      29.48      
   149596    |      15.76       |      25.21      
   149597    |      19.22       |      28.42      
   149598    |      16.81       |      25.51      
   149599    |      12.04       |      21.02      
   149600    |      11.95       |      20.88      
   149601    |      11.19       |      20.16      
   149602    |       9.78       |      18.15      
   149603    |      11.08       |      19.38      
   149604    |      10.14       |      17.79      
   149605    |       7.28       |      14.84      
   149606    |       7.65       |      10.20      
   149607    |       9.40       |      13.60      
   149608    |      11.70       |      10.47      
   149609    |      12.22       |      12.38      
   149610    |      17.47       |      11.92      
   149611    |      17.39       |      13.12      
   149612    |      17.66       |      13.20      
   149613    |      17.66       |      13.22      
   149614    |      17.43       |      13.18      
   149615    |      17.58       |      14.64      
   149616    |      21.70       |      16.01      
   149617    |      21.74       |      15.86      
   149618    |      17.72       |      14.43      
   149619    |      19.17       |      11.05      
   149620    |      15.80       |       8.94      
   149621    |      16.32       |       8.59      
   149622    |      23.37       |      14.26      
   149623    |      23.29       |      14.22      
   149624    |      27.29       |      17.96      
   149625    |      24.48       |      16.60      
   149626    |      20.76       |      13.87      
   149627    |      19.99       |      14.94      
   149628    |      15.86       |      13.93      
   149629    |      17.10       |      17.81      
   149630    |      18.17       |      17.51      
   149631    |      18.03       |      17.03      
   149632    |      27.27       |      21.89      
   149633    |      27.85       |      21.28      
   149634    |      31.16       |      23.93      
   149635    |      30.98       |      23.92      
   149636    |      26.76       |      20.72      
   149637    |      27.22       |      20.50      
   149638    |      30.30       |      22.98      
   149639    |      32.04       |      23.71      
   149640    |      37.12       |      28.43      
   149641    |      39.30       |      30.15      
   149642    |      36.93       |      27.87      
   149643    |      36.51       |      27.54      
   149644    |      36.34       |      27.40      
   149645    |      38.50       |      29.21      
   149646    |      35.97       |      26.76      
   149647    |      36.36       |      27.10      
   149648    |      23.58       |      14.81      
   149649    |      26.33       |      16.90      
   149650    |      19.83       |      10.61      
   149651    |      26.47       |      16.83      
   149652    |      28.77       |      19.13      
   149653    |      25.81       |      16.18      
   149654    |      29.89       |      20.28      
   149655    |      23.77       |      14.89      
   149656    |      29.58       |      20.49      
   149657    |      27.36       |      18.86      
   149658    |      20.25       |      12.71      
   149659    |      25.15       |      15.80      
   149660    |       8.11       |       3.06      
   149661    |      14.67       |       5.72      
   149662    |       7.52       |       4.67      
   149663    |      23.48       |      16.86      
   149664    |      35.35       |      26.62      
   149665    |      38.73       |      30.16      
   149666    |      51.39       |      42.34      
   149667    |      54.99       |      45.66      
   149668    |      57.58       |      48.24      
   149669    |      52.82       |      43.41      
   149670    |      55.75       |      46.35      
   149671    |      48.84       |      39.48      
   149672    |      44.62       |      35.28      
   149673    |      40.18       |      31.04      
   149674    |      33.51       |      24.44      
   149675    |      32.77       |      23.79      
   149676    |      28.35       |      19.45      
   149677    |      27.57       |      18.81      
   149678    |      33.91       |      25.05      
   149679    |      35.46       |      26.46      
   149680    |      38.85       |      29.88      
   149681    |      36.25       |      27.69      
   149682    |      46.76       |      38.03      
   149683    |      46.62       |      37.92      
   149684    |      58.89       |      50.06      
   149685    |      59.48       |      50.60      
   149686    |      45.20       |      36.49      
   149687    |      48.95       |      39.90      
   149688    |      36.70       |      27.70      
   149689    |      36.93       |      27.93      
   149690    |      48.83       |      39.81      
   149691    |      46.85       |      37.96      
   149692    |      52.10       |      43.20      
   149693    |      52.35       |      43.43      
   149694    |      51.51       |      42.61      
   149695    |      48.34       |      39.70      
   149696    |      46.95       |      38.33      
   149697    |      43.45       |      35.60      
   149698    |      53.88       |      45.72      
   149699    |      51.97       |      44.33      
   149700    |      63.98       |      55.98      
   149701    |      62.83       |      55.13      
   149702    |      59.91       |      52.33      
   149811    |      34.74       |      43.76      
   149812    |      29.37       |      37.81      
   149813    |      29.61       |      38.46      
   149814    |      18.52       |      24.79      
   149815    |      18.19       |      28.04      
   149816    |      21.28       |      31.30      
   149817    |      25.38       |      36.20      
   149818    |      21.11       |      31.91      
   149819    |      22.16       |      33.01      
   149820    |      17.78       |      28.61      
   149821    |      15.17       |      25.67      
   149822    |      16.04       |      26.54      
   149823    |      17.11       |      27.78      
   149824    |       9.38       |      19.96      
   149825    |      14.02       |      24.77      
   149826    |      10.29       |      20.96      
   149827    |       9.66       |      20.36      
   149828    |      21.89       |      32.64      
   149829    |      19.82       |      30.54      
   149830    |      29.27       |      39.97      
   149831    |      31.60       |      42.32      
   149832    |      35.13       |      45.83      
   149833    |      39.93       |      50.58      
   149834    |      42.01       |      52.66      
   149835    |      39.24       |      49.92      
   149836    |      44.52       |      55.19      
   149837    |      40.41       |      51.03      
   149838    |      34.68       |      45.29      
   149839    |      35.77       |      46.40      
   149840    |      29.75       |      40.37      
   149841    |      35.55       |      46.11      
   149842    |      31.13       |      41.64      
   149843    |      29.27       |      39.83      
   149844    |      19.16       |      29.57      
   149845    |      16.72       |      27.24      
   149846    |      15.76       |      26.25      
   149847    |      18.29       |      28.64      
   149848    |      20.74       |      31.13      
   149849    |      18.67       |      29.14      
   149850    |      18.60       |      29.05      
   149851    |      21.07       |      31.41      
   149852    |      17.15       |      27.37      
   149853    |      18.86       |      28.95      
   149854    |      11.49       |      20.76      
   149855    |      14.67       |      23.69      
   149856    |      12.59       |      20.90      
   149857    |      11.11       |      19.45      
   149858    |      11.06       |      19.37      
   149859    |       6.22       |      14.73      
   149860    |       6.02       |      14.31      
   149861    |       5.60       |      13.88      
   149862    |       5.18       |      11.30      
   149863    |       5.99       |      12.42      
   149864    |       7.90       |       8.46      
   149865    |       8.58       |      11.07      
   149866    |      14.17       |       8.71      
   149867    |      14.53       |      13.60      
   149868    |      17.91       |      13.51      
   149869    |      18.12       |      15.23      
   149870    |      18.12       |      15.24      
   149871    |      18.45       |      16.49      
   149872    |      23.40       |      17.99      
   149873    |      23.43       |      19.16      
   149874    |      26.03       |      20.50      
   149875    |      26.58       |      19.50      
   149876    |      21.75       |      16.46      
   149877    |      21.70       |      16.76      
   149878    |      28.04       |      20.86      
   149879    |      27.21       |      22.73      
   149880    |      31.06       |      25.17      
   149881    |      31.05       |      25.19      
   149882    |      25.85       |      22.09      
   149883    |      25.83       |      21.85      
   149884    |      20.18       |      20.74      
   149885    |      18.57       |      16.23      
   149886    |      17.18       |      16.09      
   149887    |      16.90       |      13.05      
   149888    |      26.30       |      19.06      
   149889    |      24.95       |      20.04      
   149890    |      31.85       |      25.10      
   149891    |      32.71       |      25.21      
   149892    |      27.72       |      21.19      
   149893    |      31.36       |      22.54      
   149894    |      31.19       |      22.40      
   149895    |      35.54       |      25.97      
   149896    |      38.45       |      28.86      
   149897    |      37.58       |      28.07      
   149898    |      35.59       |      26.14      
   149899    |      37.04       |      27.46      
   149900    |      37.98       |      28.41      
   149901    |      38.56       |      28.96      
   149902    |      35.76       |      26.20      
   149903    |      30.88       |      22.00      
   149904    |      27.58       |      18.90      
   149905    |      26.92       |      18.49      
   149906    |      28.54       |      20.00      
   149907    |      32.33       |      22.98      
   149908    |      26.56       |      17.34      
   149909    |      30.07       |      20.50      
   149910    |      22.81       |      13.27      
   149911    |      22.49       |      12.98      
   149912    |      25.65       |      16.15      
   149913    |      20.99       |      12.48      
   149914    |      25.98       |      17.14      
   149915    |      21.71       |      15.84      
   149916    |      19.90       |      14.76      
   149917    |      25.40       |      16.31      
   149918    |      19.89       |      11.03      
   149919    |      43.40       |      34.53      
   149920    |      38.65       |      30.05      
   149921    |      45.56       |      37.24      
   149922    |      52.57       |      43.87      
   149923    |      39.48       |      30.30      
   149924    |      53.11       |      43.77      
   149925    |      44.41       |      35.00      
   149926    |      48.78       |      39.38      
   149927    |      43.00       |      33.78      
   149928    |      40.04       |      30.85      
   149929    |      34.23       |      25.80      
   149930    |      34.05       |      25.64      
   149931    |      33.05       |      24.91      
   149932    |      29.17       |      21.28      
   149933    |      29.52       |      21.51      
   149934    |      37.23       |      28.92      
   149935    |      39.02       |      30.41      
   149936    |      36.29       |      27.73      
   149937    |      39.61       |      30.62      
   149938    |      45.41       |      36.42      
   149939    |      47.41       |      38.30      
   149940    |      58.20       |      49.10      
   149941    |      58.04       |      48.96      
   149942    |      48.98       |      39.92      
   149943    |      48.47       |      39.45      
   149944    |      37.14       |      28.18      
   149945    |      40.15       |      31.03      
   149946    |      45.61       |      36.50      
   149947    |      44.70       |      35.63      
   149948    |      51.40       |      42.34      
   149949    |      48.66       |      39.74      
   149950    |      46.98       |      38.08      
   149951    |      42.04       |      33.76      
   149952    |      41.64       |      33.38      
   149953    |      40.72       |      32.70      
   149954    |      48.93       |      40.71      
   149955    |      49.36       |      41.06      
   149956    |      58.25       |      49.82      
   149957    |      50.95       |      45.19      
   150066    |      30.35       |      40.58      
   150067    |      28.47       |      37.79      
   150068    |      28.17       |      37.45      
   150069    |      27.61       |      35.87      
   150070    |      24.81       |      32.54      
   150071    |      24.77       |      32.75      
   150072    |      31.86       |      40.79      
   150073    |      33.51       |      43.43      
   150074    |      26.26       |      35.77      
   150075    |      28.71       |      39.11      
   150076    |      16.47       |      26.43      
   150077    |      16.22       |      25.98      
   150078    |      19.01       |      28.95      
   150079    |      18.47       |      28.02      
   150080    |      17.22       |      26.62      
   150081    |      21.46       |      32.16      
   150082    |       9.73       |      20.38      
   150083    |      23.09       |      33.24      
   150084    |      21.59       |      31.63      
   150085    |      15.74       |      26.18      
   150086    |      31.66       |      42.34      
   150087    |      32.05       |      42.72      
   150088    |      39.90       |      50.58      
   150089    |      41.61       |      52.25      
   150090    |      39.29       |      49.91      
   150091    |      39.52       |      50.13      
   150092    |      40.07       |      50.67      
   150093    |      34.85       |      45.51      
   150094    |      35.63       |      46.28      
   150095    |      33.26       |      43.87      
   150096    |      35.89       |      46.48      
   150097    |      36.72       |      47.32      
   150098    |      29.44       |      40.03      
   150099    |      33.20       |      43.77      
   150100    |      16.90       |      27.28      
   150101    |      20.68       |      30.81      
   150102    |      18.93       |      28.94      
   150103    |      14.27       |      24.60      
   150104    |      18.71       |      29.14      
   150105    |      15.99       |      26.50      
   150106    |      21.04       |      31.54      
   150107    |      19.92       |      30.39      
   150108    |      18.47       |      28.93      
   150109    |      20.58       |      31.02      
   150110    |      12.26       |      22.61      
   150111    |      20.63       |      30.39      
   150112    |      12.10       |      19.98      
   150113    |       7.96       |      15.88      
   150114    |       7.73       |      15.35      
   150115    |       4.01       |      11.22      
   150116    |       4.64       |      13.57      
   150117    |       9.13       |      17.74      
   150118    |       7.36       |      13.07      
   150119    |       7.37       |      13.06      
   150120    |       8.07       |      10.71      
   150121    |       9.32       |      13.18      
   150122    |      11.51       |      10.49      
   150123    |      13.31       |      15.23      
   150124    |      16.76       |      13.63      
   150125    |      16.79       |      13.77      
   150126    |      16.02       |      13.80      
   150127    |      15.80       |      11.58      
   150128    |      18.07       |      12.31      
   150129    |      17.89       |      13.80      
   150130    |      25.58       |      18.15      
   150131    |      25.22       |      22.26      
   150132    |      26.83       |      22.92      
   150133    |      27.21       |      24.30      
   150134    |      29.45       |      25.34      
   150135    |      29.46       |      23.70      
   150136    |      30.40       |      24.36      
   150137    |      30.27       |      24.66      
   150138    |      26.17       |      22.23      
   150139    |      26.23       |      20.91      
   150140    |      20.38       |      18.28      
   150141    |      20.20       |      15.50      
   150142    |      18.20       |      14.71      
   150143    |      18.21       |      15.19      
   150144    |      23.16       |      17.62      
   150145    |      23.05       |      17.81      
   150146    |      32.78       |      25.29      
   150147    |      35.67       |      26.88      
   150148    |      31.94       |      23.41      
   150149    |      37.49       |      27.88      
   150150    |      35.56       |      25.99      
   150151    |      39.84       |      30.04      
   150152    |      37.10       |      27.32      
   150153    |      37.60       |      27.81      
   150154    |      36.76       |      26.99      
   150155    |      37.51       |      27.74      
   150156    |      38.28       |      28.53      
   150157    |      32.46       |      23.02      
   150158    |      30.02       |      20.63      
   150159    |      25.47       |      17.40      
   150160    |      27.29       |      19.05      
   150161    |      31.47       |      22.14      
   150162    |      32.43       |      23.11      
   150163    |      35.20       |      25.65      
   150164    |      30.21       |      20.69      
   150165    |      30.13       |      20.63      
   150166    |      22.61       |      13.18      
   150167    |      23.43       |      13.92      
   150168    |      19.98       |      10.50      
   150169    |      15.95       |       8.10      
   150170    |      17.91       |       9.68      
   150171    |      16.68       |       9.63      
   150172    |      26.43       |      17.93      
   150173    |      35.40       |      25.89      
   150174    |      41.58       |      32.09      
   150175    |      49.71       |      40.28      
   150176    |      42.43       |      33.09      
   150177    |      43.15       |      33.84      
   150178    |      39.31       |      30.08      
   150179    |      35.47       |      26.13      
   150180    |      44.60       |      35.20      
   150181    |      40.92       |      31.51      
   150182    |      42.66       |      33.27      
   150183    |      36.68       |      27.45      
   150184    |      32.57       |      23.36      
   150185    |      26.20       |      18.42      
   150186    |      32.91       |      24.70      
   150187    |      29.35       |      22.93      
   150188    |      32.49       |      25.66      
   150189    |      41.15       |      32.17      
   150190    |      38.16       |      29.21      
   150191    |      50.41       |      41.15      
   150192    |      38.36       |      29.18      
   150193    |      42.26       |      33.21      
   150194    |      46.32       |      37.23      
   150195    |      42.74       |      33.56      
   150196    |      56.57       |      47.36      
   150197    |      49.78       |      40.66      
   150198    |      48.02       |      38.91      
   150199    |      45.22       |      36.28      
   150200    |      41.33       |      32.43      
   150201    |      43.93       |      34.86      
   150202    |      44.88       |      35.83      
   150203    |      44.96       |      35.91      
   150204    |      47.97       |      38.94      
   150205    |      44.18       |      35.42      
   150206    |      40.17       |      31.45      
   150207    |      37.53       |      29.27      
   150208    |      39.60       |      31.30      
   150209    |      39.94       |      31.58      
   150210    |      48.42       |      39.95      
   150211    |      43.50       |      36.43      
   150212    |      43.80       |      36.72      
   150322    |      24.32       |      34.92      
   150323    |      23.81       |      34.28      
   150324    |      20.81       |      31.19      
   150325    |      19.74       |      29.59      
   150326    |      19.12       |      28.91      
   150327    |      20.04       |      30.32      
   150328    |      31.38       |      41.88      
   150329    |      28.74       |      38.48      
   150330    |      30.80       |      40.62      
   150331    |      29.85       |      39.13      
   150332    |      20.97       |      29.07      
   150333    |      21.29       |      30.52      
   150334    |      19.92       |      28.97      
   150335    |      20.60       |      30.34      
   150336    |      23.84       |      33.74      
   150337    |      30.82       |      41.60      
   150338    |      21.48       |      32.25      
   150339    |      30.77       |      41.29      
   150340    |      17.15       |      27.00      
   150341    |      19.32       |      29.00      
   150342    |      32.79       |      43.18      
   150343    |      27.19       |      37.81      
   150344    |      41.57       |      52.26      
   150345    |      38.42       |      49.12      
   150346    |      39.57       |      50.26      
   150347    |      41.78       |      52.45      
   150348    |      34.78       |      45.42      
   150349    |      31.39       |      42.05      
   150350    |      33.10       |      43.74      
   150351    |      29.76       |      40.30      
   150352    |      37.27       |      47.80      
   150353    |      34.06       |      44.33      
   150354    |      35.19       |      45.44      
   150355    |      36.00       |      46.34      
   150356    |      21.71       |      31.89      
   150357    |      29.36       |      39.91      
   150358    |      14.19       |      24.59      
   150359    |      14.89       |      25.23      
   150360    |      16.08       |      26.44      
   150361    |      13.57       |      24.05      
   150362    |      19.75       |      30.23      
   150363    |      19.51       |      29.99      
   150364    |      20.62       |      31.09      
   150365    |      21.43       |      31.88      
   150366    |      19.44       |      29.86      
   150367    |      20.02       |      30.42      
   150368    |       5.47       |      14.98      
   150369    |      10.15       |      19.18      
   150370    |       7.42       |      12.65      
   150371    |       8.80       |      14.49      
   150372    |      10.21       |      18.26      
   150373    |       6.72       |      14.81      
   150374    |       6.11       |      12.46      
   150375    |       7.74       |      14.43      
   150376    |       7.73       |      12.19      
   150377    |       9.54       |      14.82      
   150378    |       9.99       |      12.59      
   150379    |      10.39       |      13.34      
   150380    |      14.42       |      10.90      
   150381    |      14.43       |      11.08      
   150382    |      15.51       |      11.18      
   150383    |      15.63       |      10.37      
   150384    |      15.21       |      10.27      
   150385    |      15.12       |      11.97      
   150386    |      16.77       |      12.24      
   150387    |      16.88       |      14.19      
   150388    |      18.90       |      14.62      
   150389    |      19.36       |      12.89      
   150390    |      23.34       |      15.64      
   150391    |      22.60       |      15.96      
   150392    |      24.74       |      17.50      
   150393    |      23.99       |      18.01      
   150394    |      24.04       |      18.06      
   150395    |      24.29       |      17.78      
   150396    |      20.01       |      15.23      
   150397    |      20.01       |      15.21      
   150398    |      17.50       |      14.28      
   150399    |      17.77       |      16.22      
   150400    |      23.59       |      18.51      
   150401    |      24.91       |      17.63      
   150402    |      36.24       |      27.66      
   150403    |      42.73       |      33.07      
   150404    |      37.56       |      27.96      
   150405    |      41.99       |      32.16      
   150406    |      39.85       |      30.04      
   150407    |      40.03       |      30.23      
   150408    |      37.61       |      27.82      
   150409    |      37.62       |      27.84      
   150410    |      37.53       |      27.78      
   150411    |      28.86       |      20.20      
   150412    |      33.52       |      24.61      
   150413    |      29.90       |      22.55      
   150414    |      27.74       |      20.77      
   150415    |      31.49       |      22.67      
   150416    |      32.44       |      23.60      
   150417    |      35.36       |      26.04      
   150418    |      35.79       |      26.47      
   150419    |      33.73       |      24.72      
   150420    |      31.40       |      22.49      
   150421    |      31.55       |      22.62      
   150422    |      24.92       |      16.37      
   150423    |      28.04       |      18.74      
   150424    |      15.32       |       6.67      
   150425    |      21.30       |      11.75      
   150426    |      14.86       |       5.47      
   150427    |      23.18       |      14.56      
   150428    |      35.86       |      26.57      
   150429    |      37.06       |      27.82      
   150430    |      49.76       |      40.35      
   150431    |      45.97       |      36.51      
   150432    |      42.73       |      33.29      
   150433    |      45.45       |      36.08      
   150434    |      35.81       |      26.58      
   150435    |      36.78       |      27.59      
   150436    |      41.52       |      32.26      
   150437    |      33.86       |      24.45      
   150438    |      36.42       |      27.02      
   150439    |      28.42       |      19.54      
   150440    |      24.53       |      15.77      
   150441    |      20.40       |      14.33      
   150442    |      27.12       |      19.81      
   150443    |      29.86       |      21.41      
   150444    |      41.88       |      33.15      
   150445    |      56.27       |      46.98      
   150446    |      50.41       |      41.15      
   150447    |      52.09       |      42.86      
   150448    |      42.15       |      33.01      
   150449    |      40.74       |      31.57      
   150450    |      42.74       |      33.57      
   150451    |      42.16       |      32.99      
   150452    |      48.83       |      39.64      
   150453    |      43.80       |      34.61      
   150454    |      43.95       |      34.78      
   150455    |      43.67       |      34.51      
   150456    |      43.48       |      34.34      
   150457    |      44.94       |      35.79      
   150458    |      44.25       |      35.12      
   150459    |      43.97       |      34.85      
   150460    |      42.07       |      32.96      
   150461    |      38.44       |      29.44      
   150462    |      34.61       |      25.63      
   150463    |      29.89       |      21.67      
   150464    |      39.60       |      31.16      
   150465    |      34.02       |      28.95      
   150466    |      46.01       |      39.40      
   150467    |      44.85       |      41.94      
   150578    |      23.18       |      33.86      
   150579    |      29.27       |      40.25      
   150580    |      16.88       |      27.79      
   150581    |      11.55       |      22.21      
   150582    |      18.80       |      29.53      
   150583    |      17.11       |      27.39      
   150584    |      26.18       |      36.67      
   150585    |      25.19       |      35.44      
   150586    |      26.38       |      36.65      
   150587    |      24.51       |      33.82      
   150588    |      21.95       |      30.97      
   150589    |      22.27       |      31.70      
   150590    |      21.75       |      31.11      
   150591    |      23.95       |      34.29      
   150592    |      32.11       |      42.56      
   150593    |      32.59       |      43.10      
   150594    |      31.22       |      41.70      
   150595    |      30.96       |      41.39      
   150596    |      18.42       |      28.57      
   150597    |      26.02       |      36.75      
   150598    |      26.96       |      37.68      
   150599    |      28.78       |      39.46      
   150600    |      38.32       |      49.01      
   150601    |      32.58       |      43.22      
   150602    |      42.32       |      52.94      
   150603    |      39.08       |      49.53      
   150604    |      32.66       |      43.07      
   150605    |      35.28       |      45.86      
   150606    |      29.68       |      40.25      
   150607    |      27.95       |      38.37      
   150608    |      33.29       |      43.73      
   150609    |      29.59       |      39.44      
   150610    |      37.59       |      47.60      
   150611    |      38.05       |      48.13      
   150612    |      32.58       |      42.56      
   150613    |      34.56       |      44.84      
   150614    |      16.84       |      26.75      
   150615    |      19.10       |      29.51      
   150616    |      14.40       |      24.76      
   150617    |      20.15       |      30.59      
   150618    |      19.46       |      29.87      
   150619    |      17.06       |      27.53      
   150620    |      21.52       |      31.98      
   150621    |      19.91       |      30.34      
   150622    |      20.33       |      30.75      
   150623    |      18.58       |      28.88      
   150624    |       8.59       |      18.77      
   150625    |      14.10       |      24.38      
   150626    |       4.05       |      12.50      
   150627    |       5.20       |      13.60      
   150628    |       5.63       |      14.42      
   150629    |       4.20       |      13.10      
   150630    |       4.21       |      13.11      
   150631    |       8.26       |      16.83      
   150632    |       6.75       |      13.32      
   150633    |       6.39       |      12.88      
   150634    |       6.68       |      10.91      
   150635    |       7.74       |      12.71      
   150636    |      12.40       |       8.45      
   150637    |      12.42       |      10.36      
   150638    |      15.68       |      10.43      
   150639    |      16.38       |      15.43      
   150640    |      17.97       |      15.26      
   150641    |      18.32       |      16.51      
   150642    |      18.97       |      16.53      
   150643    |      18.77       |      15.69      
   150644    |      22.46       |      17.04      
   150645    |      23.14       |      20.89      
   150646    |      28.32       |      23.14      
   150647    |      28.51       |      22.17      
   150648    |      25.86       |      20.44      
   150649    |      27.39       |      19.40      
   150650    |      23.01       |      15.97      
   150651    |      22.42       |      16.53      
   150652    |      20.07       |      15.27      
   150653    |      20.16       |      14.95      
   150654    |      15.51       |      13.58      
   150655    |      16.89       |       9.52      
   150656    |      22.67       |      14.13      
   150657    |      25.39       |      15.93      
   150658    |      42.73       |      33.05      
   150659    |      37.79       |      28.73      
   150660    |      43.62       |      34.40      
   150661    |      48.61       |      38.93      
   150662    |      40.49       |      30.88      
   150663    |      44.80       |      35.00      
   150664    |      37.63       |      27.86      
   150665    |      32.13       |      22.79      
   150666    |      28.01       |      18.81      
   150667    |      23.95       |      16.57      
   150668    |      28.48       |      20.46      
   150669    |      26.85       |      20.05      
   150670    |      33.86       |      26.05      
   150671    |      37.32       |      28.38      
   150672    |      36.43       |      27.55      
   150673    |      42.94       |      33.36      
   150674    |      32.64       |      23.11      
   150675    |      27.84       |      19.11      
   150676    |      31.63       |      22.73      
   150677    |      28.06       |      20.60      
   150678    |      31.23       |      23.38      
   150679    |      37.00       |      27.71      
   150680    |      22.12       |      13.34      
   150681    |      28.70       |      19.14      
   150682    |      21.82       |      12.27      
   150683    |      26.39       |      17.03      
   150684    |      36.52       |      27.05      
   150685    |      34.83       |      25.34      
   150686    |      45.91       |      36.42      
   150687    |      44.14       |      34.65      
   150688    |      44.98       |      35.52      
   150689    |      42.23       |      32.81      
   150690    |      35.88       |      26.47      
   150691    |      36.44       |      27.03      
   150692    |      33.84       |      24.45      
   150693    |      32.48       |      23.15      
   150694    |      27.77       |      18.45      
   150695    |      25.40       |      16.35      
   150696    |      16.87       |       8.19      
   150697    |      19.88       |      10.56      
   150698    |      28.30       |      19.02      
   150699    |      37.89       |      28.74      
   150700    |      56.29       |      47.01      
   150701    |      57.00       |      47.74      
   150702    |      52.10       |      42.87      
   150703    |      47.16       |      37.88      
   150704    |      40.75       |      31.50      
   150705    |      45.93       |      36.78      
   150706    |      42.20       |      33.12      
   150707    |      42.41       |      33.34      
   150708    |      43.38       |      34.32      
   150709    |      39.59       |      30.43      
   150710    |      43.19       |      34.03      
   150711    |      44.29       |      35.16      
   150712    |      44.58       |      35.46      
   150713    |      49.08       |      40.10      
   150714    |      43.53       |      34.65      
   150715    |      43.75       |      34.89      
   150716    |      37.32       |      28.65      
   150717    |      30.80       |      21.79      
   150718    |      26.86       |      17.95      
   150719    |      16.17       |      10.62      
   150720    |      24.62       |      17.17      
   150721    |      24.53       |      23.44      
   150722    |      32.53       |      28.12      
   150723    |      32.56       |      27.80      
   150833    |      28.35       |      38.85      
   150834    |      31.36       |      41.89      
   150835    |      29.70       |      39.78      
   150836    |      15.67       |      24.57      
   150837    |      15.67       |      24.62      
   150838    |      19.43       |      28.88      
   150839    |      19.19       |      28.04      
   150840    |      27.30       |      36.95      
   150841    |      27.48       |      37.24      
   150842    |      23.91       |      33.41      
   150843    |      24.36       |      34.17      
   150844    |      21.70       |      31.33      
   150845    |      22.82       |      32.99      
   150846    |      24.43       |      34.64      
   150847    |      24.24       |      34.38      
   150848    |      33.29       |      43.61      
   150849    |      32.16       |      42.27      
   150850    |      32.21       |      42.30      
   150851    |      34.48       |      44.93      
   150852    |      27.46       |      37.79      
   150853    |      33.47       |      44.20      
   150854    |      28.83       |      39.55      
   150855    |      31.91       |      42.61      
   150856    |      32.19       |      42.88      
   150857    |      29.32       |      40.01      
   150858    |      37.97       |      48.64      
   150859    |      32.71       |      43.11      
   150860    |      36.12       |      46.53      
   150861    |      34.97       |      45.25      
   150862    |      28.96       |      39.14      
   150863    |      28.26       |      38.28      
   150864    |      28.94       |      38.96      
   150865    |      28.35       |      38.21      
   150866    |      38.20       |      48.27      
   150867    |      38.18       |      48.23      
   150868    |      36.00       |      46.00      
   150869    |      35.96       |      45.95      
   150870    |      22.61       |      32.08      
   150871    |      24.79       |      34.98      
   150872    |      22.22       |      32.34      
   150873    |      22.07       |      32.14      
   150874    |      19.25       |      29.23      
   150875    |      20.73       |      31.02      
   150876    |      20.77       |      31.04      
   150877    |      21.57       |      31.91      
   150878    |      18.58       |      28.89      
   150879    |      20.03       |      30.42      
   150880    |      14.22       |      24.59      
   150881    |      13.72       |      24.07      
   150882    |       2.95       |      13.22      
   150883    |       6.87       |      16.95      
   150884    |       3.64       |      12.97      
   150885    |       4.53       |      13.74      
   150886    |       6.40       |      16.15      
   150887    |       7.98       |      17.53      
   150888    |       4.84       |      12.27      
   150889    |       8.39       |      15.98      
   150890    |       7.70       |      12.68      
   150891    |       6.82       |      11.22      
   150892    |      10.18       |       7.74      
   150893    |      10.28       |       9.61      
   150894    |      10.57       |       9.44      
   150895    |      11.35       |      12.42      
   150896    |      13.60       |      11.28      
   150897    |      13.58       |      11.14      
   150898    |      15.02       |      11.11      
   150899    |      15.39       |      13.92      
   150900    |      16.86       |      13.83      
   150901    |      16.97       |      14.46      
   150902    |      25.86       |      18.70      
   150903    |      26.42       |      18.57      
   150904    |      27.39       |      19.38      
   150905    |      27.13       |      19.36      
   150906    |      21.54       |      15.30      
   150907    |      22.35       |      14.77      
   150908    |      18.03       |      11.88      
   150909    |      18.21       |      11.68      
   150910    |      18.17       |      11.67      
   150911    |      19.89       |      11.49      
   150912    |      26.13       |      17.12      
   150913    |      26.46       |      17.35      
   150914    |      36.88       |      27.44      
   150915    |      36.30       |      26.94      
   150916    |      49.05       |      39.50      
   150917    |      49.28       |      39.72      
   150918    |      45.62       |      36.12      
   150919    |      42.96       |      33.79      
   150920    |      33.35       |      24.63      
   150921    |      30.91       |      23.30      
   150922    |      25.60       |      19.02      
   150923    |      27.50       |      19.34      
   150924    |      24.88       |      17.08      
   150925    |      29.72       |      20.32      
   150926    |      36.14       |      26.68      
   150927    |      36.04       |      26.60      
   150928    |      43.25       |      33.77      
   150929    |      34.81       |      26.98      
   150930    |      30.85       |      23.50      
   150931    |      37.00       |      27.77      
   150932    |      25.48       |      16.67      
   150933    |      34.25       |      24.63      
   150934    |      36.24       |      26.64      
   150935    |      30.56       |      21.18      
   150936    |      29.14       |      19.81      
   150937    |      25.81       |      17.24      
   150938    |      27.57       |      18.90      
   150939    |      27.38       |      18.78      
   150940    |      36.10       |      27.17      
   150941    |      35.00       |      26.28      
   150942    |      45.48       |      36.53      
   150943    |      40.20       |      32.30      
   150944    |      45.22       |      37.08      
   150945    |      48.16       |      39.50      
   150946    |      38.52       |      30.19      
   150947    |      45.99       |      36.74      
   150948    |      32.77       |      23.62      
   150949    |      36.41       |      27.05      
   150950    |      25.09       |      15.75      
   150951    |      27.05       |      17.67      
   150952    |      19.87       |      10.52      
   150953    |      35.15       |      26.73      
   150954    |      39.18       |      30.53      
   150955    |      44.38       |      35.99      
   150956    |      58.06       |      49.16      
   150957    |      44.31       |      35.04      
   150958    |      47.15       |      37.89      
   150959    |      51.60       |      42.42      
   150960    |      45.98       |      36.88      
   150961    |      50.52       |      41.58      
   150962    |      42.89       |      34.17      
   150963    |      40.02       |      31.17      
   150964    |      39.80       |      30.97      
   150965    |      37.67       |      28.75      
   150966    |      44.26       |      35.25      
   150967    |      45.01       |      36.04      
   150968    |      49.07       |      40.07      
   150969    |      48.34       |      39.32      
   150970    |      43.71       |      34.76      
   150971    |      41.06       |      32.01      
   150972    |      30.78       |      21.90      
   150973    |      24.49       |      15.41      
   150974    |      11.59       |       2.57      
   150975    |       8.20       |       6.12      
   150976    |       8.32       |       6.08      
   150977    |      11.15       |       2.31      
   150978    |      20.15       |      11.21      
   151089    |      25.61       |      34.40      
   151090    |      32.37       |      41.78      
   151091    |      31.68       |      40.02      
   151092    |      23.75       |      30.28      
   151093    |      24.80       |      35.11      
   151094    |      16.37       |      26.23      
   151095    |      18.53       |      29.23      
   151096    |      24.08       |      34.80      
   151097    |      22.27       |      32.66      
   151098    |      22.51       |      32.89      
   151099    |      21.02       |      30.66      
   151100    |      23.99       |      33.81      
   151101    |      24.59       |      34.68      
   151102    |      24.52       |      34.59      
   151103    |      26.91       |      37.47      
   151104    |      30.47       |      41.04      
   151105    |      29.00       |      39.39      
   151106    |      34.55       |      44.99      
   151107    |      35.09       |      45.58      
   151108    |      34.60       |      45.07      
   151109    |      38.72       |      49.43      
   151110    |      32.18       |      42.86      
   151111    |      30.52       |      41.12      
   151112    |      29.88       |      40.46      
   151113    |      27.79       |      38.15      
   151114    |      32.75       |      43.15      
   151115    |      30.71       |      40.79      
   151116    |      35.50       |      45.66      
   151117    |      33.47       |      43.14      
   151118    |      30.23       |      39.74      
   151119    |      31.25       |      41.12      
   151120    |      28.74       |      38.52      
   151121    |      29.49       |      39.48      
   151122    |      37.82       |      47.94      
   151123    |      35.72       |      45.35      
   151124    |      37.58       |      47.26      
   151125    |      36.40       |      45.61      
   151126    |      30.96       |      39.77      
   151127    |      32.85       |      42.64      
   151128    |      24.88       |      34.28      
   151129    |      25.73       |      35.53      
   151130    |      23.27       |      32.95      
   151131    |      24.16       |      34.14      
   151132    |      23.34       |      33.27      
   151133    |      25.80       |      36.13      
   151134    |      20.65       |      30.93      
   151135    |      18.04       |      27.65      
   151136    |      16.34       |      25.82      
   151137    |      16.84       |      26.58      
   151138    |       9.66       |      18.62      
   151139    |      14.14       |      24.50      
   151140    |       3.23       |      13.53      
   151141    |       2.82       |      13.14      
   151142    |       6.99       |      17.30      
   151143    |       4.90       |      14.48      
   151144    |       5.52       |      15.19      
   151145    |       6.02       |      16.07      
   151146    |       1.82       |       9.71      
   151147    |       1.22       |      10.12      
   151148    |       5.23       |       5.16      
   151149    |       2.89       |       8.67      
   151150    |       4.08       |       7.24      
   151151    |       4.94       |      10.81      
   151152    |       9.53       |       6.03      
   151153    |       9.73       |      11.03      
   151154    |      11.60       |       9.77      
   151155    |      14.07       |       4.92      
   151156    |       9.07       |       3.54      
   151157    |      16.35       |       6.89      
   151158    |      21.83       |      11.99      
   151159    |      15.31       |       5.72      
   151160    |      22.66       |      12.80      
   151161    |      19.25       |      10.82      
   151162    |      20.45       |      11.82      
   151163    |      19.67       |      11.79      
   151164    |      17.34       |      10.25      
   151165    |      16.73       |      11.06      
   151166    |      21.45       |      14.01      
   151167    |      20.10       |      15.48      
   151168    |      29.74       |      22.24      
   151169    |      32.17       |      23.52      
   151170    |      37.35       |      28.41      
   151171    |      40.25       |      30.82      
   151172    |      49.31       |      39.74      
   151173    |      43.84       |      35.03      
   151174    |      43.92       |      35.12      
   151175    |      41.82       |      33.61      
   151176    |      32.39       |      25.36      
   151177    |      34.71       |      26.32      
   151178    |      28.57       |      20.93      
   151179    |      32.13       |      22.99      
   151180    |      30.34       |      21.30      
   151181    |      37.21       |      27.50      
   151182    |      35.54       |      25.85      
   151183    |      34.28       |      24.62      
   151184    |      31.12       |      21.48      
   151185    |      23.97       |      15.60      
   151186    |      37.42       |      28.36      
   151187    |      46.82       |      37.18      
   151188    |      34.25       |      24.64      
   151189    |      46.39       |      37.03      
   151190    |      24.38       |      15.93      
   151191    |      30.26       |      20.70      
   151192    |      24.28       |      14.77      
   151193    |      19.01       |       9.67      
   151194    |      25.92       |      16.49      
   151195    |      20.51       |      13.49      
   151196    |      35.07       |      26.37      
   151197    |      33.83       |      25.49      
   151198    |      38.45       |      29.91      
   151199    |      42.47       |      33.32      
   151200    |      47.03       |      37.87      
   151201    |      49.08       |      39.81      
   151202    |      46.00       |      36.75      
   151203    |      50.95       |      41.54      
   151204    |      40.50       |      31.12      
   151205    |      36.59       |      27.20      
   151206    |      33.37       |      24.00      
   151207    |      28.49       |      19.72      
   151208    |      38.31       |      29.25      
   151209    |      35.18       |      26.77      
   151210    |      42.12       |      33.41      
   151211    |      42.96       |      34.10      
   151212    |      45.30       |      36.41      
   151213    |      43.03       |      34.04      
   151214    |      51.78       |      42.66      
   151215    |      50.15       |      40.99      
   151216    |      50.17       |      41.02      
   151217    |      45.73       |      36.51      
   151218    |      39.73       |      30.55      
   151219    |      41.57       |      32.45      
   151220    |      37.60       |      28.53      
   151221    |      43.87       |      35.10      
   151222    |      45.21       |      36.43      
   151223    |      45.78       |      37.04      
   151224    |      48.49       |      39.70      
   151225    |      44.37       |      35.41      
   151226    |      41.01       |      32.10      
   151227    |      37.07       |      27.99      
   151228    |      24.04       |      15.09      
   151229    |      19.01       |      10.16      
   151230    |       6.05       |       3.98      
   151231    |       9.39       |       2.28      
   151232    |      11.02       |       2.81      
   151233    |      27.60       |      20.57      
   151234    |      32.46       |      24.77      
   151235    |      42.04       |      34.76      
   151344    |      26.51       |      35.07      
   151345    |      26.58       |      35.37      
   151346    |      28.88       |      37.92      
   151347    |      30.15       |      40.15      
   151348    |      26.69       |      36.48      
   151349    |      29.09       |      39.67      
   151350    |      19.67       |      30.00      
   151351    |      20.40       |      30.94      
   151352    |      21.76       |      32.32      
   151353    |      19.66       |      29.21      
   151354    |      21.02       |      30.68      
   151355    |      24.02       |      34.69      
   151356    |      22.69       |      33.33      
   151357    |      22.80       |      33.44      
   151358    |      26.57       |      37.23      
   151359    |      25.10       |      35.55      
   151360    |      28.74       |      39.20      
   151361    |      29.56       |      40.11      
   151362    |      34.80       |      45.37      
   151363    |      33.78       |      44.26      
   151364    |      39.61       |      50.12      
   151365    |      36.29       |      46.36      
   151366    |      32.97       |      42.92      
   151367    |      35.27       |      45.63      
   151368    |      28.28       |      38.52      
   151369    |      26.02       |      35.49      
   151370    |      31.88       |      41.65      
   151371    |      30.44       |      39.50      
   151372    |      34.79       |      44.12      
   151373    |      35.09       |      44.55      
   151374    |      33.36       |      42.71      
   151375    |      33.62       |      43.09      
   151376    |      32.19       |      41.60      
   151377    |      34.46       |      44.56      
   151378    |      33.46       |      43.52      
   151379    |      33.02       |      42.98      
   151380    |      32.71       |      42.64      
   151381    |      31.85       |      41.52      
   151382    |      33.31       |      43.03      
   151383    |      33.56       |      43.35      
   151384    |      27.20       |      36.68      
   151385    |      29.69       |      39.90      
   151386    |      23.78       |      33.86      
   151387    |      25.83       |      36.20      
   151388    |      25.72       |      36.07      
   151389    |      23.58       |      33.59      
   151390    |      17.58       |      27.34      
   151391    |      16.89       |      26.07      
   151392    |      18.34       |      27.62      
   151393    |      17.73       |      26.44      
   151394    |      18.91       |      27.78      
   151395    |      19.67       |      29.16      
   151396    |       9.55       |      16.39      
   151397    |       8.86       |      17.99      
   151398    |       7.00       |      15.45      
   151399    |      11.64       |      14.20      
   151400    |      13.47       |      20.39      
   151401    |      15.30       |      20.04      
   151402    |      14.92       |      18.51      
   151403    |      12.81       |      18.38      
   151404    |      12.22       |      15.36      
   151405    |       8.00       |      17.01      
   151406    |       5.13       |      11.50      
   151407    |       4.56       |      14.68      
   151408    |       3.29       |       6.87      
   151409    |       3.66       |       6.48      
   151410    |      13.49       |       3.38      
   151411    |      12.64       |       2.70      
   151412    |      16.34       |       6.32      
   151413    |      14.02       |       5.12      
   151414    |      15.61       |       6.37      
   151415    |      13.52       |       7.74      
   151416    |      19.40       |      11.04      
   151417    |      17.89       |      12.90      
   151418    |      21.72       |      14.84      
   151419    |      21.40       |      15.67      
   151420    |      19.48       |      14.81      
   151421    |      19.49       |      15.03      
   151422    |      19.91       |      15.20      
   151423    |      20.35       |      17.97      
   151424    |      35.89       |      28.64      
   151425    |      39.70       |      31.10      
   151426    |      41.90       |      33.17      
   151427    |      47.66       |      38.08      
   151428    |      42.34       |      32.89      
   151429    |      40.67       |      31.46      
   151430    |      39.53       |      30.39      
   151431    |      38.86       |      29.86      
   151432    |      34.05       |      25.34      
   151433    |      42.26       |      32.51      
   151434    |      34.11       |      24.43      
   151435    |      31.19       |      21.44      
   151436    |      37.20       |      27.46      
   151437    |      33.50       |      23.94      
   151438    |      34.46       |      24.91      
   151439    |      36.94       |      27.27      
   151440    |      22.40       |      12.73      
   151441    |      31.67       |      22.32      
   151442    |      43.98       |      34.49      
   151443    |      46.93       |      37.33      
   151444    |      44.74       |      35.16      
   151445    |      45.78       |      36.18      
   151446    |      23.49       |      13.94      
   151447    |      22.73       |      13.25      
   151448    |      18.41       |       9.02      
   151449    |      18.87       |       9.41      
   151450    |      18.44       |       9.01      
   151451    |      17.59       |       8.35      
   151452    |      31.19       |      21.74      
   151453    |      31.85       |      22.43      
   151454    |      41.73       |      32.29      
   151455    |      50.30       |      41.18      
   151456    |      44.48       |      35.55      
   151457    |      49.47       |      40.13      
   151458    |      45.35       |      36.05      
   151459    |      51.07       |      41.64      
   151460    |      41.84       |      32.43      
   151461    |      40.67       |      31.28      
   151462    |      32.79       |      23.42      
   151463    |      33.27       |      23.90      
   151464    |      37.41       |      28.06      
   151465    |      37.32       |      27.98      
   151466    |      47.68       |      38.35      
   151467    |      41.24       |      32.24      
   151468    |      50.03       |      40.94      
   151469    |      45.07       |      36.80      
   151470    |      51.96       |      43.43      
   151471    |      42.95       |      33.98      
   151472    |      45.94       |      36.89      
   151473    |      44.53       |      35.45      
   151474    |      41.61       |      32.58      
   151475    |      42.60       |      33.62      
   151476    |      43.62       |      34.64      
   151477    |      49.17       |      40.46      
   151478    |      45.93       |      37.30      
   151479    |      45.60       |      36.96      
   151480    |      44.74       |      36.13      
   151481    |      43.59       |      34.93      
   151482    |      37.31       |      28.82      
   151483    |      34.66       |      25.97      
   151484    |      18.40       |      11.04      
   151485    |      18.44       |      11.09      
   151486    |      11.13       |       7.73      
   151487    |      28.24       |      23.75      
   151488    |      31.06       |      25.43      
   151489    |      42.17       |      36.13      
   151490    |      41.35       |      35.44      
   151491    |      43.10       |      36.14      
   151600    |      27.74       |      36.24      
   151601    |      28.26       |      37.82      
   151602    |      31.17       |      40.92      
   151603    |      31.46       |      41.36      
   151604    |      31.82       |      41.72      
   151605    |      31.08       |      40.48      
   151606    |      26.27       |      35.13      
   151607    |      26.45       |      35.75      
   151608    |      22.42       |      31.14      
   151609    |      23.05       |      32.89      
   151610    |      26.48       |      36.51      
   151611    |      27.70       |      38.13      
   151612    |      24.11       |      34.41      
   151613    |      27.65       |      38.44      
   151614    |      23.80       |      34.56      
   151615    |      22.43       |      33.04      
   151616    |      29.12       |      39.81      
   151617    |      24.89       |      34.75      
   151618    |      34.68       |      44.93      
   151619    |      35.57       |      45.94      
   151620    |      35.21       |      45.57      
   151621    |      36.19       |      46.66      
   151622    |      35.00       |      45.44      
   151623    |      32.17       |      42.07      
   151624    |      25.87       |      35.40      
   151625    |      25.34       |      34.44      
   151626    |      29.18       |      38.59      
   151627    |      29.15       |      38.54      
   151628    |      34.27       |      43.96      
   151629    |      33.15       |      42.30      
   151630    |      34.47       |      43.71      
   151631    |      34.60       |      43.91      
   151632    |      38.08       |      47.63      
   151633    |      39.21       |      49.09      
   151634    |      34.60       |      44.28      
   151635    |      35.06       |      44.88      
   151636    |      31.92       |      41.59      
   151637    |      35.28       |      45.62      
   151638    |      30.98       |      41.25      
   151639    |      30.05       |      40.17      
   151640    |      30.33       |      40.43      
   151641    |      31.49       |      41.76      
   151642    |      26.90       |      37.09      
   151643    |      27.44       |      37.71      
   151644    |      22.91       |      33.07      
   151645    |      21.49       |      31.13      
   151646    |      16.95       |      26.13      
   151647    |      17.73       |      27.74      
   151648    |      14.74       |      24.50      
   151649    |      14.46       |      24.01      
   151650    |      18.54       |      28.38      
   151651    |      17.22       |      25.74      
   151652    |      13.78       |      21.04      
   151653    |      13.66       |      21.15      
   151654    |      11.42       |      14.02      
   151655    |      11.32       |      14.01      
   151656    |      11.57       |      17.25      
   151657    |      15.49       |      17.82      
   151658    |      15.91       |      20.78      
   151659    |      14.82       |      20.74      
   151660    |      15.33       |      21.73      
   151661    |      14.28       |      22.29      
   151662    |      12.26       |      19.04      
   151663    |      11.24       |      20.72      
   151664    |       7.28       |      14.92      
   151665    |       3.83       |       6.62      
   151666    |      12.53       |       2.79      
   151667    |      10.29       |       0.64      
   151668    |      13.30       |       3.25      
   151669    |       9.86       |       6.69      
   151670    |      12.64       |       6.23      
   151671    |      13.46       |      13.62      
   151672    |      17.68       |      12.58      
   151673    |      18.36       |      16.00      
   151674    |      22.31       |      16.83      
   151675    |      22.39       |      17.47      
   151676    |      21.21       |      17.13      
   151677    |      20.97       |      16.03      
   151678    |      19.00       |      15.64      
   151679    |      17.05       |      14.26      
   151680    |      32.39       |      23.04      
   151681    |      38.88       |      29.79      
   151682    |      47.96       |      38.49      
   151683    |      50.71       |      41.01      
   151684    |      40.78       |      31.28      
   151685    |      40.08       |      30.56      
   151686    |      39.36       |      29.88      
   151687    |      37.74       |      28.20      
   151688    |      48.73       |      39.02      
   151689    |      42.22       |      32.43      
   151690    |      37.73       |      27.96      
   151691    |      34.19       |      24.47      
   151692    |      26.57       |      16.85      
   151693    |      33.50       |      23.93      
   151694    |      37.86       |      28.24      
   151695    |      37.01       |      27.37      
   151696    |      39.48       |      29.83      
   151697    |      30.94       |      21.31      
   151698    |      33.15       |      23.55      
   151699    |      43.60       |      34.04      
   151700    |      44.51       |      34.96      
   151701    |      44.76       |      35.22      
   151702    |      32.88       |      23.56      
   151703    |      23.45       |      13.88      
   151704    |      18.10       |       8.54      
   151705    |      18.26       |       8.70      
   151706    |      25.56       |      16.03      
   151707    |      19.79       |      11.70      
   151708    |      36.76       |      27.81      
   151709    |      34.09       |      25.79      
   151710    |      44.86       |      36.19      
   151711    |      50.10       |      40.84      
   151712    |      41.58       |      32.28      
   151713    |      42.38       |      33.05      
   151714    |      38.99       |      29.68      
   151715    |      44.47       |      35.04      
   151716    |      40.88       |      31.46      
   151717    |      41.75       |      32.36      
   151718    |      29.60       |      20.26      
   151719    |      32.87       |      23.68      
   151720    |      29.68       |      20.58      
   151721    |      38.89       |      30.37      
   151722    |      55.90       |      46.91      
   151723    |      47.63       |      38.37      
   151724    |      61.22       |      51.93      
   151725    |      50.32       |      41.32      
   151726    |      51.02       |      42.03      
   151727    |      45.28       |      37.11      
   151728    |      44.11       |      35.97      
   151729    |      45.51       |      37.19      
   151730    |      43.23       |      34.98      
   151731    |      43.63       |      35.32      
   151732    |      45.84       |      37.50      
   151733    |      49.12       |      40.38      
   151734    |      46.61       |      37.91      
   151735    |      45.68       |      37.10      
   151736    |      45.12       |      36.57      
   151737    |      44.05       |      35.67      
   151738    |      34.33       |      26.27      
   151739    |      35.10       |      26.85      
   151740    |      24.73       |      16.98      
   151741    |      22.03       |      17.51      
   151742    |      30.94       |      24.61      
   151743    |      29.70       |      25.79      
   151744    |      42.96       |      37.73      
   151745    |      43.76       |      38.00      
   151746    |      43.13       |      37.45      
   151747    |      42.95       |      37.42      
   151856    |      29.07       |      38.45      
   151857    |      33.68       |      44.49      
   151858    |      28.04       |      38.79      
   151859    |      24.80       |      34.33      
   151860    |      29.25       |      39.11      
   151861    |      28.52       |      37.73      
   151862    |      27.43       |      36.49      
   151863    |      28.93       |      39.16      
   151864    |      22.96       |      32.84      
   151865    |      24.57       |      35.09      
   151866    |      27.20       |      37.76      
   151867    |      25.47       |      35.50      
   151868    |      30.23       |      40.45      
   151869    |      30.66       |      40.99      
   151870    |      24.45       |      34.50      
   151871    |      25.91       |      36.41      
   151872    |      23.15       |      33.55      
   151873    |      23.92       |      34.46      
   151874    |      34.46       |      45.11      
   151875    |      30.50       |      40.56      
   151876    |      37.13       |      47.38      
   151877    |      35.76       |      45.71      
   151878    |      32.62       |      42.41      
   151879    |      31.60       |      40.90      
   151880    |      26.60       |      35.36      
   151881    |      29.79       |      40.08      
   151882    |      26.43       |      36.61      
   151883    |      25.98       |      36.03      
   151884    |      29.40       |      39.56      
   151885    |      26.79       |      35.64      
   151886    |      33.87       |      43.37      
   151887    |      34.50       |      44.24      
   151888    |      39.05       |      48.97      
   151889    |      39.63       |      49.67      
   151890    |      34.90       |      44.76      
   151891    |      36.49       |      46.67      
   151892    |      36.47       |      46.64      
   151893    |      36.70       |      46.90      
   151894    |      30.54       |      40.58      
   151895    |      33.83       |      44.27      
   151896    |      30.66       |      41.06      
   151897    |      30.03       |      40.38      
   151898    |      27.31       |      37.61      
   151899    |      25.97       |      36.03      
   151900    |      20.81       |      30.63      
   151901    |      20.92       |      30.80      
   151902    |      18.86       |      28.58      
   151903    |      20.69       |      30.96      
   151904    |      13.18       |      23.18      
   151905    |      15.76       |      26.14      
   151906    |      11.78       |      22.13      
   151907    |      10.24       |      20.34      
   151908    |       7.66       |      17.58      
   151909    |       7.32       |      16.75      
   151910    |       5.10       |       9.26      
   151911    |       6.64       |       9.01      
   151912    |       6.07       |      10.06      
   151913    |      10.54       |      10.42      
   151914    |      10.26       |      17.59      
   151915    |      10.35       |      17.53      
   151916    |      12.92       |      21.41      
   151917    |      13.07       |      22.36      
   151918    |      12.20       |      21.32      
   151919    |      13.22       |      23.13      
   151920    |      10.26       |      19.95      
   151921    |       3.02       |      13.03      
   151922    |       2.18       |       8.04      
   151923    |      13.11       |       7.56      
   151924    |      10.94       |       8.05      
   151925    |      11.11       |       9.66      
   151926    |       9.40       |      12.32      
   151927    |      12.61       |      12.80      
   151928    |      12.38       |      13.14      
   151929    |      18.40       |      16.03      
   151930    |      21.51       |      16.34      
   151931    |      21.47       |      15.83      
   151932    |      19.58       |      15.25      
   151933    |      21.80       |      17.06      
   151934    |      22.06       |      17.12      
   151935    |      17.01       |      13.12      
   151936    |      35.55       |      26.13      
   151937    |      31.98       |      22.43      
   151938    |      47.50       |      37.66      
   151939    |      50.52       |      40.74      
   151940    |      34.10       |      24.72      
   151941    |      41.83       |      32.79      
   151942    |      41.81       |      32.78      
   151943    |      40.23       |      31.15      
   151944    |      53.86       |      44.32      
   151945    |      48.82       |      39.16      
   151946    |      40.24       |      30.76      
   151947    |      37.98       |      28.42      
   151948    |      27.13       |      18.11      
   151949    |      27.31       |      18.32      
   151950    |      35.71       |      26.23      
   151951    |      38.34       |      28.97      
   151952    |      47.62       |      38.04      
   151953    |      39.49       |      29.81      
   151954    |      35.34       |      25.68      
   151955    |      33.00       |      23.36      
   151956    |      38.22       |      28.60      
   151957    |      44.43       |      34.84      
   151958    |      34.88       |      25.41      
   151959    |      32.48       |      22.94      
   151960    |      22.81       |      13.57      
   151961    |      18.12       |       8.58      
   151962    |      30.42       |      20.88      
   151963    |      26.01       |      16.81      
   151964    |      35.56       |      26.31      
   151965    |      36.04       |      26.76      
   151966    |      34.49       |      25.22      
   151967    |      42.60       |      33.12      
   151968    |      39.24       |      29.79      
   151969    |      40.82       |      31.41      
   151970    |      40.15       |      30.76      
   151971    |      38.21       |      28.79      
   151972    |      37.83       |      28.43      
   151973    |      40.85       |      31.54      
   151974    |      31.49       |      22.35      
   151975    |      29.72       |      20.49      
   151976    |      29.70       |      20.49      
   151977    |      29.49       |      20.29      
   151978    |      55.05       |      45.72      
   151979    |      55.53       |      46.21      
   151980    |      67.15       |      57.84      
   151981    |      61.95       |      52.72      
   151982    |      56.70       |      47.46      
   151983    |      51.05       |      42.08      
   151984    |      51.04       |      42.09      
   151985    |      43.97       |      35.77      
   151986    |      42.09       |      33.94      
   151987    |      43.08       |      34.77      
   151988    |      41.14       |      32.89      
   151989    |      45.05       |      36.28      
   151990    |      52.26       |      43.47      
   151991    |      47.57       |      39.38      
   151992    |      45.92       |      37.79      
   151993    |      45.91       |      37.79      
   151994    |      30.70       |      23.19      
   151995    |      33.81       |      25.37      
   151996    |      28.85       |      20.53      
   151997    |      25.68       |      18.73      
   151998    |      34.90       |      27.42      
   151999    |      32.15       |      26.34      
   152000    |      39.09       |      32.70      
   152001    |      38.91       |      32.63      
   152002    |      47.05       |      40.29      
   152003    |      44.74       |      39.42      
   152004    |      42.46       |      37.44      
   152111    |      27.41       |      38.39      
   152112    |      32.73       |      43.70      
   152113    |      32.11       |      43.06      
   152114    |      19.86       |      30.75      
   152115    |      20.50       |      31.42      
   152116    |      22.22       |      33.12      
   152117    |      19.07       |      29.43      
   152118    |      27.42       |      38.02      
   152119    |      25.39       |      35.23      
   152120    |      26.87       |      36.80      
   152121    |      27.28       |      37.40      
   152122    |      25.57       |      35.59      
   152123    |      26.99       |      37.47      
   152124    |      29.82       |      40.36      
   152125    |      27.83       |      37.78      
   152126    |      28.07       |      38.02      
   152127    |      29.56       |      39.97      
   152128    |      25.02       |      35.26      
   152129    |      27.75       |      38.42      
   152130    |      28.18       |      38.84      
   152131    |      25.78       |      36.11      
   152132    |      33.61       |      44.10      
   152133    |      31.70       |      41.87      
   152134    |      28.80       |      38.85      
   152135    |      29.97       |      40.28      
   152136    |      29.83       |      40.12      
   152137    |      31.08       |      41.54      
   152138    |      25.05       |      35.38      
   152139    |      25.80       |      36.24      
   152140    |      21.58       |      31.91      
   152141    |      22.20       |      32.62      
   152142    |      30.96       |      41.48      
   152143    |      31.40       |      41.93      
   152144    |      36.37       |      46.91      
   152145    |      37.43       |      48.00      
   152146    |      33.97       |      44.52      
   152147    |      35.98       |      46.54      
   152148    |      33.62       |      44.17      
   152149    |      29.58       |      39.97      
   152150    |      34.17       |      44.58      
   152151    |      33.48       |      43.83      
   152152    |      30.48       |      40.77      
   152153    |      28.76       |      38.71      
   152154    |      27.02       |      36.88      
   152155    |      28.51       |      38.73      
   152156    |      20.68       |      30.63      
   152157    |      25.13       |      35.57      
   152158    |      19.76       |      30.18      
   152159    |      19.31       |      29.71      
   152160    |      15.90       |      26.27      
   152161    |      16.58       |      26.97      
   152162    |       9.57       |      19.91      
   152163    |       9.25       |      15.65      
   152164    |      10.71       |      18.69      
   152165    |      14.24       |      18.21      
   152166    |      14.50       |      16.10      
   152167    |      12.37       |      15.48      
   152168    |      13.36       |      13.46      
   152169    |      10.09       |      12.47      
   152170    |      10.67       |      17.76      
   152171    |       9.90       |      18.73      
   152172    |      12.80       |      22.21      
   152173    |      14.35       |      24.42      
   152174    |      14.15       |      24.20      
   152175    |      12.60       |      22.71      
   152176    |      11.84       |      21.92      
   152177    |       9.06       |      19.20      
   152178    |       8.30       |      18.43      
   152179    |       9.35       |      11.55      
   152180    |       9.91       |      10.25      
   152181    |      12.22       |      10.81      
   152182    |      11.31       |      11.88      
   152183    |       8.61       |      11.75      
   152184    |       9.48       |       9.75      
   152185    |       8.42       |       9.69      
   152186    |      10.79       |       7.35      
   152187    |      20.30       |      14.23      
   152188    |      16.90       |      13.83      
   152189    |      20.55       |      16.45      
   152190    |      24.35       |      17.82      
   152191    |      19.10       |      13.04      
   152192    |      34.89       |      25.42      
   152193    |      35.51       |      26.08      
   152194    |      43.36       |      33.67      
   152195    |      48.56       |      39.04      
   152196    |      39.99       |      30.85      
   152197    |      34.12       |      24.74      
   152198    |      41.64       |      32.03      
   152199    |      40.46       |      30.82      
   152200    |      50.19       |      40.43      
   152201    |      53.47       |      43.79      
   152202    |      39.66       |      30.33      
   152203    |      40.63       |      31.34      
   152204    |      34.21       |      25.38      
   152205    |      26.89       |      17.68      
   152206    |      34.35       |      24.79      
   152207    |      35.70       |      26.21      
   152208    |      43.42       |      33.79      
   152209    |      47.73       |      38.21      
   152210    |      45.58       |      36.11      
   152211    |      35.34       |      25.68      
   152212    |      36.81       |      27.17      
   152213    |      38.12       |      28.50      
   152214    |      34.36       |      24.76      
   152215    |      34.70       |      25.12      
   152216    |      29.32       |      19.82      
   152217    |      22.46       |      12.99      
   152218    |      29.77       |      20.34      
   152219    |      30.55       |      21.08      
   152220    |      25.74       |      16.27      
   152221    |      35.27       |      25.93      
   152222    |      26.16       |      17.30      
   152223    |      36.46       |      28.12      
   152224    |      43.73       |      34.86      
   152225    |      39.93       |      30.92      
   152226    |      45.93       |      36.74      
   152227    |      40.17       |      30.81      
   152228    |      38.04       |      28.72      
   152229    |      37.87       |      28.56      
   152230    |      39.97       |      30.65      
   152231    |      31.59       |      22.31      
   152232    |      40.23       |      30.99      
   152233    |      32.77       |      24.83      
   152234    |      52.93       |      44.51      
   152235    |      56.82       |      47.94      
   152236    |      64.53       |      55.65      
   152237    |      68.39       |      59.29      
   152238    |      61.34       |      52.22      
   152239    |      57.88       |      48.97      
   152240    |      56.11       |      47.21      
   152241    |      52.02       |      43.47      
   152242    |      43.57       |      35.08      
   152243    |      41.92       |      33.70      
   152244    |      46.07       |      37.81      
   152245    |      42.72       |      35.18      
   152246    |      53.93       |      46.05      
   152247    |      54.29       |      46.34      
   152248    |      41.91       |      34.36      
   152249    |      45.48       |      37.14      
   152250    |      30.52       |      22.52      
   152251    |      30.13       |      22.27      
   152252    |      31.74       |      23.85      
   152253    |      30.29       |      22.96      
   152254    |      33.92       |      26.44      
   152255    |      34.48       |      26.80      
   152256    |      35.52       |      27.84      
   152257    |      35.42       |      27.77      
   152258    |      45.39       |      37.55      
   152259    |      44.27       |      36.72      
   152260    |      44.12       |      36.58      
   152261    |      40.12       |      34.58      
   152367    |      29.50       |      40.50      
   152368    |      31.63       |      42.61      
   152369    |      28.48       |      39.38      
   152370    |      21.00       |      31.82      
   152371    |      20.72       |      31.49      
   152372    |      17.99       |      28.68      
   152373    |      16.77       |      26.93      
   152374    |      23.12       |      33.57      
   152375    |      23.30       |      33.81      
   152376    |      25.63       |      36.17      
   152377    |      25.38       |      35.87      
   152378    |      26.96       |      37.46      
   152379    |      28.40       |      39.11      
   152380    |      25.07       |      35.72      
   152381    |      24.76       |      35.36      
   152382    |      28.60       |      39.24      
   152383    |      31.90       |      42.69      
   152384    |      27.22       |      37.99      
   152385    |      23.95       |      34.49      
   152386    |      25.03       |      35.57      
   152387    |      26.73       |      37.42      
   152388    |      29.54       |      40.22      
   152389    |      31.49       |      42.21      
   152390    |      28.18       |      38.89      
   152391    |      26.53       |      37.18      
   152392    |      30.19       |      40.85      
   152393    |      29.65       |      40.27      
   152394    |      25.24       |      35.82      
   152395    |      29.71       |      40.35      
   152396    |      22.47       |      33.10      
   152397    |      21.11       |      31.69      
   152398    |      30.47       |      41.03      
   152399    |      27.55       |      38.16      
   152400    |      36.97       |      47.56      
   152401    |      35.13       |      45.71      
   152402    |      36.36       |      46.92      
   152403    |      33.31       |      43.72      
   152404    |      29.87       |      40.22      
   152405    |      29.41       |      39.69      
   152406    |      33.64       |      43.98      
   152407    |      31.90       |      41.95      
   152408    |      28.93       |      38.86      
   152409    |      29.14       |      39.13      
   152410    |      29.85       |      39.85      
   152411    |      31.21       |      41.46      
   152412    |      27.39       |      37.53      
   152413    |      27.44       |      37.58      
   152414    |      21.73       |      31.65      
   152415    |      22.31       |      32.40      
   152416    |      18.72       |      28.63      
   152417    |      17.81       |      26.92      
   152418    |      11.32       |      17.07      
   152419    |      16.96       |      18.44      
   152420    |      16.72       |      20.32      
   152421    |      21.28       |      22.34      
   152422    |      21.09       |      23.33      
   152423    |      18.08       |      22.16      
   152424    |      17.97       |      19.75      
   152425    |      11.54       |      18.80      
   152426    |      12.52       |      20.40      
   152427    |      13.01       |      22.81      
   152428    |      15.00       |      24.90      
   152429    |      18.61       |      28.82      
   152430    |      16.16       |      26.34      
   152431    |      13.51       |      23.59      
   152432    |      13.52       |      23.58      
   152433    |      11.91       |      21.70      
   152434    |      10.18       |      19.89      
   152435    |       9.45       |      18.75      
   152436    |       4.44       |       9.82      
   152437    |       8.22       |       8.79      
   152438    |       7.26       |      12.00      
   152439    |      11.22       |      11.77      
   152440    |      11.41       |      11.46      
   152441    |      11.32       |      11.44      
   152442    |      14.28       |       9.56      
   152443    |      11.18       |       7.86      
   152444    |      14.31       |       7.48      
   152445    |      10.75       |       4.87      
   152446    |      15.87       |       6.72      
   152447    |      20.05       |      11.21      
   152448    |      25.61       |      16.10      
   152449    |      36.05       |      27.03      
   152450    |      39.74       |      30.47      
   152451    |      45.08       |      36.01      
   152452    |      48.12       |      38.89      
   152453    |      39.11       |      29.59      
   152454    |      45.61       |      35.94      
   152455    |      41.38       |      31.62      
   152456    |      41.51       |      31.77      
   152457    |      50.81       |      41.33      
   152458    |      42.53       |      33.39      
   152459    |      39.85       |      30.61      
   152460    |      38.39       |      29.25      
   152461    |      33.30       |      23.95      
   152462    |      37.25       |      27.75      
   152463    |      34.30       |      24.71      
   152464    |      38.18       |      28.54      
   152465    |      43.68       |      34.20      
   152466    |      44.30       |      34.81      
   152467    |      45.65       |      36.22      
   152468    |      42.97       |      33.63      
   152469    |      36.95       |      27.43      
   152470    |      36.18       |      26.68      
   152471    |      34.44       |      24.90      
   152472    |      30.58       |      21.14      
   152473    |      29.35       |      19.87      
   152474    |      34.96       |      25.43      
   152475    |      29.59       |      20.09      
   152476    |      26.03       |      16.52      
   152477    |      25.71       |      16.22      
   152478    |      22.48       |      12.99      
   152479    |      25.18       |      15.71      
   152480    |      42.21       |      32.77      
   152481    |      43.00       |      33.55      
   152482    |      48.30       |      38.88      
   152483    |      46.30       |      36.95      
   152484    |      39.48       |      30.12      
   152485    |      38.48       |      29.17      
   152486    |      43.91       |      34.63      
   152487    |      41.17       |      32.08      
   152488    |      49.54       |      40.47      
   152489    |      43.35       |      35.14      
   152490    |      53.99       |      45.63      
   152491    |      53.43       |      45.16      
   152492    |      58.19       |      49.89      
   152493    |      64.28       |      55.34      
   152494    |      58.86       |      49.92      
   152495    |      61.44       |      52.36      
   152496    |      57.73       |      48.65      
   152497    |      55.88       |      46.90      
   152498    |      46.25       |      37.26      
   152499    |      43.05       |      34.34      
   152500    |      50.24       |      41.53      
   152501    |      46.26       |      38.09      
   152502    |      51.48       |      43.25      
   152503    |      52.59       |      44.20      
   152504    |      39.01       |      30.85      
   152505    |      40.07       |      31.71      
   152506    |      31.68       |      23.47      
   152507    |      30.64       |      22.73      
   152508    |      31.97       |      24.04      
   152509    |      31.78       |      23.92      
   152510    |      33.37       |      25.48      
   152511    |      33.19       |      25.37      
   152512    |      32.55       |      24.76      
   152513    |      34.30       |      26.06      
   152514    |      40.78       |      32.50      
   152515    |      43.22       |      34.62      
   152516    |      46.02       |      37.44      
   152517    |      42.50       |      34.45      
   152518    |      34.66       |      26.76      
   152623    |      29.94       |      40.94      
   152624    |      27.80       |      38.78      
   152625    |      29.73       |      40.68      
   152626    |      19.67       |      30.59      
   152627    |      22.51       |      33.27      
   152628    |      14.59       |      25.12      
   152629    |       8.21       |      19.01      
   152630    |      21.68       |      32.56      
   152631    |      18.47       |      28.63      
   152632    |      25.55       |      36.01      
   152633    |      25.80       |      36.30      
   152634    |      29.18       |      39.74      
   152635    |      31.72       |      42.51      
   152636    |      24.16       |      34.90      
   152637    |      27.18       |      38.01      
   152638    |      31.74       |      42.54      
   152639    |      32.18       |      42.97      
   152640    |      26.03       |      36.81      
   152641    |      22.74       |      33.39      
   152642    |      21.62       |      32.24      
   152643    |      26.33       |      37.08      
   152644    |      28.94       |      39.68      
   152645    |      31.75       |      42.44      
   152646    |      27.16       |      37.82      
   152647    |      26.45       |      37.12      
   152648    |      33.68       |      44.35      
   152649    |      28.99       |      39.64      
   152650    |      35.76       |      46.40      
   152651    |      30.05       |      40.37      
   152652    |      21.21       |      31.36      
   152653    |      22.65       |      33.01      
   152654    |      21.27       |      31.60      
   152655    |      27.52       |      38.13      
   152656    |      34.69       |      45.28      
   152657    |      31.03       |      41.54      
   152658    |      32.66       |      43.17      
   152659    |      31.09       |      41.46      
   152660    |      29.18       |      39.51      
   152661    |      29.63       |      40.01      
   152662    |      30.04       |      40.40      
   152663    |      28.54       |      38.66      
   152664    |      28.58       |      38.68      
   152665    |      31.40       |      41.84      
   152666    |      30.06       |      40.47      
   152667    |      29.40       |      39.76      
   152668    |      26.54       |      36.85      
   152669    |      24.33       |      34.11      
   152670    |      23.99       |      33.73      
   152671    |      23.88       |      33.55      
   152672    |      18.22       |      27.23      
   152673    |      18.46       |      26.26      
   152674    |      15.12       |      16.71      
   152675    |      11.17       |      15.74      
   152676    |      11.79       |      13.07      
   152677    |      11.79       |      13.07      
   152678    |      11.30       |      16.76      
   152679    |      12.17       |      16.81      
   152680    |      13.21       |      19.97      
   152681    |      12.39       |      21.80      
   152682    |      13.80       |      23.36      
   152683    |      17.03       |      27.26      
   152684    |      20.71       |      30.92      
   152685    |      18.54       |      28.73      
   152686    |      22.23       |      32.40      
   152687    |      16.86       |      26.42      
   152688    |      14.83       |      24.27      
   152689    |      14.69       |      24.07      
   152690    |       6.65       |      14.28      
   152691    |       9.67       |      19.77      
   152692    |       2.16       |      12.26      
   152693    |       2.66       |       9.32      
   152694    |       4.23       |      13.46      
   152695    |       5.52       |      11.17      
   152696    |       5.56       |       9.92      
   152697    |       9.12       |       9.27      
   152698    |      11.67       |       7.13      
   152699    |      13.33       |       8.11      
   152700    |      16.67       |       8.92      
   152701    |      13.61       |       6.08      
   152702    |      14.76       |       6.56      
   152703    |      16.79       |       8.61      
   152704    |      23.38       |      13.91      
   152705    |      25.94       |      16.65      
   152706    |      37.10       |      27.33      
   152707    |      38.67       |      28.97      
   152708    |      36.96       |      27.31      
   152709    |      48.07       |      38.83      
   152710    |      46.88       |      37.70      
   152711    |      45.46       |      36.58      
   152712    |      49.21       |      40.14      
   152713    |      42.07       |      32.73      
   152714    |      38.30       |      29.16      
   152715    |      42.96       |      34.02      
   152716    |      43.67       |      34.70      
   152717    |      38.34       |      29.17      
   152718    |      41.68       |      32.36      
   152719    |      37.29       |      27.82      
   152720    |      36.42       |      26.99      
   152721    |      38.75       |      29.42      
   152722    |      47.25       |      37.71      
   152723    |      44.11       |      34.52      
   152724    |      42.55       |      32.98      
   152725    |      42.49       |      32.93      
   152726    |      39.79       |      30.29      
   152727    |      36.04       |      26.46      
   152728    |      28.14       |      18.69      
   152729    |      30.82       |      21.51      
   152730    |      38.13       |      28.65      
   152731    |      34.96       |      25.42      
   152732    |      39.03       |      29.49      
   152733    |      27.63       |      19.01      
   152734    |      35.21       |      26.45      
   152735    |      29.43       |      23.42      
   152736    |      40.52       |      33.39      
   152737    |      45.32       |      36.76      
   152738    |      41.90       |      33.42      
   152739    |      48.94       |      39.66      
   152740    |      45.29       |      36.01      
   152741    |      41.03       |      32.15      
   152742    |      39.90       |      31.04      
   152743    |      44.06       |      34.82      
   152744    |      47.88       |      38.67      
   152745    |      48.86       |      39.61      
   152746    |      57.38       |      48.17      
   152747    |      52.23       |      43.38      
   152748    |      52.66       |      43.81      
   152749    |      55.47       |      46.41      
   152750    |      52.33       |      43.27      
   152751    |      57.53       |      48.28      
   152752    |      52.73       |      43.47      
   152753    |      57.15       |      47.87      
   152754    |      48.60       |      39.34      
   152755    |      45.78       |      36.52      
   152756    |      55.55       |      46.32      
   152757    |      49.48       |      40.42      
   152758    |      53.40       |      44.37      
   152759    |      50.04       |      41.25      
   152760    |      39.15       |      30.35      
   152761    |      38.04       |      29.38      
   152762    |      33.91       |      25.27      
   152763    |      31.69       |      23.49      
   152764    |      29.36       |      21.23      
   152765    |      31.02       |      22.52      
   152766    |      31.13       |      22.65      
   152767    |      32.01       |      23.38      
   152768    |      30.29       |      21.69      
   152769    |      31.03       |      22.33      
   152770    |      37.08       |      28.41      
   152771    |      39.47       |      30.61      
   152772    |      48.27       |      39.46      
   152773    |      45.92       |      37.31      
   152774    |      46.53       |      37.94      
   152879    |      29.80       |      40.80      
   152880    |      30.06       |      41.05      
   152881    |      27.77       |      38.66      
   152882    |      23.47       |      34.31      
   152883    |      20.37       |      29.89      
   152884    |      14.51       |      22.75      
   152885    |      14.49       |      22.76      
   152886    |      20.68       |      30.22      
   152887    |      21.35       |      31.55      
   152888    |      26.35       |      36.74      
   152889    |      29.30       |      40.11      
   152890    |      31.75       |      42.55      
   152891    |      37.52       |      48.31      
   152892    |      27.03       |      37.78      
   152893    |      32.57       |      43.00      
   152894    |      32.50       |      42.91      
   152895    |      19.61       |      30.06      
   152896    |      27.25       |      37.84      
   152897    |      30.59       |      41.36      
   152898    |      27.93       |      38.68      
   152899    |      21.65       |      32.24      
   152900    |      25.61       |      36.20      
   152901    |      28.82       |      39.53      
   152902    |      24.71       |      35.41      
   152903    |      26.79       |      37.49      
   152904    |      31.87       |      42.56      
   152905    |      33.64       |      44.31      
   152906    |      39.35       |      50.02      
   152907    |      35.80       |      46.44      
   152908    |      26.22       |      36.85      
   152909    |      20.96       |      31.24      
   152910    |      17.97       |      28.18      
   152911    |      21.09       |      31.63      
   152912    |      29.77       |      40.30      
   152913    |      23.16       |      33.55      
   152914    |      30.50       |      40.97      
   152915    |      30.86       |      41.35      
   152916    |      29.12       |      39.58      
   152917    |      29.94       |      40.44      
   152918    |      26.47       |      36.93      
   152919    |      27.68       |      38.18      
   152920    |      30.74       |      41.24      
   152921    |      31.67       |      42.16      
   152922    |      28.15       |      38.62      
   152923    |      24.55       |      34.80      
   152924    |      22.46       |      32.64      
   152925    |      23.48       |      33.80      
   152926    |      21.16       |      31.43      
   152927    |      18.98       |      28.35      
   152928    |      15.34       |      24.03      
   152929    |      16.01       |      23.24      
   152930    |      13.92       |      17.93      
   152931    |      11.71       |      17.77      
   152932    |      11.94       |      13.24      
   152933    |      13.58       |      13.86      
   152934    |      12.58       |      17.15      
   152935    |       9.43       |      18.01      
   152936    |      12.56       |      21.93      
   152937    |      14.62       |      24.82      
   152938    |      17.30       |      27.50      
   152939    |      20.18       |      30.39      
   152940    |      24.09       |      34.28      
   152941    |      20.62       |      30.60      
   152942    |      21.27       |      31.24      
   152943    |      22.27       |      32.32      
   152944    |      13.80       |      23.78      
   152945    |      13.91       |      23.90      
   152946    |       2.27       |      11.58      
   152947    |       3.43       |      13.55      
   152948    |       4.23       |      14.32      
   152949    |       2.82       |      12.22      
   152950    |       6.34       |      16.09      
   152951    |       5.51       |      13.79      
   152952    |       5.55       |      13.82      
   152953    |       8.45       |      11.60      
   152954    |      10.06       |       8.28      
   152955    |      13.40       |       9.57      
   152956    |      17.41       |      10.04      
   152957    |      17.24       |       9.90      
   152958    |      19.03       |      10.91      
   152959    |      14.89       |       6.83      
   152960    |      27.89       |      18.07      
   152961    |      22.78       |      12.88      
   152962    |      33.41       |      23.56      
   152963    |      36.82       |      26.94      
   152964    |      31.21       |      21.36      
   152965    |      36.88       |      27.19      
   152966    |      41.55       |      31.81      
   152967    |      43.74       |      34.07      
   152968    |      44.29       |      34.63      
   152969    |      48.30       |      38.76      
   152970    |      39.58       |      30.33      
   152971    |      38.03       |      28.73      
   152972    |      51.72       |      42.08      
   152973    |      42.46       |      32.71      
   152974    |      43.03       |      33.29      
   152975    |      41.26       |      31.54      
   152976    |      31.54       |      21.84      
   152977    |      36.17       |      26.58      
   152978    |      44.58       |      34.92      
   152979    |      47.12       |      37.52      
   152980    |      47.15       |      37.55      
   152981    |      42.46       |      32.81      
   152982    |      36.60       |      26.99      
   152983    |      39.73       |      30.19      
   152984    |      29.52       |      20.25      
   152985    |      28.33       |      19.02      
   152986    |      38.75       |      29.23      
   152987    |      38.06       |      28.54      
   152988    |      51.96       |      42.41      
   152989    |      40.69       |      31.64      
   152990    |      47.55       |      38.50      
   152991    |      39.51       |      32.21      
   152992    |      39.08       |      31.82      
   152993    |      39.44       |      32.02      
   152994    |      34.23       |      27.18      
   152995    |      40.52       |      31.62      
   152996    |      41.76       |      32.87      
   152997    |      45.41       |      36.17      
   152998    |      39.20       |      29.96      
   152999    |      38.84       |      29.64      
   153000    |      43.49       |      34.32      
   153001    |      47.31       |      37.98      
   153002    |      61.11       |      51.83      
   153003    |      57.72       |      48.59      
   153004    |      55.34       |      46.22      
   153005    |      52.39       |      43.48      
   153006    |      45.40       |      36.48      
   153007    |      51.58       |      42.33      
   153008    |      48.70       |      39.45      
   153009    |      52.60       |      43.31      
   153010    |      53.70       |      44.43      
   153011    |      48.64       |      39.46      
   153012    |      58.39       |      49.27      
   153013    |      56.02       |      47.02      
   153014    |      49.56       |      40.54      
   153015    |      53.15       |      44.00      
   153016    |      41.37       |      32.19      
   153017    |      38.65       |      29.56      
   153018    |      38.62       |      29.54      
   153019    |      33.87       |      25.22      
   153020    |      31.08       |      22.45      
   153021    |      29.19       |      20.98      
   153022    |      28.55       |      20.36      
   153023    |      30.84       |      22.18      
   153024    |      28.64       |      20.00      
   153025    |      30.01       |      21.19      
   153026    |      38.31       |      29.55      
   153027    |      37.13       |      28.50      
   153028    |      49.97       |      41.36      
   153029    |      49.19       |      40.68      
   153030    |      51.56       |      43.06      
   153031    |      48.39       |      40.36      
   153135    |      31.81       |      42.81      
   153136    |      26.95       |      37.93      
   153137    |      21.33       |      28.89      
   153138    |      24.63       |      33.03      
   153139    |      25.55       |      32.46      
   153140    |      23.50       |      29.47      
   153141    |      21.91       |      31.91      
   153142    |      22.14       |      32.15      
   153143    |      27.73       |      38.63      
   153144    |      28.61       |      39.49      
   153145    |      31.26       |      42.07      
   153146    |      37.57       |      48.38      
   153147    |      36.89       |      47.72      
   153148    |      32.32       |      43.12      
   153149    |      31.91       |      42.72      
   153150    |      17.71       |      28.51      
   153151    |      15.11       |      25.83      
   153152    |      30.66       |      41.43      
   153153    |      30.23       |      40.98      
   153154    |      28.11       |      38.84      
   153155    |      29.57       |      40.32      
   153156    |      25.51       |      36.25      
   153157    |      25.77       |      36.49      
   153158    |      26.00       |      36.71      
   153159    |      24.82       |      35.53      
   153160    |      27.12       |      37.81      
   153161    |      32.56       |      43.18      
   153162    |      39.75       |      50.39      
   153163    |      37.81       |      48.34      
   153164    |      28.16       |      38.52      
   153165    |      31.02       |      41.63      
   153166    |      18.65       |      29.12      
   153167    |      21.17       |      31.78      
   153168    |      21.74       |      32.34      
   153169    |      21.32       |      31.91      
   153170    |      29.88       |      40.45      
   153171    |      27.91       |      38.44      
   153172    |      29.83       |      40.35      
   153173    |      31.98       |      42.52      
   153174    |      27.35       |      37.88      
   153175    |      25.24       |      35.70      
   153176    |      32.28       |      42.76      
   153177    |      29.28       |      39.51      
   153178    |      25.43       |      35.54      
   153179    |      24.19       |      33.74      
   153180    |      26.73       |      36.46      
   153181    |      27.28       |      37.23      
   153182    |      19.28       |      28.58      
   153183    |      19.35       |      28.76      
   153184    |      13.52       |      21.51      
   153185    |      13.90       |      21.25      
   153186    |      12.59       |      18.42      
   153187    |      12.34       |      18.43      
   153188    |      13.14       |      13.43      
   153189    |       6.97       |      12.38      
   153190    |       9.05       |      17.80      
   153191    |      13.30       |      23.54      
   153192    |      14.11       |      24.33      
   153193    |      14.02       |      24.23      
   153194    |      17.94       |      28.13      
   153195    |      20.30       |      30.54      
   153196    |      26.97       |      37.18      
   153197    |      24.07       |      34.19      
   153198    |      24.15       |      34.26      
   153199    |      21.38       |      31.26      
   153200    |      13.01       |      22.72      
   153201    |      13.90       |      23.79      
   153202    |       2.35       |       9.92      
   153203    |       1.67       |      11.56      
   153204    |       4.65       |      14.63      
   153205    |       4.38       |      14.27      
   153206    |       8.09       |      18.02      
   153207    |       6.75       |      16.18      
   153208    |       7.64       |      17.12      
   153209    |       7.11       |      14.40      
   153210    |       7.80       |       6.91      
   153211    |       8.89       |       6.93      
   153212    |      15.91       |       7.05      
   153213    |      15.72       |       6.86      
   153214    |      21.52       |      11.82      
   153215    |      17.03       |       7.10      
   153216    |      28.53       |      18.62      
   153217    |      27.77       |      17.90      
   153218    |      28.42       |      18.58      
   153219    |      33.35       |      23.49      
   153220    |      32.89       |      23.05      
   153221    |      31.22       |      21.36      
   153222    |      40.64       |      30.80      
   153223    |      41.53       |      31.70      
   153224    |      40.35       |      30.54      
   153225    |      44.22       |      34.46      
   153226    |      51.34       |      41.56      
   153227    |      39.99       |      30.45      
   153228    |      58.57       |      49.03      
   153229    |      54.14       |      44.90      
   153230    |      43.35       |      34.16      
   153231    |      44.64       |      35.33      
   153232    |      27.62       |      18.31      
   153233    |      31.73       |      22.07      
   153234    |      31.48       |      21.84      
   153235    |      44.93       |      35.50      
   153236    |      53.15       |      43.61      
   153237    |      47.08       |      37.43      
   153238    |      41.84       |      32.23      
   153239    |      36.71       |      27.10      
   153240    |      33.40       |      23.80      
   153241    |      29.62       |      20.23      
   153242    |      40.07       |      30.69      
   153243    |      39.57       |      30.24      
   153244    |      51.91       |      42.59      
   153245    |      52.98       |      43.60      
   153246    |      51.01       |      41.65      
   153247    |      47.32       |      38.21      
   153248    |      35.32       |      26.23      
   153249    |      34.18       |      25.26      
   153250    |      29.05       |      20.20      
   153251    |      29.43       |      20.51      
   153252    |      37.12       |      28.14      
   153253    |      40.48       |      31.18      
   153254    |      41.57       |      32.30      
   153255    |      39.54       |      30.43      
   153256    |      47.80       |      38.70      
   153257    |      44.84       |      36.05      
   153258    |      58.92       |      50.06      
   153259    |      62.14       |      53.04      
   153260    |      55.00       |      45.91      
   153261    |      55.40       |      46.29      
   153262    |      45.32       |      36.19      
   153263    |      44.77       |      35.68      
   153264    |      53.57       |      44.54      
   153265    |      50.05       |      41.32      
   153266    |      57.14       |      48.44      
   153267    |      55.62       |      47.08      
   153268    |      54.94       |      46.43      
   153269    |      58.87       |      49.99      
   153270    |      41.31       |      32.46      
   153271    |      49.23       |      40.02      
   153272    |      42.20       |      32.99      
   153273    |      41.37       |      32.18      
   153274    |      42.38       |      33.20      
   153275    |      38.63       |      29.56      
   153276    |      33.94       |      24.87      
   153277    |      30.78       |      21.97      
   153278    |      30.48       |      21.68      
   153279    |      28.17       |      19.77      
   153280    |      28.71       |      20.33      
   153281    |      28.92       |      20.50      
   153282    |      40.37       |      31.90      
   153283    |      39.30       |      31.01      
   153284    |      50.16       |      41.78      
   153285    |      50.51       |      42.08      
   153286    |      50.18       |      41.77      
   153287    |      51.37       |      42.83      
   153288    |      47.55       |      39.03      
   153391    |      34.13       |      44.11      
   153392    |      19.04       |      27.23      
   153393    |      19.19       |      29.16      
   153394    |      15.77       |      25.33      
   153395    |      16.98       |      27.56      
   153396    |      19.60       |      30.24      
   153397    |      22.56       |      33.47      
   153398    |      27.86       |      38.76      
   153399    |      25.57       |      36.36      
   153400    |      32.45       |      43.27      
   153401    |      30.63       |      41.27      
   153402    |      38.75       |      49.47      
   153403    |      37.47       |      48.04      
   153404    |      34.48       |      44.99      
   153405    |      35.58       |      46.22      
   153406    |      17.38       |      27.46      
   153407    |      32.55       |      42.77      
   153408    |      22.03       |      31.86      
   153409    |      29.70       |      40.45      
   153410    |      29.35       |      40.08      
   153411    |      22.24       |      32.48      
   153412    |      27.25       |      37.66      
   153413    |      29.15       |      39.78      
   153414    |      26.79       |      37.38      
   153415    |      27.11       |      37.72      
   153416    |      27.91       |      38.51      
   153417    |      24.27       |      33.97      
   153418    |      39.00       |      49.34      
   153419    |      37.83       |      47.95      
   153420    |      34.49       |      44.47      
   153421    |      38.28       |      48.82      
   153422    |      23.22       |      33.46      
   153423    |      26.29       |      36.89      
   153424    |      21.74       |      32.30      
   153425    |      20.51       |      30.92      
   153426    |      28.25       |      38.76      
   153427    |      25.89       |      36.05      
   153428    |      34.35       |      44.70      
   153429    |      34.22       |      44.55      
   153430    |      27.42       |      37.56      
   153431    |      26.16       |      35.80      
   153432    |      31.26       |      41.19      
   153433    |      29.86       |      38.79      
   153434    |      28.41       |      37.13      
   153435    |      30.37       |      40.45      
   153436    |      27.39       |      37.33      
   153437    |      26.30       |      35.55      
   153438    |      22.44       |      31.11      
   153439    |      22.44       |      31.10      
   153440    |      16.99       |      23.53      
   153441    |      16.19       |      25.83      
   153442    |       9.21       |      16.35      
   153443    |       8.39       |      17.03      
   153444    |       6.81       |      12.30      
   153445    |       6.31       |      16.62      
   153446    |      14.81       |      25.08      
   153447    |      13.33       |      23.49      
   153448    |      14.83       |      24.98      
   153449    |      14.18       |      24.25      
   153450    |      14.01       |      24.07      
   153451    |      18.10       |      28.34      
   153452    |      25.04       |      35.26      
   153453    |      27.18       |      37.40      
   153454    |      26.96       |      37.16      
   153455    |      24.22       |      34.40      
   153456    |      11.78       |      21.95      
   153457    |      12.77       |      22.92      
   153458    |       3.85       |      13.61      
   153459    |       0.75       |       9.86      
   153460    |       5.46       |      15.45      
   153461    |       4.83       |      14.62      
   153462    |       6.11       |      15.92      
   153463    |       7.99       |      18.05      
   153464    |       6.06       |      16.11      
   153465    |       7.03       |      17.07      
   153466    |       3.74       |       6.85      
   153467    |       5.23       |       4.81      
   153468    |      17.45       |       7.60      
   153469    |      15.18       |       6.04      
   153470    |      23.48       |      13.90      
   153471    |      21.77       |      12.57      
   153472    |      24.88       |      15.60      
   153473    |      28.65       |      18.83      
   153474    |      27.33       |      17.53      
   153475    |      28.40       |      18.55      
   153476    |      32.02       |      22.20      
   153477    |      32.99       |      23.15      
   153478    |      41.63       |      31.81      
   153479    |      40.84       |      31.05      
   153480    |      45.25       |      35.47      
   153481    |      41.37       |      31.78      
   153482    |      50.88       |      41.28      
   153483    |      52.35       |      42.69      
   153484    |      59.94       |      50.29      
   153485    |      58.32       |      48.74      
   153486    |      48.61       |      39.04      
   153487    |      43.25       |      34.04      
   153488    |      31.16       |      21.84      
   153489    |      28.66       |      19.90      
   153490    |      32.58       |      23.72      
   153491    |      32.94       |      23.99      
   153492    |      46.17       |      37.03      
   153493    |      53.49       |      43.88      
   153494    |      47.20       |      37.61      
   153495    |      42.80       |      33.42      
   153496    |      40.72       |      31.36      
   153497    |      35.91       |      27.28      
   153498    |      41.26       |      32.50      
   153499    |      41.73       |      32.89      
   153500    |      42.45       |      33.62      
   153501    |      51.06       |      41.58      
   153502    |      46.77       |      37.28      
   153503    |      50.04       |      40.51      
   153504    |      43.37       |      33.86      
   153505    |      35.08       |      25.91      
   153506    |      32.98       |      23.83      
   153507    |      29.81       |      21.35      
   153508    |      33.40       |      24.84      
   153509    |      36.67       |      27.54      
   153510    |      42.79       |      33.65      
   153511    |      42.22       |      33.15      
   153512    |      51.03       |      41.94      
   153513    |      48.76       |      39.90      
   153514    |      52.23       |      43.37      
   153515    |      57.08       |      47.86      
   153516    |      53.11       |      43.91      
   153517    |      54.11       |      44.87      
   153518    |      52.02       |      42.79      
   153519    |      46.28       |      37.41      
   153520    |      54.50       |      45.74      
   153521    |      54.33       |      45.59      
   153522    |      54.52       |      45.79      
   153523    |      56.67       |      47.75      
   153524    |      45.61       |      36.74      
   153525    |      53.49       |      44.25      
   153526    |      38.97       |      29.73      
   153527    |      40.85       |      31.62      
   153528    |      43.77       |      34.56      
   153529    |      42.20       |      33.00      
   153530    |      42.24       |      33.05      
   153531    |      42.38       |      33.20      
   153532    |      36.85       |      27.68      
   153533    |      33.84       |      24.71      
   153534    |      31.89       |      22.77      
   153535    |      30.07       |      21.01      
   153536    |      31.19       |      22.16      
   153537    |      28.21       |      19.48      
   153538    |      42.10       |      33.35      
   153539    |      40.25       |      31.73      
   153540    |      49.96       |      41.40      
   153541    |      49.68       |      41.15      
   153542    |      48.24       |      39.74      
   153543    |      49.40       |      40.77      
   153544    |      49.94       |      41.33      
   153646    |      33.87       |      43.92      
   153647    |      33.23       |      41.00      
   153648    |      30.85       |      38.02      
   153649    |      30.41       |      39.86      
   153650    |      24.08       |      32.64      
   153651    |      24.89       |      35.02      
   153652    |      26.19       |      36.38      
   153653    |      25.80       |      35.76      
   153654    |      28.82       |      38.94      
   153655    |      27.75       |      36.76      
   153656    |      35.54       |      45.23      
   153657    |      36.52       |      46.66      
   153658    |      39.51       |      49.74      
   153659    |      40.58       |      51.04      
   153660    |      37.20       |      47.57      
   153661    |      39.66       |      50.34      
   153662    |      34.09       |      44.71      
   153663    |      40.39       |      51.18      
   153664    |      20.80       |      31.58      
   153665    |      17.72       |      28.34      
   153666    |      20.59       |      31.24      
   153667    |      22.23       |      32.98      
   153668    |      31.95       |      42.69      
   153669    |      28.15       |      38.85      
   153670    |      26.18       |      36.86      
   153671    |      18.95       |      28.94      
   153672    |      22.44       |      32.63      
   153673    |      21.20       |      30.50      
   153674    |      37.04       |      47.32      
   153675    |      35.32       |      45.15      
   153676    |      41.13       |      51.20      
   153677    |      38.94       |      48.12      
   153678    |      34.88       |      43.61      
   153679    |      36.77       |      46.69      
   153680    |      27.02       |      36.13      
   153681    |      28.19       |      38.16      
   153682    |      27.28       |      37.18      
   153683    |      26.25       |      34.66      
   153684    |      38.48       |      48.19      
   153685    |      37.55       |      45.01      
   153686    |      38.03       |      45.57      
   153687    |      37.99       |      46.98      
   153688    |      33.22       |      41.57      
   153689    |      33.48       |      42.64      
   153690    |      35.15       |      44.45      
   153691    |      34.96       |      44.06      
   153692    |      30.33       |      38.82      
   153693    |      30.33       |      38.83      
   153694    |      26.93       |      34.69      
   153695    |      26.68       |      35.17      
   153696    |      23.60       |      31.32      
   153697    |      23.35       |      31.90      
   153698    |      17.40       |      23.20      
   153699    |      15.46       |      23.98      
   153700    |      13.53       |      21.17      
   153701    |      16.62       |      26.95      
   153702    |      15.13       |      25.43      
   153703    |      15.03       |      25.33      
   153704    |      14.13       |      24.41      
   153705    |      15.32       |      25.57      
   153706    |      16.09       |      26.32      
   153707    |      14.10       |      24.35      
   153708    |      22.57       |      32.79      
   153709    |      25.37       |      35.58      
   153710    |      22.81       |      33.00      
   153711    |      27.88       |      37.97      
   153712    |      14.27       |      23.79      
   153713    |      14.65       |      24.39      
   153714    |       7.62       |      15.49      
   153715    |       7.85       |      17.77      
   153716    |       9.73       |      19.73      
   153717    |       5.42       |      15.50      
   153718    |       7.86       |      17.92      
   153719    |       6.15       |      15.92      
   153720    |       4.58       |      14.22      
   153721    |       6.06       |      16.08      
   153722    |       7.64       |       2.48      
   153723    |       4.95       |       7.83      
   153724    |      23.18       |      13.65      
   153725    |      19.39       |      11.87      
   153726    |      24.70       |      16.14      
   153727    |      26.37       |      17.89      
   153728    |      23.69       |      15.74      
   153729    |      25.28       |      16.27      
   153730    |      28.04       |      18.87      
   153731    |      28.34       |      19.10      
   153732    |      31.74       |      22.39      
   153733    |      32.78       |      23.27      
   153734    |      42.17       |      32.55      
   153735    |      42.40       |      32.78      
   153736    |      47.01       |      37.37      
   153737    |      46.12       |      36.55      
   153738    |      45.22       |      35.67      
   153739    |      49.93       |      40.18      
   153740    |      57.54       |      47.80      
   153741    |      58.95       |      49.19      
   153742    |      50.63       |      40.89      
   153743    |      47.81       |      38.14      
   153744    |      31.27       |      22.02      
   153745    |      43.14       |      34.60      
   153746    |      37.78       |      29.60      
   153747    |      36.24       |      28.89      
   153748    |      46.03       |      37.87      
   153749    |      47.80       |      39.17      
   153750    |      44.79       |      36.29      
   153751    |      48.84       |      39.66      
   153752    |      40.87       |      31.87      
   153753    |      41.48       |      32.39      
   153754    |      41.95       |      32.87      
   153755    |      40.79       |      31.89      
   153756    |      36.50       |      27.75      
   153757    |      40.69       |      31.37      
   153758    |      41.88       |      32.57      
   153759    |      46.44       |      36.93      
   153760    |      43.45       |      33.97      
   153761    |      45.90       |      36.48      
   153762    |      35.78       |      26.41      
   153763    |      33.10       |      24.02      
   153764    |      30.37       |      21.36      
   153765    |      31.86       |      22.64      
   153766    |      42.85       |      33.60      
   153767    |      42.46       |      33.25      
   153768    |      50.98       |      41.75      
   153769    |      50.51       |      41.32      
   153770    |      48.87       |      39.70      
   153771    |      50.31       |      41.06      
   153772    |      49.77       |      40.54      
   153773    |      52.32       |      43.01      
   153774    |      53.22       |      43.92      
   153775    |      51.77       |      42.52      
   153776    |      54.10       |      44.86      
   153777    |      55.34       |      46.14      
   153778    |      53.61       |      44.43      
   153779    |      48.69       |      39.40      
   153780    |      45.14       |      35.87      
   153781    |      41.66       |      32.45      
   153782    |      39.43       |      30.25      
   153783    |      39.31       |      30.14      
   153784    |      43.71       |      34.54      
   153785    |      44.02       |      34.86      
   153786    |      47.18       |      38.01      
   153787    |      42.24       |      33.05      
   153788    |      36.75       |      27.58      
   153789    |      36.84       |      27.68      
   153790    |      33.84       |      24.69      
   153791    |      31.90       |      22.79      
   153792    |      31.21       |      22.11      
   153793    |      32.97       |      23.96      
   153794    |      45.15       |      36.15      
   153795    |      41.99       |      33.21      
   153796    |      53.33       |      44.50      
   153797    |      50.08       |      41.56      
   153798    |      48.73       |      40.24      
   153799    |      48.41       |      39.97      
   153800    |      47.70       |      39.28      
   153801    |      49.76       |      41.11      
   153902    |      24.10       |      33.94      
   153903    |      24.23       |      34.19      
   153904    |      27.34       |      37.48      
   153905    |      26.46       |      35.65      
   153906    |      28.14       |      37.51      
   153907    |      28.81       |      38.80      
   153908    |      26.43       |      36.25      
   153909    |      26.80       |      36.86      
   153910    |      24.23       |      34.10      
   153911    |      25.02       |      35.33      
   153912    |      34.27       |      44.83      
   153913    |      32.74       |      42.90      
   153914    |      40.99       |      51.40      
   153915    |      39.75       |      49.84      
   153916    |      42.90       |      53.08      
   153917    |      43.52       |      53.84      
   153918    |      44.68       |      55.01      
   153919    |      42.72       |      52.55      
   153920    |      26.80       |      35.09      
   153921    |      30.45       |      41.01      
   153922    |      24.01       |      34.41      
   153923    |      27.14       |      37.87      
   153924    |      32.16       |      42.89      
   153925    |      30.12       |      40.75      
   153926    |      17.77       |      28.12      
   153927    |      17.31       |      27.49      
   153928    |      18.14       |      28.34      
   153929    |      17.16       |      25.71      
   153930    |      33.48       |      43.68      
   153931    |      31.26       |      40.33      
   153932    |      36.97       |      46.55      
   153933    |      36.11       |      44.92      
   153934    |      40.51       |      49.76      
   153935    |      40.96       |      50.49      
   153936    |      33.96       |      42.84      
   153937    |      34.33       |      43.67      
   153938    |      26.94       |      35.23      
   153939    |      26.96       |      35.19      
   153940    |      29.97       |      38.73      
   153941    |      30.81       |      37.74      
   153942    |      39.82       |      48.54      
   153943    |      39.79       |      48.20      
   153944    |      39.03       |      47.31      
   153945    |      39.80       |      49.37      
   153946    |      34.72       |      43.87      
   153947    |      34.50       |      43.17      
   153948    |      31.83       |      40.08      
   153949    |      32.01       |      39.76      
   153950    |      31.50       |      39.11      
   153951    |      31.29       |      40.14      
   153952    |      26.33       |      34.26      
   153953    |      26.77       |      36.25      
   153954    |      18.04       |      25.86      
   153955    |      17.89       |      27.11      
   153956    |      20.23       |      29.73      
   153957    |      21.40       |      31.40      
   153958    |      19.34       |      29.23      
   153959    |      16.47       |      26.47      
   153960    |      15.61       |      25.55      
   153961    |      16.49       |      26.63      
   153962    |      24.28       |      34.51      
   153963    |      15.62       |      25.68      
   153964    |      21.29       |      31.35      
   153965    |      22.40       |      32.52      
   153966    |      11.74       |      21.84      
   153967    |      24.18       |      34.16      
   153968    |      15.59       |      25.07      
   153969    |      15.33       |      23.23      
   153970    |      14.69       |      22.26      
   153971    |      17.26       |      27.37      
   153972    |      20.76       |      30.87      
   153973    |      10.72       |      19.47      
   153974    |       7.91       |      15.79      
   153975    |       8.64       |      17.97      
   153976    |       7.47       |       4.64      
   153977    |       6.99       |      15.71      
   153978    |      14.97       |       7.42      
   153979    |      13.43       |      12.14      
   153980    |      25.40       |      17.45      
   153981    |      20.72       |      12.59      
   153982    |      25.66       |      16.76      
   153983    |      23.71       |      14.70      
   153984    |      27.43       |      18.15      
   153985    |      24.35       |      16.78      
   153986    |      30.41       |      21.90      
   153987    |      29.94       |      21.68      
   153988    |      33.29       |      24.73      
   153989    |      33.48       |      24.84      
   153990    |      40.01       |      31.03      
   153991    |      42.75       |      33.32      
   153992    |      44.75       |      35.30      
   153993    |      46.98       |      37.35      
   153994    |      44.56       |      34.96      
   153995    |      44.89       |      35.28      
   153996    |      54.02       |      44.37      
   153997    |      57.41       |      47.66      
   153998    |      50.82       |      41.10      
   153999    |      56.99       |      47.39      
   154000    |      49.02       |      39.51      
   154001    |      43.13       |      34.60      
   154002    |      42.22       |      33.76      
   154003    |      39.89       |      32.44      
   154004    |      45.87       |      37.91      
   154005    |      46.22       |      38.13      
   154006    |      38.31       |      30.92      
   154007    |      43.24       |      34.28      
   154008    |      34.44       |      25.85      
   154009    |      39.59       |      30.17      
   154010    |      34.37       |      25.02      
   154011    |      40.09       |      30.50      
   154012    |      36.75       |      27.18      
   154013    |      34.16       |      24.66      
   154014    |      43.00       |      33.49      
   154015    |      41.34       |      31.90      
   154016    |      45.81       |      36.37      
   154017    |      42.29       |      32.79      
   154018    |      38.79       |      29.32      
   154019    |      35.80       |      26.46      
   154020    |      35.75       |      26.42      
   154021    |      31.16       |      22.54      
   154022    |      39.28       |      30.42      
   154023    |      42.84       |      33.60      
   154024    |      47.35       |      38.11      
   154025    |      50.20       |      40.85      
   154026    |      49.08       |      39.74      
   154027    |      48.13       |      38.83      
   154028    |      48.11       |      38.82      
   154029    |      49.17       |      39.86      
   154030    |      55.39       |      46.08      
   154031    |      53.50       |      44.25      
   154032    |      55.26       |      46.03      
   154033    |      51.18       |      41.88      
   154034    |      48.68       |      39.40      
   154035    |      41.76       |      32.59      
   154036    |      41.90       |      32.75      
   154037    |      47.22       |      37.96      
   154038    |      44.06       |      34.81      
   154039    |      39.26       |      30.16      
   154040    |      41.35       |      32.26      
   154041    |      43.54       |      34.37      
   154042    |      46.14       |      36.99      
   154043    |      47.07       |      37.90      
   154044    |      36.69       |      27.53      
   154045    |      36.78       |      27.63      
   154046    |      36.86       |      27.73      
   154047    |      34.07       |      25.07      
   154048    |      33.95       |      24.97      
   154049    |      33.12       |      24.22      
   154050    |      49.48       |      40.50      
   154051    |      45.83       |      37.12      
   154052    |      57.73       |      48.95      
   154053    |      54.53       |      46.06      
   154054    |      48.55       |      40.21      
   154055    |      48.98       |      40.58      
   154056    |      45.62       |      37.30      
   154057    |      47.21       |      38.67      
   154158    |      22.94       |      33.25      
   154159    |      26.89       |      37.85      
   154160    |      19.44       |      30.36      
   154161    |      18.02       |      28.74      
   154162    |      25.05       |      35.87      
   154163    |      21.74       |      31.22      
   154164    |      27.26       |      37.23      
   154165    |      27.78       |      38.00      
   154166    |      25.91       |      36.02      
   154167    |      25.62       |      35.55      
   154168    |      32.24       |      42.51      
   154169    |      31.61       |      41.63      
   154170    |      38.67       |      48.96      
   154171    |      39.15       |      49.54      
   154172    |      42.62       |      53.08      
   154173    |      40.14       |      49.96      
   154174    |      42.33       |      52.24      
   154175    |      44.05       |      54.39      
   154176    |      33.78       |      43.72      
   154177    |      38.70       |      49.41      
   154178    |      28.09       |      38.69      
   154179    |      26.96       |      37.39      
   154180    |      30.93       |      41.43      
   154181    |      27.38       |      35.99      
   154182    |      25.06       |      33.15      
   154183    |      24.99       |      33.58      
   154184    |      21.08       |      28.57      
   154185    |      22.18       |      32.44      
   154186    |      25.51       |      35.87      
   154187    |      23.66       |      33.27      
   154188    |      30.04       |      40.08      
   154189    |      29.61       |      39.48      
   154190    |      37.12       |      47.32      
   154191    |      38.64       |      49.06      
   154192    |      29.70       |      39.88      
   154193    |      29.46       |      39.57      
   154194    |      21.33       |      30.84      
   154195    |      21.17       |      29.49      
   154196    |      22.32       |      30.91      
   154197    |      22.31       |      31.26      
   154198    |      31.12       |      40.95      
   154199    |      30.18       |      38.51      
   154200    |      40.35       |      49.86      
   154201    |      39.80       |      47.97      
   154202    |      38.88       |      46.88      
   154203    |      40.00       |      49.79      
   154204    |      27.66       |      36.21      
   154205    |      27.92       |      37.21      
   154206    |      28.64       |      37.98      
   154207    |      28.42       |      36.42      
   154208    |      31.52       |      40.09      
   154209    |      31.98       |      41.32      
   154210    |      23.31       |      31.22      
   154211    |      24.52       |      34.43      
   154212    |      22.49       |      32.27      
   154213    |      22.74       |      32.61      
   154214    |      20.21       |      29.89      
   154215    |      20.74       |      30.63      
   154216    |      18.37       |      28.09      
   154217    |      18.15       |      27.73      
   154218    |      25.85       |      35.85      
   154219    |      28.50       |      38.73      
   154220    |      22.47       |      32.63      
   154221    |      22.98       |      33.17      
   154222    |      13.11       |      23.05      
   154223    |      12.95       |      19.83      
   154224    |      14.87       |      22.92      
   154225    |      15.74       |      22.39      
   154226    |      22.59       |      31.52      
   154227    |      24.30       |      34.13      
   154228    |      22.91       |      32.67      
   154229    |      22.17       |      31.63      
   154230    |      12.97       |      20.32      
   154231    |      20.74       |      22.20      
   154232    |      21.35       |      21.47      
   154233    |      25.63       |      24.36      
   154234    |      27.18       |      24.53      
   154235    |      26.07       |      23.66      
   154236    |      29.50       |      24.98      
   154237    |      25.39       |      21.40      
   154238    |      28.59       |      23.11      
   154239    |      28.96       |      22.52      
   154240    |      31.87       |      24.73      
   154241    |      32.02       |      24.72      
   154242    |      32.85       |      25.42      
   154243    |      32.96       |      25.44      
   154244    |      33.98       |      26.32      
   154245    |      34.64       |      26.58      
   154246    |      37.32       |      29.01      
   154247    |      39.78       |      30.73      
   154248    |      43.85       |      34.68      
   154249    |      45.09       |      35.74      
   154250    |      44.07       |      34.77      
   154251    |      45.18       |      35.75      
   154252    |      54.45       |      44.88      
   154253    |      48.06       |      38.36      
   154254    |      56.19       |      46.47      
   154255    |      60.17       |      50.51      
   154256    |      48.88       |      39.34      
   154257    |      56.40       |      47.09      
   154258    |      44.24       |      35.29      
   154259    |      42.21       |      33.77      
   154260    |      42.21       |      33.79      
   154261    |      43.28       |      34.57      
   154262    |      32.69       |      24.75      
   154263    |      34.65       |      25.97      
   154264    |      23.62       |      16.12      
   154265    |      32.06       |      22.47      
   154266    |      26.40       |      16.84      
   154267    |      33.73       |      24.28      
   154268    |      36.70       |      27.24      
   154269    |      39.89       |      30.34      
   154270    |      42.53       |      33.00      
   154271    |      46.82       |      37.30      
   154272    |      42.31       |      32.80      
   154273    |      45.13       |      35.68      
   154274    |      42.75       |      33.33      
   154275    |      39.75       |      30.55      
   154276    |      40.25       |      31.05      
   154277    |      37.18       |      28.44      
   154278    |      30.31       |      21.91      
   154279    |      37.68       |      28.29      
   154280    |      42.92       |      33.54      
   154281    |      46.10       |      36.70      
   154282    |      57.30       |      47.91      
   154283    |      49.92       |      40.73      
   154284    |      55.12       |      45.92      
   154285    |      50.21       |      41.43      
   154286    |      55.21       |      46.37      
   154287    |      56.94       |      47.94      
   154288    |      45.99       |      37.15      
   154289    |      51.47       |      42.24      
   154290    |      41.78       |      32.60      
   154291    |      35.66       |      26.37      
   154292    |      47.25       |      37.97      
   154293    |      48.72       |      39.46      
   154294    |      53.43       |      44.18      
   154295    |      45.02       |      36.20      
   154296    |      44.03       |      35.24      
   154297    |      42.47       |      33.90      
   154298    |      36.61       |      28.22      
   154299    |      46.08       |      36.90      
   154300    |      38.75       |      29.59      
   154301    |      36.76       |      27.66      
   154302    |      40.18       |      31.09      
   154303    |      37.31       |      28.40      
   154304    |      36.73       |      27.84      
   154305    |      34.61       |      26.00      
   154306    |      51.38       |      42.54      
   154307    |      50.18       |      41.46      
   154308    |      59.62       |      50.82      
   154309    |      58.08       |      49.40      
   154310    |      46.67       |      38.17      
   154311    |      47.64       |      39.02      
   154312    |      41.75       |      33.24      
   154313    |      44.08       |      35.32      
   154413    |      39.88       |      50.49      
   154414    |      30.61       |      40.92      
   154415    |      30.05       |      40.10      
   154416    |      22.90       |      32.31      
   154417    |      23.65       |      33.81      
   154418    |      20.32       |      30.21      
   154419    |      20.12       |      29.71      
   154420    |      27.97       |      38.16      
   154421    |      27.18       |      34.64      
   154422    |      32.21       |      40.71      
   154423    |      32.21       |      40.70      
   154424    |      36.67       |      45.70      
   154425    |      38.41       |      48.54      
   154426    |      40.43       |      50.62      
   154427    |      41.07       |      51.41      
   154428    |      37.87       |      48.10      
   154429    |      38.43       |      48.79      
   154430    |      43.29       |      53.75      
   154431    |      42.82       |      53.20      
   154432    |      41.47       |      51.80      
   154433    |      41.44       |      51.76      
   154434    |      29.89       |      39.70      
   154435    |      31.27       |      41.55      
   154436    |      22.63       |      32.41      
   154437    |      22.21       |      31.57      
   154438    |      22.13       |      31.46      
   154439    |      21.96       |      30.55      
   154440    |      26.19       |      35.47      
   154441    |      26.45       |      36.03      
   154442    |      24.70       |      34.07      
   154443    |      24.66       |      33.96      
   154444    |      30.06       |      39.86      
   154445    |      31.10       |      41.27      
   154446    |      39.08       |      49.47      
   154447    |      37.74       |      47.87      
   154448    |      31.32       |      41.11      
   154449    |      30.55       |      38.75      
   154450    |      26.81       |      33.96      
   154451    |      27.82       |      33.99      
   154452    |      30.72       |      38.04      
   154453    |      30.15       |      38.45      
   154454    |      30.32       |      38.64      
   154455    |      30.43       |      38.45      
   154456    |      35.45       |      44.29      
   154457    |      37.66       |      43.35      
   154458    |      50.01       |      58.49      
   154459    |      50.07       |      58.19      
   154460    |      43.48       |      50.29      
   154461    |      42.80       |      50.61      
   154462    |      37.58       |      44.12      
   154463    |      37.20       |      44.13      
   154464    |      41.38       |      49.21      
   154465    |      41.69       |      50.77      
   154466    |      34.28       |      42.37      
   154467    |      36.89       |      46.94      
   154468    |      25.27       |      34.61      
   154469    |      25.04       |      34.12      
   154470    |      24.76       |      33.77      
   154471    |      24.72       |      33.65      
   154472    |      22.53       |      31.07      
   154473    |      22.99       |      32.37      
   154474    |      31.22       |      41.09      
   154475    |      29.35       |      38.34      
   154476    |      29.55       |      38.54      
   154477    |      29.43       |      38.26      
   154478    |      19.79       |      25.18      
   154479    |      17.51       |      25.83      
   154480    |      14.63       |      21.59      
   154481    |      14.76       |      21.55      
   154482    |      26.23       |      35.72      
   154483    |      27.46       |      33.14      
   154484    |      32.16       |      39.79      
   154485    |      39.75       |      42.71      
   154486    |      39.51       |      40.79      
   154487    |      38.18       |      39.89      
   154488    |      39.04       |      38.63      
   154489    |      31.89       |      33.55      
   154490    |      34.11       |      32.62      
   154491    |      32.92       |      31.69      
   154492    |      35.40       |      32.41      
   154493    |      35.96       |      33.70      
   154494    |      36.80       |      34.06      
   154495    |      36.27       |      32.46      
   154496    |      34.11       |      31.37      
   154497    |      34.00       |      27.54      
   154498    |      30.92       |      25.34      
   154499    |      32.37       |      24.79      
   154500    |      33.30       |      25.60      
   154501    |      33.46       |      25.65      
   154502    |      37.56       |      29.30      
   154503    |      37.50       |      29.27      
   154504    |      42.73       |      34.14      
   154505    |      44.40       |      35.39      
   154506    |      45.78       |      36.73      
   154507    |      45.34       |      36.39      
   154508    |      50.09       |      40.97      
   154509    |      50.47       |      41.29      
   154510    |      57.80       |      48.46      
   154511    |      60.71       |      51.14      
   154512    |      55.50       |      46.00      
   154513    |      53.64       |      44.11      
   154514    |      42.90       |      33.56      
   154515    |      44.75       |      35.49      
   154516    |      42.97       |      33.76      
   154517    |      40.87       |      32.03      
   154518    |      32.00       |      23.77      
   154519    |      31.98       |      23.76      
   154520    |      19.20       |      13.56      
   154521    |      21.95       |      13.39      
   154522    |      24.54       |      15.77      
   154523    |      26.83       |      17.54      
   154524    |      36.30       |      26.90      
   154525    |      40.09       |      30.54      
   154526    |      50.16       |      40.62      
   154527    |      47.20       |      37.74      
   154528    |      45.70       |      36.26      
   154529    |      45.26       |      35.84      
   154530    |      38.74       |      29.38      
   154531    |      42.36       |      32.88      
   154532    |      39.28       |      29.82      
   154533    |      44.15       |      34.80      
   154534    |      37.64       |      28.34      
   154535    |      31.05       |      22.99      
   154536    |      45.84       |      37.13      
   154537    |      45.61       |      36.94      
   154538    |      60.07       |      51.12      
   154539    |      60.30       |      51.33      
   154540    |      57.06       |      48.15      
   154541    |      56.72       |      47.85      
   154542    |      50.96       |      42.21      
   154543    |      54.22       |      45.14      
   154544    |      40.87       |      31.98      
   154545    |      44.78       |      35.58      
   154546    |      40.89       |      31.72      
   154547    |      36.78       |      28.04      
   154548    |      48.59       |      39.66      
   154549    |      49.47       |      40.47      
   154550    |      54.57       |      45.55      
   154551    |      54.22       |      45.23      
   154552    |      40.81       |      31.94      
   154553    |      43.32       |      34.25      
   154554    |      35.32       |      26.32      
   154555    |      29.78       |      20.58      
   154556    |      38.74       |      29.57      
   154557    |      40.33       |      31.18      
   154558    |      44.16       |      35.03      
   154559    |      40.41       |      31.43      
   154560    |      44.34       |      35.36      
   154561    |      38.28       |      30.08      
   154562    |      52.95       |      44.37      
   154563    |      52.37       |      43.87      
   154564    |      52.50       |      44.01      
   154565    |      58.94       |      49.97      
   154566    |      45.43       |      36.53      
   154567    |      45.44       |      36.54      
   154568    |      39.68       |      30.84      
   154569    |      40.56       |      31.66      
   154669    |      37.34       |      46.22      
   154670    |      36.64       |      45.43      
   154671    |      36.77       |      46.06      
   154672    |      30.80       |      39.32      
   154673    |      31.11       |      38.82      
   154674    |      29.74       |      37.08      
   154675    |      29.97       |      37.02      
   154676    |      29.79       |      36.76      
   154677    |      29.63       |      36.79      
   154678    |      34.09       |      42.24      
   154679    |      34.26       |      43.61      
   154680    |      40.38       |      50.17      
   154681    |      40.83       |      50.82      
   154682    |      42.86       |      52.92      
   154683    |      43.48       |      53.71      
   154684    |      40.05       |      50.15      
   154685    |      41.59       |      52.02      
   154686    |      42.44       |      52.88      
   154687    |      40.46       |      50.46      
   154688    |      42.93       |      53.02      
   154689    |      43.90       |      54.19      
   154690    |      33.45       |      43.30      
   154691    |      35.77       |      46.20      
   154692    |      21.19       |      30.84      
   154693    |      20.80       |      29.76      
   154694    |      20.74       |      29.68      
   154695    |      20.98       |      30.44      
   154696    |      25.26       |      35.13      
   154697    |      24.53       |      33.67      
   154698    |      25.14       |      34.34      
   154699    |      25.59       |      35.29      
   154700    |      31.66       |      41.74      
   154701    |      35.20       |      45.78      
   154702    |      34.51       |      45.07      
   154703    |      31.09       |      41.11      
   154704    |      24.14       |      33.65      
   154705    |      29.90       |      33.31      
   154706    |      32.35       |      37.88      
   154707    |      35.34       |      39.14      
   154708    |      41.09       |      47.78      
   154709    |      40.68       |      47.72      
   154710    |      39.58       |      46.30      
   154711    |      40.47       |      46.54      
   154712    |      39.20       |      44.73      
   154713    |      39.95       |      45.02      
   154714    |      50.97       |      59.00      
   154715    |      52.19       |      58.80      
   154716    |      52.15       |      58.74      
   154717    |      51.33       |      58.93      
   154718    |      44.47       |      50.46      
   154719    |      43.22       |      52.62      
   154720    |      40.91       |      50.11      
   154721    |      42.04       |      51.82      
   154722    |      39.84       |      49.49      
   154723    |      38.80       |      47.80      
   154724    |      31.40       |      39.26      
   154725    |      31.43       |      40.37      
   154726    |      27.72       |      36.06      
   154727    |      28.80       |      38.51      
   154728    |      23.69       |      32.93      
   154729    |      24.68       |      34.50      
   154730    |      25.04       |      34.85      
   154731    |      23.91       |      31.53      
   154732    |      29.72       |      38.52      
   154733    |      30.45       |      37.23      
   154734    |      28.90       |      34.98      
   154735    |      27.45       |      35.24      
   154736    |      22.50       |      27.78      
   154737    |      20.72       |      27.71      
   154738    |      20.53       |      27.40      
   154739    |      26.35       |      29.12      
   154740    |      26.70       |      30.60      
   154741    |      32.84       |      34.08      
   154742    |      32.72       |      34.60      
   154743    |      31.49       |      33.85      
   154744    |      31.61       |      33.29      
   154745    |      31.80       |      33.42      
   154746    |      33.65       |      32.50      
   154747    |      31.66       |      30.99      
   154748    |      34.80       |      31.75      
   154749    |      30.81       |      28.43      
   154750    |      32.39       |      29.03      
   154751    |      28.67       |      25.92      
   154752    |      29.86       |      26.40      
   154753    |      29.90       |      26.54      
   154754    |      33.13       |      28.34      
   154755    |      33.15       |      28.14      
   154756    |      35.92       |      30.08      
   154757    |      36.47       |      29.75      
   154758    |      38.56       |      31.47      
   154759    |      39.41       |      31.70      
   154760    |      38.84       |      31.23      
   154761    |      41.74       |      32.87      
   154762    |      45.15       |      36.13      
   154763    |      45.53       |      36.44      
   154764    |      53.22       |      43.90      
   154765    |      50.80       |      41.86      
   154766    |      57.44       |      48.29      
   154767    |      58.22       |      48.96      
   154768    |      50.23       |      41.25      
   154769    |      54.02       |      44.56      
   154770    |      44.82       |      35.57      
   154771    |      45.49       |      36.28      
   154772    |      43.18       |      34.04      
   154773    |      43.46       |      34.35      
   154774    |      31.46       |      23.00      
   154775    |      33.25       |      24.89      
   154776    |      25.31       |      18.14      
   154777    |      24.14       |      20.32      
   154778    |      29.05       |      23.38      
   154779    |      29.49       |      23.09      
   154780    |      34.47       |      27.22      
   154781    |      38.25       |      29.50      
   154782    |      46.66       |      37.66      
   154783    |      51.07       |      41.67      
   154784    |      44.56       |      35.24      
   154785    |      45.86       |      36.47      
   154786    |      39.21       |      29.88      
   154787    |      38.90       |      29.59      
   154788    |      48.79       |      39.43      
   154789    |      45.10       |      36.02      
   154790    |      51.27       |      42.11      
   154791    |      43.25       |      35.73      
   154792    |      58.94       |      50.48      
   154793    |      53.60       |      46.89      
   154794    |      56.85       |      49.86      
   154795    |      62.28       |      53.80      
   154796    |      51.71       |      43.68      
   154797    |      56.92       |      47.99      
   154798    |      47.68       |      38.95      
   154799    |      49.91       |      40.91      
   154800    |      40.41       |      31.62      
   154801    |      40.92       |      32.06      
   154802    |      45.20       |      36.28      
   154803    |      42.56       |      34.02      
   154804    |      49.16       |      40.46      
   154805    |      49.24       |      40.54      
   154806    |      55.35       |      46.54      
   154807    |      52.84       |      43.95      
   154808    |      41.33       |      32.68      
   154809    |      38.54       |      29.75      
   154810    |      32.79       |      24.17      
   154811    |      31.22       |      22.99      
   154812    |      41.25       |      32.66      
   154813    |      41.56       |      32.94      
   154814    |      44.65       |      35.98      
   154815    |      45.25       |      36.52      
   154816    |      50.44       |      41.64      
   154817    |      46.32       |      38.08      
   154818    |      56.53       |      48.04      
   154819    |      54.28       |      46.13      
   154820    |      46.25       |      38.42      
   154821    |      51.80       |      43.09      
   154822    |      41.10       |      32.61      
   154823    |      45.39       |      36.48      
   154824    |      37.57       |      28.75      
   154825    |      39.41       |      30.47      
   154924    |      39.49       |      48.02      
   154925    |      39.48       |      48.24      
   154926    |      39.74       |      48.51      
   154927    |      40.68       |      50.65      
   154928    |      26.75       |      35.37      
   154929    |      26.93       |      34.97      
   154930    |      26.13       |      33.95      
   154931    |      26.61       |      33.76      
   154932    |      27.85       |      35.37      
   154933    |      27.68       |      37.38      
   154934    |      31.26       |      41.21      
   154935    |      32.41       |      42.80      
   154936    |      37.57       |      48.09      
   154937    |      36.94       |      47.32      
   154938    |      41.75       |      52.25      
   154939    |      42.21       |      52.77      
   154940    |      41.01       |      51.54      
   154941    |      43.14       |      53.86      
   154942    |      36.43       |      47.07      
   154943    |      36.18       |      46.79      
   154944    |      41.29       |      51.95      
   154945    |      40.34       |      50.92      
   154946    |      35.54       |      46.02      
   154947    |      32.19       |      41.62      
   154948    |      23.90       |      32.06      
   154949    |      23.99       |      31.81      
   154950    |      25.72       |      33.99      
   154951    |      25.72       |      34.01      
   154952    |      27.07       |      35.63      
   154953    |      28.68       |      38.81      
   154954    |      24.86       |      34.75      
   154955    |      26.81       |      37.25      
   154956    |      35.54       |      46.09      
   154957    |      33.12       |      43.35      
   154958    |      30.62       |      40.73      
   154959    |      29.95       |      39.77      
   154960    |      14.71       |      20.40      
   154961    |      13.74       |      20.46      
   154962    |      14.28       |      21.48      
   154963    |      21.74       |      23.42      
   154964    |      31.17       |      39.65      
   154965    |      34.38       |      39.77      
   154966    |      36.89       |      43.41      
   154967    |      36.80       |      43.39      
   154968    |      34.64       |      40.31      
   154969    |      32.57       |      39.82      
   154970    |      37.99       |      46.41      
   154971    |      38.43       |      46.06      
   154972    |      43.94       |      52.50      
   154973    |      44.07       |      53.17      
   154974    |      45.02       |      54.20      
   154975    |      45.93       |      55.67      
   154976    |      43.56       |      53.16      
   154977    |      43.29       |      52.76      
   154978    |      38.50       |      47.56      
   154979    |      38.22       |      46.74      
   154980    |      36.08       |      44.25      
   154981    |      36.35       |      45.38      
   154982    |      34.29       |      43.06      
   154983    |      35.31       |      44.93      
   154984    |      28.84       |      37.88      
   154985    |      28.74       |      37.62      
   154986    |      23.46       |      31.19      
   154987    |      26.85       |      31.49      
   154988    |      30.47       |      37.27      
   154989    |      32.12       |      37.55      
   154990    |      34.80       |      41.44      
   154991    |      34.54       |      41.44      
   154992    |      31.20       |      36.55      
   154993    |      28.96       |      36.36      
   154994    |      23.65       |      26.63      
   154995    |      25.27       |      27.44      
   154996    |      25.40       |      26.78      
   154997    |      26.60       |      27.50      
   154998    |      26.21       |      28.82      
   154999    |      25.03       |      28.23      
   155000    |      25.18       |      26.92      
   155001    |      26.16       |      27.50      
   155002    |      27.66       |      26.73      
   155003    |      23.52       |      23.92      
   155004    |      26.89       |      23.93      
   155005    |      24.64       |      22.17      
   155006    |      25.72       |      22.47      
   155007    |      29.35       |      25.53      
   155008    |      30.08       |      25.91      
   155009    |      30.25       |      26.89      
   155010    |      31.41       |      27.48      
   155011    |      31.41       |      26.23      
   155012    |      32.99       |      27.31      
   155013    |      33.40       |      26.91      
   155014    |      35.75       |      28.77      
   155015    |      36.57       |      28.92      
   155016    |      37.06       |      29.36      
   155017    |      37.52       |      29.53      
   155018    |      45.78       |      37.09      
   155019    |      46.07       |      37.31      
   155020    |      51.19       |      42.19      
   155021    |      53.19       |      43.88      
   155022    |      55.03       |      45.69      
   155023    |      55.95       |      46.52      
   155024    |      55.13       |      45.72      
   155025    |      50.99       |      42.20      
   155026    |      48.18       |      39.56      
   155027    |      47.94       |      39.38      
   155028    |      45.85       |      37.43      
   155029    |      37.74       |      29.05      
   155030    |      33.32       |      24.98      
   155031    |      33.86       |      25.57      
   155032    |      35.13       |      26.74      
   155033    |      31.28       |      26.27      
   155034    |      30.88       |      26.02      
   155035    |      30.96       |      25.85      
   155036    |      35.25       |      29.13      
   155037    |      35.90       |      29.12      
   155038    |      44.52       |      36.78      
   155039    |      47.88       |      39.20      
   155040    |      47.62       |      38.98      
   155041    |      47.41       |      38.81      
   155042    |      46.07       |      37.54      
   155043    |      44.06       |      36.10      
   155044    |      44.20       |      36.25      
   155045    |      49.99       |      40.90      
   155046    |      52.89       |      43.77      
   155047    |      51.89       |      42.87      
   155048    |      63.74       |      54.55      
   155049    |      58.43       |      49.87      
   155050    |      56.79       |      48.30      
   155051    |      53.66       |      45.95      
   155052    |      56.03       |      48.20      
   155053    |      54.55       |      47.20      
   155054    |      48.37       |      41.57      
   155055    |      51.00       |      43.15      
   155056    |      45.07       |      37.63      
   155057    |      44.87       |      37.52      
   155058    |      47.67       |      40.12      
   155059    |      48.59       |      40.75      
   155060    |      47.61       |      39.84      
   155061    |      50.13       |      41.75      
   155062    |      54.17       |      45.67      
   155063    |      43.17       |      34.19      
   155064    |      38.32       |      29.44      
   155065    |      42.09       |      33.41      
   155066    |      42.22       |      33.56      
   155067    |      36.70       |      29.73      
   155068    |      42.65       |      35.16      
   155069    |      43.48       |      35.71      
   155070    |      44.75       |      36.93      
   155071    |      46.12       |      37.96      
   155072    |      50.76       |      42.47      
   155073    |      51.56       |      43.14      
   155074    |      56.43       |      47.91      
   155075    |      53.09       |      44.44      
   155076    |      44.38       |      35.91      
   155077    |      40.43       |      31.78      
   155078    |      40.68       |      32.03      
   155079    |      33.73       |      24.77      
   155080    |      37.23       |      28.27      
   155081    |      41.85       |      33.08      
   155180    |      40.55       |      49.14      
   155181    |      40.68       |      50.05      
   155182    |      43.37       |      52.93      
   155183    |      43.05       |      52.01      
   155184    |      32.06       |      39.11      
   155185    |      31.26       |      39.75      
   155186    |      26.17       |      33.42      
   155187    |      26.06       |      36.12      
   155188    |      26.16       |      36.20      
   155189    |      29.69       |      40.52      
   155190    |      29.76       |      40.58      
   155191    |      30.00       |      40.83      
   155192    |      33.58       |      44.41      
   155193    |      31.39       |      42.03      
   155194    |      40.60       |      51.35      
   155195    |      38.78       |      49.32      
   155196    |      44.20       |      54.83      
   155197    |      43.04       |      53.50      
   155198    |      38.22       |      48.55      
   155199    |      37.71       |      47.92      
   155200    |      42.09       |      52.42      
   155201    |      40.38       |      50.32      
   155202    |      32.45       |      41.84      
   155203    |      32.07       |      41.09      
   155204    |      25.17       |      32.72      
   155205    |      24.92       |      33.36      
   155206    |      25.09       |      33.55      
   155207    |      25.13       |      33.32      
   155208    |      32.48       |      41.86      
   155209    |      32.32       |      41.51      
   155210    |      32.89       |      42.13      
   155211    |      38.75       |      49.38      
   155212    |      30.84       |      41.41      
   155213    |      27.07       |      36.59      
   155214    |      30.31       |      40.09      
   155215    |      37.90       |      40.89      
   155216    |      38.19       |      41.50      
   155217    |      36.74       |      40.72      
   155218    |      35.24       |      36.50      
   155219    |      28.32       |      32.49      
   155220    |      30.33       |      36.24      
   155221    |      28.78       |      35.93      
   155222    |      30.14       |      37.72      
   155223    |      29.58       |      38.77      
   155224    |      25.21       |      33.65      
   155225    |      25.30       |      34.83      
   155226    |      26.00       |      35.58      
   155227    |      25.77       |      34.40      
   155228    |      38.32       |      48.17      
   155229    |      37.32       |      46.17      
   155230    |      47.04       |      56.67      
   155231    |      46.18       |      54.95      
   155232    |      47.60       |      56.51      
   155233    |      47.38       |      55.87      
   155234    |      42.97       |      50.80      
   155235    |      43.80       |      53.26      
   155236    |      37.51       |      46.37      
   155237    |      37.67       |      46.76      
   155238    |      38.50       |      47.66      
   155239    |      38.53       |      46.02      
   155240    |      38.08       |      45.44      
   155241    |      40.01       |      45.68      
   155242    |      36.97       |      40.58      
   155243    |      34.44       |      39.39      
   155244    |      34.74       |      39.87      
   155245    |      32.86       |      39.33      
   155246    |      34.28       |      41.23      
   155247    |      33.64       |      41.42      
   155248    |      31.10       |      38.19      
   155249    |      31.68       |      38.18      
   155250    |      27.81       |      29.88      
   155251    |      30.63       |      31.59      
   155252    |      30.64       |      31.56      
   155253    |      29.42       |      30.80      
   155254    |      29.27       |      32.24      
   155255    |      25.33       |      30.43      
   155256    |      24.99       |      26.36      
   155257    |      22.67       |      25.10      
   155258    |      23.51       |      23.93      
   155259    |      24.02       |      24.27      
   155260    |      26.35       |      24.16      
   155261    |      19.61       |      19.46      
   155262    |      25.41       |      20.65      
   155263    |      23.53       |      19.03      
   155264    |      24.66       |      19.60      
   155265    |      24.82       |      19.21      
   155266    |      24.89       |      19.26      
   155267    |      21.90       |      16.55      
   155268    |      27.90       |      20.55      
   155269    |      29.31       |      21.98      
   155270    |      32.92       |      24.97      
   155271    |      37.75       |      29.94      
   155272    |      46.10       |      37.51      
   155273    |      42.64       |      36.37      
   155274    |      50.59       |      43.18      
   155275    |      50.69       |      43.21      
   155276    |      48.75       |      41.52      
   155277    |      52.34       |      43.62      
   155278    |      52.66       |      43.94      
   155279    |      55.50       |      46.26      
   155280    |      56.06       |      46.82      
   155281    |      55.99       |      46.76      
   155282    |      48.29       |      39.34      
   155283    |      47.48       |      38.70      
   155284    |      39.08       |      30.85      
   155285    |      39.17       |      30.96      
   155286    |      35.21       |      27.42      
   155287    |      41.47       |      33.83      
   155288    |      38.39       |      31.16      
   155289    |      36.56       |      29.31      
   155290    |      28.60       |      23.06      
   155291    |      34.30       |      28.61      
   155292    |      41.85       |      34.78      
   155293    |      40.05       |      35.10      
   155294    |      48.02       |      41.66      
   155295    |      48.52       |      41.81      
   155296    |      47.16       |      40.62      
   155297    |      50.18       |      42.16      
   155298    |      48.68       |      40.77      
   155299    |      48.61       |      40.72      
   155300    |      42.82       |      35.43      
   155301    |      44.09       |      36.14      
   155302    |      56.57       |      48.01      
   155303    |      56.01       |      47.57      
   155304    |      62.65       |      54.00      
   155305    |      65.06       |      56.10      
   155306    |      58.46       |      49.66      
   155307    |      56.64       |      48.13      
   155308    |      54.75       |      46.32      
   155309    |      54.05       |      45.77      
   155310    |      47.79       |      39.82      
   155311    |      46.12       |      38.75      
   155312    |      46.49       |      39.12      
   155313    |      46.02       |      38.87      
   155314    |      49.19       |      41.79      
   155315    |      48.79       |      41.57      
   155316    |      47.30       |      40.23      
   155317    |      48.37       |      40.84      
   155318    |      47.67       |      40.21      
   155319    |      34.34       |      26.21      
   155320    |      42.55       |      34.04      
   155321    |      41.96       |      33.43      
   155322    |      51.55       |      42.79      
   155323    |      45.63       |      38.14      
   155324    |      40.31       |      33.30      
   155325    |      41.96       |      34.26      
   155326    |      40.27       |      32.70      
   155327    |      43.18       |      34.83      
   155328    |      50.06       |      41.53      
   155329    |      47.83       |      39.21      
   155330    |      52.94       |      44.24      
   155331    |      42.17       |      33.10      
   155332    |      39.60       |      30.56      
   155333    |      35.99       |      26.91      
   155334    |      33.58       |      24.51      
   155335    |      37.53       |      28.54      
   155336    |      41.33       |      32.34      
   155337    |      45.63       |      36.79      
   155435    |      36.33       |      45.68      
   155436    |      39.30       |      48.89      
   155437    |      39.19       |      48.59      
   155438    |      40.03       |      49.48      
   155439    |      39.89       |      49.07      
   155440    |      32.64       |      40.88      
   155441    |      33.09       |      42.71      
   155442    |      29.76       |      39.04      
   155443    |      30.40       |      40.39      
   155444    |      33.94       |      44.11      
   155445    |      34.45       |      44.80      
   155446    |      33.60       |      43.89      
   155447    |      34.60       |      45.15      
   155448    |      32.55       |      43.02      
   155449    |      32.05       |      42.39      
   155450    |      38.94       |      49.47      
   155451    |      39.42       |      50.02      
   155452    |      41.73       |      52.36      
   155453    |      38.80       |      48.54      
   155454    |      40.18       |      50.00      
   155455    |      40.02       |      49.75      
   155456    |      41.33       |      51.11      
   155457    |      40.48       |      49.98      
   155458    |      33.47       |      42.20      
   155459    |      33.78       |      42.94      
   155460    |      27.09       |      35.03      
   155461    |      27.09       |      36.05      
   155462    |      30.12       |      39.49      
   155463    |      19.39       |      29.13      
   155464    |      26.87       |      37.15      
   155465    |      27.29       |      37.54      
   155466    |      39.83       |      50.37      
   155467    |      35.76       |      45.03      
   155468    |      31.31       |      39.97      
   155469    |      33.23       |      39.33      
   155470    |      30.29       |      33.92      
   155471    |      38.85       |      39.24      
   155472    |      40.51       |      44.20      
   155473    |      38.59       |      43.13      
   155474    |      37.51       |      40.97      
   155475    |      30.95       |      38.20      
   155476    |      30.22       |      37.17      
   155477    |      29.06       |      37.23      
   155478    |      32.26       |      41.04      
   155479    |      33.39       |      43.46      
   155480    |      25.44       |      34.96      
   155481    |      26.29       |      36.36      
   155482    |      20.66       |      30.28      
   155483    |      21.85       |      32.09      
   155484    |      26.59       |      36.93      
   155485    |      24.30       |      33.31      
   155486    |      36.43       |      46.43      
   155487    |      35.80       |      43.18      
   155488    |      45.18       |      53.97      
   155489    |      45.00       |      52.13      
   155492    |      45.72       |      53.65      
   155493    |      45.94       |      55.10      
   155494    |      36.60       |      44.40      
   155495    |      37.03       |      44.25      
   155496    |      34.60       |      40.97      
   155497    |      36.36       |      41.52      
   155498    |      35.88       |      40.68      
   155499    |      34.08       |      40.00      
   155500    |      34.74       |      40.97      
   155501    |      34.06       |      40.83      
   155502    |      36.21       |      43.64      
   155503    |      36.00       |      43.68      
   155504    |      31.64       |      38.17      
   155505    |      33.32       |      38.48      
   155506    |      31.78       |      32.76      
   155507    |      34.19       |      34.39      
   155508    |      33.75       |      35.10      
   155509    |      32.89       |      34.56      
   155510    |      33.39       |      37.75      
   155511    |      31.41       |      36.84      
   155512    |      30.16       |      32.34      
   155513    |      29.62       |      32.03      
   155514    |      30.41       |      30.90      
   155515    |      29.39       |      30.22      
   155516    |      29.66       |      30.06      
   155517    |      20.98       |      25.03      
   155518    |      26.73       |      23.06      
   155519    |      18.22       |      16.51      
   155520    |      26.70       |      20.23      
   155521    |      26.07       |      21.45      
   155522    |      26.45       |      21.67      
   155523    |      26.48       |      22.54      
   155524    |      32.26       |      26.09      
   155525    |      32.32       |      26.04      
   155526    |      43.51       |      35.42      
   155527    |      41.68       |      34.95      
   155528    |      52.68       |      44.61      
   155529    |      51.35       |      44.00      
   155530    |      50.56       |      43.32      
   155531    |      50.74       |      43.37      
   155532    |      48.91       |      41.78      
   155533    |      48.97       |      41.80      
   155534    |      50.16       |      42.86      
   155535    |      53.30       |      44.73      
   155536    |      54.34       |      45.73      
   155537    |      56.78       |      47.70      
   155538    |      44.72       |      36.21      
   155539    |      47.59       |      38.48      
   155540    |      37.87       |      29.23      
   155541    |      40.36       |      31.82      
   155542    |      38.96       |      30.54      
   155543    |      46.81       |      38.65      
   155544    |      37.02       |      29.92      
   155545    |      35.91       |      28.82      
   155546    |      32.09       |      25.73      
   155547    |      37.87       |      31.50      
   155548    |      43.05       |      35.90      
   155549    |      42.58       |      35.72      
   155550    |      48.00       |      40.54      
   155551    |      46.40       |      39.68      
   155552    |      45.61       |      38.99      
   155553    |      45.85       |      39.04      
   155554    |      47.77       |      40.75      
   155555    |      49.22       |      41.44      
   155556    |      46.79       |      39.23      
   155557    |      45.43       |      38.69      
   155558    |      56.50       |      48.78      
   155559    |      58.18       |      49.97      
   155560    |      59.69       |      51.43      
   155561    |      62.17       |      53.44      
   155562    |      54.91       |      46.44      
   155563    |      57.81       |      48.88      
   155564    |      54.48       |      45.64      
   155565    |      53.52       |      44.83      
   155566    |      47.42       |      38.95      
   155567    |      46.56       |      38.28      
   155568    |      47.48       |      39.18      
   155569    |      45.44       |      37.77      
   155570    |      48.95       |      41.07      
   155571    |      48.28       |      40.63      
   155572    |      45.97       |      38.52      
   155573    |      40.84       |      33.18      
   155574    |      36.51       |      29.27      
   155575    |      40.64       |      33.59      
   155576    |      48.18       |      40.50      
   155577    |      46.58       |      39.56      
   155578    |      55.32       |      47.65      
   155579    |      44.07       |      35.92      
   155580    |      38.11       |      30.34      
   155581    |      36.97       |      29.15      
   155582    |      39.22       |      31.26      
   155583    |      39.18       |      31.24      
   155584    |      48.74       |      40.43      
   155585    |      41.49       |      32.81      
   155586    |      43.01       |      34.31      
   155587    |      33.89       |      24.82      
   155588    |      35.99       |      26.93      
   155589    |      28.99       |      20.13      
   155590    |      37.87       |      28.94      
   155591    |      37.34       |      28.45      
   155592    |      45.43       |      36.51      
   155593    |      46.93       |      37.96      
   155691    |      30.07       |      40.71      
   155692    |      31.47       |      42.13      
   155693    |      30.21       |      40.35      
   155694    |      33.02       |      43.28      
   155695    |      32.43       |      41.91      
   155696    |      33.43       |      43.00      
   155697    |      34.11       |      44.23      
   155698    |      30.87       |      40.77      
   155699    |      32.06       |      42.51      
   155700    |      33.65       |      44.14      
   155701    |      33.56       |      44.02      
   155702    |      35.05       |      45.54      
   155703    |      35.68       |      46.29      
   155704    |      31.32       |      41.79      
   155705    |      33.08       |      43.83      
   155706    |      37.78       |      48.56      
   155707    |      35.91       |      46.48      
   155708    |      33.83       |      44.34      
   155709    |      33.22       |      43.55      
   155710    |      35.34       |      45.73      
   155711    |      35.14       |      45.45      
   155712    |      34.70       |      44.96      
   155713    |      37.57       |      47.75      
   155714    |      29.17       |      38.68      
   155715    |      32.65       |      42.07      
   155716    |      29.99       |      39.03      
   155717    |      26.58       |      35.67      
   155718    |      28.38       |      37.73      
   155719    |      30.48       |      39.77      
   155720    |      34.34       |      44.04      
   155721    |      28.90       |      38.75      
   155722    |      23.00       |      32.08      
   155723    |      38.11       |      46.95      
   155724    |      27.73       |      32.43      
   155725    |      36.31       |      41.97      
   155726    |      34.94       |      39.54      
   155727    |      21.66       |      22.75      
   155728    |      22.42       |      28.58      
   155729    |      20.35       |      29.89      
   155730    |      19.36       |      28.73      
   155731    |      19.68       |      29.55      
   155732    |      19.87       |      29.73      
   155733    |      19.58       |      28.60      
   155734    |      32.53       |      42.71      
   155735    |      31.20       |      40.41      
   155736    |      31.77       |      41.02      
   155737    |      32.32       |      42.18      
   155738    |      27.14       |      36.53      
   155739    |      27.20       |      36.70      
   155740    |      24.10       |      33.16      
   155741    |      24.10       |      33.47      
   155742    |      23.37       |      32.62      
   155743    |      26.02       |      32.69      
   155744    |      29.87       |      38.23      
   155745    |      36.80       |      45.21      
   155746    |      46.73       |      56.28      
   155747    |      46.26       |      54.14      
   155748    |      50.54       |      59.10      
   155749    |      50.55       |      59.22      
   155750    |      40.88       |      47.58      
   155751    |      40.14       |      47.50      
   155752    |      35.36       |      40.65      
   155753    |      33.41       |      40.02      
   155754    |      32.50       |      38.64      
   155755    |      31.66       |      38.45      
   155756    |      32.32       |      39.36      
   155757    |      33.18       |      39.55      
   155758    |      36.52       |      44.15      
   155759    |      38.30       |      44.68      
   155760    |      36.71       |      41.59      
   155761    |      37.62       |      42.05      
   155762    |      37.51       |      37.79      
   155763    |      37.43       |      37.74      
   155764    |      36.84       |      38.46      
   155765    |      36.24       |      38.07      
   155766    |      37.14       |      42.06      
   155767    |      36.87       |      41.93      
   155768    |      36.01       |      38.26      
   155769    |      33.57       |      36.73      
   155770    |      34.20       |      35.11      
   155771    |      30.31       |      32.52      
   155772    |      30.18       |      33.61      
   155773    |      30.10       |      33.57      
   155774    |      31.87       |      31.64      
   155775    |      21.47       |      24.95      
   155776    |      28.02       |      24.09      
   155777    |      28.21       |      22.27      
   155778    |      31.28       |      24.52      
   155779    |      30.66       |      26.86      
   155780    |      34.32       |      29.16      
   155781    |      34.41       |      28.83      
   155782    |      44.68       |      37.17      
   155783    |      44.97       |      37.27      
   155784    |      47.21       |      39.30      
   155785    |      49.49       |      40.73      
   155786    |      46.82       |      38.23      
   155787    |      46.00       |      37.70      
   155788    |      50.74       |      42.15      
   155789    |      47.78       |      40.41      
   155790    |      52.71       |      44.87      
   155791    |      51.20       |      44.15      
   155792    |      54.26       |      46.92      
   155793    |      56.37       |      48.21      
   155794    |      45.17       |      38.09      
   155795    |      46.83       |      38.88      
   155796    |      46.36       |      38.48      
   155797    |      45.01       |      37.82      
   155798    |      45.90       |      38.61      
   155799    |      47.40       |      39.41      
   155800    |      37.24       |      30.56      
   155801    |      30.92       |      24.24      
   155802    |      34.76       |      27.38      
   155803    |      38.16       |      30.86      
   155804    |      41.22       |      33.53      
   155805    |      49.65       |      42.15      
   155806    |      48.34       |      40.99      
   155807    |      51.83       |      44.54      
   155808    |      47.23       |      40.62      
   155809    |      47.06       |      40.76      
   155810    |      46.23       |      40.08      
   155811    |      47.19       |      40.06      
   155812    |      48.37       |      41.14      
   155813    |      48.32       |      41.12      
   155814    |      54.54       |      46.81      
   155815    |      55.23       |      47.26      
   155816    |      57.95       |      49.82      
   155817    |      59.00       |      50.61      
   155818    |      54.60       |      46.44      
   155819    |      55.39       |      47.04      
   155820    |      55.58       |      47.23      
   155821    |      56.14       |      47.68      
   155822    |      52.62       |      44.33      
   155823    |      50.66       |      42.96      
   155824    |      49.73       |      42.13      
   155825    |      49.82       |      42.23      
   155826    |      49.96       |      42.37      
   155827    |      43.61       |      35.78      
   155828    |      41.02       |      33.42      
   155829    |      39.81       |      32.17      
   155830    |      39.11       |      31.54      
   155831    |      43.36       |      35.97      
   155832    |      47.90       |      40.14      
   155833    |      48.91       |      41.21      
   155834    |      46.12       |      38.64      
   155835    |      39.48       |      31.73      
   155836    |      37.61       |      30.04      
   155837    |      37.78       |      30.23      
   155838    |      39.83       |      32.11      
   155839    |      37.35       |      29.53      
   155840    |      42.76       |      34.56      
   155841    |      32.72       |      23.97      
   155842    |      34.33       |      25.55      
   155843    |      25.35       |      16.26      
   155844    |      28.50       |      19.42      
   155845    |      22.86       |      14.87      
   155846    |      38.02       |      29.34      
   155847    |      35.76       |      27.52      
   155848    |      47.91       |      39.34      
   155849    |      52.66       |      43.75      
   155946    |      26.97       |      37.98      
   155947    |      29.18       |      40.15      
   155948    |      23.76       |      34.72      
   155949    |      18.88       |      29.23      
   155950    |      25.98       |      36.63      
   155951    |      24.71       |      34.42      
   155952    |      33.20       |      43.49      
   155953    |      33.61       |      44.04      
   155954    |      32.55       |      42.93      
   155955    |      35.79       |      46.66      
   155956    |      31.10       |      41.91      
   155957    |      33.44       |      44.33      
   155958    |      32.92       |      43.80      
   155959    |      35.30       |      46.13      
   155960    |      34.19       |      45.01      
   155961    |      30.65       |      41.35      
   155962    |      31.71       |      42.39      
   155963    |      32.03       |      42.73      
   155964    |      23.94       |      34.65      
   155965    |      28.87       |      39.68      
   155966    |      22.33       |      33.12      
   155967    |      33.78       |      44.30      
   155968    |      29.08       |      39.39      
   155969    |      35.62       |      45.71      
   155970    |      28.46       |      37.84      
   155971    |      29.97       |      39.30      
   155972    |      28.50       |      37.60      
   155973    |      29.89       |      38.95      
   155974    |      27.49       |      36.07      
   155975    |      32.14       |      40.70      
   155976    |      35.47       |      44.60      
   155977    |      37.67       |      46.76      
   155978    |      32.34       |      40.40      
   155979    |      27.87       |      35.85      
   155980    |      24.16       |      30.17      
   155981    |      21.76       |      27.45      
   155982    |      23.84       |      31.18      
   155983    |      19.45       |      26.48      
   155984    |      23.87       |      32.67      
   155985    |      24.92       |      32.19      
   155986    |      27.91       |      36.23      
   155987    |      27.64       |      36.70      
   155988    |      23.92       |      32.11      
   155989    |      23.58       |      33.22      
   155990    |      26.72       |      36.63      
   155991    |      26.30       |      35.55      
   155992    |      32.56       |      42.40      
   155993    |      32.10       |      41.43      
   155994    |      30.12       |      39.18      
   155995    |      30.43       |      38.77      
   155996    |      30.45       |      38.79      
   155997    |      30.13       |      39.07      
   155998    |      24.01       |      31.02      
   155999    |      22.29       |      31.53      
   156000    |      20.22       |      28.98      
   156001    |      27.56       |      36.34      
   156002    |      34.27       |      43.91      
   156003    |      34.26       |      42.08      
   156004    |      44.90       |      54.31      
   156005    |      46.13       |      52.78      
   156006    |      46.05       |      52.66      
   156007    |      46.09       |      52.67      
   156008    |      43.30       |      48.73      
   156009    |      40.98       |      47.99      
   156010    |      38.35       |      44.27      
   156011    |      36.25       |      43.77      
   156012    |      33.29       |      39.67      
   156013    |      31.61       |      39.54      
   156014    |      30.29       |      37.78      
   156015    |      32.83       |      38.43      
   156016    |      32.24       |      37.17      
   156017    |      37.49       |      40.11      
   156018    |      38.27       |      38.61      
   156019    |      33.81       |      35.55      
   156020    |      33.76       |      35.66      
   156021    |      36.00       |      37.15      
   156022    |      36.63       |      41.73      
   156023    |      40.32       |      43.82      
   156024    |      40.21       |      43.11      
   156025    |      33.48       |      39.35      
   156026    |      32.14       |      34.34      
   156027    |      24.43       |      30.41      
   156028    |      23.48       |      27.40      
   156029    |      25.52       |      28.46      
   156030    |      25.48       |      28.72      
   156031    |      26.72       |      29.45      
   156032    |      27.70       |      28.55      
   156033    |      24.35       |      19.50      
   156034    |      30.71       |      23.83      
   156035    |      30.74       |      23.82      
   156036    |      31.71       |      24.61      
   156037    |      30.98       |      24.99      
   156038    |      37.74       |      30.38      
   156039    |      40.16       |      31.48      
   156040    |      40.53       |      31.84      
   156041    |      42.28       |      33.14      
   156042    |      46.37       |      37.09      
   156043    |      45.06       |      36.04      
   156044    |      55.19       |      45.85      
   156045    |      51.05       |      42.55      
   156046    |      55.96       |      47.22      
   156047    |      52.93       |      45.16      
   156048    |      47.73       |      40.50      
   156049    |      50.11       |      41.82      
   156050    |      41.99       |      34.44      
   156051    |      42.41       |      34.64      
   156052    |      48.62       |      40.33      
   156053    |      47.06       |      39.38      
   156054    |      43.88       |      36.58      
   156055    |      44.48       |      36.83      
   156056    |      33.65       |      27.87      
   156057    |      43.70       |      37.75      
   156058    |      45.08       |      38.88      
   156059    |      44.64       |      39.07      
   156060    |      49.73       |      43.26      
   156061    |      50.73       |      43.51      
   156062    |      51.70       |      44.37      
   156063    |      39.13       |      31.58      
   156064    |      46.65       |      38.38      
   156065    |      44.63       |      37.42      
   156066    |      48.40       |      40.78      
   156067    |      46.58       |      40.52      
   156068    |      50.19       |      43.61      
   156069    |      50.42       |      43.64      
   156070    |      55.06       |      47.80      
   156071    |      55.55       |      48.05      
   156072    |      55.59       |      48.10      
   156073    |      57.61       |      49.42      
   156074    |      56.78       |      48.66      
   156075    |      55.90       |      48.04      
   156076    |      57.00       |      49.08      
   156077    |      57.20       |      49.23      
   156078    |      55.46       |      47.62      
   156079    |      55.06       |      47.36      
   156080    |      50.85       |      43.53      
   156081    |      50.22       |      42.89      
   156082    |      46.66       |      39.73      
   156083    |      42.73       |      35.71      
   156084    |      42.03       |      35.11      
   156085    |      39.04       |      32.04      
   156086    |      43.13       |      35.67      
   156087    |      44.71       |      37.33      
   156088    |      48.84       |      41.12      
   156089    |      44.09       |      36.18      
   156090    |      39.99       |      32.43      
   156091    |      32.28       |      24.35      
   156092    |      36.14       |      27.93      
   156093    |      29.91       |      21.32      
   156094    |      35.17       |      26.39      
   156095    |      32.30       |      23.38      
   156096    |      32.47       |      23.56      
   156097    |      27.60       |      18.49      
   156098    |      25.24       |      16.16      
   156099    |      19.88       |      11.20      
   156100    |      25.36       |      16.51      
   156101    |      21.03       |      11.96      
   156102    |      33.68       |      24.62      
   156103    |      38.04       |      29.04      
   156104    |      52.47       |      43.46      
   156105    |      55.63       |      46.70      
   156202    |      30.88       |      41.84      
   156203    |      29.64       |      40.45      
   156204    |      18.55       |      28.99      
   156205    |      18.19       |      27.98      
   156206    |      22.44       |      32.62      
   156207    |      23.32       |      33.97      
   156208    |      31.19       |      41.98      
   156209    |      33.38       |      44.31      
   156210    |      35.04       |      45.96      
   156211    |      35.24       |      46.16      
   156212    |      33.67       |      44.57      
   156213    |      36.13       |      47.00      
   156214    |      39.82       |      50.68      
   156215    |      34.84       |      45.53      
   156216    |      37.81       |      48.48      
   156217    |      33.65       |      44.02      
   156218    |      31.48       |      41.82      
   156219    |      31.62       |      41.98      
   156220    |      19.98       |      30.26      
   156221    |      23.90       |      34.58      
   156222    |      15.51       |      26.24      
   156223    |      22.66       |      33.41      
   156224    |      19.01       |      29.68      
   156225    |      28.85       |      39.19      
   156226    |      23.19       |      33.07      
   156227    |      26.72       |      36.48      
   156228    |      25.70       |      35.32      
   156229    |      26.31       |      35.91      
   156230    |      24.38       |      33.67      
   156231    |      24.46       |      33.73      
   156232    |      25.36       |      34.77      
   156233    |      34.87       |      44.11      
   156234    |      28.15       |      35.91      
   156235    |      33.33       |      41.21      
   156236    |      30.31       |      37.03      
   156237    |      23.61       |      29.72      
   156238    |      25.03       |      32.15      
   156239    |      24.24       |      32.25      
   156240    |      23.27       |      30.85      
   156241    |      23.23       |      30.86      
   156242    |      28.16       |      37.14      
   156243    |      28.26       |      36.89      
   156244    |      28.94       |      37.70      
   156245    |      29.33       |      39.25      
   156246    |      24.86       |      34.36      
   156247    |      25.05       |      34.86      
   156248    |      27.74       |      37.73      
   156249    |      29.06       |      39.41      
   156250    |      20.60       |      30.58      
   156251    |      20.35       |      30.09      
   156252    |      23.87       |      33.88      
   156253    |      32.03       |      35.33      
   156254    |      36.38       |      43.41      
   156255    |      35.25       |      43.16      
   156256    |      32.05       |      38.68      
   156257    |      32.90       |      38.98      
   156258    |      36.24       |      43.79      
   156259    |      36.42       |      43.81      
   156260    |      37.80       |      45.58      
   156261    |      38.06       |      45.56      
   156262    |      38.46       |      46.05      
   156263    |      38.02       |      46.20      
   156264    |      36.05       |      43.73      
   156265    |      36.61       |      43.74      
   156266    |      37.42       |      44.80      
   156267    |      38.59       |      45.07      
   156268    |      39.49       |      46.35      
   156269    |      37.86       |      46.57      
   156270    |      29.72       |      35.74      
   156271    |      28.74       |      35.51      
   156272    |      26.84       |      28.09      
   156273    |      30.99       |      33.96      
   156274    |      31.16       |      33.06      
   156275    |      31.01       |      32.84      
   156276    |      31.26       |      32.46      
   156277    |      25.21       |      29.04      
   156278    |      25.41       |      29.97      
   156279    |      28.19       |      31.31      
   156280    |      30.01       |      36.28      
   156281    |      29.30       |      36.10      
   156282    |      27.75       |      33.35      
   156283    |      24.68       |      33.09      
   156284    |      19.99       |      21.99      
   156285    |      21.96       |      25.11      
   156286    |      25.41       |      23.80      
   156287    |      31.36       |      33.95      
   156288    |      31.39       |      33.90      
   156289    |      27.88       |      28.75      
   156290    |      32.79       |      29.88      
   156291    |      32.66       |      26.40      
   156292    |      37.31       |      30.12      
   156293    |      36.38       |      30.57      
   156294    |      38.69       |      32.37      
   156295    |      39.19       |      32.23      
   156296    |      40.40       |      33.27      
   156297    |      42.16       |      33.95      
   156298    |      46.29       |      37.78      
   156299    |      47.77       |      38.85      
   156300    |      57.34       |      48.10      
   156301    |      56.38       |      47.29      
   156302    |      56.13       |      47.07      
   156303    |      55.22       |      46.33      
   156304    |      40.90       |      32.93      
   156305    |      42.51       |      33.92      
   156306    |      39.26       |      30.93      
   156307    |      39.76       |      31.46      
   156308    |      46.82       |      38.06      
   156309    |      44.84       |      36.02      
   156310    |      39.72       |      31.22      
   156311    |      47.51       |      39.27      
   156312    |      46.89       |      38.72      
   156313    |      43.68       |      37.74      
   156314    |      45.06       |      38.87      
   156315    |      42.47       |      36.31      
   156316    |      47.46       |      40.48      
   156317    |      42.43       |      35.41      
   156318    |      41.40       |      34.54      
   156319    |      43.85       |      37.03      
   156320    |      51.10       |      43.40      
   156321    |      50.52       |      43.17      
   156322    |      53.04       |      45.45      
   156323    |      51.87       |      45.05      
   156324    |      50.63       |      43.99      
   156325    |      50.49       |      43.99      
   156326    |      49.61       |      43.25      
   156327    |      52.14       |      44.26      
   156328    |      53.47       |      45.50      
   156329    |      46.64       |      38.49      
   156330    |      54.73       |      46.15      
   156331    |      56.69       |      48.17      
   156332    |      58.34       |      49.77      
   156333    |      56.26       |      48.19      
   156334    |      54.88       |      46.91      
   156335    |      54.09       |      46.11      
   156336    |      49.15       |      41.56      
   156337    |      50.34       |      42.79      
   156338    |      43.50       |      36.70      
   156339    |      42.86       |      36.06      
   156340    |      40.74       |      34.26      
   156341    |      36.10       |      29.55      
   156342    |      44.13       |      36.57      
   156343    |      41.35       |      33.70      
   156344    |      44.17       |      36.29      
   156345    |      34.86       |      26.54      
   156346    |      31.94       |      23.85      
   156347    |      22.40       |      13.59      
   156348    |      29.32       |      20.31      
   156349    |      25.57       |      16.40      
   156350    |      32.04       |      22.88      
   156351    |      31.61       |      22.45      
   156352    |      27.61       |      18.47      
   156353    |      23.38       |      14.45      
   156354    |      19.68       |      10.85      
   156355    |      22.43       |      13.33      
   156356    |      24.87       |      15.79      
   156357    |      35.03       |      26.40      
   156358    |      38.79       |      30.09      
   156359    |      51.58       |      43.48      
   156360    |      57.50       |      49.21      
   156361    |      55.43       |      47.07      
   156458    |      30.97       |      41.60      
   156459    |      29.93       |      40.08      
   156460    |      20.93       |      30.11      
   156461    |      22.57       |      33.40      
   156462    |      22.37       |      33.19      
   156463    |      25.79       |      36.73      
   156464    |      32.47       |      43.39      
   156465    |      29.61       |      40.52      
   156466    |      35.46       |      46.37      
   156467    |      33.82       |      44.65      
   156468    |      38.00       |      48.86      
   156469    |      42.53       |      53.40      
   156470    |      45.52       |      56.37      
   156471    |      39.12       |      49.76      
   156472    |      37.26       |      47.89      
   156473    |      37.78       |      48.43      
   156474    |      27.56       |      38.22      
   156475    |      31.93       |      42.74      
   156476    |      21.69       |      32.52      
   156477    |      19.99       |      30.79      
   156478    |      10.84       |      21.64      
   156479    |      17.11       |      27.69      
   156480    |      12.37       |      22.53      
   156481    |      23.10       |      32.81      
   156482    |      21.54       |      30.99      
   156483    |      25.44       |      34.80      
   156484    |      25.83       |      35.24      
   156485    |      26.79       |      36.17      
   156486    |      27.93       |      37.46      
   156487    |      22.92       |      32.56      
   156488    |      19.94       |      28.98      
   156489    |      27.49       |      36.45      
   156490    |      22.30       |      29.47      
   156491    |      29.61       |      37.11      
   156492    |      28.52       |      35.54      
   156493    |      27.18       |      36.30      
   156494    |      22.55       |      30.39      
   156495    |      24.84       |      32.75      
   156496    |      23.97       |      31.47      
   156497    |      22.89       |      31.81      
   156498    |      24.81       |      34.07      
   156499    |      25.84       |      36.09      
   156500    |      26.92       |      37.19      
   156501    |      26.85       |      37.10      
   156502    |      23.55       |      33.61      
   156503    |      23.01       |      32.12      
   156504    |      32.25       |      42.26      
   156505    |      31.69       |      41.21      
   156506    |      26.17       |      34.88      
   156507    |      26.99       |      34.68      
   156508    |      22.92       |      26.87      
   156509    |      25.27       |      28.12      
   156510    |      32.17       |      40.53      
   156511    |      33.30       |      40.58      
   156512    |      31.37       |      37.68      
   156513    |      29.13       |      37.30      
   156514    |      30.02       |      38.41      
   156515    |      30.02       |      38.41      
   156516    |      31.01       |      39.60      
   156517    |      31.13       |      39.49      
   156518    |      33.71       |      42.55      
   156519    |      34.49       |      42.02      
   156520    |      34.32       |      41.78      
   156521    |      33.63       |      42.10      
   156522    |      30.38       |      38.00      
   156523    |      30.39       |      38.00      
   156524    |      36.45       |      45.36      
   156525    |      38.44       |      45.07      
   156526    |      36.89       |      42.65      
   156527    |      40.17       |      44.33      
   156528    |      39.60       |      40.69      
   156529    |      41.04       |      41.71      
   156530    |      40.70       |      42.38      
   156531    |      34.80       |      38.74      
   156532    |      34.59       |      37.80      
   156533    |      28.39       |      35.11      
   156534    |      26.05       |      29.33      
   156535    |      24.22       |      28.49      
   156536    |      26.94       |      34.08      
   156537    |      27.00       |      34.09      
   156538    |      28.79       |      36.60      
   156539    |      29.31       |      36.60      
   156540    |      27.42       |      28.64      
   156541    |      28.61       |      30.48      
   156542    |      30.07       |      30.00      
   156543    |      28.95       |      27.75      
   156544    |      27.44       |      27.58      
   156545    |      31.96       |      34.47      
   156546    |      36.76       |      34.74      
   156547    |      36.42       |      34.00      
   156548    |      41.81       |      37.25      
   156549    |      42.04       |      36.00      
   156550    |      42.81       |      36.63      
   156551    |      42.45       |      36.95      
   156552    |      40.92       |      35.79      
   156553    |      41.73       |      34.94      
   156554    |      49.66       |      41.90      
   156555    |      49.57       |      41.86      
   156556    |      59.40       |      50.96      
   156557    |      60.22       |      51.57      
   156558    |      52.72       |      44.52      
   156559    |      56.13       |      47.08      
   156560    |      40.85       |      32.65      
   156561    |      40.54       |      32.48      
   156562    |      40.60       |      32.55      
   156563    |      36.59       |      28.42      
   156564    |      44.98       |      36.19      
   156565    |      41.67       |      32.77      
   156566    |      44.60       |      35.58      
   156567    |      56.98       |      48.36      
   156568    |      51.10       |      42.84      
   156569    |      49.41       |      41.89      
   156570    |      41.54       |      35.16      
   156571    |      38.53       |      32.17      
   156572    |      42.36       |      35.32      
   156573    |      41.24       |      34.20      
   156574    |      47.91       |      40.08      
   156575    |      45.89       |      39.56      
   156576    |      52.03       |      44.86      
   156577    |      52.37       |      44.98      
   156578    |      49.58       |      42.53      
   156579    |      51.29       |      43.32      
   156580    |      46.61       |      39.07      
   156581    |      44.16       |      36.57      
   156582    |      44.34       |      36.74      
   156583    |      35.06       |      27.20      
   156584    |      44.96       |      36.36      
   156585    |      37.19       |      28.30      
   156586    |      53.02       |      43.76      
   156587    |      58.84       |      49.72      
   156588    |      55.96       |      46.91      
   156589    |      66.43       |      57.67      
   156590    |      53.24       |      45.06      
   156591    |      58.28       |      50.25      
   156592    |      50.71       |      43.25      
   156593    |      45.77       |      38.19      
   156594    |      41.67       |      34.54      
   156595    |      37.05       |      29.79      
   156596    |      34.93       |      27.98      
   156597    |      34.57       |      27.62      
   156598    |      41.12       |      33.40      
   156599    |      34.04       |      25.99      
   156600    |      35.28       |      27.15      
   156601    |      25.49       |      16.70      
   156602    |      22.59       |      13.99      
   156603    |      20.43       |      11.61      
   156604    |      25.69       |      16.70      
   156605    |      28.44       |      19.66      
   156606    |      31.96       |      23.08      
   156607    |      27.80       |      18.72      
   156608    |      22.90       |      13.89      
   156609    |      24.67       |      15.80      
   156610    |      22.63       |      13.86      
   156611    |      31.13       |      23.03      
   156612    |      35.67       |      27.32      
   156613    |      40.47       |      32.39      
   156614    |      50.46       |      42.01      
   156615    |      51.19       |      42.78      
   156616    |      55.02       |      46.53      
   156617    |      42.92       |      34.00      
   156714    |      25.20       |      36.10      
   156715    |      27.22       |      38.23      
   156716    |      21.23       |      32.22      
   156717    |      25.16       |      36.00      
   156718    |      25.28       |      36.10      
   156719    |      21.47       |      32.43      
   156720    |      28.84       |      39.79      
   156721    |      25.11       |      35.77      
   156722    |      34.22       |      45.02      
   156723    |      35.90       |      46.80      
   156724    |      43.74       |      54.65      
   156725    |      45.81       |      56.70      
   156726    |      46.71       |      57.59      
   156727    |      45.74       |      56.60      
   156728    |      37.22       |      48.09      
   156729    |      38.36       |      49.23      
   156730    |      26.80       |      37.64      
   156731    |      29.41       |      40.21      
   156732    |      22.86       |      33.54      
   156733    |      23.33       |      33.99      
   156734    |      14.03       |      23.97      
   156735    |      13.94       |      23.87      
   156736    |      10.18       |      18.63      
   156737    |      17.51       |      26.07      
   156738    |      18.84       |      27.87      
   156739    |      23.59       |      32.55      
   156740    |      23.99       |      33.04      
   156741    |      27.78       |      36.77      
   156742    |      29.36       |      38.62      
   156743    |      29.46       |      37.86      
   156744    |      26.71       |      34.26      
   156745    |      27.15       |      34.25      
   156746    |      27.53       |      34.81      
   156747    |      23.16       |      30.16      
   156748    |      33.49       |      43.11      
   156749    |      23.87       |      33.66      
   156750    |      21.60       |      31.08      
   156751    |      15.35       |      24.96      
   156752    |      18.04       |      28.02      
   156753    |      20.70       |      26.79      
   156754    |      30.64       |      40.16      
   156755    |      30.62       |      39.96      
   156756    |      32.17       |      41.67      
   156757    |      32.60       |      40.92      
   156758    |      30.86       |      38.71      
   156759    |      30.25       |      38.77      
   156760    |      34.31       |      43.49      
   156761    |      34.71       |      43.08      
   156762    |      30.67       |      37.88      
   156763    |      30.44       |      37.82      
   156764    |      26.26       |      29.08      
   156765    |      17.56       |      27.12      
   156766    |      18.73       |      28.43      
   156767    |      19.76       |      29.99      
   156768    |      15.11       |      25.03      
   156769    |      20.87       |      30.62      
   156770    |      18.92       |      28.40      
   156771    |      24.41       |      33.79      
   156772    |      21.48       |      30.33      
   156773    |      28.42       |      37.25      
   156774    |      28.42       |      37.24      
   156775    |      26.85       |      35.65      
   156776    |      29.13       |      38.30      
   156777    |      29.07       |      37.88      
   156778    |      26.56       |      34.81      
   156779    |      28.85       |      34.84      
   156780    |      31.93       |      39.44      
   156781    |      36.78       |      41.20      
   156782    |      36.81       |      41.25      
   156783    |      37.42       |      41.59      
   156784    |      37.49       |      38.18      
   156785    |      32.55       |      34.93      
   156786    |      32.87       |      36.97      
   156787    |      32.34       |      36.71      
   156788    |      34.01       |      40.06      
   156789    |      31.93       |      39.87      
   156790    |      26.44       |      30.52      
   156791    |      23.14       |      29.47      
   156792    |      24.95       |      32.36      
   156793    |      30.95       |      34.47      
   156794    |      33.67       |      40.44      
   156795    |      38.28       |      42.59      
   156796    |      38.42       |      39.72      
   156797    |      31.71       |      35.25      
   156798    |      31.97       |      34.27      
   156799    |      27.76       |      27.57      
   156800    |      27.54       |      27.60      
   156801    |      27.70       |      27.87      
   156802    |      30.13       |      28.29      
   156803    |      29.48       |      26.53      
   156804    |      32.94       |      28.44      
   156805    |      33.36       |      27.01      
   156806    |      35.95       |      29.06      
   156807    |      36.84       |      29.15      
   156808    |      39.14       |      31.15      
   156809    |      37.34       |      31.49      
   156810    |      52.91       |      44.84      
   156811    |      51.53       |      44.20      
   156812    |      60.19       |      52.09      
   156813    |      60.49       |      52.29      
   156814    |      52.66       |      45.11      
   156815    |      53.59       |      45.60      
   156816    |      46.45       |      39.19      
   156817    |      45.96       |      39.11      
   156818    |      40.17       |      34.35      
   156819    |      40.89       |      34.00      
   156820    |      46.38       |      38.79      
   156821    |      33.80       |      25.89      
   156822    |      54.19       |      44.99      
   156823    |      57.76       |      48.67      
   156824    |      49.28       |      40.57      
   156825    |      57.81       |      49.35      
   156826    |      38.84       |      32.57      
   156827    |      40.84       |      34.57      
   156828    |      42.80       |      36.18      
   156829    |      39.26       |      32.64      
   156830    |      47.99       |      40.19      
   156831    |      47.95       |      40.16      
   156832    |      48.99       |      41.10      
   156833    |      43.40       |      35.38      
   156834    |      45.11       |      36.94      
   156835    |      39.65       |      31.32      
   156836    |      41.16       |      32.73      
   156837    |      38.45       |      29.93      
   156838    |      34.24       |      26.08      
   156839    |      36.24       |      28.17      
   156840    |      38.90       |      30.59      
   156841    |      39.81       |      31.54      
   156842    |      59.07       |      49.99      
   156843    |      61.37       |      52.36      
   156844    |      64.59       |      55.51      
   156846    |      56.60       |      48.21      
   156847    |      60.79       |      52.52      
   156848    |      47.20       |      40.01      
   156849    |      41.23       |      33.89      
   156850    |      38.11       |      31.19      
   156851    |      32.96       |      25.92      
   156852    |      33.90       |      26.72      
   156853    |      37.21       |      30.14      
   156854    |      36.79       |      29.79      
   156855    |      29.71       |      22.48      
   156856    |      28.51       |      21.50      
   156857    |      18.95       |      11.41      
   156858    |      21.25       |      13.28      
   156859    |      23.33       |      15.54      
   156860    |      29.09       |      20.72      
   156861    |      26.93       |      18.41      
   156862    |      28.42       |      19.82      
   156863    |      26.89       |      18.20      
   156864    |      25.02       |      16.43      
   156865    |      33.23       |      25.23      
   156866    |      31.64       |      23.79      
   156867    |      33.01       |      25.24      
   156868    |      40.05       |      31.81      
   156869    |      38.85       |      30.56      
   156870    |      50.54       |      41.91      
   156871    |      40.62       |      31.63      
   156872    |      42.73       |      33.75      
   156873    |      31.57       |      22.88      
   156970    |      26.26       |      37.20      
   156971    |      26.11       |      37.05      
   156972    |      25.38       |      36.31      
   156973    |      22.06       |      33.03      
   156974    |      21.88       |      32.83      
   156975    |      19.43       |      29.83      
   156976    |      25.36       |      36.00      
   156977    |      25.48       |      36.14      
   156978    |      37.03       |      47.85      
   156979    |      37.79       |      48.66      
   156980    |      47.17       |      58.07      
   156981    |      46.46       |      57.33      
   156982    |      48.39       |      59.26      
   156983    |      46.99       |      57.79      
   156984    |      40.13       |      50.84      
   156985    |      40.85       |      51.62      
   156986    |      29.42       |      39.94      
   156987    |      29.03       |      39.44      
   156988    |      25.69       |      35.88      
   156989    |      25.52       |      35.71      
   156990    |      21.37       |      31.09      
   156991    |      13.92       |      23.90      
   156992    |       9.40       |      17.03      
   156993    |      11.88       |      19.73      
   156994    |      11.82       |      19.59      
   156995    |      22.40       |      30.56      
   156996    |      22.26       |      30.35      
   156997    |      28.17       |      36.34      
   156998    |      29.28       |      37.74      
   156999    |      29.16       |      37.98      
   157000    |      24.83       |      32.39      
   157001    |      24.53       |      32.47      
   157002    |      27.75       |      36.56      
   157003    |      20.31       |      29.08      
   157004    |      27.80       |      37.76      
   157005    |      31.97       |      41.83      
   157006    |      22.01       |      29.94      
   157007    |      28.47       |      36.61      
   157008    |      24.45       |      29.99      
   157009    |      26.95       |      31.18      
   157010    |      35.07       |      43.75      
   157011    |      38.95       |      44.87      
   157012    |      41.79       |      48.94      
   157013    |      40.08       |      48.63      
   157014    |      36.28       |      43.98      
   157015    |      35.60       |      45.55      
   157016    |      28.24       |      37.55      
   157017    |      28.25       |      37.61      
   157018    |      23.45       |      31.91      
   157019    |      26.11       |      32.24      
   157020    |      28.81       |      36.36      
   157021    |      29.49       |      36.47      
   157022    |      32.88       |      41.01      
   157023    |      32.40       |      41.45      
   157024    |      26.57       |      34.16      
   157025    |      27.21       |      34.27      
   157026    |      28.63       |      36.28      
   157027    |      32.34       |      37.54      
   157028    |      34.73       |      41.41      
   157029    |      33.48       |      41.14      
   157030    |      34.38       |      42.28      
   157031    |      33.87       |      42.93      
   157032    |      30.82       |      39.37      
   157033    |      31.25       |      39.09      
   157034    |      27.59       |      33.78      
   157035    |      29.34       |      34.39      
   157036    |      29.44       |      34.58      
   157037    |      27.71       |      34.02      
   157038    |      26.54       |      31.79      
   157039    |      25.07       |      31.40      
   157040    |      23.41       |      26.30      
   157041    |      22.49       |      25.89      
   157042    |      23.11       |      28.51      
   157043    |      24.21       |      28.86      
   157044    |      30.29       |      38.48      
   157045    |      30.33       |      39.34      
   157046    |      22.23       |      28.72      
   157047    |      21.23       |      28.93      
   157048    |      19.45       |      20.33      
   157049    |      24.77       |      28.77      
   157050    |      25.39       |      30.86      
   157051    |      31.08       |      33.68      
   157052    |      30.94       |      34.55      
   157053    |      29.38       |      33.68      
   157054    |      29.80       |      31.81      
   157055    |      30.54       |      32.88      
   157056    |      32.16       |      32.44      
   157057    |      32.18       |      32.46      
   157058    |      31.56       |      32.52      
   157059    |      28.10       |      26.03      
   157060    |      26.83       |      25.69      
   157061    |      25.97       |      19.53      
   157062    |      32.78       |      24.90      
   157063    |      25.55       |      17.46      
   157064    |      35.59       |      26.48      
   157065    |      48.21       |      39.57      
   157066    |      54.65       |      45.67      
   157067    |      52.11       |      43.87      
   157068    |      55.82       |      47.34      
   157069    |      56.85       |      48.09      
   157070    |      53.48       |      44.92      
   157071    |      51.46       |      43.66      
   157072    |      52.21       |      44.36      
   157073    |      50.22       |      43.81      
   157074    |      45.14       |      39.63      
   157075    |      45.02       |      40.21      
   157076    |      45.12       |      40.30      
   157077    |      45.13       |      40.16      
   157078    |      58.59       |      51.40      
   157079    |      61.22       |      52.81      
   157080    |      58.85       |      50.62      
   157081    |      50.72       |      42.29      
   157082    |      38.11       |      31.10      
   157083    |      40.26       |      33.28      
   157084    |      38.84       |      32.12      
   157085    |      43.11       |      36.41      
   157086    |      49.06       |      41.54      
   157087    |      48.12       |      40.60      
   157088    |      46.15       |      38.87      
   157089    |      38.83       |      31.43      
   157090    |      41.55       |      33.81      
   157091    |      40.18       |      32.42      
   157092    |      40.68       |      32.87      
   157093    |      43.32       |      35.60      
   157094    |      39.00       |      31.84      
   157095    |      45.61       |      38.56      
   157096    |      44.54       |      37.65      
   157097    |      53.52       |      46.74      
   157098    |      65.30       |      57.41      
   157099    |      66.03       |      57.91      
   157102    |      60.77       |      52.50      
   157103    |      51.26       |      42.71      
   157104    |      39.84       |      32.08      
   157105    |      40.05       |      32.31      
   157106    |      33.47       |      26.62      
   157107    |      38.58       |      31.85      
   157108    |      38.40       |      31.70      
   157109    |      35.47       |      28.73      
   157110    |      32.53       |      26.38      
   157111    |      30.70       |      24.55      
   157112    |      25.26       |      20.97      
   157113    |      20.76       |      16.89      
   157114    |      26.35       |      20.18      
   157115    |      19.31       |      13.08      
   157116    |      27.80       |      19.81      
   157117    |      21.41       |      12.89      
   157118    |      26.76       |      17.96      
   157119    |      31.00       |      22.52      
   157120    |      32.11       |      23.58      
   157121    |      35.33       |      27.00      
   157122    |      32.21       |      24.09      
   157123    |      30.99       |      22.81      
   157124    |      38.24       |      29.71      
   157125    |      37.86       |      29.32      
   157126    |      41.58       |      32.96      
   157127    |      30.77       |      21.72      
   157128    |      23.74       |      14.72      
   157129    |      31.31       |      22.51      
   157226    |      27.67       |      38.67      
   157227    |      26.43       |      37.31      
   157228    |      23.46       |      34.28      
   157229    |      22.12       |      32.35      
   157230    |      20.90       |      31.02      
   157231    |      20.80       |      30.77      
   157232    |      27.20       |      37.57      
   157233    |      27.40       |      37.85      
   157234    |      39.49       |      50.22      
   157235    |      38.97       |      49.62      
   157236    |      47.98       |      58.75      
   157237    |      46.14       |      56.68      
   157238    |      49.21       |      59.81      
   157239    |      49.08       |      59.66      
   157240    |      44.03       |      54.47      
   157241    |      44.42       |      54.94      
   157242    |      32.02       |      41.92      
   157243    |      32.09       |      42.04      
   157244    |      28.67       |      38.28      
   157245    |      28.92       |      36.78      
   157246    |      29.46       |      37.50      
   157247    |      29.31       |      37.56      
   157248    |      26.59       |      33.71      
   157249    |      15.27       |      21.19      
   157250    |      15.04       |      19.42      
   157251    |      20.55       |      26.18      
   157252    |      23.70       |      31.49      
   157253    |      24.55       |      31.47      
   157254    |      29.98       |      38.67      
   157255    |      30.89       |      41.01      
   157256    |      20.49       |      29.32      
   157257    |      21.84       |      32.20      
   157258    |      20.66       |      30.94      
   157259    |      19.53       |      28.12      
   157260    |      28.14       |      38.05      
   157261    |      29.46       |      36.01      
   157262    |      29.63       |      36.26      
   157263    |      35.43       |      39.01      
   157264    |      35.45       |      39.08      
   157265    |      27.39       |      35.16      
   157266    |      26.74       |      34.22      
   157267    |      25.95       |      34.12      
   157268    |      33.41       |      42.88      
   157269    |      33.71       |      42.28      
   157270    |      40.07       |      49.48      
   157271    |      40.14       |      49.75      
   157272    |      32.81       |      41.54      
   157273    |      32.70       |      42.11      
   157274    |      22.22       |      28.88      
   157275    |      25.18       |      29.94      
   157276    |      28.28       |      35.44      
   157277    |      30.24       |      36.04      
   157278    |      37.23       |      45.62      
   157279    |      37.15       |      45.69      
   157280    |      30.82       |      37.43      
   157281    |      28.60       |      37.20      
   157282    |      23.17       |      29.53      
   157283    |      24.41       |      29.96      
   157284    |      29.90       |      38.12      
   157285    |      34.66       |      39.57      
   157286    |      42.29       |      50.27      
   157287    |      43.40       |      50.42      
   157288    |      41.87       |      48.36      
   157289    |      40.08       |      48.01      
   157290    |      32.93       |      37.63      
   157291    |      28.62       |      36.53      
   157292    |      25.55       |      32.19      
   157293    |      24.96       |      32.18      
   157294    |      23.79       |      30.34      
   157295    |      23.69       |      30.33      
   157296    |      21.83       |      25.31      
   157297    |      21.93       |      25.35      
   157298    |      22.28       |      27.18      
   157299    |      22.80       |      27.35      
   157300    |      32.07       |      40.84      
   157301    |      33.14       |      39.89      
   157302    |      31.97       |      38.09      
   157303    |      33.01       |      38.42      
   157304    |      32.10       |      33.12      
   157305    |      27.62       |      30.42      
   157306    |      27.63       |      30.39      
   157307    |      24.84       |      29.07      
   157308    |      24.76       |      28.23      
   157309    |      27.74       |      32.18      
   157310    |      28.35       |      30.17      
   157311    |      28.77       |      30.81      
   157312    |      31.04       |      30.61      
   157313    |      32.05       |      32.35      
   157314    |      31.40       |      32.37      
   157315    |      33.91       |      34.30      
   157316    |      34.78       |      34.30      
   157317    |      28.29       |      29.32      
   157318    |      36.95       |      32.27      
   157319    |      27.34       |      23.58      
   157320    |      48.86       |      40.38      
   157321    |      43.18       |      34.57      
   157322    |      53.56       |      44.37      
   157323    |      56.62       |      47.51      
   157324    |      55.74       |      46.68      
   157325    |      54.40       |      45.65      
   157326    |      57.05       |      48.18      
   157327    |      54.87       |      46.61      
   157328    |      57.28       |      48.88      
   157329    |      54.96       |      47.71      
   157330    |      44.11       |      38.52      
   157331    |      44.13       |      38.44      
   157332    |      43.99       |      38.35      
   157333    |      43.98       |      38.95      
   157334    |      52.85       |      46.11      
   157335    |      54.66       |      46.65      
   157336    |      53.16       |      45.30      
   157337    |      47.66       |      39.70      
   157338    |      40.23       |      33.26      
   157339    |      45.16       |      38.22      
   157340    |      43.37       |      36.74      
   157341    |      49.47       |      42.84      
   157342    |      51.03       |      44.17      
   157343    |      45.61       |      38.75      
   157344    |      42.58       |      36.24      
   157345    |      36.63       |      30.33      
   157346    |      41.95       |      34.70      
   157347    |      36.02       |      28.68      
   157348    |      42.07       |      33.98      
   157349    |      49.38       |      41.49      
   157350    |      44.46       |      37.12      
   157351    |      56.87       |      49.70      
   157352    |      53.60       |      46.84      
   157353    |      59.31       |      52.59      
   157354    |      67.06       |      59.54      
   157355    |      56.20       |      48.50      
   157357    |      57.68       |      48.90      
   157358    |      51.40       |      42.89      
   157359    |      50.73       |      42.21      
   157360    |      39.89       |      32.11      
   157361    |      38.25       |      30.41      
   157362    |      35.91       |      28.33      
   157363    |      36.79       |      29.26      
   157364    |      34.15       |      26.97      
   157365    |      32.74       |      25.52      
   157366    |      29.43       |      22.82      
   157367    |      31.66       |      25.11      
   157368    |      22.49       |      19.17      
   157369    |      24.02       |      20.53      
   157370    |      24.76       |      20.88      
   157371    |      15.63       |      12.99      
   157372    |      23.96       |      17.25      
   157373    |      25.86       |      19.23      
   157374    |      32.65       |      24.94      
   157375    |      37.64       |      30.19      
   157376    |      37.61       |      30.17      
   157377    |      37.42       |      29.98      
   157378    |      33.80       |      26.81      
   157379    |      31.27       |      24.21      
   157380    |      39.69       |      31.81      
   157381    |      29.29       |      20.82      
   157382    |      26.77       |      18.46      
   157383    |      30.89       |      21.93      
   157384    |      23.89       |      15.02      
   157482    |      29.26       |      39.79      
   157483    |      29.58       |      40.23      
   157484    |      21.83       |      32.13      
   157485    |      21.64       |      31.14      
   157486    |      22.62       |      32.23      
   157487    |      22.65       |      31.92      
   157488    |      30.27       |      40.21      
   157489    |      30.38       |      40.38      
   157490    |      40.63       |      51.08      
   157491    |      39.30       |      49.32      
   157492    |      47.76       |      58.12      
   157493    |      46.67       |      56.69      
   157496    |      47.57       |      57.70      
   157497    |      47.46       |      57.56      
   157498    |      36.25       |      45.49      
   157499    |      36.17       |      45.27      
   157500    |      29.44       |      37.23      
   157501    |      31.20       |      37.01      
   157502    |      30.73       |      36.23      
   157503    |      40.62       |      47.13      
   157504    |      39.25       |      44.65      
   157505    |      36.29       |      43.16      
   157506    |      31.22       |      33.96      
   157507    |      25.98       |      31.34      
   157508    |      27.50       |      33.93      
   157509    |      26.67       |      33.83      
   157510    |      36.47       |      45.70      
   157511    |      36.69       |      46.27      
   157512    |      30.28       |      39.01      
   157513    |      31.26       |      41.33      
   157514    |      19.69       |      28.26      
   157515    |      20.34       |      27.68      
   157516    |      21.71       |      29.65      
   157517    |      22.39       |      29.38      
   157518    |      22.98       |      30.30      
   157519    |      15.02       |      21.01      
   157520    |      18.79       |      28.20      
   157521    |      19.30       |      28.06      
   157522    |      20.84       |      29.95      
   157523    |      20.79       |      30.54      
   157524    |      24.36       |      34.39      
   157525    |      24.62       |      34.78      
   157526    |      33.12       |      43.50      
   157527    |      31.04       |      40.30      
   157528    |      32.71       |      42.13      
   157529    |      33.90       |      41.25      
   157530    |      28.98       |      33.46      
   157531    |      23.79       |      33.35      
   157532    |      16.58       |      24.41      
   157533    |      16.93       |      27.13      
   157534    |      23.69       |      34.05      
   157535    |      21.88       |      31.85      
   157536    |      21.11       |      30.99      
   157537    |      21.12       |      29.91      
   157538    |      16.70       |      23.54      
   157539    |      17.59       |      23.69      
   157540    |      18.69       |      25.81      
   157541    |      25.04       |      28.14      
   157542    |      33.21       |      41.55      
   157543    |      34.10       |      41.39      
   157544    |      37.86       |      46.09      
   157545    |      37.62       |      46.38      
   157546    |      31.59       |      39.08      
   157547    |      31.91       |      39.08      
   157548    |      30.31       |      36.77      
   157549    |      32.24       |      37.41      
   157550    |      32.66       |      38.15      
   157551    |      32.91       |      38.24      
   157552    |      31.36       |      34.19      
   157553    |      24.30       |      32.14      
   157554    |      20.17       |      25.09      
   157555    |      17.69       |      25.13      
   157556    |      21.43       |      30.10      
   157557    |      29.82       |      31.80      
   157558    |      31.46       |      37.05      
   157559    |      37.46       |      39.97      
   157560    |      37.45       |      39.88      
   157561    |      33.81       |      37.84      
   157562    |      33.62       |      37.22      
   157563    |      31.81       |      36.36      
   157564    |      31.42       |      34.50      
   157565    |      33.49       |      35.71      
   157566    |      33.60       |      35.48      
   157567    |      33.47       |      35.26      
   157568    |      35.00       |      35.61      
   157569    |      33.51       |      33.25      
   157570    |      32.95       |      33.31      
   157571    |      42.15       |      40.85      
   157572    |      39.49       |      40.78      
   157573    |      37.43       |      39.20      
   157574    |      40.90       |      39.14      
   157575    |      30.54       |      30.69      
   157576    |      47.96       |      41.03      
   157577    |      48.33       |      40.95      
   157578    |      62.05       |      53.32      
   157579    |      60.95       |      52.64      
   157580    |      63.77       |      55.25      
   157581    |      62.07       |      54.22      
   157582    |      62.46       |      54.59      
   157583    |      62.36       |      54.52      
   157584    |      53.43       |      46.27      
   157585    |      55.99       |      47.35      
   157586    |      39.30       |      32.58      
   157587    |      38.11       |      31.39      
   157588    |      38.85       |      31.98      
   157589    |      38.07       |      31.21      
   157590    |      46.83       |      38.72      
   157591    |      38.77       |      30.45      
   157592    |      44.52       |      35.74      
   157593    |      44.38       |      35.61      
   157594    |      39.89       |      31.48      
   157595    |      55.24       |      47.20      
   157596    |      47.32       |      40.19      
   157597    |      52.79       |      45.70      
   157598    |      47.95       |      41.63      
   157599    |      41.54       |      35.30      
   157600    |      38.96       |      33.28      
   157601    |      30.16       |      24.71      
   157602    |      36.69       |      29.58      
   157603    |      38.68       |      31.61      
   157604    |      48.16       |      39.97      
   157605    |      56.92       |      48.95      
   157606    |      54.31       |      46.58      
   157607    |      56.47       |      48.79      
   157608    |      55.36       |      47.79      
   157609    |      52.10       |      44.49      
   157610    |      55.34       |      47.44      
   157611    |      47.99       |      39.94      
   157612    |      58.23       |      49.57      
   157613    |      47.39       |      38.44      
   157614    |      48.92       |      39.94      
   157615    |      52.54       |      43.68      
   157616    |      37.19       |      29.02      
   157617    |      42.91       |      34.97      
   157618    |      37.34       |      29.99      
   157619    |      35.68       |      28.29      
   157620    |      33.22       |      26.19      
   157621    |      32.67       |      25.63      
   157622    |      31.08       |      24.32      
   157623    |      27.89       |      21.05      
   157624    |      20.84       |      16.31      
   157625    |      24.38       |      19.66      
   157626    |      19.37       |      17.73      
   157627    |      27.95       |      25.03      
   157628    |      31.90       |      27.35      
   157629    |      37.08       |      32.39      
   157630    |      42.78       |      36.84      
   157631    |      37.74       |      31.77      
   157632    |      40.45       |      33.97      
   157633    |      34.98       |      28.46      
   157634    |      33.54       |      27.28      
   157635    |      29.09       |      22.78      
   157636    |      25.25       |      19.93      
   157637    |      29.48       |      21.12      
   157638    |      26.11       |      17.98      
   157639    |      26.73       |      18.40      
   157640    |      26.16       |      17.89      
   157738    |      32.45       |      42.72      
   157739    |      32.29       |      42.42      
   157740    |      23.19       |      32.40      
   157741    |      23.99       |      32.12      
   157742    |      26.24       |      34.90      
   157743    |      25.89       |      34.94      
   157744    |      31.49       |      41.28      
   157745    |      31.40       |      41.07      
   157746    |      38.57       |      48.71      
   157747    |      37.51       |      46.78      
   157748    |      47.20       |      57.16      
   157749    |      46.65       |      56.29      
   157753    |      49.91       |      59.38      
   157754    |      40.30       |      48.75      
   157755    |      40.34       |      48.94      
   157756    |      29.80       |      35.84      
   157757    |      28.73       |      37.45      
   157758    |      22.30       |      29.30      
   157759    |      22.34       |      29.20      
   157760    |      28.17       |      36.28      
   157761    |      32.26       |      36.69      
   157762    |      32.55       |      37.16      
   157763    |      28.78       |      36.25      
   157764    |      27.47       |      34.51      
   157765    |      26.53       |      35.77      
   157766    |      34.59       |      44.50      
   157767    |      33.88       |      43.32      
   157768    |      34.88       |      44.39      
   157769    |      34.71       |      44.04      
   157770    |      23.12       |      29.92      
   157771    |      22.96       |      32.72      
   157772    |      15.71       |      24.23      
   157773    |      16.52       |      23.23      
   157774    |      19.50       |      27.60      
   157775    |      19.56       |      27.92      
   157776    |      20.64       |      29.16      
   157777    |      22.81       |      33.27      
   157778    |      17.68       |      28.02      
   157779    |      16.75       |      26.40      
   157780    |      24.65       |      34.82      
   157781    |      23.73       |      32.98      
   157782    |      28.25       |      37.94      
   157783    |      28.41       |      36.40      
   157784    |      28.69       |      36.73      
   157785    |      28.53       |      36.83      
   157786    |      30.08       |      38.66      
   157787    |      33.05       |      43.39      
   157788    |      19.17       |      28.99      
   157789    |      21.68       |      32.08      
   157790    |      19.02       |      29.39      
   157791    |      19.08       |      23.96      
   157792    |      26.01       |      33.95      
   157793    |      30.82       |      35.30      
   157794    |      30.95       |      35.54      
   157795    |      30.36       |      35.26      
   157796    |      28.96       |      31.85      
   157797    |      25.87       |      30.26      
   157798    |      31.53       |      39.19      
   157799    |      31.03       |      39.75      
   157800    |      34.68       |      43.84      
   157801    |      34.66       |      43.08      
   157802    |      30.34       |      37.74      
   157803    |      31.73       |      37.95      
   157804    |      30.42       |      35.80      
   157805    |      30.07       |      35.67      
   157806    |      30.13       |      35.76      
   157807    |      29.03       |      35.47      
   157808    |      30.11       |      37.01      
   157809    |      29.91       |      37.02      
   157810    |      27.38       |      33.20      
   157811    |      25.78       |      33.24      
   157812    |      21.49       |      23.81      
   157813    |      20.74       |      23.49      
   157814    |      20.76       |      24.30      
   157815    |      23.77       |      25.57      
   157816    |      24.51       |      29.39      
   157817    |      28.32       |      30.89      
   157818    |      29.33       |      34.12      
   157819    |      35.26       |      36.93      
   157820    |      35.29       |      37.49      
   157821    |      36.27       |      38.05      
   157822    |      36.27       |      38.07      
   157823    |      34.98       |      37.52      
   157824    |      33.86       |      34.43      
   157825    |      31.01       |      32.48      
   157826    |      33.22       |      31.02      
   157827    |      35.80       |      33.19      
   157828    |      32.78       |      34.51      
   157829    |      37.11       |      37.71      
   157830    |      37.16       |      37.67      
   157831    |      42.45       |      41.89      
   157832    |      53.44       |      47.57      
   157833    |      53.71       |      47.84      
   157834    |      63.11       |      55.54      
   157835    |      64.18       |      55.82      
   157836    |      64.49       |      56.11      
   157837    |      64.83       |      56.46      
   157838    |      61.61       |      53.58      
   157839    |      56.28       |      48.36      
   157840    |      52.99       |      45.75      
   157841    |      44.57       |      37.35      
   157842    |      40.18       |      34.01      
   157843    |      41.45       |      35.28      
   157844    |      41.10       |      35.02      
   157845    |      38.23       |      32.23      
   157846    |      43.09       |      35.98      
   157847    |      39.46       |      32.37      
   157848    |      46.74       |      38.59      
   157849    |      47.80       |      39.69      
   157850    |      52.97       |      44.41      
   157851    |      54.01       |      45.49      
   157852    |      48.73       |      40.67      
   157853    |      49.83       |      41.80      
   157854    |      40.26       |      33.69      
   157855    |      42.00       |      35.42      
   157856    |      35.05       |      30.83      
   157857    |      37.58       |      33.21      
   157858    |      42.81       |      36.82      
   157859    |      45.55       |      39.53      
   157860    |      57.67       |      49.86      
   157861    |      55.55       |      47.72      
   157862    |      55.72       |      47.88      
   157863    |      54.59       |      46.73      
   157864    |      52.08       |      44.47      
   157865    |      49.99       |      42.36      
   157866    |      49.71       |      42.12      
   157867    |      38.64       |      30.83      
   157868    |      48.64       |      40.03      
   157869    |      38.41       |      29.49      
   157870    |      51.15       |      41.91      
   157871    |      56.89       |      47.78      
   157872    |      41.19       |      32.82      
   157873    |      51.58       |      43.56      
   157874    |      38.77       |      32.28      
   157875    |      38.37       |      31.88      
   157876    |      35.98       |      29.98      
   157877    |      34.21       |      28.22      
   157878    |      31.90       |      26.49      
   157879    |      23.44       |      18.21      
   157880    |      23.22       |      18.07      
   157881    |      21.13       |      16.06      
   157882    |      20.96       |      15.97      
   157883    |      31.00       |      25.80      
   157884    |      33.13       |      27.41      
   157885    |      30.20       |      24.46      
   157886    |      29.58       |      24.00      
   157887    |      32.45       |      24.57      
   157888    |      30.49       |      22.75      
   157889    |      31.07       |      23.12      
   157890    |      26.10       |      18.65      
   157891    |      26.29       |      18.74      
   157892    |      21.07       |      14.42      
   157893    |      21.51       |      14.42      
   157894    |      27.57       |      19.71      
   157895    |      27.02       |      19.42      
   157896    |      30.62       |      22.72      
   157994    |      34.27       |      44.12      
   157995    |      35.07       |      43.01      
   157996    |      31.25       |      38.24      
   157997    |      30.82       |      38.15      
   157998    |      32.97       |      40.84      
   157999    |      32.37       |      40.90      
   158000    |      35.50       |      44.49      
   158001    |      35.84       |      44.03      
   158002    |      40.24       |      49.09      
   158003    |      40.41       |      48.58      
   158004    |      49.71       |      58.95      
   158005    |      49.64       |      58.77      
   158010    |      45.54       |      53.39      
   158011    |      45.80       |      54.77      
   158012    |      35.93       |      43.42      
   158013    |      36.04       |      44.96      
   158014    |      24.57       |      31.03      
   158015    |      24.31       |      31.14      
   158016    |      22.02       |      27.77      
   158017    |      20.59       |      28.22      
   158018    |      23.73       |      32.13      
   158019    |      24.26       |      34.10      
   158020    |      23.78       |      33.56      
   158021    |      24.47       |      34.63      
   158022    |      28.47       |      38.77      
   158023    |      27.16       |      36.95      
   158024    |      30.67       |      40.65      
   158025    |      30.38       |      40.23      
   158026    |      24.85       |      34.24      
   158027    |      24.85       |      34.24      
   158028    |      15.83       |      22.72      
   158029    |      17.49       |      22.52      
   158030    |      22.53       |      30.30      
   158031    |      22.48       |      31.14      
   158032    |      29.75       |      39.18      
   158033    |      30.01       |      39.64      
   158034    |      21.37       |      30.09      
   158035    |      21.34       |      30.37      
   158036    |      23.50       |      32.80      
   158037    |      24.12       |      34.08      
   158038    |      19.36       |      28.93      
   158039    |      20.76       |      27.49      
   158040    |      26.60       |      35.20      
   158041    |      26.86       |      34.86      
   158042    |      39.82       |      49.42      
   158043    |      40.21       |      49.98      
   158044    |      31.30       |      40.39      
   158045    |      31.49       |      39.28      
   158046    |      24.37       |      28.82      
   158047    |      27.70       |      30.37      
   158048    |      29.15       |      33.77      
   158049    |      25.77       |      32.86      
   158050    |      23.18       |      28.85      
   158051    |      23.29       |      28.88      
   158052    |      22.57       |      27.30      
   158053    |      23.06       |      27.50      
   158054    |      32.31       |      40.86      
   158055    |      32.43       |      40.64      
   158056    |      34.21       |      42.71      
   158057    |      34.37       |      42.44      
   158058    |      29.32       |      35.86      
   158059    |      28.36       |      35.86      
   158060    |      25.45       |      31.64      
   158061    |      24.10       |      31.69      
   158062    |      23.40       |      30.69      
   158063    |      24.37       |      30.66      
   158064    |      27.22       |      34.76      
   158065    |      28.79       |      34.76      
   158066    |      30.47       |      37.24      
   158067    |      33.23       |      37.96      
   158068    |      31.84       |      34.10      
   158069    |      28.27       |      32.33      
   158070    |      27.73       |      29.46      
   158071    |      23.30       |      27.51      
   158072    |      22.89       |      25.75      
   158073    |      27.67       |      28.20      
   158074    |      27.40       |      29.20      
   158075    |      35.60       |      34.41      
   158076    |      34.61       |      36.43      
   158077    |      33.04       |      35.60      
   158078    |      33.08       |      35.69      
   158079    |      29.48       |      34.25      
   158080    |      27.40       |      28.82      
   158082    |      32.39       |      29.28      
   158084    |      30.00       |      30.24      
   158086    |      40.39       |      39.69      
   158088    |      59.25       |      54.25      
   158089    |      56.58       |      51.76      
   158090    |      62.15       |      55.85      
   158091    |      62.73       |      55.11      
   158092    |      66.47       |      58.37      
   158093    |      57.58       |      49.53      
   158094    |      56.45       |      48.57      
   158095    |      53.59       |      45.74      
   158096    |      47.41       |      40.86      
   158097    |      47.99       |      41.44      
   158098    |      44.43       |      38.94      
   158099    |      42.31       |      36.91      
   158100    |      41.72       |      36.53      
   158101    |      38.03       |      33.03      
   158102    |      42.39       |      36.05      
   158103    |      46.92       |      40.51      
   158104    |      51.51       |      44.27      
   158105    |      42.89       |      35.64      
   158106    |      53.95       |      45.42      
   158107    |      39.78       |      30.92      
   158108    |      45.35       |      36.18      
   158109    |      53.45       |      44.49      
   158110    |      38.61       |      31.08      
   158111    |      49.60       |      42.15      
   158112    |      37.36       |      32.96      
   158113    |      43.04       |      38.33      
   158114    |      46.68       |      40.92      
   158115    |      50.47       |      44.64      
   158116    |      58.59       |      51.39      
   158117    |      60.00       |      52.82      
   158118    |      58.65       |      51.65      
   158119    |      52.90       |      45.87      
   158120    |      52.71       |      45.72      
   158121    |      43.04       |      36.00      
   158122    |      41.81       |      34.98      
   158123    |      36.64       |      29.80      
   158124    |      42.12       |      34.45      
   158125    |      42.78       |      35.14      
   158126    |      58.78       |      50.01      
   158127    |      61.66       |      52.97      
   158128    |      51.24       |      43.15      
   158129    |      58.57       |      50.67      
   158130    |      41.92       |      36.31      
   158131    |      43.71       |      38.09      
   158132    |      39.70       |      35.06      
   158133    |      35.14       |      30.68      
   158134    |      31.48       |      28.46      
   158135    |      22.95       |      20.98      
   158136    |      25.52       |      21.98      
   158137    |      13.73       |      12.26      
   158138    |      17.95       |      13.24      
   158139    |      23.64       |      14.69      
   158140    |      23.46       |      14.53      
   158141    |      24.16       |      15.15      
   158142    |      28.77       |      19.75      
   158143    |      24.33       |      16.24      
   158144    |      30.98       |      22.56      
   158145    |      29.75       |      21.67      
   158146    |      24.04       |      16.46      
   158147    |      25.05       |      17.00      
   158148    |      21.41       |      13.76      
   158149    |      20.53       |      13.54      
   158150    |      27.19       |      19.32      
   158151    |      27.39       |      19.45      
   158152    |      32.42       |      24.19      
   158153    |      30.95       |      23.21      
   158249    |      32.93       |      40.18      
   158250    |      35.70       |      43.57      
   158251    |      39.39       |      44.73      
   158252    |      41.24       |      47.22      
   158253    |      41.11       |      47.17      
   158254    |      44.38       |      51.29      
   158255    |      45.52       |      51.68      
   158256    |      47.46       |      54.10      
   158257    |      48.58       |      54.43      
   158258    |      52.11       |      58.79      
   158259    |      51.20       |      58.80      
   158268    |      51.14       |      57.98      
   158269    |      51.34       |      57.87      
   158270    |      43.54       |      47.92      
   158271    |      40.34       |      48.06      
   158272    |      32.42       |      38.10      
   158273    |      33.79       |      44.24      
   158274    |      23.06       |      33.15      
   158275    |      29.15       |      39.90      
   158276    |      20.29       |      31.02      
   158277    |      21.23       |      31.94      
   158278    |      20.65       |      31.35      
   158279    |      15.20       |      24.77      
   158280    |      27.45       |      37.77      
   158281    |      25.28       |      33.69      
   158282    |      28.01       |      36.84      
   158283    |      27.94       |      36.28      
   158284    |      19.18       |      23.97      
   158285    |      16.59       |      26.17      
   158286    |      17.75       |      27.43      
   158287    |      17.29       |      26.05      
   158288    |      28.63       |      38.48      
   158289    |      29.10       |      35.21      
   158290    |      32.94       |      40.22      
   158291    |      32.86       |      42.29      
   158292    |      29.57       |      38.70      
   158293    |      31.46       |      41.66      
   158294    |      13.42       |      21.58      
   158295    |      13.40       |      21.60      
   158296    |      18.60       |      28.02      
   158297    |      18.51       |      27.49      
   158298    |      36.70       |      46.88      
   158299    |      35.52       |      45.44      
   158300    |      23.47       |      32.48      
   158301    |      23.63       |      32.96      
   158302    |      13.36       |      16.29      
   158303    |      12.64       |      16.12      
   158304    |      17.72       |      26.24      
   158305    |      18.47       |      25.65      
   158306    |      17.39       |      23.86      
   158307    |      16.95       |      23.88      
   158308    |      15.49       |      20.94      
   158309    |      16.38       |      21.11      
   158310    |      26.57       |      35.69      
   158311    |      27.43       |      34.51      
   158312    |      32.49       |      40.83      
   158313    |      33.39       |      40.44      
   158314    |      32.97       |      39.86      
   158316    |      31.22       |      37.77      
   158350    |      57.64       |      50.60      
   158351    |      53.82       |      46.87      
   158352    |      50.31       |      44.23      
   158353    |      45.35       |      39.48      
   158354    |      43.35       |      38.18      
   158355    |      39.75       |      34.81      
   158356    |      39.25       |      34.53      
   158357    |      43.99       |      38.99      
   158358    |      47.99       |      41.82      
   158359    |      42.27       |      36.27      
   158360    |      45.12       |      38.43      
   158361    |      36.62       |      30.06      
   158362    |      43.33       |      35.49      
   158363    |      39.00       |      31.11      
   158364    |      52.99       |      43.93      
   158365    |      59.65       |      50.74      
   158366    |      47.55       |      39.61      
   158367    |      56.31       |      48.48      
   158368    |      41.72       |      36.75      
   158369    |      45.98       |      40.85      
   158370    |      49.50       |      43.48      
   158371    |      54.16       |      48.08      
   158372    |      60.43       |      53.34      
   158373    |      63.42       |      56.35      
   158374    |      57.25       |      51.12      
   158375    |      48.88       |      42.86      
   158376    |      48.03       |      42.19      
   158377    |      41.70       |      36.00      
   158378    |      41.16       |      35.59      
   158379    |      50.78       |      45.02      
   158380    |      50.66       |      44.93      
   158381    |      57.56       |      51.74      
   158383    |      63.91       |      56.50      
   158384    |      62.12       |      54.92      
   158385    |      55.90       |      48.62      
   158386    |      44.47       |      39.03      
   158387    |      46.76       |      41.30      
   158388    |      39.97       |      36.46      
   158389    |      33.67       |      30.61      
   158390    |      29.97       |      29.05      
   158391    |      26.99       |      26.61      
   158392    |      26.27       |      26.55      
   158393    |      20.30       |      22.29      
   158394    |      20.70       |      22.03      
   158395    |      18.40       |      13.94      
   158396    |      21.34       |      15.75      
   158397    |      24.43       |      16.36      
   158398    |      28.75       |      20.44      
   158399    |      29.58       |      21.07      
   158400    |      33.50       |      24.90      
   158401    |      31.49       |      23.34      
   158402    |      26.96       |      19.13      
   158403    |      25.29       |      18.44      
   158404    |      22.50       |      16.22      
   158405    |      22.87       |      16.19      
   158406    |      24.96       |      17.93      
   158407    |      26.84       |      18.81      
   158408    |      32.04       |      23.74      
   158409    |      32.16       |      23.83      
   158504    |      45.96       |      51.68      
   158505    |      46.77       |      52.02      
   158506    |      45.43       |      50.20      
   158507    |      45.28       |      50.13      
   158508    |      47.09       |      52.52      
   158509    |      48.24       |      53.06      
   158510    |      50.81       |      56.42      
   158511    |      52.48       |      57.20      
   158512    |      54.44       |      59.72      
   158513    |      52.52       |      59.08      
   158524    |      48.56       |      55.42      
   158525    |      48.12       |      56.06      
   158526    |      43.83       |      51.10      
   158527    |      45.30       |      55.28      
   158528    |      39.60       |      49.29      
   158529    |      45.40       |      56.13      
   158530    |      31.36       |      41.99      
   158531    |      37.15       |      47.87      
   158532    |      21.14       |      31.85      
   158533    |      22.33       |      32.99      
   158534    |      10.32       |      20.92      
   158535    |       8.13       |      18.84      
   158536    |      13.99       |      24.68      
   158537    |      13.73       |      18.73      
   158538    |      23.39       |      32.56      
   158539    |      23.35       |      32.42      
   158540    |      20.78       |      29.43      
   158541    |      20.84       |      29.93      
   158542    |      18.08       |      26.67      
   158543    |      18.08       |      27.05      
   158544    |      15.40       |      23.75      
   158545    |      15.53       |      23.57      
   158546    |      29.71       |      39.59      
   158547    |      28.66       |      37.07      
   158548    |      38.16       |      47.57      
   158549    |      37.92       |      47.07      
   158550    |      24.36       |      30.70      
   158551    |      23.72       |      33.74      
   158552    |      16.63       |      26.01      
   158553    |      20.35       |      30.83      
   158554    |      28.95       |      39.41      
   158555    |      30.53       |      40.96      
   158556    |      15.85       |      26.27      
   158558    |       3.80       |       6.89      
   158560    |      11.65       |      20.42      
   158618    |      42.36       |      35.42      
   158620    |      62.95       |      54.67      
   158621    |      66.28       |      58.06      
   158622    |      58.38       |      50.99      
   158623    |      48.00       |      40.58      
   158624    |      41.47       |      35.36      
   158625    |      48.92       |      42.68      
   158626    |      51.22       |      44.54      
   158627    |      59.54       |      52.82      
   158628    |      62.85       |      55.66      
   158629    |      59.11       |      51.93      
   158630    |      50.36       |      44.65      
   158631    |      45.03       |      39.45      
   158632    |      43.73       |      38.50      
   158633    |      50.46       |      45.03      
   158634    |      51.37       |      45.74      
   158635    |      55.84       |      50.14      
   158636    |      57.01       |      51.10      
   158637    |      63.28       |      57.31      
   158638    |      66.38       |      59.93      
   158639    |      66.79       |      59.92      
   158640    |      61.70       |      55.54      
   158641    |      56.92       |      50.78      
   158642    |      50.18       |      45.38      
   158643    |      46.21       |      41.53      
   158644    |      39.19       |      37.01      
   158645    |      30.17       |      29.08      
   158646    |      29.01       |      28.84      
   158647    |      23.37       |      24.49      
   158648    |      22.83       |      24.85      
   158649    |      25.08       |      26.43      
   158650    |      27.05       |      26.55      
   158651    |      30.00       |      31.54      
   158652    |      33.12       |      32.37      
   158653    |      31.77       |      29.15      
   158654    |      30.89       |      28.65      
   158655    |      32.22       |      25.48      
   158656    |      29.76       |      23.40      
   158657    |      34.07       |      25.75      
   158658    |      27.73       |      19.74      
   158659    |      27.10       |      19.36      
   158660    |      26.02       |      18.41      
   158661    |      23.78       |      18.14      
   158662    |      27.74       |      21.25      
   158663    |      27.28       |      21.31      
   158664    |      31.99       |      25.22      
   158665    |      33.58       |      25.91      
   158761    |      53.84       |      59.47      
   158762    |      50.22       |      54.65      
   158763    |      48.55       |      53.77      
   158764    |      47.64       |      52.53      
   158765    |      47.35       |      52.39      
   158766    |      47.78       |      52.94      
   158767    |      45.25       |      51.90      
   158768    |      47.42       |      54.54      
   158769    |      46.29       |      54.55      
   158770    |      50.06       |      58.78      
   158771    |      49.98       |      59.28      
   158772    |      50.27       |      59.59      
   158773    |      50.39       |      59.97      
   158774    |      49.90       |      59.43      
   158776    |      44.72       |      54.25      
   158777    |      45.76       |      55.96      
   158778    |      36.74       |      46.46      
   158779    |      36.34       |      45.42      
   158780    |      38.13       |      47.38      
   158781    |      38.04       |      47.12      
   158782    |      47.49       |      57.24      
   158783    |      47.78       |      57.66      
   158786    |      50.06       |      59.60      
   158787    |      48.98       |      57.38      
   158788    |      44.06       |      51.75      
   158789    |      43.97       |      52.09      
   158790    |      33.44       |      38.77      
   158791    |      30.89       |      39.21      
   158792    |      22.10       |      26.24      
   158793    |      18.66       |      25.75      
   158794    |      24.90       |      33.70      
   158795    |      25.02       |      34.20      
   158796    |      22.43       |      31.22      
   158797    |      22.43       |      30.88      
   158798    |      21.60       |      29.86      
   158799    |      21.95       |      29.42      
   158800    |      20.89       |      27.95      
   158801    |      20.42       |      29.93      
   158802    |      21.45       |      31.04      
   158803    |      22.51       |      32.64      
   158804    |      28.45       |      38.74      
   158805    |      26.49       |      36.06      
   158806    |      26.80       |      36.38      
   158884    |      59.05       |      51.86      
   158886    |      43.33       |      37.38      
   158887    |      49.35       |      43.32      
   158888    |      48.39       |      42.56      
   158889    |      52.31       |      46.41      
   158890    |      53.58       |      47.45      
   158891    |      54.01       |      47.89      
   158892    |      58.64       |      51.81      
   158893    |      61.58       |      54.76      
   158894    |      63.20       |      56.18      
   158895    |      66.57       |      59.57      
   158896    |      58.72       |      52.90      
   158897    |      58.35       |      52.54      
   158898    |      50.25       |      46.27      
   158899    |      41.90       |      38.32      
   158900    |      35.58       |      35.09      
   158901    |      33.66       |      33.48      
   158902    |      31.88       |      33.42      
   158903    |      26.84       |      29.63      
   158904    |      27.75       |      29.19      
   158905    |      27.88       |      29.30      
   158906    |      29.75       |      29.51      
   158907    |      33.46       |      32.63      
   158908    |      32.62       |      32.31      
   158909    |      32.06       |      31.22      
   158910    |      30.71       |      30.71      
   158911    |      28.81       |      26.24      
   158912    |      28.89       |      26.29      
   158913    |      30.06       |      23.82      
   158914    |      27.20       |      21.53      
   158915    |      29.13       |      21.84      
   158916    |      30.44       |      23.04      
   158917    |      28.81       |      22.55      
   158918    |      31.73       |      25.04      
   158919    |      30.61       |      25.20      
   158920    |      34.06       |      28.03      
   158921    |      34.12       |      28.01      
   159015    |      44.07       |      50.96      
   159016    |      43.66       |      50.42      
   159017    |      44.21       |      50.61      
   159018    |      42.54       |      48.40      
   159019    |      42.75       |      48.50      
   159020    |      42.26       |      47.83      
   159021    |      40.00       |      46.99      
   159022    |      40.85       |      48.04      
   159023    |      39.46       |      48.07      
   159024    |      41.63       |      50.48      
   159025    |      41.51       |      50.86      
   159026    |      46.40       |      56.11      
   159027    |      46.61       |      56.56      
   159028    |      46.82       |      56.77      
   159029    |      47.62       |      57.99      
   159030    |      45.92       |      56.23      
   159031    |      46.12       |      56.49      
   159032    |      44.61       |      54.93      
   159033    |      43.75       |      53.61      
   159034    |      35.51       |      44.72      
   159035    |      35.50       |      44.43      
   159036    |      37.65       |      46.79      
   159037    |      37.62       |      46.70      
   159038    |      48.39       |      58.21      
   159039    |      47.71       |      57.07      
   159041    |      51.28       |      59.30      
   159042    |      51.72       |      59.79      
   159043    |      51.73       |      59.37      
   159044    |      50.14       |      57.51      
   159045    |      50.04       |      57.85      
   159046    |      43.98       |      50.61      
   159047    |      43.29       |      50.97      
   159048    |      34.53       |      39.58      
   159049    |      31.41       |      40.02      
   159050    |      29.95       |      38.31      
   159051    |      30.16       |      38.00      
   159052    |      28.56       |      36.01      
   159054    |      23.18       |      30.46      
   159150    |      64.90       |      57.62      
   159151    |      62.28       |      54.99      
   159152    |      55.26       |      48.90      
   159153    |      55.90       |      49.54      
   159154    |      43.11       |      39.75      
   159155    |      46.08       |      42.55      
   159156    |      38.30       |      38.50      
   159157    |      42.24       |      41.88      
   159158    |      38.64       |      41.44      
   159159    |      41.90       |      44.05      
   159160    |      42.21       |      44.01      
   159161    |      35.62       |      38.85      
   159162    |      39.56       |      39.26      
   159165    |      31.46       |      31.06      
   159175    |      35.43       |      29.88      
   159177    |      37.29       |      32.09      
   159270    |      34.20       |      42.45      
   159271    |      34.06       |      42.46      
   159272    |      32.54       |      40.61      
   159273    |      32.58       |      40.61      
   159274    |      30.51       |      37.97      
   159275    |      29.85       |      37.93      
   159276    |      31.02       |      39.36      
   159277    |      30.49       |      39.97      
   159278    |      32.58       |      42.25      
   159279    |      32.55       |      42.02      
   159280    |      37.56       |      47.40      
   159281    |      37.51       |      47.25      
   159282    |      44.87       |      55.01      
   159283    |      44.81       |      54.91      
   159284    |      48.95       |      59.21      
   159285    |      48.65       |      58.76      
   159286    |      49.04       |      59.16      
   159287    |      48.63       |      58.39      
   159288    |      46.22       |      55.82      
   159289    |      46.09       |      55.18      
   159290    |      40.03       |      48.38      
   159291    |      39.79       |      49.19      
   159292    |      37.23       |      46.37      
   159293    |      37.76       |      47.69      
   159294    |      41.39       |      51.48      
   159295    |      40.27       |      49.51      
   159296    |      40.87       |      50.15      
   159297    |      40.54       |      49.23      
   159298    |      41.74       |      50.55      
   159299    |      42.74       |      52.52      
   159300    |      37.42       |      46.81      
   159526    |      33.11       |      41.68      
   159527    |      32.80       |      41.91      
   159528    |      29.71       |      38.24      
   159529    |      29.23       |      38.71      
   159530    |      25.69       |      34.59      
   159531    |      25.48       |      35.24      
   159532    |      27.87       |      37.85      
   159533    |      28.28       |      38.63      
   159534    |      27.60       |      37.91      
   159535    |      27.24       |      37.12      
   159536    |      34.01       |      44.19      
   159537    |      33.70       |      43.48      
   159538    |      42.77       |      53.06      
   159539    |      42.07       |      51.55      
   159540    |      49.86       |      59.87      
   159541    |      49.51       |      58.96      
   159544    |      44.24       |      53.55      
   159545    |      45.32       |      55.68      
   159546    |      36.04       |      45.91      
   159547    |      36.12       |      46.08      
   159548    |      37.15       |      47.16      
   159550    |      39.45       |      48.80      
   159781    |      26.52       |      34.50      
   159782    |      32.28       |      41.49      
   159783    |      32.57       |      42.77      
   159784    |      27.77       |      37.54      
   159785    |      27.97       |      38.11      
   159786    |      25.12       |      34.96      
   159787    |      25.14       |      35.06      
   159788    |      28.93       |      39.18      
   159789    |      29.09       |      39.46      
   159790    |      30.25       |      40.67      
   159791    |      24.04       |      34.63      
   159792    |      25.01       |      35.64      
   159793    |      24.06       |      33.71      
   159794    |      32.94       |      43.37      
   159795    |      32.69       |      41.23      
   159796    |      44.38       |      54.32      
   159797    |      44.19       |      53.74      
   159798    |      49.76       |      59.72      
   159800    |      46.64       |      56.89      
   160037    |      28.94       |      37.34      
   160038    |      36.53       |      46.14      
   160039    |      36.60       |      46.45      
   160040    |      32.48       |      41.87      
   160041    |      32.48       |      42.14      
   160042    |      29.19       |      38.35      
   160043    |      29.35       |      38.18      
   160044    |      33.96       |      43.53      
   160045    |      34.10       |      44.11      
   160046    |      39.18       |      49.55      
   160047    |      29.40       |      39.95      
   160048    |      22.54       |      32.46      
   160049    |      22.68       |      32.91      
   160050    |      21.66       |      31.75      
   160052    |      35.02       |      45.51      
   160293    |      32.18       |      40.92      
   160294    |      38.39       |      48.00      
   160295    |      38.62       |      47.37      
   160296    |      38.65       |      47.39      
   160297    |      38.79       |      47.32      
   160298    |      35.78       |      43.60      
   160299    |      35.15       |      43.64      
   160300    |      39.47       |      48.73      
   160548    |      35.27       |      43.55      
