=== Visibility Analysis Summary ===
Total patches: 49152
Geometric visible: 2745 (5.6%)
Light illuminated: 2744 (100.0% of geometric)
Reflection conditions met: 2745 (100.0% of geometric)
Light unoccluded: 2744 (100.0% of geometric)
Final visible: 2744 (5.6% of total)
Visible area: 451.81 (5.7% of total area)

=== Detailed Visibility Information ===
Patch Index  | Incidence Angle  |  Viewing Angle  
-------------+------------------+-----------------
     29      |      56.20       |      33.79      
     30      |      56.81       |      37.89      
     31      |      53.98       |      39.15      
     32      |      57.58       |      44.45      
     33      |      57.39       |      49.70      
     34      |      54.98       |      46.23      
     35      |      58.13       |      35.70      
     36      |      43.99       |      34.36      
     37      |      44.86       |      31.34      
     38      |      47.13       |      27.99      
     39      |      45.38       |      22.70      
     40      |      42.81       |      27.67      
     41      |      39.96       |      23.17      
     42      |      60.95       |       9.13      
     43      |      61.91       |       9.11      
     44      |      57.39       |      19.67      
     45      |      50.10       |      26.10      
     46      |      46.64       |      19.64      
     47      |      50.23       |      11.99      
     48      |      46.99       |      13.45      
     49      |      40.01       |      22.03      
     50      |      41.81       |      18.56      
     51      |      46.91       |      29.14      
     52      |      67.50       |      20.09      
     53      |      38.67       |      24.59      
     54      |      63.82       |      17.53      
     55      |      63.58       |      15.80      
     56      |      52.29       |      12.53      
     65      |      57.23       |      29.06      
     66      |      56.87       |      38.20      
     67      |      54.04       |      33.73      
     68      |      53.78       |      37.27      
     69      |      58.42       |      35.32      
     70      |      54.56       |      40.57      
     71      |      54.81       |      48.21      
     72      |      55.85       |      25.00      
     73      |      42.71       |      34.58      
     74      |      49.57       |      13.92      
     75      |      50.81       |       9.75      
     76      |      54.39       |      14.62      
     77      |      48.75       |      13.77      
     78      |      50.49       |       9.95      
     79      |      53.20       |       8.02      
     80      |      46.54       |      17.10      
     81      |      49.06       |      12.95      
     82      |      48.98       |      13.00      
     83      |      48.13       |      14.24      
     84      |      41.23       |      19.24      
     85      |      39.62       |      30.87      
     86      |      36.98       |      26.68      
     87      |      53.85       |       6.92      
     88      |      54.09       |      27.21      
     89      |      60.62       |      25.71      
     90      |      56.43       |      15.50      
     91      |      37.98       |      23.26      
     92      |      63.05       |      22.76      
     93      |      57.69       |      13.50      
     94      |      62.73       |      24.79      
     95      |      61.27       |      21.70      
     96      |      58.52       |      21.75      
    113      |      74.84       |      31.24      
    114      |      59.61       |      40.43      
    115      |      58.01       |      48.93      
    116      |      56.67       |      45.79      
    117      |      45.60       |      24.52      
    118      |      44.47       |      31.31      
    119      |      50.24       |      20.03      
    120      |      47.43       |      24.45      
    121      |      50.24       |      29.93      
    122      |      50.68       |       9.86      
    123      |      51.87       |      11.17      
    124      |      49.08       |      12.41      
    125      |      50.56       |      15.42      
    126      |      39.41       |      23.56      
    127      |      46.70       |      15.26      
    128      |      48.39       |      12.11      
    129      |      45.67       |      16.15      
    130      |      45.39       |      16.19      
    131      |      53.13       |      12.70      
    132      |      48.87       |      11.87      
    133      |      45.09       |      15.88      
    134      |      49.83       |      11.08      
    135      |      47.76       |      20.36      
    136      |      23.69       |      39.57      
    137      |      40.14       |      42.62      
    138      |      48.77       |      21.54      
    139      |      50.21       |      22.64      
    140      |      60.45       |      26.03      
    141      |      61.79       |      19.91      
    142      |      41.05       |      24.66      
    143      |      41.65       |      22.40      
    144      |      44.87       |      23.13      
    145      |      54.85       |      23.95      
    164      |      50.03       |      30.65      
    165      |      57.69       |      36.42      
    166      |      60.88       |      33.22      
    167      |      75.53       |      52.53      
    168      |      76.80       |      51.41      
    169      |      52.16       |      32.90      
    170      |      51.24       |      43.88      
    171      |      51.15       |      43.76      
    172      |      51.23       |      51.73      
    173      |      45.39       |      44.01      
    174      |      39.31       |      35.74      
    175      |      43.31       |      27.15      
    176      |      44.40       |      30.98      
    177      |      52.22       |      25.33      
    178      |      51.71       |      26.91      
    179      |      49.48       |      20.53      
    180      |      43.73       |      25.80      
    181      |      43.58       |      17.34      
    182      |      37.88       |      25.05      
    183      |      53.32       |       7.25      
    184      |      52.00       |      19.69      
    185      |      47.16       |      15.17      
    186      |      46.36       |      15.41      
    187      |      48.27       |      12.63      
    188      |      51.75       |       8.79      
    189      |      40.56       |      21.88      
    190      |      57.26       |      19.85      
    191      |      33.95       |      27.20      
    192      |      57.28       |      22.91      
    193      |      64.48       |      23.14      
    194      |      44.21       |      25.55      
    195      |      43.40       |      22.99      
    216      |      50.19       |      30.43      
    217      |      62.07       |      46.18      
    218      |      64.60       |      37.01      
    219      |      66.80       |      39.85      
    220      |      68.24       |      44.67      
    221      |      61.17       |      53.13      
    222      |      47.23       |      39.69      
    223      |      55.24       |      22.14      
    224      |      57.97       |      21.14      
    225      |      50.88       |      33.34      
    226      |      42.92       |      33.41      
    227      |      48.43       |      47.26      
    228      |      47.99       |      48.74      
    229      |      48.73       |      40.93      
    230      |      50.23       |      31.21      
    231      |      46.88       |      26.64      
    232      |      47.80       |      24.34      
    233      |      48.67       |      30.68      
    234      |      49.21       |      27.16      
    235      |      42.30       |      18.56      
    236      |      41.80       |      24.55      
    237      |      51.70       |      13.94      
    238      |      54.24       |       9.18      
    239      |      53.44       |       7.88      
    240      |      51.91       |       9.71      
    241      |      47.69       |      13.17      
    242      |      45.80       |      14.65      
    243      |      29.26       |      31.52      
    244      |      34.40       |      30.67      
    245      |      35.42       |      27.95      
    246      |      33.66       |      32.23      
    247      |      60.43       |      24.95      
    248      |      57.58       |      19.52      
    249      |      54.20       |      15.79      
    250      |      57.79       |      18.33      
    267      |      67.88       |      34.49      
    268      |      64.26       |      44.39      
    269      |      50.24       |      30.40      
    270      |      42.16       |      46.96      
    271      |      40.99       |      45.76      
    272      |      45.31       |      19.17      
    273      |      40.34       |      35.41      
    274      |      56.12       |      49.11      
    275      |      55.64       |      44.65      
    276      |      47.50       |      43.69      
    277      |      50.17       |      29.12      
    278      |      42.35       |      21.76      
    279      |      42.07       |      22.58      
    280      |      38.70       |      27.47      
    281      |      36.50       |      25.42      
    282      |      36.33       |      25.61      
    283      |      38.09       |      23.04      
    284      |      43.22       |      18.60      
    285      |      42.50       |      20.55      
    286      |      50.07       |      14.43      
    287      |      50.27       |      12.07      
    288      |      45.97       |      18.17      
    289      |      43.30       |      17.42      
    290      |      45.09       |      18.68      
    291      |      35.55       |      28.12      
    292      |      31.28       |      31.69      
    293      |      34.49       |      35.62      
    294      |      42.44       |      36.49      
    295      |      34.49       |      31.16      
    296      |      55.46       |      25.96      
    297      |      52.89       |      20.13      
    298      |      64.97       |      21.75      
    299      |      53.73       |      11.60      
    300      |      47.02       |      18.22      
    301      |      50.30       |      18.35      
    315      |      60.10       |      38.69      
    316      |      43.15       |      23.74      
    317      |      40.97       |      34.96      
    318      |      44.32       |      44.97      
    319      |      34.50       |      37.16      
    320      |      35.76       |      27.95      
    321      |      46.25       |      40.75      
    322      |      47.57       |      49.03      
    323      |      49.75       |      42.39      
    324      |      45.99       |      27.11      
    325      |      42.60       |      23.05      
    326      |      42.95       |      22.00      
    327      |      41.26       |      21.04      
    328      |      37.82       |      23.30      
    329      |      46.67       |      18.50      
    330      |      48.35       |      17.70      
    331      |      47.82       |      16.03      
    332      |      54.60       |       6.58      
    333      |      55.01       |       6.02      
    334      |      53.84       |       7.25      
    335      |      37.76       |      22.82      
    336      |      38.77       |      22.36      
    337      |      37.49       |      28.51      
    338      |      31.47       |      32.87      
    339      |      34.69       |      30.52      
    340      |      34.69       |      30.63      
    341      |      32.55       |      29.99      
    342      |      53.91       |      18.02      
    343      |      62.64       |      23.30      
    344      |      54.58       |      13.61      
    345      |      49.67       |      31.46      
    346      |      60.29       |      35.66      
    347      |      68.18       |      43.92      
    374      |      45.81       |      39.04      
    375      |      40.25       |      37.69      
    376      |      43.56       |      24.31      
    377      |      45.71       |      26.69      
    378      |      46.48       |      35.38      
    379      |      55.21       |      41.41      
    380      |      56.20       |      43.87      
    381      |      54.10       |      50.30      
    382      |      50.66       |      44.63      
    383      |      56.08       |      34.65      
    384      |      55.68       |      42.22      
    385      |      41.79       |      26.48      
    386      |      41.43       |      33.88      
    387      |      42.96       |      32.05      
    388      |      39.99       |      23.07      
    389      |      39.30       |      23.93      
    390      |      38.28       |      27.65      
    391      |      42.09       |      18.70      
    392      |      38.18       |      24.78      
    393      |      39.86       |      20.93      
    394      |      42.26       |      24.26      
    395      |      51.26       |       9.59      
    396      |      47.59       |      13.27      
    397      |      46.98       |      13.77      
    398      |      46.62       |      14.07      
    399      |      35.45       |      27.66      
    400      |      39.12       |      26.62      
    401      |      39.15       |      27.47      
    402      |      34.32       |      28.99      
    403      |      45.88       |      31.40      
    404      |      34.41       |      30.33      
    405      |      35.14       |      38.67      
    406      |      45.11       |      33.74      
    407      |      39.69       |      29.40      
    408      |      58.51       |       9.24      
    429      |      43.34       |      36.33      
    430      |      38.16       |      34.41      
    431      |      40.72       |      37.26      
    432      |      61.39       |      34.08      
    433      |      55.63       |      41.59      
    434      |      42.24       |      31.15      
    435      |      42.45       |      25.91      
    436      |      36.38       |      35.72      
    437      |      34.77       |      27.51      
    438      |      27.73       |      33.01      
    439      |      27.51       |      33.21      
    440      |      28.62       |      34.19      
    441      |      22.64       |      38.54      
    442      |      27.80       |      35.91      
    443      |      36.23       |      25.15      
    444      |      36.21       |      25.85      
    445      |      49.41       |      11.60      
    446      |      43.69       |      20.30      
    447      |      45.60       |      20.55      
    448      |      38.05       |      24.81      
    449      |      39.10       |      23.18      
    450      |      48.35       |      17.37      
    451      |      46.10       |      21.97      
    452      |      35.83       |      26.08      
    453      |      35.48       |      25.85      
    454      |      41.50       |      21.19      
    455      |      44.19       |      22.04      
    456      |      43.95       |      23.82      
    457      |      53.42       |      25.20      
    458      |      50.95       |      18.02      
    459      |      42.94       |      33.57      
    460      |      42.93       |      30.86      
    461      |      39.73       |      29.40      
    462      |      46.78       |      14.01      
    463      |      70.03       |      27.75      
    479      |      31.05       |      50.85      
    480      |      30.01       |      39.90      
    481      |      31.40       |      38.01      
    482      |      41.06       |      45.12      
    483      |      41.56       |      39.52      
    484      |      36.78       |      37.87      
    485      |      38.35       |      42.39      
    486      |      55.05       |      43.19      
    487      |      55.10       |      43.34      
    488      |      39.61       |      36.09      
    489      |      34.94       |      27.66      
    490      |      34.65       |      38.10      
    491      |      32.33       |      31.72      
    492      |      30.49       |      30.80      
    493      |      24.11       |      36.66      
    494      |      22.27       |      39.07      
    495      |      35.09       |      25.68      
    496      |      34.65       |      26.37      
    497      |      31.78       |      28.95      
    498      |      16.74       |      43.98      
    499      |      18.20       |      42.92      
    500      |      15.29       |      46.78      
    501      |      37.15       |      25.03      
    502      |      45.48       |      16.01      
    503      |      50.82       |      16.95      
    504      |      51.49       |      14.31      
    505      |      39.66       |      21.34      
    506      |      40.53       |      27.83      
    507      |      47.75       |      27.60      
    508      |      40.87       |      25.27      
    509      |      36.06       |      28.99      
    510      |      43.07       |      31.01      
    511      |      37.48       |      35.10      
    512      |      41.84       |      22.77      
    513      |      38.18       |      22.20      
    514      |      50.31       |      14.36      
    515      |      48.50       |      14.86      
    516      |      63.79       |      43.86      
    517      |      66.37       |      46.07      
    534      |      30.99       |      50.98      
    535      |      46.02       |      33.62      
    536      |      49.56       |      39.21      
    537      |      47.46       |      42.69      
    538      |      48.07       |      43.56      
    539      |      49.32       |      42.27      
    540      |      52.39       |      36.70      
    541      |      42.18       |      37.31      
    542      |      40.24       |      32.81      
    543      |      35.68       |      38.63      
    544      |      33.49       |      29.04      
    545      |      25.11       |      39.51      
    546      |      25.68       |      36.67      
    547      |      25.11       |      45.58      
    548      |      23.20       |      42.89      
    549      |      39.13       |      23.50      
    550      |      44.85       |      20.29      
    551      |      41.09       |      19.58      
    552      |      45.11       |      15.77      
    553      |      44.54       |      17.71      
    554      |      41.08       |      20.12      
    555      |      43.08       |      25.30      
    556      |      38.20       |      33.62      
    557      |      38.65       |      33.85      
    558      |      37.96       |      32.24      
    559      |      44.34       |      37.02      
    560      |      60.50       |      44.46      
    584      |      44.70       |      45.97      
    585      |      45.32       |      34.65      
    586      |      47.09       |      32.40      
    587      |      48.83       |      56.97      
    588      |      52.03       |      45.79      
    589      |      44.75       |      35.98      
    590      |      53.70       |      40.24      
    591      |      59.04       |      48.97      
    592      |      57.64       |      40.63      
    593      |      56.31       |      41.91      
    594      |      52.58       |      37.97      
    595      |      53.05       |      37.45      
    596      |      53.54       |      44.82      
    597      |      39.37       |      36.97      
    598      |      39.47       |      39.08      
    599      |      28.98       |      34.53      
    600      |      23.41       |      44.89      
    601      |      24.63       |      42.20      
    602      |      23.79       |      38.69      
    603      |      23.63       |      38.88      
    604      |      23.65       |      38.82      
    605      |      35.51       |      25.59      
    606      |      22.60       |      38.27      
    607      |      24.28       |      37.40      
    608      |      30.97       |      32.75      
    609      |      32.20       |      33.05      
    610      |      23.20       |      37.81      
    611      |      23.24       |      37.76      
    612      |      22.13       |      39.20      
    613      |      25.02       |      37.22      
    614      |      29.66       |      37.35      
    615      |      17.49       |      43.91      
    616      |      23.18       |      37.85      
    617      |      27.83       |      33.30      
    618      |      38.09       |      22.69      
    619      |      45.03       |      18.41      
    620      |      48.86       |      17.65      
    621      |      49.05       |      13.34      
    622      |      37.28       |      25.96      
    623      |      38.90       |      28.93      
    624      |      43.50       |      30.21      
    625      |      39.85       |      22.78      
    626      |      44.14       |      21.11      
    627      |      44.13       |      21.58      
    628      |      47.86       |      23.42      
    629      |      49.53       |      30.88      
    630      |      45.24       |      29.01      
    631      |      35.65       |      26.91      
    632      |      37.18       |      28.78      
    633      |      25.28       |      35.91      
    634      |      25.25       |      38.03      
    635      |      34.93       |      31.64      
    636      |      44.30       |      37.04      
    637      |      51.52       |      41.62      
    638      |      66.81       |      47.14      
    654      |      45.50       |      38.73      
    655      |      46.52       |      42.80      
    656      |      37.47       |      45.45      
    657      |      43.19       |      36.44      
    658      |      50.33       |      48.83      
    659      |      46.99       |      38.22      
    660      |      38.41       |      34.56      
    661      |      38.99       |      27.67      
    662      |      29.51       |      42.00      
    663      |      24.84       |      38.48      
    664      |      16.91       |      45.10      
    665      |      18.53       |      42.38      
    666      |      17.00       |      44.00      
    667      |      23.26       |      37.61      
    668      |      24.06       |      43.67      
    669      |      38.10       |      23.35      
    670      |      23.61       |      37.66      
    671      |      17.29       |      45.47      
    672      |      31.35       |      36.62      
    673      |      30.51       |      32.40      
    674      |      32.34       |      31.58      
    675      |      35.83       |      25.31      
    676      |      39.14       |      24.06      
    677      |      40.04       |      23.47      
    678      |      38.88       |      22.64      
    679      |      45.82       |      17.30      
    680      |      43.84       |      22.90      
    681      |      42.21       |      22.23      
    682      |      38.06       |      36.41      
    683      |      38.06       |      36.63      
    684      |      30.08       |      34.95      
    685      |      37.94       |      32.26      
    686      |      33.89       |      32.07      
    687      |      61.45       |      46.16      
    688      |      68.36       |      45.76      
    710      |      42.50       |      55.05      
    712      |      40.14       |      40.47      
    713      |      41.35       |      42.90      
    715      |      34.37       |      36.92      
    716      |      31.70       |      30.95      
    717      |      28.21       |      35.27      
    718      |      27.31       |      36.89      
    719      |      29.41       |      37.53      
    720      |      32.96       |      28.33      
    721      |      25.67       |      41.18      
    722      |      25.76       |      38.68      
    723      |      18.69       |      48.03      
    724      |      18.22       |      42.80      
    725      |      20.90       |      41.46      
    726      |      20.64       |      42.09      
    727      |      33.81       |      27.19      
    728      |      31.88       |      30.08      
    729      |      22.88       |      41.64      
    730      |      19.08       |      45.34      
    731      |      18.95       |      47.90      
    732      |      28.37       |      47.91      
    733      |      36.44       |      27.79      
    734      |      31.22       |      29.74      
    735      |      31.32       |      32.63      
    736      |      33.52       |      30.27      
    737      |      44.06       |      34.51      
    738      |      33.11       |      29.37      
    739      |      34.28       |      29.81      
    740      |      47.34       |      37.63      
    741      |      37.58       |      42.78      
    742      |      33.84       |      44.79      
    743      |      28.57       |      42.51      
    744      |      19.00       |      48.02      
    745      |      28.36       |      51.71      
    746      |      57.94       |      36.61      
    772      |      34.54       |      28.23      
    773      |      42.50       |      19.02      
    774      |      26.08       |      38.58      
    775      |      28.61       |      34.48      
    776      |      27.89       |      44.36      
    777      |      27.34       |      34.65      
    778      |      29.40       |      32.00      
    779      |      27.69       |      37.62      
    780      |      24.23       |      39.73      
    781      |      25.53       |      48.83      
    782      |      27.14       |      35.03      
    783      |      23.31       |      37.52      
    784      |      31.38       |      36.65      
    785      |      35.12       |      35.56      
    786      |      35.02       |      40.09      
    787      |      42.30       |      37.19      
    788      |      39.02       |      30.02      
    789      |      42.08       |      30.12      
    790      |      41.37       |      25.77      
    791      |      37.33       |      25.40      
    792      |      32.55       |      41.00      
    793      |      39.91       |      40.92      
    794      |      45.36       |      32.56      
    795      |      43.32       |      31.40      
    796      |      26.58       |      43.41      
    797      |      57.93       |      36.63      
    798      |      67.32       |      38.02      
    799      |      65.59       |      32.72      
    800      |      76.47       |      39.60      
    823      |      30.82       |      36.86      
    824      |      31.18       |      32.31      
    825      |      39.43       |      23.41      
    826      |      38.57       |      29.10      
    827      |      33.87       |      32.35      
    828      |      33.53       |      31.12      
    829      |      23.71       |      37.60      
    830      |      26.09       |      34.82      
    831      |      23.57       |      39.93      
    832      |      22.20       |      47.03      
    833      |      22.36       |      47.02      
    834      |      17.63       |      43.25      
    835      |      19.69       |      41.19      
    836      |      31.06       |      39.07      
    837      |      47.96       |      17.64      
    838      |      50.47       |      12.02      
    839      |      54.14       |       9.11      
    840      |      46.71       |      13.90      
    841      |      43.09       |      24.90      
    842      |      49.12       |      27.35      
    843      |      37.18       |      34.47      
    844      |      44.12       |      33.50      
    845      |      41.50       |      30.82      
    846      |      38.66       |      29.42      
    847      |      53.65       |      38.85      
    871      |      40.38       |      23.01      
    872      |      33.09       |      33.00      
    873      |      22.41       |      38.78      
    874      |      38.05       |      25.46      
    875      |      39.49       |      23.07      
    876      |      36.38       |      24.53      
    877      |      32.24       |      28.73      
    878      |      28.42       |      40.34      
    879      |      28.54       |      43.29      
    880      |      22.60       |      41.05      
    881      |      28.52       |      38.35      
    882      |      28.83       |      38.88      
    883      |      32.77       |      37.02      
    884      |      41.04       |      26.70      
    885      |      43.48       |      17.21      
    886      |      56.85       |       4.63      
    887      |      54.70       |      11.10      
    888      |      51.80       |      10.28      
    889      |      49.54       |      26.85      
    890      |      50.12       |      29.69      
    891      |      38.37       |      33.48      
    892      |      45.27       |      24.21      
    893      |      48.58       |      26.30      
    894      |      49.74       |      21.52      
    895      |      39.79       |      23.72      
    896      |      42.22       |      23.23      
    897      |      39.10       |      25.28      
    898      |      41.40       |      37.94      
    927      |      39.21       |      29.13      
    928      |      37.86       |      24.51      
    929      |      28.54       |      32.90      
    930      |      28.78       |      32.52      
    931      |      31.43       |      29.64      
    932      |      31.37       |      29.58      
    933      |      45.32       |      16.92      
    934      |      36.19       |      29.58      
    935      |      24.31       |      39.69      
    936      |      22.45       |      41.42      
    937      |      28.23       |      42.19      
    938      |      27.07       |      40.00      
    939      |      26.95       |      40.59      
    940      |      33.32       |      28.28      
    941      |      44.68       |      16.20      
    942      |      44.88       |      15.91      
    943      |      53.93       |      26.11      
    944      |      38.48       |      26.51      
    945      |      45.62       |      17.32      
    946      |      38.97       |      31.16      
    947      |      46.42       |      31.57      
    948      |      53.55       |      27.39      
    949      |      60.83       |      34.94      
    994      |      51.37       |      16.52      
    995      |      51.03       |      10.29      
    996      |      54.22       |       7.22      
    997      |      40.82       |      20.78      
    998      |      45.78       |      15.25      
    999      |      50.24       |      11.11      
    1000     |      51.01       |      11.38      
    1001     |      49.80       |      11.75      
    1002     |      46.67       |      18.03      
    1003     |      39.73       |      26.81      
    1004     |      35.39       |      28.11      
    1005     |      27.38       |      38.88      
    1006     |      27.42       |      33.51      
    1007     |      28.10       |      32.78      
    1008     |      24.80       |      44.12      
    1009     |      30.20       |      32.04      
    1010     |      31.27       |      29.92      
    1011     |      51.47       |      32.61      
    1012     |      42.40       |      22.68      
    1013     |      45.65       |      22.36      
    1014     |      55.14       |      27.47      
    1015     |      62.49       |      27.55      
    1050     |      69.59       |      16.65      
    1051     |      58.62       |       7.88      
    1052     |      51.26       |      15.49      
    1053     |      45.14       |      15.82      
    1054     |      40.76       |      23.99      
    1055     |      36.09       |      25.21      
    1056     |      32.30       |      34.71      
    1057     |      26.69       |      36.07      
    1058     |      21.61       |      39.52      
    1059     |      27.87       |      32.90      
    1060     |      31.26       |      31.21      
    1061     |      31.39       |      30.59      
    1062     |      34.72       |      29.99      
    1063     |      38.53       |      27.63      
    1064     |      47.93       |      34.42      
    1065     |      52.47       |      26.01      
    1066     |      42.47       |      24.12      
    1067     |      40.75       |      24.50      
    1068     |      38.96       |      22.79      
    1069     |      51.13       |      19.68      
    1070     |      42.73       |      32.37      
    1071     |      38.47       |      31.50      
    1072     |      54.81       |      25.19      
    1073     |      56.93       |      17.73      
    1074     |      62.76       |      22.13      
    1113     |      47.98       |      23.92      
    1114     |      50.81       |      20.35      
    1115     |      54.70       |      11.70      
    1116     |      51.04       |      21.04      
    1117     |      47.98       |      13.12      
    1118     |      35.93       |      25.45      
    1119     |      35.10       |      28.18      
    1120     |      36.00       |      27.48      
    1121     |      41.13       |      27.29      
    1122     |      32.63       |      34.32      
    1123     |      29.90       |      34.64      
    1124     |      30.07       |      34.19      
    1125     |      28.02       |      34.93      
    1126     |      21.22       |      39.58      
    1127     |      44.97       |      34.36      
    1128     |      46.62       |      25.38      
    1129     |      48.30       |      26.30      
    1130     |      47.69       |      22.53      
    1131     |      49.21       |      11.99      
    1132     |      60.95       |      24.20      
    1133     |      47.62       |      25.97      
    1134     |      47.58       |      26.70      
    1135     |      38.36       |      32.13      
    1136     |      36.43       |      31.23      
    1137     |      35.59       |      40.35      
    1138     |      30.43       |      35.21      
    1139     |      28.46       |      35.38      
    1140     |      46.88       |      28.04      
    1183     |      49.13       |      12.10      
    1184     |      52.07       |      10.88      
    1185     |      51.98       |      17.26      
    1186     |      49.93       |      14.84      
    1187     |      38.01       |      23.79      
    1188     |      35.66       |      27.99      
    1189     |      33.77       |      27.64      
    1190     |      31.40       |      33.66      
    1191     |      17.09       |      43.80      
    1192     |      17.10       |      43.79      
    1193     |      21.82       |      40.36      
    1194     |      32.86       |      40.73      
    1195     |      36.62       |      39.57      
    1196     |      44.16       |      25.75      
    1197     |      52.54       |      13.59      
    1198     |      47.69       |      13.21      
    1199     |      60.79       |      23.34      
    1200     |      62.11       |      24.37      
    1201     |      60.82       |      14.74      
    1202     |      57.44       |      14.75      
    1203     |      58.35       |      25.75      
    1204     |      62.96       |      18.58      
    1244     |      43.41       |      19.30      
    1245     |      44.32       |      19.56      
    1246     |      52.37       |       8.99      
    1247     |      51.06       |      11.02      
    1248     |      51.16       |      10.34      
    1249     |      49.63       |      11.27      
    1250     |      37.28       |      26.77      
    1251     |      20.47       |      44.39      
    1252     |      30.29       |      43.45      
    1253     |      35.20       |      36.52      
    1254     |      49.32       |      21.68      
    1255     |      41.89       |      20.64      
    1256     |      47.39       |      22.40      
    1257     |      40.12       |      21.39      
    1258     |      41.71       |      24.62      
    1259     |      49.29       |      28.77      
    1260     |      48.72       |      19.73      
    1261     |      54.87       |      19.06      
    1262     |      59.69       |      23.21      
    1263     |      59.72       |      23.35      
    1264     |      49.79       |      18.31      
    1265     |      56.32       |      19.35      
    1305     |      49.77       |      11.15      
    1306     |      55.95       |      18.81      
    1307     |      37.16       |      28.82      
    1308     |      35.86       |      29.06      
    1309     |      17.41       |      43.49      
    1310     |      20.39       |      44.47      
    1311     |      34.84       |      36.31      
    1312     |      36.82       |      25.90      
    1313     |      40.76       |      26.21      
    1314     |      41.42       |      28.65      
    1315     |      54.69       |      24.52      
    1316     |      52.67       |      23.42      
    1317     |      64.20       |      12.75      
    1318     |      42.58       |      17.95      
    1319     |      40.73       |      24.99      
    1320     |      40.66       |      24.97      
    1321     |      59.13       |      27.62      
    1322     |      53.38       |      23.87      
    1377     |      50.41       |      19.90      
    1378     |      49.27       |      14.29      
    1379     |      43.72       |      18.17      
    1380     |      42.62       |      18.70      
    1381     |      40.80       |      23.29      
    1382     |      54.13       |      22.44      
    1383     |      53.61       |      19.44      
    1384     |      30.03       |      36.12      
    1385     |      40.15       |      32.74      
    1386     |      38.78       |      26.65      
    1387     |      39.41       |      26.95      
    1388     |      63.62       |      22.67      
    1389     |      55.40       |      20.50      
    1390     |      55.29       |      21.25      
    1391     |      38.43       |      31.46      
    1430     |      43.20       |      19.35      
    1431     |      43.55       |      20.13      
    1432     |      31.95       |      29.33      
    1433     |      30.71       |      36.29      
    1434     |      30.18       |      35.86      
    1435     |      36.79       |      25.97      
    1436     |      37.60       |      30.30      
    1437     |      36.73       |      30.55      
    1438     |      50.73       |      20.18      
    1439     |      55.44       |      10.18      
    1440     |      55.85       |      13.25      
    1441     |      53.23       |      30.56      
    1442     |      35.09       |      31.66      
    1443     |      50.15       |      38.82      
    1444     |      42.85       |      39.59      
    1445     |      52.60       |      32.66      
    1446     |      53.80       |      18.66      
    1485     |      45.70       |      17.09      
    1486     |      56.21       |      14.58      
    1487     |      56.54       |      15.50      
    1488     |      53.11       |       8.85      
    1489     |      33.21       |      28.70      
    1490     |      32.99       |      28.51      
    1491     |      41.38       |      24.51      
    1492     |      37.75       |      24.48      
    1493     |      49.01       |      16.51      
    1494     |      50.30       |      10.55      
    1495     |      42.66       |      19.50      
    1496     |      44.54       |      16.31      
    1497     |      64.62       |      35.92      
    1498     |      59.96       |      30.03      
    1499     |      43.90       |      44.73      
    1500     |      30.46       |      41.99      
    1550     |      45.88       |      19.18      
    1551     |      57.61       |       9.40      
    1552     |      54.41       |      19.91      
    1553     |      45.00       |      16.68      
    1554     |      49.85       |      21.99      
    1555     |      40.36       |      22.74      
    1556     |      32.04       |      30.37      
    1557     |      42.30       |      19.70      
    1558     |      43.36       |      18.90      
    1559     |      40.15       |      25.16      
    1560     |      42.33       |      28.70      
    1561     |      46.12       |      40.70      
    1562     |      49.60       |      32.43      
    1563     |      57.30       |      40.30      
    1620     |      45.81       |      15.23      
    1621     |      55.31       |      11.32      
    1622     |      55.69       |      10.03      
    1623     |      39.72       |      25.67      
    1624     |      30.30       |      32.68      
    1625     |      38.36       |      24.01      
    1626     |      43.36       |      18.93      
    1627     |      43.05       |      19.19      
    1628     |      54.63       |      19.92      
    1629     |      43.48       |      38.56      
    1630     |      44.27       |      30.33      
    1631     |      57.61       |      36.38      
    1632     |      29.67       |      36.87      
    1682     |      60.68       |      19.09      
    1683     |      60.61       |      19.41      
    1684     |      53.81       |      16.07      
    1685     |      53.45       |      15.56      
    1686     |      47.58       |      17.19      
    1687     |      30.46       |      31.52      
    1688     |      29.66       |      31.55      
    1689     |      38.50       |      24.44      
    1690     |      55.97       |      24.18      
    1691     |      58.19       |      25.81      
    1692     |      53.14       |      39.00      
    1693     |      53.07       |      38.99      
    1694     |      57.90       |      34.88      
    1695     |      43.14       |      27.55      
    1752     |      48.91       |      14.49      
    1753     |      50.88       |      15.51      
    1754     |      32.04       |      28.88      
    1755     |      32.90       |      30.72      
    1756     |      34.60       |      30.28      
    1757     |      34.30       |      28.37      
    1758     |      31.33       |      33.20      
    1759     |      37.03       |      29.26      
    1760     |      58.21       |      28.87      
    1761     |      51.23       |      24.12      
    1762     |      52.37       |      37.17      
    1763     |      54.17       |      33.29      
    1829     |      45.11       |      17.01      
    1830     |      49.96       |      11.54      
    1831     |      33.13       |      30.43      
    1832     |      35.57       |      28.95      
    1833     |      31.18       |      35.71      
    1834     |      32.48       |      36.08      
    1835     |      54.74       |      38.34      
    1890     |      53.03       |      19.69      
    1891     |      48.35       |      15.36      
    1892     |      49.63       |      16.78      
    1893     |      34.02       |      43.03      
    1894     |      41.82       |      42.48      
    1895     |      34.99       |      36.26      
    1896     |      53.81       |      40.73      
    1897     |      50.77       |      31.20      
    1964     |      42.60       |      22.74      
    1965     |      38.67       |      23.70      
    1966     |      48.22       |      20.18      
    1967     |      35.14       |      29.79      
    1968     |      35.71       |      29.71      
    1969     |      35.06       |      37.87      
    1970     |      38.06       |      36.78      
    1971     |      54.16       |      32.56      
    1972     |      50.75       |      19.91      
    2028     |      36.88       |      30.06      
    2029     |      39.16       |      31.18      
    2030     |      42.70       |      28.16      
    2031     |      42.42       |      21.76      
    2032     |      46.18       |      20.01      
    2033     |      42.56       |      26.01      
    2034     |      52.51       |      26.47      
    2035     |      56.34       |      30.93      
    2096     |      45.01       |      29.04      
    2097     |      37.53       |      28.69      
    2098     |      45.16       |      31.58      
    2099     |      39.34       |      31.67      
    2100     |      39.63       |      31.86      
    2101     |      47.80       |      30.62      
    2102     |      48.29       |      36.01      
    2103     |      55.86       |      34.46      
    2104     |      53.02       |      27.10      
    2163     |      35.92       |      32.05      
    2164     |      40.19       |      34.21      
    2165     |      40.56       |      37.34      
    2166     |      33.81       |      37.07      
    2167     |      38.93       |      41.15      
    2168     |      46.48       |      40.86      
    2169     |      43.44       |      38.59      
    2235     |      40.58       |      30.02      
    2236     |      41.29       |      35.65      
    2237     |      38.75       |      39.09      
    2238     |      37.96       |      36.89      
    2239     |      38.22       |      39.27      
    2240     |      42.76       |      42.87      
    2308     |      41.87       |      29.08      
    2309     |      49.88       |      37.70      
    2310     |      37.52       |      41.88      
    2311     |      36.03       |      41.74      
    2312     |      42.69       |      34.15      
    2389     |      36.04       |      35.12      
    2390     |      42.86       |      33.91      
    2454     |      48.59       |      41.50      
    2455     |      42.19       |      30.19      
    2456     |      39.96       |      30.51      
    2457     |      42.89       |      33.42      
    2603     |      39.13       |      35.84      
    2604     |      34.95       |      29.96      
    2605     |      43.02       |      22.39      
    2606     |      52.52       |      24.29      
    8357     |      68.25       |      27.33      
    8358     |      75.03       |      24.16      
    8359     |      47.92       |      22.74      
    8360     |      63.06       |      25.70      
    8361     |      65.89       |      19.23      
    8362     |      52.40       |      24.14      
    8363     |      49.08       |      22.66      
    8364     |      43.00       |      30.50      
    8365     |      37.00       |      33.75      
    8366     |      43.31       |      26.67      
    8367     |      46.26       |      24.79      
    8368     |      49.57       |      21.16      
    8369     |      57.70       |      34.44      
    8370     |      47.60       |      37.01      
    8371     |      56.38       |      27.12      
    8372     |      59.63       |      27.57      
    8373     |      56.39       |      30.12      
    8374     |      50.24       |      29.39      
    8375     |      59.02       |      23.39      
    8376     |      61.27       |      28.08      
    8377     |      69.32       |      28.33      
    8378     |      56.37       |      35.08      
    8379     |      53.37       |      35.29      
    8380     |      54.73       |      36.82      
    8381     |      68.64       |      37.57      
    8382     |      54.71       |      27.27      
    8383     |      58.98       |      26.32      
    8384     |      63.52       |      22.64      
    8385     |      45.75       |      30.92      
    8386     |      46.59       |      30.91      
    8444     |      55.17       |      17.78      
    8445     |      58.90       |      17.47      
    8446     |      55.65       |      16.21      
    8447     |      55.42       |      16.26      
    8448     |      49.58       |      26.66      
    8449     |      58.25       |      16.92      
    8450     |      73.30       |      26.98      
    8451     |      61.52       |      37.52      
    8452     |      63.32       |      30.32      
    8453     |      52.00       |      31.35      
    8454     |      46.64       |      30.77      
    8455     |      52.37       |      34.78      
    8456     |      45.68       |      33.70      
    8457     |      58.48       |      23.53      
    8458     |      59.54       |      22.17      
    8459     |      55.90       |      23.09      
    8460     |      77.03       |      35.73      
    8461     |      68.37       |      36.99      
    8462     |      76.76       |      42.81      
    8463     |      56.24       |      36.18      
    8464     |      52.55       |      31.01      
    8465     |      51.21       |      31.00      
    8466     |      52.69       |      29.14      
    8467     |      53.64       |      29.15      
    8468     |      67.84       |      48.74      
    8502     |      65.95       |      22.36      
    8503     |      47.02       |      24.57      
    8504     |      37.10       |      38.12      
    8505     |      45.06       |      33.67      
    8506     |      49.78       |      21.93      
    8507     |      51.69       |      19.00      
    8508     |      55.15       |      17.73      
    8509     |      67.72       |      36.27      
    8510     |      47.71       |      26.07      
    8511     |      65.73       |      41.61      
    8512     |      65.29       |      41.67      
    8513     |      65.11       |      41.55      
    8551     |      79.72       |      29.31      
    8552     |      68.25       |      27.39      
    8553     |      54.32       |      19.80      
    8554     |      47.17       |      15.00      
    8555     |      64.77       |      13.20      
    8556     |      45.83       |      24.94      
    8557     |      54.10       |      40.30      
    8558     |      73.03       |      36.20      
    8559     |      72.67       |      39.41      
    8560     |      66.60       |      38.49      
    8561     |      48.76       |      23.35      
    8562     |      50.63       |      23.34      
    8563     |      53.73       |      29.36      
    8564     |      50.78       |      25.89      
    8565     |      69.13       |      30.08      
    8566     |      59.04       |      34.67      
    8567     |      69.52       |      36.45      
    8568     |      65.48       |      38.20      
    8599     |      55.23       |      29.29      
    8600     |      59.87       |      23.06      
    8601     |      42.08       |      28.05      
    8602     |      39.83       |      28.51      
    8603     |      43.48       |      31.22      
    8604     |      44.90       |      20.86      
    8605     |      58.00       |      15.64      
    8606     |      64.20       |      38.09      
    8607     |      68.66       |      35.41      
    8608     |      76.98       |      36.43      
    8609     |      68.33       |      28.59      
    8610     |      71.32       |      29.45      
    8611     |      56.86       |      23.74      
    8612     |      48.31       |      29.79      
    8613     |      44.04       |      33.35      
    8614     |      74.37       |      40.70      
    8615     |      63.08       |      40.24      
    8653     |      68.99       |      43.37      
    8654     |      46.95       |      27.43      
    8655     |      44.00       |      31.86      
    8656     |      62.47       |      11.35      
    8657     |      52.48       |      29.50      
    8658     |      55.04       |      28.99      
    8659     |      66.17       |      29.98      
    8660     |      79.06       |      34.49      
    8661     |      59.96       |      30.43      
    8662     |      53.27       |      28.26      
    8663     |      41.62       |      30.85      
    8664     |      44.53       |      29.63      
    8665     |      43.25       |      31.14      
    8666     |      58.66       |      34.23      
    8667     |      65.05       |      32.83      
    8668     |      70.76       |      36.77      
    8669     |      64.10       |      38.32      
    8670     |      57.48       |      31.17      
    8671     |      54.86       |      30.30      
    8672     |      51.92       |      29.71      
    8673     |      43.51       |      30.74      
    8674     |      61.80       |      27.17      
    8675     |      68.61       |      23.43      
    8676     |      62.89       |      43.05      
    8713     |      67.84       |      43.74      
    8714     |      44.79       |      44.07      
    8715     |      52.08       |      33.80      
    8716     |      68.87       |      23.45      
    8717     |      55.16       |      19.04      
    8718     |      55.25       |      18.89      
    8719     |      60.19       |      15.46      
    8720     |      69.99       |      26.28      
    8721     |      60.77       |      25.12      
    8722     |      52.75       |      31.90      
    8723     |      50.81       |      31.70      
    8724     |      55.03       |      27.87      
    8725     |      52.18       |      24.93      
    8726     |      46.99       |      37.97      
    8727     |      57.19       |      38.28      
    8728     |      73.66       |      27.74      
    8729     |      50.05       |      23.91      
    8730     |      72.85       |      43.21      
    8731     |      75.55       |      44.31      
    8732     |      66.59       |      47.75      
    8733     |      56.94       |      44.94      
    8734     |      63.53       |      41.96      
    8735     |      70.11       |      34.09      
    8736     |      58.38       |      30.39      
    8737     |      50.15       |      29.71      
    8738     |      58.26       |      21.59      
    8739     |      48.32       |      22.18      
    8740     |      48.02       |      23.90      
    8741     |      81.73       |      37.74      
    8743     |      75.82       |      45.76      
    8744     |      75.77       |      45.80      
    8745     |      58.51       |      38.21      
    8784     |      63.87       |      39.66      
    8785     |      48.78       |      45.86      
    8786     |      50.44       |      44.31      
    8787     |      56.98       |      36.27      
    8788     |      54.80       |      32.98      
    8789     |      57.01       |      33.53      
    8790     |      57.27       |      30.39      
    8791     |      48.42       |      28.22      
    8792     |      51.31       |      32.20      
    8793     |      52.07       |      29.77      
    8794     |      65.19       |      22.92      
    8795     |      72.55       |      17.73      
    8796     |      58.73       |      11.04      
    8797     |      51.85       |      36.18      
    8798     |      59.80       |      37.54      
    8799     |      68.89       |      44.43      
    8800     |      47.63       |      28.20      
    8801     |      56.97       |      24.00      
    8802     |      49.60       |      17.37      
    8804     |      48.51       |      23.42      
    8849     |      61.80       |      52.64      
    8850     |      48.99       |      44.10      
    8851     |      59.60       |      35.52      
    8852     |      70.68       |      38.00      
    8853     |      63.08       |      32.03      
    8854     |      50.68       |      27.30      
    8855     |      50.69       |      27.29      
    8856     |      48.28       |      27.98      
    8857     |      56.16       |      27.95      
    8858     |      64.09       |      18.83      
    8859     |      69.09       |      22.19      
    8860     |      60.90       |      25.19      
    8861     |      68.89       |      43.11      
    8862     |      48.54       |      19.66      
    8900     |      54.46       |      27.41      
    8901     |      64.88       |      30.46      
    8902     |      59.90       |      25.58      
    8903     |      47.30       |      22.34      
    8904     |      59.90       |      23.56      
    8905     |      62.12       |      25.62      
    8906     |      50.01       |      25.22      
    8907     |      55.82       |      28.57      
    8908     |      45.02       |      28.71      
    8909     |      69.50       |      31.17      
    8910     |      53.54       |      32.43      
    8911     |      69.57       |      41.61      
    8912     |      60.89       |      36.37      
    8913     |      68.84       |      31.39      
    8963     |      56.89       |      48.45      
    8964     |      50.38       |      52.00      
    8965     |      52.03       |      19.67      
    8966     |      60.28       |      18.03      
    8967     |      48.59       |      20.75      
    8968     |      43.55       |      35.67      
    8969     |      72.70       |      31.18      
    8970     |      82.37       |      39.82      
    8971     |      68.68       |      34.92      
    8972     |      65.64       |      32.11      
    8973     |      67.85       |      26.62      
    8976     |      56.11       |      26.97      
    8977     |      51.63       |      29.04      
    8978     |      47.24       |      29.12      
    9018     |      75.13       |      49.28      
    9019     |      56.08       |      31.85      
    9020     |      57.18       |      31.43      
    9021     |      48.58       |      50.42      
    9022     |      36.09       |      48.37      
    9023     |      44.50       |      36.08      
    9024     |      45.59       |      35.57      
    9025     |      59.81       |      17.79      
    9026     |      47.70       |      24.18      
    9027     |      67.14       |      23.52      
    9028     |      57.30       |      33.74      
    9029     |      47.57       |      32.31      
    9030     |      39.09       |      34.99      
    9077     |      69.14       |      42.02      
    9078     |      54.40       |      40.76      
    9079     |      35.77       |      47.69      
    9128     |      68.00       |      43.15      
    9129     |      64.59       |      40.63      
    9130     |      52.15       |      42.43      
    9131     |      35.62       |      48.43      
    9132     |      27.44       |      44.35      
    9133     |      39.20       |      29.49      
    9134     |      47.14       |      25.24      
    9135     |      64.87       |      28.27      
    9136     |      55.86       |      29.11      
    9137     |      53.54       |      32.45      
    9201     |      61.94       |      49.28      
    9202     |      53.03       |      40.19      
    9203     |      61.18       |      29.90      
    9253     |      59.25       |      38.16      
    9254     |      51.79       |      36.81      
    9255     |      31.00       |      43.57      
    9256     |      27.17       |      43.99      
    9257     |      32.17       |      38.09      
    9258     |      27.85       |      47.38      
    9259     |      45.95       |      39.34      
    9260     |      50.68       |      33.47      
    9315     |      69.95       |      29.64      
    9316     |      74.36       |      31.19      
    9317     |      51.76       |      36.80      
    9318     |      38.70       |      37.60      
    9319     |      27.96       |      39.66      
    9367     |      31.37       |      35.61      
    9430     |      75.44       |      27.82      
    9431     |      67.50       |      26.57      
    9432     |      70.47       |      26.85      
    9433     |      61.64       |      20.07      
    9434     |      54.71       |      21.92      
    9560     |      73.61       |      17.73      
    9561     |      73.48       |      17.64      
    9612     |      61.39       |      17.11      
   19942     |      45.47       |      38.05      
   20028     |      46.76       |      35.56      
   20029     |      45.09       |      36.46      
   20086     |      46.05       |      34.92      
   20087     |      42.19       |      50.60      
   20088     |      48.13       |      44.12      
   20151     |      51.97       |      31.85      
   20152     |      46.40       |      34.28      
   20211     |      44.03       |      38.95      
   20212     |      32.41       |      45.00      
   20213     |      47.17       |      47.58      
   20214     |      45.14       |      38.14      
   20274     |      57.52       |      39.38      
   20275     |      39.31       |      38.95      
   20325     |      45.14       |      39.51      
   20326     |      47.19       |      36.48      
   20327     |      30.19       |      39.85      
   20328     |      32.83       |      42.19      
   20329     |      43.14       |      41.35      
   20330     |      51.18       |      37.37      
   20331     |      57.82       |      45.15      
   20332     |      52.32       |      46.03      
   20400     |      30.19       |      41.66      
   20401     |      37.43       |      40.57      
   20402     |      55.46       |      54.79      
   20403     |      51.45       |      53.97      
   20404     |      66.17       |      54.71      
   20405     |      39.14       |      35.21      
   20406     |      54.86       |      38.63      
   20407     |      45.92       |      31.28      
   20408     |      31.32       |      38.70      
   20481     |      49.28       |      39.58      
   20482     |      43.39       |      43.73      
   20483     |      35.83       |      44.52      
   20484     |      60.31       |      40.09      
   20485     |      41.01       |      37.52      
   20486     |      33.06       |      43.98      
   20541     |      47.54       |      26.25      
   20542     |      64.60       |      38.59      
   20543     |      55.00       |      39.39      
   20544     |      41.35       |      36.97      
   20545     |      54.98       |      34.66      
   20607     |      56.50       |      32.53      
   20608     |      49.47       |      39.32      
   20609     |      49.73       |      44.78      
   20610     |      39.51       |      45.69      
   20611     |      46.93       |      38.65      
   20663     |      35.85       |      38.18      
   20664     |      55.04       |      39.47      
   20665     |      52.49       |      40.27      
   20666     |      45.43       |      42.76      
   20667     |      55.57       |      45.84      
   20668     |      52.36       |      46.17      
   20669     |      59.41       |      39.46      
   20670     |      52.82       |      39.27      
   20734     |      44.00       |      45.48      
   20735     |      45.11       |      31.57      
   20736     |      42.87       |      40.58      
   20737     |      46.46       |      41.33      
   20738     |      50.99       |      40.82      
   20739     |      56.87       |      38.44      
   20740     |      58.72       |      37.72      
   20741     |      60.87       |      34.65      
   20806     |      43.68       |      46.04      
   20807     |      48.14       |      44.59      
   20808     |      45.75       |      45.18      
   20809     |      49.57       |      42.36      
   20810     |      53.86       |      45.30      
   20811     |      45.82       |      44.89      
   20812     |      54.87       |      38.55      
   20813     |      51.40       |      37.33      
   20861     |      51.73       |      52.55      
   20862     |      48.71       |      42.89      
   20863     |      44.67       |      43.80      
   20864     |      44.93       |      35.66      
   20865     |      46.17       |      45.11      
   20866     |      50.43       |      38.17      
   20867     |      42.20       |      39.81      
   20868     |      55.61       |      30.00      
   20869     |      47.53       |      35.27      
   20870     |      54.87       |      37.82      
   20871     |      47.36       |      36.92      
   20872     |      45.78       |      33.22      
   20873     |      51.20       |      32.25      
   20874     |      42.77       |      41.66      
   20875     |      44.08       |      41.45      
   20876     |      46.36       |      42.41      
   20938     |      51.31       |      45.62      
   20939     |      47.16       |      37.87      
   20940     |      48.31       |      37.22      
   20941     |      50.15       |      37.48      
   20942     |      43.58       |      31.25      
   20943     |      56.66       |      22.19      
   20944     |      52.47       |      23.24      
   20945     |      50.16       |      29.67      
   20946     |      56.13       |      32.79      
   20947     |      46.32       |      33.51      
   20997     |      48.28       |      37.40      
   20998     |      47.45       |      38.24      
   20999     |      49.76       |      26.32      
   21000     |      49.88       |      26.76      
   21001     |      41.30       |      33.77      
   21002     |      59.45       |      28.82      
   21003     |      53.66       |      29.82      
   21004     |      53.99       |      29.37      
   21005     |      41.27       |      34.31      
   21006     |      46.63       |      40.39      
   21007     |      38.45       |      38.42      
   21070     |      49.39       |      41.11      
   21071     |      52.97       |      41.93      
   21072     |      48.41       |      25.04      
   21073     |      44.96       |      27.79      
   21074     |      47.64       |      29.52      
   21075     |      49.53       |      28.50      
   21076     |      50.84       |      29.52      
   21077     |      46.96       |      31.77      
   21078     |      49.27       |      26.53      
   21079     |      56.13       |      19.17      
   21080     |      38.91       |      50.65      
   21081     |      47.44       |      50.71      
   21082     |      46.72       |      50.25      
   21084     |      64.15       |      44.15      
   21085     |      49.49       |      37.01      
   21133     |      49.24       |      29.89      
   21134     |      53.39       |      27.90      
   21135     |      42.53       |      32.98      
   21136     |      50.70       |      34.16      
   21137     |      47.93       |      24.77      
   21138     |      55.52       |      25.86      
   21139     |      52.96       |      20.77      
   21140     |      48.56       |      20.14      
   21141     |      52.88       |      18.03      
   21142     |      52.16       |      22.95      
   21143     |      51.84       |      24.24      
   21144     |      42.83       |      24.42      
   21145     |      47.58       |      18.41      
   21146     |      24.90       |      35.62      
   21147     |      39.03       |      34.87      
   21148     |      23.44       |      43.44      
   21149     |      52.20       |      42.14      
   21150     |      69.94       |      41.26      
   21151     |      61.85       |      27.83      
   21152     |      56.03       |      28.61      
   21153     |      44.05       |      19.95      
   21154     |      52.75       |      16.75      
   21155     |      49.44       |      14.39      
   21156     |      62.09       |      13.34      
   21211     |      53.06       |      28.73      
   21212     |      49.50       |      30.10      
   21213     |      53.53       |      27.41      
   21214     |      42.39       |      32.43      
   21215     |      56.69       |      23.09      
   21216     |      47.63       |      24.46      
   21217     |      50.59       |      26.84      
   21218     |      51.87       |      19.36      
   21219     |      48.61       |      14.08      
   21220     |      33.90       |      26.75      
   21221     |      28.52       |      32.13      
   21222     |      28.34       |      31.60      
   21223     |      47.58       |      12.20      
   21224     |      55.77       |       5.79      
   21225     |      74.58       |      14.99      
   21226     |      66.73       |      12.78      
   21227     |      56.15       |      10.25      
   21273     |      51.22       |      26.68      
   21274     |      51.42       |      26.36      
   21275     |      44.13       |      27.75      
   21276     |      49.80       |      33.17      
   21277     |      55.46       |      31.70      
   21278     |      47.57       |      19.39      
   21279     |      50.95       |      15.94      
   21280     |      52.91       |      20.52      
   21281     |      47.24       |      20.43      
   21282     |      49.13       |      24.80      
   21283     |      44.05       |      25.38      
   21284     |      57.55       |      16.69      
   21285     |      56.28       |       4.82      
   21286     |      33.98       |      26.65      
   21287     |      45.64       |      29.17      
   21288     |      63.79       |      21.63      
   21289     |      60.09       |      19.55      
   21290     |      71.85       |      14.94      
   21291     |      57.22       |       3.00      
   21292     |      59.56       |       6.26      
   21293     |      49.03       |      11.21      
   21294     |      60.09       |      15.35      
   21295     |      39.88       |      25.90      
   21296     |      39.34       |      26.04      
   21297     |      49.41       |      18.84      
   21299     |      62.43       |      19.74      
   21343     |      48.33       |      24.08      
   21344     |      49.90       |      24.30      
   21345     |      48.60       |      20.59      
   21346     |      54.46       |      19.69      
   21347     |      55.00       |      21.04      
   21348     |      54.08       |      19.00      
   21349     |      50.92       |      18.21      
   21350     |      51.36       |      11.67      
   21351     |      50.30       |      11.16      
   21352     |      62.78       |       3.22      
   21353     |      65.62       |       9.38      
   21354     |      55.22       |       4.84      
   21355     |      39.05       |      21.82      
   21356     |      47.03       |      20.02      
   21357     |      49.70       |      10.45      
   21358     |      56.85       |       4.85      
   21359     |      48.05       |      12.48      
   21360     |      49.40       |      11.35      
   21361     |      59.10       |      30.15      
   21362     |      55.26       |      29.74      
   21363     |      63.10       |      24.27      
   21364     |      48.74       |      14.83      
   21405     |      52.53       |      29.47      
   21406     |      48.06       |      19.40      
   21407     |      57.07       |      26.06      
   21408     |      53.97       |      27.14      
   21409     |      53.49       |      21.87      
   21410     |      50.38       |      20.96      
   21411     |      57.01       |      11.53      
   21412     |      53.95       |      10.47      
   21413     |      53.34       |      11.46      
   21414     |      56.28       |      11.07      
   21415     |      63.23       |       6.28      
   21416     |      41.03       |      19.90      
   21417     |      39.00       |      21.09      
   21418     |      50.66       |      13.02      
   21419     |      37.73       |      30.20      
   21420     |      47.78       |      28.24      
   21421     |      52.63       |      25.27      
   21422     |      57.10       |       5.91      
   21423     |      72.35       |      16.80      
   21424     |      71.26       |      20.65      
   21425     |      75.72       |      24.03      
   21427     |      73.00       |      20.64      
   21429     |      69.54       |      16.85      
   21472     |      40.77       |      30.09      
   21473     |      57.91       |      19.74      
   21474     |      55.95       |      19.83      
   21475     |      47.78       |      16.52      
   21476     |      51.49       |      18.28      
   21477     |      54.91       |      22.26      
   21478     |      53.94       |      22.42      
   21479     |      47.20       |      23.83      
   21480     |      56.62       |       8.00      
   21481     |      60.88       |       1.22      
   21482     |      62.79       |       4.66      
   21483     |      69.33       |       9.80      
   21484     |      58.43       |       1.86      
   21485     |      51.40       |       9.85      
   21486     |      56.85       |       3.20      
   21487     |      59.86       |       2.97      
   21488     |      46.50       |      13.91      
   21489     |      60.46       |      11.25      
   21490     |      60.98       |      11.19      
   21491     |      50.46       |       9.25      
   21492     |      42.64       |      18.89      
   21493     |      33.10       |      27.23      
   21494     |      32.86       |      27.33      
   21495     |      43.16       |      16.41      
   21496     |      57.05       |      13.82      
   21497     |      64.08       |      20.23      
   21498     |      65.57       |      20.63      
   21499     |      70.65       |      16.39      
   21500     |      66.66       |      13.94      
   21501     |      62.84       |      17.11      
   21502     |      75.75       |      28.98      
   21503     |      58.83       |      15.71      
   21535     |      40.59       |      33.60      
   21536     |      44.74       |      21.50      
   21537     |      58.89       |      12.03      
   21538     |      51.49       |      14.16      
   21539     |      56.62       |       8.02      
   21540     |      62.15       |       2.48      
   21541     |      62.64       |       3.29      
   21542     |      59.34       |       3.17      
   21543     |      57.77       |       2.21      
   21544     |      51.89       |       8.54      
   21545     |      47.60       |      12.89      
   21546     |      39.25       |      20.54      
   21547     |      38.57       |      21.49      
   21548     |      48.18       |      12.99      
   21549     |      40.98       |      19.07      
   21550     |      36.10       |      23.47      
   21551     |      43.35       |      16.25      
   21552     |      57.53       |       9.30      
   21553     |      71.07       |      15.43      
   21554     |      70.34       |      14.23      
   21555     |      70.18       |      14.11      
   21556     |      80.79       |      30.19      
   21557     |      75.93       |      26.52      
   21558     |      76.90       |      26.75      
   21559     |      67.78       |      21.19      
   21560     |      67.17       |      21.20      
   21606     |      53.75       |      20.34      
   21607     |      59.60       |      21.41      
   21608     |      49.57       |      28.85      
   21609     |      52.75       |      30.21      
   21610     |      58.82       |      12.63      
   21611     |      61.45       |      12.39      
   21612     |      52.56       |       8.48      
   21613     |      53.18       |      11.70      
   21614     |      58.06       |      10.83      
   21615     |      66.16       |      12.20      
   21616     |      57.71       |       3.86      
   21617     |      48.94       |      10.98      
   21618     |      56.85       |       3.22      
   21619     |      38.51       |      25.37      
   21620     |      68.73       |      21.57      
   21621     |      60.20       |       7.18      
   21622     |      45.73       |      13.81      
   21623     |      38.40       |      21.12      
   21624     |      45.88       |      13.89      
   21625     |      64.10       |       9.52      
   21626     |      57.23       |       9.11      
   21627     |      71.15       |      16.85      
   21628     |      62.43       |      15.79      
   21629     |      76.40       |      23.10      
   21676     |      56.79       |      26.98      
   21677     |      59.86       |      21.18      
   21678     |      48.33       |      20.18      
   21679     |      56.51       |      15.66      
   21680     |      53.91       |      13.04      
   21681     |      57.52       |      11.46      
   21682     |      61.52       |      12.31      
   21683     |      49.58       |      14.92      
   21684     |      50.85       |      15.84      
   21685     |      60.25       |      12.92      
   21686     |      57.93       |      10.89      
   21687     |      69.48       |      15.72      
   21688     |      60.39       |      14.31      
   21689     |      59.41       |      12.76      
   21690     |      61.20       |      13.25      
   21691     |      57.65       |       6.09      
   21692     |      51.55       |       8.53      
   21693     |      43.11       |      16.70      
   21694     |      47.27       |      12.96      
   21695     |      33.71       |      26.60      
   21696     |      40.82       |      20.57      
   21697     |      53.90       |      11.48      
   21698     |      47.33       |      14.51      
   21699     |      56.34       |      10.17      
   21700     |      56.48       |      10.96      
   21701     |      70.04       |      14.57      
   21702     |      65.76       |      25.13      
   21703     |      69.24       |      27.10      
   21704     |      58.84       |      13.46      
   21705     |      60.52       |      13.81      
   21706     |      74.40       |      19.27      
   21707     |      68.74       |      15.67      
   21741     |      55.02       |      18.95      
   21742     |      62.81       |      19.54      
   21743     |      56.41       |      22.52      
   21744     |      62.09       |      27.32      
   21745     |      64.36       |      10.32      
   21746     |      65.02       |      10.58      
   21747     |      50.01       |      10.10      
   21748     |      33.11       |      26.65      
   21749     |      35.52       |      24.75      
   21750     |      43.91       |      16.53      
   21751     |      41.23       |      19.51      
   21752     |      43.22       |      17.49      
   21753     |      68.75       |      26.76      
   21754     |      62.76       |      26.70      
   21755     |      58.13       |      23.79      
   21756     |      54.48       |      23.11      
   21757     |      46.08       |      17.16      
   21758     |      37.14       |      22.86      
   21759     |      42.33       |      18.34      
   21760     |      45.86       |      14.73      
   21761     |      61.76       |      23.19      
   21762     |      65.92       |      25.45      
   21763     |      76.53       |      27.42      
   21764     |      67.81       |      17.50      
   21765     |      62.90       |      15.58      
   21766     |      60.46       |      13.97      
   21767     |      75.23       |      23.28      
   21768     |      86.06       |      30.11      
   21769     |      76.75       |      20.72      
   21770     |      66.58       |      12.11      
   21811     |      51.61       |       9.99      
   21812     |      61.99       |      15.65      
   21813     |      52.94       |      11.20      
   21814     |      54.40       |      10.21      
   21815     |      47.36       |      14.84      
   21816     |      51.93       |      24.53      
   21817     |      59.93       |      10.51      
   21818     |      59.94       |      10.52      
   21819     |      67.47       |      23.30      
   21820     |      75.32       |      25.28      
   21821     |      53.77       |       8.01      
   21822     |      57.49       |      10.73      
   21823     |      60.62       |       9.22      
   21824     |      32.73       |      27.48      
   21825     |      36.02       |      26.04      
   21826     |      48.38       |      12.31      
   21827     |      40.51       |      19.35      
   21828     |      46.40       |      13.95      
   21829     |      41.28       |      18.62      
   21830     |      53.01       |      18.49      
   21831     |      50.50       |      19.96      
   21832     |      61.99       |      23.49      
   21833     |      58.42       |      14.74      
   21834     |      63.18       |      12.75      
   21876     |      54.16       |       6.36      
   21877     |      63.63       |       3.18      
   21878     |      73.05       |      16.49      
   21879     |      60.55       |       8.19      
   21880     |      58.94       |       8.66      
   21881     |      50.44       |      11.31      
   21882     |      53.93       |      10.95      
   21883     |      55.37       |      18.11      
   21884     |      52.46       |      19.50      
   21885     |      56.31       |      22.11      
   21886     |      64.42       |      16.55      
   21887     |      32.66       |      27.60      
   21888     |      28.15       |      31.72      
   21889     |      35.14       |      28.90      
   21890     |      47.32       |      19.54      
   21891     |      45.16       |      18.63      
   21892     |      35.24       |      25.94      
   21893     |      40.23       |      24.98      
   21894     |      60.89       |      18.30      
   21895     |      60.60       |      17.87      
   21896     |      56.01       |      15.25      
   21897     |      54.80       |      12.10      
   21898     |      43.00       |      16.48      
   21899     |      49.06       |      11.50      
   21900     |      41.79       |      18.21      
   21901     |      51.87       |      15.01      
   21902     |      62.32       |      15.02      
   21903     |      64.03       |      17.44      
   21904     |      77.28       |      23.84      
   21905     |      73.95       |      24.09      
   21906     |      64.79       |      19.28      
   21907     |      59.62       |      22.44      
   21908     |      76.55       |      22.34      
   21909     |      84.06       |      30.05      
   21910     |      82.58       |      29.16      
   21911     |      82.60       |      29.20      
   21954     |      52.41       |       9.26      
   21955     |      52.63       |       9.10      
   21956     |      43.94       |      19.38      
   21957     |      60.12       |      14.18      
   21958     |      70.05       |      11.60      
   21959     |      67.46       |       9.51      
   21960     |      76.87       |      23.77      
   21961     |      68.75       |      18.86      
   21962     |      59.20       |      22.49      
   21963     |      45.67       |      19.60      
   21964     |      36.71       |      26.15      
   21965     |      57.62       |      10.68      
   21966     |      52.65       |      12.76      
   21967     |      41.37       |      18.11      
   21968     |      58.72       |       2.15      
   21969     |      47.77       |      12.49      
   21970     |      66.11       |       7.03      
   21971     |      74.97       |      15.91      
   21972     |      59.81       |      17.72      
   21973     |      60.87       |      19.17      
   21974     |      66.85       |      22.60      
   21975     |      62.54       |      19.16      
   22015     |      55.03       |      15.34      
   22016     |      59.52       |      13.67      
   22017     |      53.50       |      19.49      
   22018     |      55.64       |      19.10      
   22019     |      60.84       |      12.23      
   22020     |      55.73       |       5.90      
   22021     |      71.24       |      13.23      
   22022     |      57.77       |      24.17      
   22023     |      48.75       |      23.86      
   22024     |      54.50       |      19.83      
   22025     |      62.99       |      21.00      
   22026     |      53.58       |      20.98      
   22027     |      37.46       |      27.26      
   22028     |      53.12       |       8.96      
   22029     |      44.59       |      16.61      
   22030     |      45.07       |      16.23      
   22031     |      62.59       |       3.15      
   22032     |      49.57       |      15.00      
   22033     |      60.96       |      15.08      
   22034     |      44.89       |      25.73      
   22035     |      30.45       |      29.51      
   22036     |      54.92       |      10.21      
   22037     |      62.05       |       9.68      
   22038     |      59.87       |       3.98      
   22039     |      62.51       |       4.42      
   22040     |      76.34       |      22.63      
   22041     |      82.79       |      27.91      
   22042     |      76.19       |      29.90      
   22043     |      68.83       |      26.74      
   22044     |      57.97       |      24.83      
   22084     |      65.81       |      19.10      
   22085     |      56.76       |      16.60      
   22086     |      58.26       |      16.25      
   22087     |      48.27       |      18.02      
   22088     |      45.50       |      21.10      
   22089     |      53.82       |      15.70      
   22090     |      57.07       |      13.27      
   22091     |      60.89       |      18.00      
   22092     |      60.37       |      15.83      
   22093     |      54.15       |      17.78      
   22094     |      50.74       |      19.19      
   22095     |      53.54       |      22.91      
   22096     |      65.69       |      23.66      
   22097     |      55.30       |      19.64      
   22098     |      39.52       |      27.38      
   22099     |      49.08       |      11.08      
   22100     |      36.48       |      23.64      
   22101     |      52.75       |       9.79      
   22102     |      36.69       |      23.58      
   22103     |      44.15       |      18.84      
   22104     |      48.68       |      27.38      
   22105     |      44.05       |      30.12      
   22106     |      51.16       |      35.45      
   22107     |      51.27       |      35.45      
   22108     |      63.48       |       5.32      
   22109     |      59.34       |       6.18      
   22110     |      60.94       |       2.15      
   22111     |      67.73       |       8.77      
   22112     |      56.52       |       8.16      
   22113     |      62.24       |       9.75      
   22114     |      70.03       |      27.58      
   22156     |      56.34       |      11.72      
   22157     |      44.85       |      22.51      
   22158     |      50.49       |      16.50      
   22159     |      55.34       |      16.41      
   22160     |      64.01       |      25.21      
   22161     |      48.24       |      14.74      
   22162     |      49.76       |      15.31      
   22163     |      47.76       |      16.16      
   22164     |      47.17       |      17.41      
   22165     |      36.45       |      25.46      
   22166     |      42.70       |      26.49      
   22167     |      38.09       |      29.79      
   22168     |      45.41       |      33.99      
   22169     |      60.58       |      30.50      
   22170     |      54.05       |      16.27      
   22171     |      51.81       |      17.20      
   22172     |      67.16       |      10.83      
   22173     |      61.38       |       3.78      
   22174     |      57.78       |       4.00      
   22175     |      50.21       |       9.23      
   22176     |      62.09       |       4.07      
   22177     |      59.17       |       0.06      
   22210     |      65.50       |      10.67      
   22211     |      57.16       |      17.56      
   22212     |      47.95       |      12.45      
   22213     |      61.34       |      17.54      
   22214     |      61.32       |      17.53      
   22215     |      66.79       |      20.27      
   22216     |      51.70       |      17.00      
   22217     |      61.26       |      15.41      
   22218     |      46.73       |      23.08      
   22219     |      47.30       |      28.44      
   22220     |      35.33       |      27.98      
   22221     |      43.48       |      17.81      
   22222     |      36.39       |      24.20      
   22223     |      39.20       |      21.39      
   22224     |      62.22       |       8.18      
   22225     |      67.50       |      10.46      
   22226     |      62.07       |       3.83      
   22227     |      56.53       |       5.64      
   22228     |      64.06       |       5.32      
   22229     |      51.28       |       9.55      
   22230     |      62.34       |      10.86      
   22231     |      62.35       |      10.86      
   22232     |      56.45       |      20.15      
   22283     |      54.81       |      14.88      
   22284     |      51.70       |      17.64      
   22285     |      57.40       |      20.10      
   22286     |      60.72       |      16.50      
   22287     |      40.87       |      21.49      
   22288     |      49.99       |      15.68      
   22289     |      59.98       |      15.47      
   22290     |      68.11       |      20.62      
   22291     |      41.69       |      31.98      
   22292     |      47.70       |      28.70      
   22293     |      43.98       |      30.31      
   22294     |      48.06       |      23.09      
   22295     |      43.95       |      21.60      
   22296     |      34.49       |      27.06      
   22297     |      44.00       |      18.88      
   22298     |      57.51       |       3.09      
   22299     |      67.65       |      10.47      
   22300     |      73.71       |      14.77      
   22301     |      54.97       |      19.13      
   22302     |      52.67       |      16.56      
   22303     |      54.37       |      15.28      
   22304     |      56.20       |      15.95      
   22341     |      63.09       |      23.49      
   22342     |      53.89       |      11.19      
   22343     |      60.97       |      14.56      
   22344     |      56.58       |      21.47      
   22345     |      41.81       |      22.74      
   22346     |      56.50       |      17.80      
   22347     |      61.74       |      15.40      
   22348     |      50.69       |      24.18      
   22349     |      62.40       |      21.68      
   22350     |      64.81       |      24.67      
   22351     |      56.61       |      22.04      
   22352     |      53.56       |      23.61      
   22353     |      51.77       |      21.77      
   22354     |      56.83       |      23.05      
   22355     |      43.67       |      17.57      
   22356     |      42.78       |      18.66      
   22357     |      46.98       |      17.06      
   22358     |      36.10       |      27.09      
   22359     |      54.53       |      15.07      
   22360     |      67.54       |      13.35      
   22361     |      66.18       |      13.86      
   22362     |      74.57       |      19.48      
   22363     |      73.48       |      14.65      
   22364     |      54.54       |      11.47      
   22365     |      51.08       |      13.49      
   22366     |      53.93       |      14.03      
   22410     |      53.93       |      15.63      
   22411     |      39.86       |      25.85      
   22412     |      42.84       |      23.89      
   22413     |      50.79       |      17.52      
   22414     |      56.03       |      29.85      
   22415     |      67.91       |      29.90      
   22416     |      54.54       |      23.64      
   22417     |      54.69       |      19.91      
   22418     |      55.96       |      20.37      
   22419     |      60.92       |      17.12      
   22420     |      44.93       |      19.86      
   22421     |      45.87       |      19.28      
   22422     |      47.80       |      20.37      
   22423     |      41.33       |      24.64      
   22424     |      36.27       |      24.43      
   22425     |      43.85       |      19.34      
   22426     |      49.67       |      13.55      
   22427     |      66.23       |      12.56      
   22428     |      68.96       |      19.78      
   22429     |      67.12       |      19.59      
   22430     |      56.19       |      14.63      
   22431     |      52.22       |      17.24      
   22432     |      55.39       |      16.09      
   22480     |      64.52       |      21.41      
   22481     |      51.14       |      18.41      
   22482     |      55.12       |      16.54      
   22483     |      56.23       |      13.45      
   22484     |      65.28       |      10.83      
   22485     |      42.94       |      20.07      
   22486     |      70.73       |      24.50      
   22487     |      71.92       |      24.44      
   22488     |      52.83       |      18.56      
   22489     |      42.02       |      22.65      
   22490     |      40.97       |      24.74      
   22491     |      44.86       |      22.16      
   22492     |      44.21       |      23.06      
   22493     |      36.98       |      27.61      
   22494     |      49.20       |      32.20      
   22495     |      54.08       |      26.02      
   22496     |      41.27       |      25.36      
   22497     |      49.30       |      15.28      
   22498     |      55.09       |      13.56      
   22499     |      49.77       |      12.39      
   22500     |      57.81       |       6.32      
   22501     |      51.82       |      25.02      
   22502     |      51.82       |      19.29      
   22503     |      55.14       |      20.19      
   22553     |      50.83       |      17.70      
   22554     |      49.65       |      11.32      
   22555     |      50.77       |      20.74      
   22556     |      53.73       |      20.94      
   22557     |      58.94       |      17.20      
   22558     |      53.50       |      16.99      
   22559     |      61.68       |      13.85      
   22560     |      49.44       |      20.29      
   22561     |      62.06       |      14.98      
   22562     |      64.74       |      15.25      
   22563     |      62.96       |      30.50      
   22564     |      56.13       |      23.50      
   22565     |      56.37       |      22.39      
   22566     |      56.68       |      13.14      
   22594     |      59.75       |      12.38      
   22595     |      51.30       |      22.83      
   22596     |      43.19       |      27.43      
   22597     |      48.39       |      19.79      
   22598     |      52.97       |      18.61      
   22599     |      63.45       |      12.36      
   22600     |      61.05       |      13.75      
   22601     |      48.21       |      15.19      
   22602     |      73.39       |      13.92      
   22603     |      66.38       |      10.08      
   22604     |      48.88       |      12.90      
   22605     |      58.14       |      11.41      
   22606     |      45.58       |      27.07      
   22607     |      36.94       |      30.07      
   22608     |      44.56       |      32.90      
   22609     |      49.48       |      29.17      
   22610     |      47.12       |      27.76      
   22611     |      49.58       |      10.40      
   22612     |      55.10       |      20.67      
   22613     |      57.75       |       6.49      
   22614     |      61.02       |       7.80      
   22615     |      51.56       |      17.49      
   22616     |      58.89       |      21.04      
   22617     |      54.20       |      21.90      
   22618     |      59.65       |      24.71      
   22619     |      61.59       |      18.32      
   22620     |      56.59       |      15.41      
   22621     |      59.03       |      15.33      
   22661     |      57.93       |      15.09      
   22662     |      49.07       |      16.32      
   22663     |      45.23       |      20.80      
   22664     |      49.97       |      17.93      
   22665     |      46.80       |      15.50      
   22666     |      59.68       |      16.89      
   22667     |      56.57       |       5.76      
   22668     |      49.23       |      12.37      
   22669     |      59.29       |      11.76      
   22670     |      59.59       |      11.55      
   22671     |      58.15       |      11.60      
   22672     |      42.55       |      24.41      
   22673     |      37.24       |      27.73      
   22674     |      48.75       |      23.37      
   22675     |      53.06       |      16.41      
   22676     |      44.39       |      19.81      
   22677     |      50.91       |      20.81      
   22678     |      43.36       |      22.12      
   22679     |      44.62       |      23.42      
   22680     |      65.34       |      10.84      
   22681     |      71.63       |      15.41      
   22682     |      64.53       |       5.88      
   22683     |      55.15       |       4.23      
   22684     |      56.33       |       3.08      
   22685     |      50.90       |       8.62      
   22686     |      54.88       |      10.31      
   22687     |      53.29       |      10.92      
   22688     |      60.76       |      21.43      
   22689     |      56.06       |      21.28      
   22690     |      57.40       |      19.19      
   22691     |      62.26       |      21.04      
   22692     |      60.70       |      23.46      
   22693     |      59.19       |      22.48      
   22742     |      53.74       |       7.43      
   22743     |      40.61       |      22.46      
   22744     |      53.71       |      11.20      
   22745     |      50.87       |      14.11      
   22746     |      52.25       |      24.57      
   22747     |      60.58       |      23.61      
   22748     |      66.91       |      18.42      
   22749     |      58.27       |      13.35      
   22750     |      59.35       |      10.95      
   22751     |      48.90       |      15.23      
   22752     |      49.70       |      22.02      
   22753     |      47.70       |      23.37      
   22754     |      61.87       |       6.20      
   22755     |      48.53       |      10.77      
   22798     |      41.05       |      23.05      
   22799     |      68.05       |      14.98      
   22800     |      59.58       |      18.73      
   22801     |      59.08       |      18.21      
   22802     |      63.93       |      13.42      
   22803     |      58.08       |      16.46      
   22804     |      51.30       |      11.31      
   22805     |      55.80       |       8.88      
   22806     |      53.30       |      16.52      
   22807     |      50.07       |       9.54      
   22808     |      47.18       |      12.67      
   22809     |      54.25       |       7.11      
   22810     |      54.34       |       7.22      
   22811     |      57.50       |       7.84      
   22812     |      51.23       |      13.57      
   22813     |      55.19       |      13.67      
   22869     |      38.29       |      22.10      
   22870     |      41.26       |      19.92      
   22871     |      50.60       |       9.81      
   22872     |      52.67       |       8.80      
   22873     |      53.50       |       7.72      
   22874     |      40.20       |      21.23      
   22875     |      40.56       |      21.07      
   22876     |      55.84       |       8.08      
   22877     |      67.80       |       7.71      
   22878     |      58.58       |      11.61      
   22879     |      56.72       |      10.75      
   22880     |      67.60       |      17.91      
   22881     |      61.20       |      25.41      
   22882     |      56.92       |      24.63      
   22883     |      63.26       |      20.02      
   22884     |      53.61       |      16.71      
   22885     |      54.84       |      10.30      
   22886     |      41.97       |      20.12      
   22887     |      44.36       |      22.98      
   22888     |      34.59       |      26.47      
   22889     |      50.47       |      11.45      
   22890     |      51.94       |      11.13      
   22891     |      56.65       |      13.92      
   22892     |      58.30       |      12.83      
   22893     |      46.62       |      16.01      
   22894     |      49.69       |      16.34      
   22895     |      55.15       |       4.10      
   22896     |      52.60       |       7.86      
   22897     |      49.95       |       9.98      
   22898     |      56.13       |      11.28      
   22945     |      40.77       |      20.17      
   22946     |      41.30       |      19.68      
   22947     |      50.04       |      10.55      
   22948     |      47.18       |      13.70      
   22949     |      58.53       |      11.43      
   22950     |      55.17       |      13.18      
   22951     |      61.76       |       7.72      
   22952     |      53.59       |      10.38      
   22953     |      48.69       |      19.80      
   22954     |      43.79       |      22.47      
   22955     |      58.93       |       8.67      
   22956     |      52.05       |      13.88      
   22957     |      55.17       |      13.28      
   22958     |      69.65       |      17.95      
   22959     |      71.74       |      18.45      
   22960     |      60.31       |       7.12      
   22961     |      60.30       |       3.62      
   22962     |      51.45       |       9.03      
   22963     |      51.76       |       7.49      
   22964     |      51.35       |       7.87      
   23008     |      43.93       |      16.27      
   23009     |      48.18       |      12.12      
   23010     |      55.95       |       4.54      
   23011     |      46.87       |      15.31      
   23012     |      56.64       |       4.83      
   23013     |      64.97       |       8.07      
   23014     |      61.37       |       7.37      
   23015     |      45.54       |      18.19      
   23016     |      47.71       |      14.37      
   23017     |      49.03       |      22.80      
   23018     |      50.80       |      22.36      
   23019     |      46.40       |      20.89      
   23020     |      63.14       |      18.20      
   23021     |      73.88       |      16.90      
   23022     |      72.95       |      16.29      
   23023     |      72.80       |      16.25      
   23024     |      55.35       |      11.87      
   23025     |      46.38       |      15.33      
   23026     |      60.29       |       2.26      
   23027     |      61.31       |       2.72      
   23028     |      63.49       |       5.43      
   23029     |      51.99       |       7.07      
   23081     |      33.40       |      29.91      
   23082     |      46.55       |      20.46      
   23083     |      59.12       |       9.40      
   23084     |      48.02       |      19.31      
   23085     |      42.75       |      18.76      
   23086     |      41.55       |      19.78      
   23087     |      47.98       |      11.71      
   23088     |      48.25       |      11.39      
   23089     |      48.08       |      13.68      
   23090     |      46.70       |      17.01      
   23091     |      51.79       |      12.32      
   23092     |      59.31       |       3.17      
   23093     |      54.65       |       5.54      
   23094     |      51.50       |      10.88      
   23095     |      57.46       |       9.95      
   23096     |      64.42       |       5.50      
   23097     |      63.92       |       5.04      
   23098     |      49.58       |       9.73      
   23099     |      50.09       |       9.19      
   23100     |      52.89       |       8.20      
   23101     |      54.74       |      10.56      
   23102     |      50.27       |      10.89      
   23142     |      61.12       |       7.51      
   23143     |      53.31       |       8.21      
   23144     |      50.65       |      10.80      
   23145     |      44.01       |      16.56      
   23146     |      46.72       |      13.85      
   23147     |      61.13       |       8.75      
   23148     |      55.76       |       5.83      
   23149     |      60.73       |       3.83      
   23150     |      48.33       |      20.20      
   23151     |      48.31       |      11.73      
   23152     |      47.00       |      12.98      
   23153     |      40.97       |      19.55      
   23154     |      47.48       |      13.68      
   23155     |      57.17       |       6.88      
   23156     |      72.18       |      13.38      
   23157     |      77.22       |      17.82      
   23158     |      67.08       |      10.70      
   23159     |      49.96       |       9.21      
   23160     |      56.64       |       4.28      
   23201     |      28.99       |      31.41      
   23202     |      48.82       |      11.54      
   23203     |      55.79       |      14.78      
   23204     |      43.40       |      18.46      
   23205     |      49.95       |      10.54      
   23206     |      56.88       |       6.68      
   23207     |      53.65       |       8.63      
   23208     |      44.49       |      15.45      
   23209     |      54.91       |       7.50      
   23210     |      60.56       |       7.69      
   23211     |      52.35       |       6.94      
   23212     |      56.97       |       7.51      
   23213     |      56.48       |       7.59      
   23214     |      62.00       |       4.24      
   23215     |      56.39       |       2.97      
   23216     |      55.66       |       4.45      
   23217     |      50.15       |       9.26      
   23218     |      49.45       |       9.64      
   23260     |      50.83       |      11.40      
   23261     |      59.13       |       2.92      
   23262     |      53.39       |       7.01      
   23263     |      52.99       |       7.36      
   23264     |      57.77       |      15.16      
   23265     |      65.09       |      12.56      
   23266     |      55.69       |      13.15      
   23267     |      49.94       |      17.27      
   23268     |      58.64       |      19.24      
   23269     |      45.11       |      17.36      
   23270     |      42.91       |      18.94      
   23271     |      57.84       |       2.02      
   23272     |      39.40       |      21.04      
   23273     |      50.59       |      23.26      
   23274     |      73.47       |      15.27      
   23275     |      69.77       |      10.40      
   23276     |      69.78       |      10.42      
   23277     |      57.46       |      10.67      
   23278     |      49.43       |       9.90      
   23279     |      52.33       |       7.30      
   23280     |      59.17       |      11.34      
   23281     |      58.94       |      11.51      
   23282     |      56.14       |       9.57      
   23283     |      48.41       |      18.54      
   23324     |      44.20       |      17.38      
   23325     |      48.90       |      12.95      
   23326     |      54.24       |      12.18      
   23327     |      61.55       |      18.92      
   23328     |      62.96       |      18.65      
   23329     |      55.31       |       5.15      
   23330     |      51.56       |       8.40      
   23331     |      59.83       |      10.66      
   23332     |      57.14       |      12.56      
   23333     |      50.17       |      12.31      
   23334     |      41.36       |      18.85      
   23335     |      40.78       |      20.76      
   23336     |      58.46       |       3.34      
   23337     |      64.90       |       5.41      
   23338     |      50.87       |      12.04      
   23339     |      63.98       |       4.82      
   23340     |      59.12       |      10.68      
   23341     |      68.41       |      14.24      
   23342     |      66.15       |      17.10      
   23343     |      69.24       |      16.40      
   23344     |      48.70       |      10.96      
   23345     |      50.78       |      10.60      
   23396     |      42.63       |      17.69      
   23397     |      50.95       |      14.48      
   23398     |      54.21       |      13.33      
   23399     |      45.65       |      20.20      
   23400     |      51.78       |      16.95      
   23401     |      46.37       |      16.32      
   23402     |      41.12       |      22.05      
   23403     |      58.45       |       4.20      
   23404     |      65.87       |       6.13      
   23405     |      58.02       |       2.59      
   23406     |      60.54       |       3.34      
   23407     |      66.06       |       7.05      
   23408     |      60.95       |       3.43      
   23409     |      43.55       |      20.81      
   23410     |      54.40       |       5.35      
   23411     |      45.70       |      16.69      
   23412     |      58.84       |       7.40      
   23413     |      66.97       |      19.02      
   23414     |      56.88       |      17.06      
   23415     |      70.16       |      14.07      
   23416     |      51.51       |      11.81      
   23417     |      47.75       |      15.29      
   23418     |      59.73       |      15.36      
   23419     |      61.04       |      16.51      
   23420     |      45.91       |      17.11      
   23421     |      44.59       |      17.75      
   23461     |      45.82       |      26.53      
   23462     |      51.62       |      24.25      
   23463     |      44.59       |      18.51      
   23464     |      48.76       |      13.32      
   23465     |      49.55       |      10.52      
   23466     |      51.87       |       8.17      
   23467     |      55.59       |       4.25      
   23468     |      43.09       |      20.42      
   23469     |      50.47       |      18.34      
   23470     |      51.52       |      17.01      
   23471     |      53.16       |       8.72      
   23472     |      56.65       |       7.28      
   23473     |      58.07       |      11.91      
   23474     |      48.52       |      16.27      
   23475     |      60.44       |       5.45      
   23476     |      49.73       |      11.85      
   23477     |      55.32       |       5.33      
   23478     |      62.98       |       5.63      
   23479     |      65.16       |      18.07      
   23480     |      43.63       |      17.26      
   23481     |      55.48       |      20.02      
   23482     |      52.46       |      19.71      
   23521     |      38.18       |      25.45      
   23522     |      39.64       |      22.31      
   23523     |      37.23       |      24.56      
   23524     |      58.92       |      15.62      
   23525     |      50.62       |       9.84      
   23526     |      61.25       |       7.11      
   23527     |      52.51       |       8.01      
   23528     |      61.23       |       3.06      
   23529     |      52.89       |       7.28      
   23530     |      45.76       |      21.52      
   23531     |      43.34       |      21.03      
   23532     |      54.42       |       9.51      
   23533     |      62.00       |       7.04      
   23534     |      52.14       |      11.26      
   23535     |      54.24       |      19.45      
   23536     |      61.30       |      25.64      
   23537     |      56.98       |      23.72      
   23538     |      56.16       |       5.00      
   23585     |      45.29       |      19.81      
   23586     |      49.50       |      11.20      
   23587     |      55.21       |       5.79      
   23588     |      49.98       |      10.49      
   23589     |      68.72       |       9.22      
   23590     |      64.27       |       5.22      
   23591     |      46.60       |      20.31      
   23592     |      51.11       |      10.69      
   23593     |      56.16       |       3.93      
   23594     |      48.66       |      11.79      
   23595     |      50.29       |      11.69      
   23596     |      61.10       |       8.38      
   23597     |      63.94       |       6.20      
   23598     |      51.16       |      15.48      
   23599     |      54.60       |      15.71      
   23600     |      67.84       |      15.52      
   23601     |      55.09       |       4.31      
   23602     |      46.18       |      14.85      
   23603     |      55.06       |      13.99      
   23604     |      56.76       |      13.13      
   23605     |      44.12       |      19.03      
   23606     |      43.47       |      19.28      
   23607     |      47.58       |      21.38      
   23608     |      59.49       |      23.22      
   23609     |      67.47       |      18.18      
   23610     |      62.07       |      13.61      
   23611     |      65.27       |      13.91      
   23649     |      53.64       |      11.97      
   23650     |      51.97       |       9.70      
   23651     |      50.03       |      10.99      
   23652     |      64.85       |       9.30      
   23653     |      55.57       |      17.31      
   23654     |      58.82       |      16.68      
   23655     |      63.45       |       3.59      
   23656     |      44.81       |      17.96      
   23657     |      46.62       |      20.42      
   23658     |      50.12       |      12.77      
   23659     |      53.08       |       9.09      
   23660     |      47.90       |      12.74      
   23661     |      50.82       |       9.85      
   23662     |      48.24       |      13.37      
   23663     |      57.12       |       6.88      
   23664     |      49.76       |       9.98      
   23665     |      63.60       |       4.24      
   23666     |      60.18       |       1.53      
   23667     |      51.33       |       8.17      
   23668     |      52.84       |       7.05      
   23669     |      70.12       |      10.78      
   23670     |      65.86       |       8.16      
   23671     |      47.67       |      13.45      
   23672     |      66.76       |       8.61      
   23673     |      57.70       |      10.26      
   23674     |      58.27       |      10.20      
   23675     |      64.91       |      18.27      
   23724     |      54.21       |       6.60      
   23725     |      67.26       |       8.54      
   23726     |      44.23       |      21.98      
   23727     |      41.83       |      20.76      
   23728     |      48.66       |      11.65      
   23729     |      64.46       |       5.66      
   23730     |      50.84       |      11.57      
   23731     |      53.39       |      11.87      
   23732     |      49.48       |      11.91      
   23733     |      38.49       |      21.66      
   23734     |      63.40       |      11.01      
   23735     |      52.02       |      12.56      
   23736     |      48.62       |      12.28      
   23737     |      57.58       |      12.33      
   23738     |      67.84       |      13.23      
   23739     |      44.54       |      14.83      
   23740     |      45.01       |      14.30      
   23741     |      56.71       |      13.18      
   23742     |      51.23       |      16.20      
   23743     |      44.61       |      16.16      
   23744     |      51.57       |      11.66      
   23792     |      53.35       |      18.19      
   23793     |      52.73       |      18.99      
   23794     |      40.96       |      27.34      
   23795     |      48.82       |      11.55      
   23796     |      63.12       |       6.09      
   23797     |      50.06       |      13.86      
   23798     |      53.43       |      11.86      
   23799     |      57.95       |       2.78      
   23800     |      44.88       |      21.32      
   23801     |      51.21       |      13.41      
   23802     |      69.04       |      10.99      
   23803     |      56.10       |       5.24      
   23804     |      54.55       |      11.45      
   23805     |      59.91       |      11.14      
   23806     |      57.61       |       8.96      
   23807     |      58.84       |       8.38      
   23808     |      59.88       |       2.33      
   23809     |      51.41       |       8.20      
   23810     |      53.10       |       7.03      
   23811     |      50.55       |      10.44      
   23812     |      60.36       |       4.74      
   23853     |      51.10       |       9.76      
   23854     |      45.11       |      15.25      
   23855     |      49.50       |      10.64      
   23856     |      53.31       |       6.85      
   23857     |      44.03       |      18.36      
   23858     |      43.32       |      18.50      
   23859     |      49.58       |      10.55      
   23860     |      52.42       |       7.30      
   23861     |      69.06       |      10.74      
   23862     |      54.98       |       6.33      
   23863     |      60.11       |       1.47      
   23864     |      44.98       |      14.75      
   23865     |      50.44       |      11.92      
   23866     |      41.65       |      17.57      
   23867     |      47.04       |      18.28      
   23868     |      51.67       |       7.96      
   23869     |      51.23       |       8.25      
   23870     |      60.04       |       1.39      
   23921     |      31.39       |      29.00      
   23922     |      38.05       |      23.13      
   23923     |      63.47       |       7.01      
   23924     |      52.34       |       7.95      
   23925     |      55.12       |       8.64      
   23926     |      53.14       |       9.20      
   23927     |      54.30       |      14.06      
   23928     |      57.76       |      11.20      
   23929     |      44.81       |      14.99      
   23930     |      47.62       |      12.17      
   23931     |      60.32       |       6.22      
   23932     |      63.75       |       4.58      
   23933     |      56.78       |       3.34      
   23934     |      63.60       |       6.05      
   23935     |      55.85       |      12.95      
   23936     |      60.78       |      12.34      
   23937     |      56.56       |      15.13      
   23938     |      49.32       |      16.25      
   23939     |      54.72       |       7.21      
   23940     |      55.59       |      10.71      
   23941     |      40.55       |      20.66      
   23942     |      64.45       |       5.61      
   23985     |      39.10       |      21.53      
   23986     |      50.89       |       9.78      
   23987     |      49.09       |      11.77      
   23988     |      45.90       |      24.42      
   23989     |      63.09       |      17.98      
   23990     |      53.64       |      13.52      
   23991     |      45.90       |      14.44      
   23992     |      45.90       |      14.41      
   23993     |      53.12       |       9.29      
   23994     |      59.33       |       7.04      
   23995     |      52.93       |      10.29      
   23996     |      54.10       |       9.48      
   23997     |      57.78       |      10.59      
   23998     |      50.21       |      17.51      
   23999     |      52.97       |       6.93      
   24000     |      45.52       |      15.87      
   24001     |      54.23       |      14.25      
   24002     |      57.88       |       9.95      
   24003     |      55.56       |      11.18      
   24004     |      41.09       |      23.13      
   24005     |      55.42       |      11.74      
   24006     |      47.11       |      12.34      
   24053     |      37.41       |      26.16      
   24054     |      55.58       |      19.30      
   24055     |      49.23       |      34.71      
   24056     |      66.38       |      23.73      
   24057     |      51.98       |      18.19      
   24058     |      61.74       |       2.16      
   24059     |      42.75       |      17.30      
   24060     |      47.34       |      12.76      
   24061     |      57.40       |       3.53      
   24062     |      46.74       |      13.10      
   24063     |      51.32       |      16.15      
   24064     |      65.31       |       9.78      
   24065     |      69.69       |      15.24      
   24066     |      60.50       |      13.94      
   24067     |      51.24       |      12.85      
   24068     |      49.18       |      17.27      
   24069     |      49.09       |      17.05      
   24070     |      52.70       |       9.51      
   24071     |      42.06       |      20.05      
   24072     |      49.16       |      20.06      
   24073     |      48.54       |      20.28      
   24113     |      72.17       |      33.42      
   24114     |      53.10       |      20.52      
   24115     |      47.22       |      14.54      
   24116     |      55.36       |      10.20      
   24117     |      46.48       |      21.16      
   24118     |      51.56       |      20.40      
   24119     |      56.19       |      16.51      
   24120     |      44.08       |      16.18      
   24121     |      63.73       |       4.83      
   24122     |      63.98       |       5.17      
   24123     |      67.70       |       8.80      
   24124     |      70.60       |      12.21      
   24125     |      71.44       |      13.11      
   24126     |      54.08       |       8.42      
   24127     |      50.48       |      12.42      
   24128     |      43.87       |      18.62      
   24129     |      53.81       |      10.25      
   24130     |      59.28       |      12.66      
   24131     |      50.44       |      15.51      
   24132     |      57.40       |      26.07      
   24183     |      51.35       |      29.71      
   24184     |      39.32       |      27.06      
   24185     |      47.27       |      17.59      
   24186     |      41.74       |      19.50      
   24187     |      51.93       |      17.59      
   24188     |      47.73       |      17.34      
   24189     |      57.41       |       4.22      
   24190     |      64.65       |       9.74      
   24191     |      63.20       |      11.38      
   24192     |      50.70       |      17.58      
   24193     |      47.95       |      17.65      
   24194     |      52.05       |       9.37      
   24195     |      67.07       |       7.70      
   24196     |      53.13       |       6.73      
   24197     |      46.35       |      13.38      
   24198     |      53.84       |      19.43      
   24199     |      49.13       |      18.79      
   24200     |      49.96       |      19.34      
   24201     |      55.27       |      16.79      
   24202     |      59.34       |      21.51      
   24253     |      73.27       |      23.12      
   24254     |      49.90       |      34.86      
   24255     |      62.33       |      28.29      
   24256     |      42.46       |      20.16      
   24257     |      56.30       |      12.53      
   24258     |      48.52       |      14.48      
   24259     |      54.06       |      10.04      
   24260     |      50.27       |      26.31      
   24261     |      51.00       |      26.27      
   24262     |      47.01       |      24.51      
   24263     |      45.06       |      25.29      
   24264     |      48.46       |      21.03      
   24265     |      48.31       |      18.00      
   24266     |      67.39       |       9.11      
   24267     |      61.51       |       9.68      
   24268     |      54.44       |      12.66      
   24269     |      47.79       |      13.81      
   24270     |      45.35       |      16.44      
   24271     |      56.93       |       8.59      
   24272     |      59.68       |       6.47      
   24273     |      72.17       |      19.48      
   24274     |      54.43       |      16.86      
   24275     |      50.77       |      23.09      
   24276     |      50.12       |      22.79      
   24277     |      57.21       |      13.12      
   24326     |      46.56       |      19.82      
   24327     |      40.07       |      29.50      
   24328     |      50.06       |      29.95      
   24329     |      53.73       |      25.94      
   24330     |      44.51       |      26.75      
   24331     |      64.45       |      12.79      
   24332     |      67.47       |      17.31      
   24333     |      47.79       |      21.02      
   24334     |      55.91       |      14.74      
   24335     |      71.41       |      11.96      
   24336     |      62.31       |       3.99      
   24337     |      53.54       |      11.32      
   24338     |      47.29       |      14.77      
   24339     |      59.29       |      13.41      
   24340     |      72.51       |      19.33      
   24341     |      55.20       |      17.37      
   24342     |      55.84       |      17.39      
   24343     |      54.70       |      22.32      
   24344     |      64.08       |      17.23      
   24387     |      66.94       |      13.61      
   24388     |      53.89       |      13.33      
   24389     |      43.58       |      27.04      
   24390     |      44.60       |      20.80      
   24391     |      34.24       |      26.23      
   24392     |      50.07       |      11.90      
   24393     |      62.25       |      13.87      
   24394     |      50.14       |      29.69      
   24395     |      53.71       |      19.23      
   24396     |      66.10       |       6.68      
   24397     |      70.09       |      11.16      
   24398     |      64.52       |      20.35      
   24399     |      53.59       |       7.75      
   24400     |      70.28       |      11.37      
   24401     |      58.84       |       1.65      
   24402     |      57.76       |       2.35      
   24403     |      51.48       |      19.43      
   24404     |      51.81       |      19.46      
   24405     |      66.52       |      10.91      
   24406     |      59.47       |       9.28      
   24407     |      55.48       |      16.52      
   24408     |      50.32       |      17.71      
   24409     |      48.57       |      19.70      
   24410     |      55.07       |      19.01      
   24411     |      54.08       |      20.60      
   24412     |      59.70       |      23.26      
   24445     |      57.56       |      23.77      
   24446     |      44.03       |      27.31      
   24447     |      46.20       |      24.25      
   24448     |      49.36       |      23.47      
   24449     |      31.28       |      33.45      
   24450     |      53.77       |      11.72      
   24451     |      42.23       |      27.82      
   24452     |      45.33       |      23.53      
   24453     |      48.77       |      13.62      
   24454     |      58.43       |       6.63      
   24455     |      47.13       |      19.85      
   24456     |      46.38       |      19.84      
   24457     |      53.17       |      12.75      
   24458     |      53.54       |      13.02      
   24459     |      59.35       |       9.94      
   24460     |      68.58       |      11.90      
   24461     |      61.39       |       8.07      
   24462     |      47.16       |      13.25      
   24463     |      69.30       |      10.41      
   24464     |      68.71       |      16.62      
   24465     |      56.83       |      15.50      
   24466     |      66.36       |      16.26      
   24467     |      60.56       |      18.96      
   24515     |      43.63       |      21.08      
   24516     |      41.13       |      35.48      
   24517     |      80.68       |      27.86      
   24518     |      64.88       |      29.00      
   24519     |      54.24       |      25.41      
   24520     |      43.45       |      23.25      
   24521     |      49.99       |      26.29      
   24522     |      46.54       |      24.11      
   24523     |      51.13       |      17.96      
   24524     |      61.31       |       1.88      
   24525     |      50.34       |       9.11      
   24526     |      39.34       |      20.09      
   24527     |      53.35       |       9.31      
   24528     |      75.81       |      20.56      
   24529     |      70.84       |      17.25      
   24530     |      47.51       |      17.12      
   24531     |      52.32       |      11.87      
   24570     |      46.83       |      23.10      
   24571     |      43.75       |      28.37      
   24572     |      44.36       |      27.72      
   24573     |      48.64       |      42.99      
   24574     |      74.78       |      41.16      
   24575     |      43.86       |      20.17      
   24576     |      40.12       |      22.93      
   24577     |      44.73       |      23.46      
   24578     |      60.70       |      27.90      
   24579     |      58.65       |      27.95      
   24580     |      74.21       |      23.39      
   24581     |      59.74       |      11.91      
   24582     |      44.75       |      25.86      
   24583     |      59.20       |       9.88      
   24584     |      61.19       |       7.46      
   24585     |      62.48       |       9.60      
   24586     |      67.53       |       8.53      
   24587     |      46.22       |      13.25      
   24588     |      60.32       |       1.52      
   24589     |      83.54       |      24.70      
   24590     |      54.49       |      14.81      
   24591     |      46.80       |      20.78      
   24592     |      52.42       |      15.33      
   24636     |      49.51       |      19.28      
   24637     |      47.18       |      22.02      
   24638     |      50.25       |      33.74      
   24639     |      53.64       |      22.19      
   24640     |      43.80       |      31.30      
   24641     |      53.90       |      31.92      
   24642     |      59.58       |      11.49      
   24643     |      45.05       |      28.07      
   24644     |      61.21       |      25.21      
   24645     |      63.08       |      24.50      
   24646     |      53.99       |      23.51      
   24647     |      61.96       |      14.41      
   24648     |      58.54       |      10.03      
   24649     |      49.62       |      16.20      
   24650     |      39.88       |      20.87      
   24651     |      40.19       |      20.45      
   24652     |      54.48       |       7.95      
   24653     |      53.68       |      17.95      
   24654     |      53.56       |      25.84      
   24655     |      67.39       |      22.33      
   24656     |      63.96       |      19.27      
   24657     |      52.88       |      18.52      
   24658     |      42.59       |      18.91      
   24698     |      54.11       |      33.41      
   24699     |      60.46       |      14.60      
   24700     |      44.23       |      18.74      
   24701     |      45.88       |      28.92      
   24702     |      53.09       |      28.54      
   24703     |      52.82       |      28.95      
   24704     |      51.67       |      27.93      
   24705     |      55.86       |      24.23      
   24706     |      54.60       |      24.23      
   24707     |      54.37       |      11.94      
   24708     |      45.82       |      28.31      
   24709     |      48.30       |      32.80      
   24710     |      57.25       |      31.51      
   24711     |      55.23       |      24.65      
   24712     |      61.07       |      27.61      
   24713     |      43.71       |      31.43      
   24714     |      31.32       |      32.22      
   24715     |      56.40       |      12.06      
   24716     |      60.37       |      13.58      
   24717     |      82.71       |      25.80      
   24718     |      85.57       |      27.66      
   24719     |      71.53       |      15.15      
   24720     |      64.03       |       8.53      
   24721     |      56.15       |      16.96      
   24722     |      42.96       |      18.07      
   24758     |      48.42       |      22.27      
   24759     |      60.94       |      20.65      
   24760     |      46.14       |      30.63      
   24761     |      56.29       |      29.64      
   24762     |      56.21       |      29.69      
   24763     |      42.50       |      28.43      
   24764     |      46.31       |      19.91      
   24765     |      56.97       |      18.42      
   24766     |      42.24       |      29.62      
   24767     |      52.71       |      15.33      
   24768     |      54.49       |      23.98      
   24769     |      58.40       |      26.05      
   24770     |      61.28       |      22.16      
   24771     |      54.49       |      21.99      
   24772     |      62.65       |      26.20      
   24773     |      34.85       |      33.89      
   24774     |      39.23       |      32.98      
   24775     |      57.85       |      23.63      
   24776     |      64.74       |       9.87      
   24777     |      55.78       |       7.50      
   24778     |      58.93       |      11.25      
   24779     |      60.74       |      10.54      
   24780     |      47.06       |      13.53      
   24781     |      62.73       |      20.04      
   24820     |      56.43       |      13.50      
   24821     |      56.91       |      16.98      
   24822     |      46.79       |      24.32      
   24823     |      42.93       |      29.52      
   24824     |      50.10       |      20.72      
   24825     |      53.47       |      23.61      
   24826     |      61.71       |      26.28      
   24827     |      51.92       |      27.45      
   24828     |      60.53       |      30.61      
   24829     |      50.55       |      30.12      
   24830     |      55.06       |      24.83      
   24831     |      63.74       |      32.08      
   24832     |      60.21       |      36.27      
   24833     |      51.32       |      33.05      
   24834     |      63.31       |      26.32      
   24835     |      78.39       |      32.09      
   24836     |      79.77       |      33.94      
   24837     |      63.47       |      26.42      
   24838     |      54.05       |      12.85      
   24839     |      60.90       |      15.13      
   24840     |      58.88       |      16.85      
   24874     |      56.50       |      13.83      
   24875     |      57.14       |      23.72      
   24876     |      58.18       |      34.99      
   24877     |      40.05       |      36.80      
   24878     |      53.30       |      33.59      
   24879     |      57.94       |      28.26      
   24880     |      47.47       |      27.83      
   24881     |      47.73       |      25.15      
   24882     |      42.24       |      30.44      
   24883     |      60.78       |      28.11      
   24884     |      55.31       |      31.11      
   24885     |      60.92       |      30.06      
   24886     |      61.94       |      25.16      
   24887     |      44.88       |      25.21      
   24888     |      60.25       |      18.57      
   24889     |      54.63       |      15.48      
   24890     |      44.43       |      37.20      
   24891     |      55.82       |      37.90      
   24892     |      80.31       |      40.52      
   24893     |      60.89       |      33.22      
   24894     |      51.65       |      25.60      
   24895     |      56.98       |      22.93      
   24896     |      54.96       |      21.57      
   24897     |      62.09       |      20.78      
   24898     |      58.30       |      19.68      
   24941     |      64.96       |      18.32      
   24942     |      60.56       |      28.10      
   24943     |      56.48       |      27.57      
   24944     |      54.58       |      28.61      
   24945     |      63.72       |      30.36      
   24946     |      48.19       |      42.47      
   24947     |      53.94       |      42.59      
   24948     |      46.87       |      19.86      
   24949     |      48.04       |      25.53      
   24950     |      60.03       |      24.65      
   24951     |      61.83       |      25.18      
   24952     |      68.98       |      46.61      
   24953     |      60.26       |      35.06      
   24954     |      52.71       |      22.56      
   24955     |      46.49       |      23.91      
   24956     |      56.25       |      18.00      
   24995     |      62.18       |      14.25      
   24996     |      59.74       |      25.64      
   24997     |      48.95       |      30.61      
   24998     |      52.02       |      39.75      
   24999     |      50.43       |      30.10      
   25000     |      54.85       |      30.28      
   25001     |      48.17       |      33.16      
   25002     |      45.94       |      32.52      
   25003     |      58.81       |      26.15      
   25004     |      58.78       |      26.14      
   25005     |      54.81       |      32.66      
   25006     |      56.17       |      32.48      
   25007     |      57.36       |      34.62      
   25008     |      54.15       |      34.85      
   25009     |      59.08       |      32.70      
   25010     |      67.12       |      38.84      
   25011     |      54.88       |      32.08      
   25012     |      39.33       |      34.22      
   25013     |      66.80       |      22.31      
   25014     |      56.61       |      20.30      
   25042     |      56.66       |      32.09      
   25043     |      36.79       |      38.95      
   25044     |      43.25       |      24.61      
   25045     |      42.11       |      24.99      
   25046     |      46.59       |      27.64      
   25047     |      57.58       |      27.90      
   25048     |      62.27       |      30.68      
   25049     |      53.35       |      25.63      
   25050     |      59.29       |      23.51      
   25051     |      63.59       |      25.38      
   25052     |      49.86       |      29.88      
   25053     |      45.11       |      32.56      
   25054     |      57.35       |      34.98      
   25055     |      63.88       |      32.12      
   25056     |      73.91       |      37.00      
   25057     |      59.33       |      31.46      
   25058     |      48.95       |      33.79      
   25059     |      62.73       |      22.75      
   25060     |      61.40       |      25.34      
   25061     |      53.85       |      23.15      
   25062     |      57.11       |      21.70      
   25108     |      74.08       |      22.26      
   25109     |      61.94       |      13.40      
   25110     |      57.09       |      27.20      
   25111     |      62.51       |      28.43      
   25112     |      56.59       |      22.79      
   25113     |      54.17       |      24.14      
   25114     |      52.46       |      28.25      
   25115     |      59.30       |      32.88      
   25116     |      70.52       |      29.42      
   25117     |      42.46       |      37.69      
   25118     |      44.87       |      38.00      
   25119     |      59.83       |      35.14      
   25120     |      62.79       |      31.34      
   25121     |      70.68       |      34.68      
   25122     |      61.56       |      34.73      
   25123     |      54.88       |      30.36      
   25167     |      48.51       |      21.26      
   25168     |      55.99       |      19.64      
   25169     |      49.32       |      15.67      
   25170     |      37.00       |      28.45      
   25171     |      46.33       |      26.56      
   25172     |      59.99       |      31.12      
   25173     |      55.59       |      32.19      
   25174     |      60.68       |      20.47      
   25175     |      52.48       |      20.97      
   25176     |      49.10       |      26.36      
   25177     |      54.07       |      32.32      
   25178     |      59.60       |      30.85      
   25179     |      56.90       |      28.83      
   25180     |      59.33       |      31.28      
   25181     |      51.45       |      29.20      
   25182     |      50.72       |      43.13      
   25183     |      59.34       |      40.64      
   25184     |      64.77       |      36.44      
   25185     |      50.29       |      36.52      
