=== Visibility Analysis Summary ===
Total patches: 49152
Geometric visible: 2806 (5.7%)
Light illuminated: 2806 (100.0% of geometric)
Reflection conditions met: 2806 (100.0% of geometric)
Light unoccluded: 2806 (100.0% of geometric)
Final visible: 2806 (5.7% of total)
Visible area: 453.36 (5.7% of total area)

=== Detailed Visibility Information ===
Patch Index  | Incidence Angle  |  Viewing Angle  
-------------+------------------+-----------------
   42619     |      41.71       |      27.32      
   42673     |      49.68       |      36.34      
   42674     |      54.23       |      41.91      
   42675     |      38.40       |      24.11      
   42676     |      49.31       |      35.06      
   42677     |      47.75       |      33.37      
   42678     |      39.41       |      25.05      
   42753     |      37.01       |      23.35      
   42754     |      39.33       |      24.86      
   42755     |      42.74       |      28.24      
   42756     |      41.46       |      27.01      
   42804     |      49.66       |      36.47      
   42805     |      36.24       |      21.92      
   42862     |      45.92       |      32.58      
   42863     |      45.36       |      31.10      
   42864     |      39.84       |      25.34      
   42865     |      32.08       |      17.64      
   42866     |      37.71       |      24.25      
   42867     |      43.06       |      28.57      
   42868     |      36.51       |      22.16      
   42869     |      43.57       |      29.18      
   42913     |      46.66       |      32.56      
   42914     |      44.80       |      30.46      
   42915     |      39.15       |      24.99      
   42916     |      44.04       |      30.15      
   42917     |      45.29       |      31.26      
   42918     |      43.28       |      28.69      
   42919     |      45.04       |      30.71      
   42920     |      44.66       |      30.87      
   42921     |      47.43       |      32.80      
   42976     |      43.91       |      29.51      
   42977     |      45.71       |      31.93      
   42978     |      45.13       |      30.76      
   42979     |      44.01       |      29.72      
   42980     |      43.86       |      29.57      
   42981     |      48.25       |      33.65      
   42982     |      47.03       |      32.84      
   42983     |      46.27       |      32.22      
   42984     |      48.14       |      33.57      
   42985     |      44.24       |      30.40      
   42986     |      47.73       |      33.08      
   42987     |      34.14       |      20.98      
   42988     |      36.44       |      22.63      
   42992     |      39.68       |      28.38      
   43035     |      45.98       |      32.61      
   43036     |      29.66       |      16.16      
   43037     |      31.05       |      17.98      
   43038     |      41.08       |      26.49      
   43039     |      49.26       |      34.82      
   43040     |      50.42       |      35.89      
   43041     |      53.43       |      38.91      
   43042     |      52.93       |      38.47      
   43043     |      48.11       |      33.58      
   43044     |      44.54       |      29.99      
   43045     |      38.81       |      24.20      
   43046     |      32.86       |      18.16      
   43047     |      38.55       |      25.18      
   43049     |      49.90       |      37.41      
   43085     |      47.66       |      34.25      
   43086     |      44.04       |      30.09      
   43087     |      44.46       |      30.00      
   43088     |      41.03       |      26.56      
   43089     |      40.77       |      26.24      
   43090     |      41.11       |      27.22      
   43091     |      33.75       |      19.14      
   43092     |      36.84       |      22.54      
   43093     |      46.98       |      32.65      
   43094     |      48.04       |      33.42      
   43095     |      45.76       |      31.10      
   43096     |      46.03       |      31.38      
   43097     |      44.29       |      29.68      
   43098     |      33.96       |      19.27      
   43099     |      39.18       |      25.72      
   43100     |      37.03       |      23.16      
   43101     |      34.37       |      24.09      
   43102     |      34.74       |      21.68      
   43103     |      34.88       |      22.86      
   43104     |      45.29       |      31.28      
   43105     |      44.77       |      30.59      
   43106     |      42.60       |      29.51      
   43107     |      49.65       |      35.44      
   43108     |      50.55       |      36.70      
   43111     |      45.63       |      38.38      
   43112     |      41.62       |      33.31      
   43115     |      65.08       |      55.20      
   43116     |      65.72       |      56.40      
   43118     |      65.30       |      54.89      
   43119     |      65.41       |      54.54      
   43120     |      54.35       |      42.08      
   43121     |      52.49       |      42.05      
   43122     |      64.02       |      51.19      
   43123     |      61.47       |      49.57      
   43125     |      59.20       |      47.82      
   43148     |      46.79       |      34.65      
   43149     |      46.15       |      31.60      
   43150     |      52.24       |      37.58      
   43151     |      55.08       |      40.42      
   43152     |      54.76       |      40.19      
   43153     |      44.50       |      30.16      
   43154     |      36.75       |      22.01      
   43155     |      31.44       |      17.80      
   43156     |      26.41       |      13.95      
   43157     |      29.93       |      18.95      
   43158     |      37.19       |      22.45      
   43159     |      37.26       |      22.56      
   43160     |      39.80       |      26.99      
   43161     |      39.43       |      27.35      
   43162     |      43.13       |      28.53      
   43163     |      41.07       |      29.12      
   43164     |      46.25       |      32.41      
   43165     |      46.64       |      33.69      
   43166     |      39.70       |      30.10      
   43167     |      46.76       |      39.38      
   43168     |      52.40       |      40.55      
   43169     |      52.26       |      39.68      
   43170     |      51.95       |      39.34      
   43171     |      51.50       |      42.28      
   43172     |      65.21       |      56.67      
   43173     |      62.68       |      52.71      
   43174     |      61.94       |      50.32      
   43175     |      59.44       |      49.79      
   43176     |      66.43       |      55.09      
   43195     |      39.56       |      24.98      
   43196     |      44.98       |      30.70      
   43197     |      43.84       |      29.85      
   43198     |      46.73       |      32.10      
   43199     |      38.19       |      23.44      
   43200     |      39.41       |      24.72      
   43201     |      38.10       |      23.54      
   43202     |      39.39       |      24.62      
   43203     |      47.45       |      33.27      
   43204     |      50.01       |      38.57      
   43205     |      32.91       |      19.34      
   43206     |      43.16       |      29.99      
   43207     |      44.00       |      29.98      
   43208     |      36.39       |      22.84      
   43209     |      37.11       |      24.17      
   43210     |      37.69       |      23.52      
   43211     |      45.81       |      34.13      
   43212     |      45.88       |      32.83      
   43213     |      41.68       |      27.94      
   43214     |      39.24       |      26.41      
   43215     |      50.84       |      40.60      
   43216     |      49.19       |      38.12      
   43217     |      59.78       |      49.41      
   43218     |      59.86       |      48.21      
   43219     |      63.15       |      50.66      
   43220     |      53.48       |      42.98      
   43221     |      58.25       |      47.49      
   43222     |      56.56       |      45.57      
   43223     |      56.45       |      45.22      
   43224     |      56.99       |      45.82      
   43225     |      53.34       |      44.67      
   43226     |      49.27       |      39.06      
   43227     |      50.39       |      40.22      
   43228     |      49.59       |      38.15      
   43258     |      46.74       |      34.60      
   43259     |      39.53       |      27.18      
   43260     |      38.66       |      25.13      
   43261     |      35.27       |      21.33      
   43262     |      35.38       |      20.75      
   43263     |      39.44       |      25.48      
   43264     |      41.37       |      26.85      
   43265     |      40.04       |      25.39      
   43266     |      45.72       |      31.05      
   43267     |      47.18       |      32.91      
   43268     |      44.28       |      29.59      
   43269     |      46.87       |      32.19      
   43270     |      42.20       |      27.49      
   43271     |      44.71       |      29.97      
   43272     |      36.19       |      21.53      
   43273     |      47.19       |      32.95      
   43274     |      49.39       |      38.65      
   43275     |      43.38       |      30.71      
   43276     |      45.18       |      30.82      
   43277     |      41.02       |      27.04      
   43278     |      40.14       |      26.37      
   43279     |      39.22       |      27.60      
   43280     |      38.58       |      25.46      
   43281     |      45.99       |      32.90      
   43282     |      47.93       |      35.78      
   43283     |      48.91       |      37.96      
   43284     |      44.83       |      33.30      
   43285     |      53.28       |      41.71      
   43286     |      53.61       |      43.11      
   43287     |      52.93       |      40.63      
   43288     |      55.25       |      44.08      
   43289     |      60.00       |      50.64      
   43290     |      57.33       |      45.86      
   43291     |      56.14       |      44.36      
   43292     |      57.11       |      47.38      
   43293     |      49.95       |      41.87      
   43294     |      49.81       |      42.62      
   43295     |      37.99       |      29.67      
   43296     |      45.95       |      35.56      
   43318     |      46.86       |      33.27      
   43319     |      52.95       |      38.26      
   43320     |      49.51       |      34.81      
   43321     |      49.38       |      34.72      
   43322     |      46.85       |      32.18      
   43323     |      38.84       |      24.12      
   43324     |      39.04       |      24.32      
   43325     |      38.79       |      24.00      
   43326     |      37.26       |      22.47      
   43327     |      43.11       |      28.30      
   43328     |      42.33       |      27.52      
   43329     |      46.12       |      31.55      
   43330     |      45.28       |      32.03      
   43331     |      40.03       |      26.54      
   43332     |      40.40       |      26.08      
   43333     |      39.82       |      26.34      
   43334     |      39.74       |      25.32      
   43335     |      40.17       |      25.87      
   43336     |      39.45       |      26.32      
   43337     |      38.93       |      25.32      
   43338     |      36.93       |      24.16      
   43339     |      39.73       |      30.10      
   43340     |      24.31       |      15.64      
   43341     |      27.67       |      21.04      
   43342     |      32.05       |      22.55      
   43343     |      31.63       |      22.17      
   43344     |      34.02       |      25.62      
   43345     |      45.81       |      34.02      
   43346     |      54.91       |      44.93      
   43347     |      60.24       |      52.54      
   43348     |      60.13       |      51.73      
   43349     |      58.74       |      48.94      
   43350     |      52.67       |      43.74      
   43351     |      52.67       |      44.10      
   43352     |      49.11       |      42.65      
   43353     |      45.92       |      38.78      
   43354     |      37.57       |      28.69      
   43355     |      45.98       |      36.64      
   43356     |      42.85       |      32.34      
   43377     |      41.64       |      27.34      
   43378     |      42.63       |      28.03      
   43379     |      44.74       |      30.05      
   43380     |      51.52       |      37.69      
   43381     |      56.39       |      41.74      
   43382     |      47.76       |      33.41      
   43383     |      40.81       |      26.04      
   43384     |      39.32       |      24.67      
   43385     |      45.55       |      30.73      
   43386     |      40.97       |      26.44      
   43387     |      38.77       |      25.02      
   43388     |      39.10       |      26.40      
   43389     |      48.58       |      37.86      
   43390     |      48.14       |      35.07      
   43391     |      32.94       |      19.94      
   43392     |      32.66       |      19.41      
   43393     |      23.04       |      19.73      
   43394     |      22.49       |      15.65      
   43395     |      22.90       |      16.18      
   43396     |      33.56       |      19.71      
   43397     |      47.48       |      36.27      
   43398     |      52.06       |      45.18      
   43399     |      47.07       |      37.90      
   43400     |      48.00       |      38.98      
   43401     |      51.52       |      44.28      
   43402     |      44.41       |      36.08      
   43403     |      41.35       |      29.72      
   43404     |      48.43       |      39.24      
   43423     |      45.63       |      32.78      
   43424     |      44.96       |      30.62      
   43425     |      45.41       |      31.06      
   43426     |      47.53       |      33.49      
   43427     |      43.67       |      29.13      
   43428     |      49.39       |      34.71      
   43429     |      37.84       |      23.14      
   43430     |      38.29       |      23.58      
   43431     |      38.54       |      23.81      
   43432     |      44.79       |      30.09      
   43433     |      40.60       |      26.02      
   43434     |      40.19       |      25.50      
   43435     |      43.03       |      28.19      
   43436     |      46.08       |      31.23      
   43437     |      39.87       |      25.14      
   43438     |      42.01       |      27.15      
   43439     |      35.05       |      20.19      
   43440     |      43.58       |      31.36      
   43441     |      37.54       |      23.66      
   43442     |      38.92       |      24.80      
   43443     |      44.85       |      32.51      
   43444     |      39.44       |      26.52      
   43445     |      34.38       |      20.22      
   43446     |      20.94       |      17.19      
   43447     |      25.46       |      14.93      
   43448     |      25.99       |      13.12      
   43449     |      36.45       |      26.10      
   43450     |      41.43       |      33.85      
   43451     |      53.79       |      47.33      
   43452     |      52.63       |      45.73      
   43453     |      43.72       |      39.41      
   43454     |      36.86       |      30.98      
   43455     |      48.39       |      39.37      
   43456     |      46.75       |      35.73      
   43457     |      44.24       |      32.70      
   43490     |      34.68       |      22.27      
   43491     |      35.52       |      23.00      
   43492     |      35.88       |      22.32      
   43493     |      37.86       |      24.46      
   43494     |      38.11       |      25.01      
   43495     |      43.86       |      29.27      
   43496     |      37.79       |      22.93      
   43497     |      37.69       |      22.85      
   43498     |      42.24       |      27.54      
   43499     |      44.05       |      29.16      
   43500     |      31.99       |      17.10      
   43501     |      36.25       |      23.65      
   43502     |      37.51       |      25.31      
   43503     |      38.34       |      24.16      
   43504     |      38.42       |      24.24      
   43505     |      38.43       |      26.75      
   43506     |      33.83       |      19.81      
   43507     |      35.99       |      29.06      
   43508     |      27.46       |      15.90      
   43509     |      33.51       |      28.60      
   43510     |      31.59       |      17.00      
   43511     |      32.60       |      18.77      
   43512     |      42.18       |      34.58      
   43513     |      49.86       |      44.74      
   43514     |      41.77       |      33.94      
   43515     |      41.93       |      34.43      
   43516     |      47.44       |      40.96      
   43517     |      50.87       |      47.29      
   43518     |      41.36       |      37.35      
   43519     |      40.52       |      29.87      
   43520     |      47.37       |      37.26      
   43521     |      48.80       |      39.83      
   43522     |      38.69       |      30.48      
   43523     |      42.54       |      37.23      
   43524     |      40.28       |      35.10      
   43552     |      35.94       |      23.89      
   43553     |      43.53       |      30.58      
   43554     |      39.20       |      24.43      
   43555     |      38.51       |      23.88      
   43556     |      49.82       |      35.11      
   43557     |      43.26       |      28.46      
   43558     |      43.03       |      28.15      
   43559     |      42.31       |      27.46      
   43560     |      34.78       |      20.58      
   43561     |      33.20       |      18.30      
   43562     |      34.13       |      20.08      
   43563     |      34.25       |      19.48      
   43564     |      36.06       |      23.62      
   43565     |      48.27       |      33.24      
   43566     |      62.83       |      48.23      
   43567     |      65.07       |      51.03      
   43568     |      51.04       |      39.94      
   43569     |      44.08       |      31.72      
   43570     |      40.20       |      26.41      
   43571     |      35.93       |      29.67      
   43572     |      33.18       |      23.88      
   43573     |      31.07       |      21.46      
   43574     |      29.34       |      14.68      
   43575     |      31.65       |      18.40      
   43576     |      41.30       |      36.29      
   43577     |      37.71       |      32.60      
   43578     |      45.33       |      43.04      
   43599     |      34.45       |      23.03      
   43600     |      39.93       |      27.85      
   43601     |      43.58       |      29.49      
   43602     |      48.42       |      34.54      
   43603     |      46.65       |      32.33      
   43604     |      38.63       |      23.96      
   43605     |      43.66       |      28.86      
   43606     |      49.19       |      34.52      
   43607     |      42.02       |      27.18      
   43608     |      44.81       |      29.98      
   43609     |      43.05       |      28.16      
   43610     |      32.73       |      18.77      
   43611     |      32.70       |      18.76      
   43612     |      28.71       |      13.77      
   43613     |      36.39       |      21.74      
   43614     |      52.99       |      39.37      
   43615     |      53.48       |      39.72      
   43616     |      38.07       |      28.37      
   43617     |      46.04       |      33.24      
   43618     |      46.59       |      32.74      
   43619     |      47.53       |      34.05      
   43620     |      40.62       |      28.61      
   43621     |      40.85       |      28.95      
   43622     |      37.04       |      29.39      
   43623     |      41.31       |      34.49      
   43624     |      32.99       |      21.67      
   43625     |      33.62       |      23.53      
   43626     |      35.68       |      23.50      
   43627     |      36.65       |      21.39      
   43628     |      38.48       |      23.32      
   43629     |      39.55       |      26.14      
   43630     |      39.23       |      25.75      
   43631     |      39.41       |      30.47      
   43632     |      50.22       |      43.01      
   43633     |      50.26       |      45.92      
   43634     |      44.40       |      38.81      
   43635     |      52.94       |      43.38      
   43636     |      53.58       |      44.37      
   43637     |      39.99       |      29.37      
   43638     |      40.24       |      29.90      
   43639     |      49.34       |      40.19      
   43640     |      45.13       |      34.40      
   43641     |      44.61       |      36.36      
   43642     |      49.05       |      46.47      
   43643     |      38.60       |      36.43      
   43674     |      50.67       |      36.78      
   43675     |      41.43       |      28.08      
   43676     |      44.17       |      30.02      
   43677     |      47.72       |      34.10      
   43678     |      38.21       |      23.40      
   43679     |      43.57       |      28.78      
   43680     |      48.73       |      33.98      
   43681     |      39.32       |      24.42      
   43682     |      39.28       |      24.38      
   43683     |      46.68       |      31.77      
   43684     |      33.90       |      20.15      
   43685     |      40.60       |      25.99      
   43686     |      35.77       |      22.17      
   43687     |      38.13       |      23.15      
   43688     |      40.66       |      25.78      
   43689     |      33.32       |      21.47      
   43690     |      34.44       |      21.06      
   43691     |      23.48       |       9.34      
   43692     |      45.59       |      32.66      
   43693     |      38.07       |      24.82      
   43694     |      38.34       |      26.24      
   43695     |      42.99       |      35.30      
   43696     |      44.64       |      36.49      
   43697     |      43.94       |      33.02      
   43698     |      44.35       |      33.64      
   43699     |      42.50       |      28.99      
   43700     |      42.58       |      29.04      
   43701     |      49.20       |      34.35      
   43702     |      50.42       |      40.11      
   43703     |      49.24       |      45.49      
   43704     |      45.55       |      39.47      
   43705     |      47.15       |      38.07      
   43706     |      41.74       |      36.66      
   43707     |      43.79       |      40.52      
   43733     |      46.14       |      34.12      
   43734     |      45.49       |      33.26      
   43735     |      39.72       |      27.73      
   43736     |      46.96       |      34.35      
   43737     |      48.65       |      34.04      
   43738     |      41.38       |      26.56      
   43739     |      39.74       |      27.42      
   43740     |      42.77       |      30.32      
   43741     |      45.02       |      30.42      
   43742     |      40.76       |      25.82      
   43743     |      49.41       |      35.13      
   43744     |      46.37       |      31.42      
   43745     |      43.00       |      28.08      
   43746     |      41.03       |      26.05      
   43747     |      41.64       |      26.78      
   43748     |      26.38       |      11.36      
   43749     |      33.97       |      20.63      
   43750     |      36.14       |      21.47      
   43751     |      43.24       |      30.44      
   43752     |      38.80       |      28.19      
   43753     |      39.48       |      26.60      
   43754     |      46.45       |      33.18      
   43755     |      41.92       |      31.71      
   43756     |      44.43       |      35.00      
   43757     |      47.13       |      32.78      
   43758     |      46.11       |      30.88      
   43759     |      46.90       |      32.20      
   43760     |      47.86       |      33.70      
   43761     |      47.16       |      35.58      
   43762     |      46.04       |      38.58      
   43763     |      49.32       |      45.54      
   43764     |      44.07       |      36.38      
   43765     |      44.08       |      36.78      
   43766     |      42.36       |      34.15      
   43767     |      46.11       |      34.72      
   43768     |      51.59       |      41.94      
   43769     |      43.43       |      32.65      
   43770     |      44.17       |      36.92      
   43771     |      47.94       |      41.73      
   43792     |      39.75       |      27.79      
   43793     |      45.79       |      33.43      
   43794     |      34.94       |      21.10      
   43795     |      33.84       |      19.30      
   43796     |      40.05       |      25.18      
   43797     |      45.22       |      31.07      
   43798     |      41.03       |      26.36      
   43799     |      42.15       |      27.39      
   43800     |      33.84       |      18.82      
   43801     |      33.01       |      18.02      
   43802     |      37.26       |      23.51      
   43803     |      40.77       |      25.93      
   43804     |      40.82       |      25.89      
   43805     |      24.39       |      10.09      
   43806     |      31.12       |      16.56      
   43807     |      30.66       |      16.58      
   43808     |      42.44       |      28.83      
   43809     |      48.05       |      37.60      
   43810     |      48.16       |      37.83      
   43811     |      50.28       |      39.20      
   43812     |      52.54       |      41.77      
   43813     |      48.22       |      37.27      
   43814     |      47.34       |      35.46      
   43815     |      43.32       |      28.70      
   43816     |      47.15       |      31.82      
   43817     |      52.25       |      38.32      
   43818     |      54.92       |      48.42      
   43819     |      41.47       |      29.11      
   43820     |      53.04       |      41.29      
   43821     |      53.60       |      46.24      
   43822     |      47.86       |      40.13      
   43823     |      56.02       |      50.33      
   43824     |      51.81       |      45.71      
   43851     |      40.30       |      29.23      
   43852     |      39.47       |      28.19      
   43853     |      56.88       |      43.72      
   43854     |      41.29       |      26.50      
   43855     |      18.99       |       5.44      
   43856     |      34.03       |      25.12      
   43857     |      30.76       |      16.06      
   43858     |      43.02       |      29.91      
   43859     |      36.13       |      21.46      
   43860     |      38.84       |      24.70      
   43861     |      38.81       |      23.93      
   43862     |      35.85       |      20.93      
   43863     |      40.45       |      25.64      
   43864     |      39.63       |      24.92      
   43865     |      23.85       |       8.88      
   43866     |      28.44       |      14.32      
   43867     |      32.05       |      19.28      
   43868     |      30.91       |      16.26      
   43869     |      27.85       |      14.52      
   43870     |      24.40       |      10.06      
   43871     |      26.20       |      11.08      
   43872     |      28.89       |      15.24      
   43873     |      31.65       |      17.19      
   43874     |      31.71       |      19.34      
   43875     |      33.07       |      23.07      
   43876     |      39.02       |      25.85      
   43877     |      44.31       |      33.98      
   43878     |      46.37       |      35.29      
   43879     |      49.17       |      35.76      
   43880     |      45.10       |      35.30      
   43881     |      50.22       |      42.12      
   43882     |      53.25       |      47.90      
   43883     |      54.30       |      47.48      
   43884     |      41.35       |      35.44      
   43885     |      46.35       |      41.91      
   43886     |      40.25       |      34.47      
   43922     |      45.97       |      31.38      
   43923     |      31.01       |      22.39      
   43924     |      46.39       |      31.49      
   43925     |      38.84       |      24.68      
   43926     |      36.36       |      21.81      
   43927     |      35.10       |      20.75      
   43928     |      36.05       |      22.09      
   43929     |      38.27       |      24.24      
   43930     |      38.45       |      24.16      
   43931     |      33.93       |      19.07      
   43932     |      35.55       |      21.18      
   43933     |      33.61       |      18.67      
   43934     |      26.33       |      13.06      
   43935     |      28.65       |      13.62      
   43936     |      37.61       |      22.99      
   43937     |      36.88       |      22.93      
   43938     |      35.06       |      20.66      
   43939     |      36.21       |      23.76      
   43940     |      30.73       |      19.52      
   43941     |      36.54       |      23.28      
   43942     |      46.87       |      33.30      
   43943     |      41.82       |      27.91      
   43944     |      37.78       |      22.42      
   43945     |      35.29       |      25.81      
   43946     |      28.32       |      15.46      
   43947     |      30.41       |      21.26      
   43948     |      26.25       |      24.61      
   43949     |      44.09       |      39.88      
   43950     |      44.06       |      42.29      
   43951     |      38.73       |      27.84      
   43952     |      30.24       |      19.61      
   43953     |      42.27       |      35.03      
   43954     |      45.63       |      41.11      
   43955     |      44.77       |      39.34      
   43982     |      37.84       |      23.64      
   43983     |      49.53       |      37.58      
   43984     |      45.24       |      32.65      
   43985     |      55.81       |      45.94      
   43986     |      29.08       |      22.52      
   43987     |      31.93       |      26.17      
   43988     |      36.10       |      27.90      
   43989     |      27.67       |      12.87      
   43990     |      31.18       |      17.22      
   43991     |      31.47       |      17.48      
   43992     |      30.32       |      19.88      
   43993     |      32.98       |      21.65      
   43994     |      26.81       |      11.86      
   43995     |      28.94       |      14.90      
   43996     |      27.79       |      14.51      
   43997     |      40.29       |      25.35      
   43998     |      26.71       |      14.81      
   43999     |      25.05       |      11.34      
   44000     |      35.99       |      22.26      
   44001     |      42.82       |      32.95      
   44002     |      41.53       |      30.05      
   44003     |      37.59       |      27.94      
   44004     |      35.59       |      22.66      
   44005     |      27.24       |      24.81      
   44006     |      33.22       |      25.07      
   44007     |      33.88       |      27.38      
   44008     |      47.92       |      42.69      
   44009     |      47.00       |      40.74      
   44010     |      45.84       |      39.21      
   44011     |      45.98       |      37.22      
   44012     |      40.26       |      29.14      
   44013     |      44.51       |      40.41      
   44038     |      46.73       |      32.69      
   44039     |      26.26       |      21.35      
   44040     |      16.98       |       4.63      
   44041     |      26.36       |      16.46      
   44042     |      23.00       |       8.29      
   44043     |      28.76       |      15.90      
   44044     |      31.64       |      25.45      
   44045     |      22.39       |      16.12      
   44046     |      31.77       |      19.79      
   44047     |      23.51       |      12.41      
   44048     |      26.32       |      17.29      
   44049     |      26.18       |      13.96      
   44050     |      27.80       |      15.45      
   44051     |      32.82       |      21.17      
   44052     |      30.91       |      16.06      
   44053     |      31.13       |      16.82      
   44054     |      32.10       |      17.08      
   44055     |      31.48       |      16.41      
   44056     |      35.91       |      21.64      
   44057     |      22.52       |       7.38      
   44058     |      20.77       |       5.81      
   44059     |      20.84       |       5.92      
   44060     |      21.64       |       8.36      
   44061     |      25.38       |      10.48      
   44062     |      29.89       |      14.73      
   44063     |      37.55       |      23.48      
   44064     |      41.71       |      30.50      
   44065     |      45.07       |      31.44      
   44066     |      43.70       |      29.94      
   44067     |      41.91       |      31.49      
   44068     |      33.98       |      22.04      
   44069     |      33.93       |      21.81      
   44070     |      36.87       |      28.66      
   44071     |      33.80       |      25.00      
   44072     |      34.44       |      21.11      
   44073     |      36.72       |      22.74      
   44074     |      35.45       |      20.92      
   44075     |      38.63       |      31.71      
   44076     |      30.68       |      23.01      
   44077     |      38.46       |      34.93      
   44078     |      39.40       |      29.70      
   44079     |      43.49       |      32.39      
   44080     |      46.99       |      39.13      
   44081     |      59.65       |      48.89      
   44082     |      54.89       |      43.47      
   44083     |      47.09       |      39.86      
   44084     |      49.27       |      42.44      
   44111     |      40.54       |      28.26      
   44112     |      29.72       |      15.68      
   44113     |      20.83       |      10.34      
   44114     |      32.29       |      24.30      
   44115     |      32.02       |      26.17      
   44116     |      24.65       |      12.65      
   44117     |      26.46       |      17.35      
   44118     |      28.41       |      15.46      
   44119     |      43.04       |      29.64      
   44120     |      35.95       |      21.16      
   44121     |      34.68       |      20.27      
   44122     |      33.25       |      18.20      
   44123     |      34.74       |      20.29      
   44124     |      16.38       |       1.20      
   44125     |      34.41       |      19.69      
   44126     |      35.08       |      21.75      
   44127     |      27.72       |      13.37      
   44128     |      27.60       |      13.17      
   44129     |      33.94       |      19.22      
   44130     |      33.95       |      18.70      
   44131     |      32.96       |      17.72      
   44132     |      34.32       |      19.08      
   44133     |      32.79       |      17.91      
   44134     |      35.90       |      23.36      
   44135     |      37.31       |      27.42      
   44136     |      32.12       |      26.27      
   44137     |      30.53       |      21.76      
   44138     |      24.99       |      12.82      
   44139     |      30.26       |      18.38      
   44140     |      33.40       |      24.32      
   44141     |      44.29       |      34.60      
   44142     |      45.90       |      32.27      
   44143     |      44.98       |      31.22      
   44144     |      50.38       |      39.33      
   44145     |      50.95       |      39.27      
   44146     |      50.39       |      38.96      
   44147     |      58.21       |      46.69      
   44148     |      62.07       |      51.23      
   44149     |      55.02       |      45.27      
   44150     |      50.10       |      39.36      
   44182     |      41.68       |      28.50      
   44183     |      29.57       |      15.51      
   44184     |      33.38       |      19.84      
   44185     |      34.34       |      21.46      
   44186     |      27.93       |      13.51      
   44187     |      28.51       |      13.55      
   44188     |      36.05       |      26.01      
   44189     |      38.07       |      27.73      
   44190     |      25.55       |      17.01      
   44191     |      29.55       |      18.17      
   44192     |      27.04       |      11.91      
   44193     |      31.52       |      17.80      
   44194     |      28.90       |      13.87      
   44195     |      28.23       |      13.70      
   44196     |      29.43       |      14.21      
   44197     |      35.55       |      22.13      
   44198     |      37.51       |      22.25      
   44199     |      35.38       |      20.10      
   44200     |      31.33       |      18.33      
   44201     |      25.87       |      10.72      
   44202     |      28.67       |      16.57      
   44203     |      33.37       |      18.10      
   44204     |      32.76       |      17.64      
   44205     |      43.57       |      31.17      
   44206     |      44.43       |      32.85      
   44207     |      54.51       |      44.82      
   44208     |      44.84       |      31.89      
   44209     |      40.78       |      26.90      
   44210     |      39.68       |      26.18      
   44211     |      54.27       |      41.97      
   44212     |      53.03       |      41.89      
   44213     |      45.41       |      36.79      
   44214     |      47.74       |      39.57      
   44215     |      56.79       |      48.44      
   44216     |      50.57       |      40.77      
   44217     |      55.82       |      50.52      
   44218     |      41.12       |      35.18      
   44252     |      37.07       |      23.88      
   44253     |      29.08       |      18.81      
   44254     |      39.24       |      26.48      
   44255     |      39.06       |      25.82      
   44256     |      54.57       |      42.17      
   44257     |      52.43       |      37.71      
   44258     |      42.62       |      27.57      
   44259     |      39.68       |      24.71      
   44260     |      29.73       |      15.47      
   44261     |      29.81       |      14.98      
   44262     |      35.30       |      20.97      
   44263     |      35.06       |      19.90      
   44264     |      26.49       |      14.93      
   44265     |      21.26       |       7.08      
   44266     |      19.50       |       8.38      
   44267     |      22.48       |      10.72      
   44268     |      31.39       |      16.41      
   44269     |      24.03       |       8.91      
   44270     |      28.33       |      13.02      
   44271     |      36.56       |      22.88      
   44272     |      34.76       |      19.57      
   44273     |      24.06       |      10.33      
   44274     |      23.96       |      15.63      
   44275     |      38.39       |      27.83      
   44276     |      49.07       |      35.50      
   44277     |      40.09       |      27.52      
   44278     |      37.67       |      24.32      
   44279     |      37.64       |      24.33      
   44280     |      43.65       |      33.44      
   44281     |      50.48       |      39.77      
   44282     |      46.83       |      38.41      
   44283     |      51.40       |      44.04      
   44284     |      63.42       |      56.78      
   44311     |      32.60       |      18.03      
   44312     |      32.94       |      27.20      
   44313     |      26.17       |      14.79      
   44314     |      26.36       |      15.79      
   44315     |      30.22       |      18.73      
   44316     |      36.02       |      30.02      
   44317     |      18.92       |       9.44      
   44318     |      18.94       |       7.01      
   44319     |      28.01       |      16.21      
   44320     |      25.03       |       9.94      
   44321     |      39.22       |      24.12      
   44322     |      23.75       |      10.65      
   44323     |      32.67       |      17.45      
   44324     |      19.57       |       4.54      
   44325     |      20.14       |       4.86      
   44326     |      26.17       |      11.60      
   44327     |      28.33       |      13.00      
   44328     |      24.68       |      10.79      
   44329     |      25.09       |      10.93      
   44330     |      28.02       |      18.85      
   44331     |      38.19       |      24.62      
   44332     |      38.47       |      27.90      
   44333     |      46.93       |      32.65      
   44334     |      40.99       |      25.71      
   44335     |      42.09       |      27.25      
   44336     |      37.71       |      25.16      
   44337     |      42.66       |      30.96      
   44338     |      47.07       |      33.97      
   44339     |      48.20       |      36.18      
   44340     |      45.95       |      34.43      
   44341     |      40.21       |      26.54      
   44342     |      43.09       |      37.46      
   44343     |      41.35       |      34.03      
   44344     |      37.51       |      29.39      
   44345     |      38.36       |      32.05      
   44346     |      43.69       |      37.39      
   44347     |      38.78       |      30.65      
   44384     |      37.23       |      22.53      
   44385     |      36.40       |      21.49      
   44386     |      36.85       |      23.71      
   44387     |      29.98       |      15.67      
   44388     |      17.29       |       4.84      
   44389     |      22.77       |      13.44      
   44390     |      23.03       |      11.03      
   44391     |      30.46       |      18.82      
   44392     |      33.37       |      24.72      
   44393     |      29.48       |      23.37      
   44394     |      36.22       |      29.88      
   44395     |      29.19       |      27.09      
   44396     |      17.91       |      16.91      
   44397     |      27.49       |      12.44      
   44398     |      24.27       |       9.22      
   44399     |      24.81       |      13.31      
   44400     |      26.20       |      13.49      
   44401     |      25.26       |      15.48      
   44402     |      23.46       |      10.24      
   44403     |      33.47       |      18.23      
   44404     |      28.33       |      13.50      
   44405     |      18.06       |       5.83      
   44406     |      21.78       |       6.47      
   44407     |      26.98       |      12.74      
   44408     |      30.49       |      15.27      
   44409     |      26.45       |      14.12      
   44410     |      25.91       |      13.98      
   44411     |      40.71       |      25.64      
   44412     |      45.21       |      31.48      
   44413     |      46.77       |      32.27      
   44414     |      51.32       |      37.45      
   44415     |      51.26       |      37.31      
   44416     |      31.23       |      19.14      
   44417     |      44.07       |      30.83      
   44418     |      40.28       |      26.59      
   44419     |      40.11       |      29.46      
   44420     |      36.20       |      29.38      
   44421     |      34.71       |      30.24      
   44422     |      34.79       |      30.55      
   44423     |      32.30       |      27.42      
   44424     |      36.44       |      33.76      
   44460     |      24.43       |      10.34      
   44461     |      31.70       |      19.84      
   44462     |      30.77       |      17.91      
   44463     |      32.44       |      18.19      
   44464     |      28.14       |      23.15      
   44465     |      24.24       |      17.07      
   44466     |      31.05       |      21.19      
   44467     |      26.32       |      15.75      
   44468     |      29.12       |      18.55      
   44469     |      31.00       |      21.49      
   44470     |      30.24       |      25.65      
   44471     |      35.33       |      25.65      
   44472     |      27.24       |      16.56      
   44473     |      27.38       |      12.37      
   44474     |      27.31       |      12.22      
   44475     |      23.07       |       8.84      
   44476     |      19.31       |       6.58      
   44477     |      28.47       |      16.36      
   44478     |      26.72       |      12.51      
   44479     |      43.34       |      29.56      
   44480     |      45.32       |      30.00      
   44481     |      42.04       |      26.95      
   44482     |      41.46       |      27.02      
   44483     |      32.35       |      17.84      
   44484     |      31.99       |      18.82      
   44485     |      35.68       |      21.26      
   44486     |      40.15       |      26.08      
   44487     |      39.52       |      26.67      
   44488     |      32.03       |      20.00      
   44489     |      29.72       |      16.34      
   44490     |      32.77       |      20.04      
   44491     |      33.58       |      22.02      
   44492     |      38.53       |      27.46      
   44493     |      31.38       |      18.59      
   44494     |      39.26       |      29.33      
   44495     |      40.39       |      33.28      
   44496     |      44.72       |      35.20      
   44497     |      47.13       |      38.74      
   44498     |      46.06       |      38.91      
   44499     |      47.79       |      43.23      
   44500     |      32.53       |      28.26      
   44529     |      26.21       |      11.89      
   44530     |      25.45       |      10.64      
   44531     |      20.47       |       5.41      
   44532     |      34.88       |      20.90      
   44533     |      34.35       |      20.76      
   44534     |      26.98       |      13.38      
   44535     |      33.80       |      22.45      
   44536     |      27.07       |      19.32      
   44537     |      49.39       |      40.61      
   44538     |      35.98       |      28.00      
   44539     |      34.52       |      22.34      
   44540     |      24.56       |      10.72      
   44541     |      25.83       |      11.75      
   44542     |      21.59       |       6.43      
   44543     |      12.35       |       9.39      
   44544     |      11.29       |       4.94      
   44545     |      12.47       |       5.48      
   44546     |      26.96       |      15.12      
   44547     |      35.77       |      25.77      
   44548     |      36.07       |      25.03      
   44549     |      24.22       |       8.95      
   44550     |      25.64       |      10.41      
   44551     |      23.03       |      10.16      
   44552     |      29.70       |      14.31      
   44553     |      38.80       |      23.36      
   44554     |      39.71       |      24.55      
   44555     |      33.52       |      18.77      
   44556     |      34.91       |      20.52      
   44557     |      33.52       |      23.32      
   44558     |      42.32       |      28.98      
   44559     |      40.92       |      31.72      
   44560     |      36.06       |      26.56      
   44561     |      32.66       |      20.73      
   44562     |      28.78       |      15.84      
   44563     |      33.92       |      26.15      
   44564     |      30.25       |      28.40      
   44596     |      26.26       |      13.64      
   44597     |      29.38       |      14.50      
   44598     |      29.30       |      18.54      
   44599     |      24.95       |       9.87      
   44600     |      27.75       |      15.73      
   44601     |      25.63       |      13.55      
   44602     |      27.59       |      17.80      
   44603     |      33.43       |      21.50      
   44604     |      32.48       |      20.39      
   44605     |      32.30       |      19.98      
   44606     |      29.29       |      17.63      
   44607     |      44.32       |      34.66      
   44608     |      34.55       |      22.50      
   44609     |      29.29       |      16.97      
   44610     |      30.85       |      15.81      
   44611     |      26.09       |      10.83      
   44612     |      23.36       |      11.20      
   44613     |      24.61       |      10.77      
   44614     |      24.52       |      14.70      
   44615     |      24.59       |      14.57      
   44616     |      11.78       |       3.98      
   44617     |       9.61       |       7.34      
   44618     |      14.64       |       1.46      
   44619     |      16.50       |       3.94      
   44620     |      25.13       |      10.04      
   44621     |      25.16       |      10.10      
   44622     |      28.67       |      14.10      
   44623     |      32.16       |      23.98      
   44624     |      31.97       |      23.86      
   44625     |      17.53       |      12.46      
   44626     |      23.26       |       7.86      
   44627     |      26.27       |      11.30      
   44628     |      23.46       |       9.47      
   44629     |      28.48       |      17.78      
   44630     |      28.78       |      18.41      
   44631     |      42.60       |      29.06      
   44632     |      42.20       |      28.10      
   44633     |      47.84       |      32.97      
   44634     |      50.28       |      37.35      
   44635     |      43.69       |      33.97      
   44636     |      48.59       |      43.32      
   44637     |      49.93       |      46.90      
   44638     |      36.42       |      31.85      
   44639     |      37.03       |      33.95      
   44640     |      34.32       |      30.87      
   44671     |      35.57       |      20.68      
   44672     |      26.26       |      11.19      
   44673     |      18.28       |       4.51      
   44674     |      27.35       |      13.34      
   44675     |      28.49       |      14.82      
   44676     |      30.67       |      19.11      
   44677     |      33.54       |      22.89      
   44678     |      25.87       |      10.88      
   44679     |      24.06       |      14.30      
   44680     |      26.61       |      14.13      
   44681     |      25.04       |      10.34      
   44682     |      27.57       |      13.01      
   44683     |      25.83       |      16.48      
   44684     |      27.91       |      13.13      
   44685     |      26.27       |      12.07      
   44686     |      26.29       |      12.05      
   44687     |      26.88       |      11.69      
   44688     |      24.93       |       9.40      
   44689     |      41.79       |      27.97      
   44690     |      41.42       |      27.86      
   44691     |      51.46       |      36.85      
   44692     |      41.28       |      28.91      
   44693     |      33.17       |      24.47      
   44694     |      34.73       |      26.45      
   44695     |      36.97       |      25.25      
   44696     |      41.33       |      33.27      
   44697     |      42.59       |      36.40      
   44698     |      53.29       |      48.17      
   44699     |      51.94       |      44.67      
   44700     |      50.66       |      44.33      
   44729     |      40.49       |      25.53      
   44730     |      31.01       |      15.92      
   44731     |      22.43       |       9.14      
   44732     |      24.60       |      13.09      
   44733     |      24.61       |      13.03      
   44734     |      33.48       |      21.91      
   44735     |      32.30       |      19.14      
   44736     |      42.64       |      30.61      
   44737     |      42.53       |      28.57      
   44738     |      38.66       |      24.18      
   44739     |      40.26       |      25.69      
   44740     |      47.67       |      33.95      
   44741     |      47.18       |      35.00      
   44742     |      41.50       |      27.05      
   44743     |      33.23       |      17.91      
   44744     |      33.99       |      18.76      
   44745     |      24.99       |      10.26      
   44746     |      29.04       |      15.54      
   44747     |      30.94       |      19.35      
   44748     |      29.09       |      18.10      
   44749     |      29.06       |      13.94      
   44750     |      30.34       |      17.84      
   44751     |      36.33       |      21.92      
   44752     |      41.30       |      27.44      
   44753     |      54.80       |      40.42      
   44754     |      52.08       |      38.33      
   44755     |      50.19       |      37.31      
   44756     |      53.72       |      44.39      
   44757     |      49.75       |      42.43      
   44758     |      30.87       |      22.72      
   44759     |      30.27       |      22.55      
   44760     |      18.17       |      11.54      
   44761     |      24.11       |      30.28      
   44762     |      25.27       |      25.36      
   44763     |      22.60       |      21.56      
   44764     |      46.49       |      43.01      
   44765     |      49.15       |      40.87      
   44766     |      55.91       |      48.64      
   44790     |      36.47       |      21.37      
   44791     |      33.78       |      18.74      
   44792     |      40.57       |      29.55      
   44793     |      35.74       |      23.81      
   44794     |      41.62       |      27.02      
   44795     |      48.29       |      33.97      
   44796     |      29.43       |      16.78      
   44797     |      30.63       |      17.15      
   44798     |      30.84       |      16.50      
   44799     |      28.94       |      13.78      
   44800     |      28.59       |      13.89      
   44801     |      29.97       |      15.77      
   44802     |      23.17       |       7.69      
   44803     |      31.94       |      19.16      
   44804     |      26.64       |      13.68      
   44805     |      36.60       |      21.14      
   44806     |      33.53       |      18.07      
   44807     |      40.12       |      24.61      
   44808     |      42.69       |      28.34      
   44809     |      42.00       |      26.34      
   44810     |      47.95       |      33.78      
   44811     |      50.40       |      37.51      
   44812     |      48.30       |      41.14      
   44813     |      49.18       |      41.99      
   44814     |      45.07       |      43.19      
   44815     |      29.13       |      25.58      
   44816     |      13.16       |      17.35      
   44817     |      17.51       |      23.06      
   44818     |      24.78       |      21.64      
   44819     |      26.15       |      23.36      
   44820     |      43.48       |      42.68      
   44849     |      28.24       |      14.22      
   44850     |      28.06       |      13.05      
   44851     |      31.68       |      16.61      
   44852     |      30.92       |      15.72      
   44853     |      44.15       |      30.02      
   44854     |      40.60       |      27.52      
   44855     |      32.99       |      22.00      
   44856     |      42.54       |      32.51      
   44857     |      41.69       |      29.77      
   44858     |      43.13       |      30.93      
   44859     |      42.15       |      27.48      
   44860     |      41.47       |      26.67      
   44861     |      46.93       |      31.60      
   44862     |      46.26       |      31.08      
   44863     |      37.49       |      28.97      
   44864     |      34.19       |      23.72      
   44865     |      30.72       |      15.33      
   44866     |      31.37       |      15.89      
   44867     |      33.47       |      18.11      
   44868     |      30.01       |      16.54      
   44869     |      22.47       |       7.76      
   44870     |      20.80       |       5.70      
   44871     |      31.36       |      16.01      
   44872     |      33.45       |      18.82      
   44873     |      36.02       |      20.63      
   44874     |      25.52       |      10.72      
   44875     |      25.46       |      10.34      
   44876     |      28.94       |      13.27      
   44877     |      40.58       |      27.04      
   44878     |      38.39       |      24.14      
   44879     |      27.56       |      19.92      
   44880     |      38.58       |      35.14      
   44881     |      36.14       |      33.26      
   44882     |      39.90       |      39.71      
   44883     |      33.19       |      40.01      
   44884     |      24.91       |      24.66      
   44885     |      20.00       |      19.45      
   44886     |      20.05       |      17.40      
   44887     |      33.20       |      35.68      
   44888     |      33.65       |      35.30      
   44920     |      29.36       |      14.33      
   44921     |      28.00       |      13.33      
   44922     |      44.98       |      29.79      
   44923     |      35.61       |      20.37      
   44924     |      37.45       |      22.85      
   44925     |      30.36       |      17.84      
   44926     |      32.63       |      20.55      
   44927     |      38.80       |      28.69      
   44928     |      34.17       |      25.75      
   44929     |      28.28       |      19.55      
   44930     |      32.87       |      21.98      
   44931     |      25.49       |      13.57      
   44932     |      35.75       |      27.73      
   44933     |      35.46       |      24.67      
   44934     |      37.18       |      25.55      
   44935     |      38.46       |      25.26      
   44936     |      38.71       |      23.96      
   44937     |      33.17       |      17.62      
   44938     |      35.54       |      20.02      
   44939     |      34.30       |      18.84      
   44940     |      37.26       |      22.04      
   44941     |      38.37       |      23.86      
   44942     |      34.47       |      19.00      
   44943     |      29.91       |      15.76      
   44944     |      27.51       |      12.05      
   44945     |      28.59       |      12.98      
   44946     |      29.38       |      14.56      
   44947     |      25.27       |      18.59      
   44948     |      31.67       |      35.20      
   44949     |      34.27       |      40.53      
   44950     |      30.74       |      27.23      
   44951     |      32.12       |      28.93      
   44952     |      24.15       |      18.86      
   44985     |      30.11       |      15.68      
   44986     |      25.31       |      11.47      
   44987     |      29.91       |      15.48      
   44988     |      25.61       |      11.11      
   44989     |      33.90       |      19.33      
   44990     |      32.47       |      18.40      
   44991     |      31.68       |      17.41      
   44992     |      36.94       |      22.31      
   44993     |      39.86       |      26.94      
   44994     |      41.57       |      31.71      
   44995     |      39.24       |      29.44      
   44996     |      40.71       |      28.43      
   44997     |      18.72       |      17.04      
   44998     |      26.48       |      24.19      
   44999     |      25.73       |      24.52      
   45000     |      17.78       |      21.70      
   45001     |      14.55       |      10.21      
   45002     |      17.32       |      10.28      
   45003     |      33.17       |      22.75      
   45004     |      33.63       |      18.75      
   45005     |      31.17       |      16.71      
   45006     |      33.12       |      17.86      
   45007     |      29.05       |      13.49      
   45008     |      31.19       |      15.82      
   45009     |      33.95       |      18.31      
   45010     |      23.11       |       8.05      
   45011     |      23.01       |       9.95      
   45012     |      20.06       |      12.80      
   45013     |      34.68       |      40.23      
   45014     |      32.39       |      34.70      
   45015     |      17.66       |      17.40      
   45016     |      32.28       |      28.81      
   45017     |      31.18       |      26.71      
   45018     |      27.01       |      21.33      
   45019     |      32.86       |      34.89      
   45020     |      36.12       |      32.96      
   45057     |      24.05       |      12.56      
   45058     |      19.53       |       4.86      
   45059     |      25.81       |      10.73      
   45060     |      29.17       |      14.64      
   45061     |      27.47       |      14.82      
   45062     |      29.61       |      16.51      
   45063     |      27.71       |      14.06      
   45064     |      41.12       |      28.13      
   45065     |      42.07       |      29.25      
   45066     |      44.36       |      33.30      
   45067     |      34.15       |      20.76      
   45068     |      19.31       |       7.33      
   45069     |      16.78       |       4.94      
   45070     |      27.24       |      18.31      
   45071     |      19.00       |       8.92      
   45072     |      31.61       |      17.59      
   45073     |      33.25       |      17.75      
   45074     |      32.68       |      17.65      
   45075     |      30.88       |      15.55      
   45076     |      27.66       |      16.81      
   45077     |      23.57       |      10.12      
   45078     |      14.30       |       6.14      
   45079     |      22.45       |       7.13      
   45080     |      22.22       |       7.08      
   45081     |      24.94       |       9.98      
   45082     |      25.05       |       9.92      
   45083     |      22.52       |      27.19      
   45084     |      26.45       |      31.77      
   45085     |      28.00       |      33.88      
   45086     |      34.35       |      34.66      
   45087     |      19.88       |      21.04      
   45088     |      20.59       |      24.55      
   45118     |      18.13       |       3.00      
   45119     |      34.90       |      21.24      
   45120     |      34.50       |      20.69      
   45121     |      29.52       |      18.30      
   45122     |      36.26       |      23.05      
   45123     |      44.28       |      33.27      
   45124     |      41.96       |      31.21      
   45125     |      20.27       |       5.73      
   45126     |      24.66       |      18.96      
   45127     |      39.27       |      27.02      
   45128     |      32.09       |      19.39      
   45129     |      28.25       |      12.83      
   45130     |      36.98       |      21.44      
   45131     |      37.49       |      21.84      
   45132     |      32.57       |      16.90      
   45133     |      31.22       |      15.52      
   45134     |      31.05       |      15.40      
   45135     |      21.27       |       7.83      
   45136     |      15.71       |      16.48      
   45137     |      23.04       |      27.65      
   45138     |      29.51       |      27.68      
   45139     |      34.28       |      34.48      
   45140     |      30.99       |      28.85      
   45141     |      22.69       |      17.42      
   45142     |      22.82       |      19.32      
   45143     |      28.55       |      28.54      
   45144     |      25.15       |      23.06      
   45145     |      25.30       |      29.11      
   45146     |      19.45       |      22.62      
   45147     |      22.11       |      24.55      
   45184     |      20.75       |      14.29      
   45185     |      38.96       |      27.89      
   45186     |      28.20       |      15.87      
   45187     |      26.29       |      12.91      
   45188     |      28.11       |      13.58      
   45189     |      25.14       |      11.75      
   45190     |      30.02       |      16.78      
   45191     |      30.00       |      16.72      
   45192     |      27.88       |      13.89      
   45193     |      33.99       |      23.40      
   45194     |      28.04       |      15.18      
   45195     |      36.46       |      23.76      
   45196     |      39.73       |      27.72      
   45197     |      35.62       |      29.24      
   45198     |      42.97       |      34.87      
   45199     |      22.95       |       9.47      
   45200     |      27.68       |      14.34      
   45201     |      23.25       |       7.79      
   45202     |      21.55       |       6.01      
   45203     |      23.67       |      14.82      
   45204     |      34.36       |      20.08      
   45205     |      33.36       |      17.88      
   45206     |      27.02       |      11.72      
   45207     |      30.48       |      15.13      
   45208     |      32.80       |      17.60      
   45209     |      28.17       |      12.82      
   45210     |      28.13       |      12.34      
   45211     |      30.67       |      16.80      
   45212     |      31.84       |      16.04      
   45213     |      16.55       |       2.64      
   45214     |      18.86       |       8.13      
   45215     |      21.90       |      22.34      
   45216     |      21.44       |      18.04      
   45217     |      22.29       |      19.65      
   45218     |      29.31       |      28.94      
   45219     |      29.26       |      28.89      
   45220     |      19.04       |      19.65      
   45245     |      11.02       |       5.53      
   45246     |      26.25       |      11.07      
   45247     |      29.15       |      19.75      
   45248     |      20.97       |       7.53      
   45249     |      29.34       |      20.84      
   45250     |      25.49       |      18.16      
   45251     |      25.24       |      17.63      
   45252     |      33.43       |      25.81      
   45253     |      22.84       |      15.31      
   45254     |      26.83       |      19.14      
   45255     |      30.92       |      15.42      
   45256     |      26.57       |      15.81      
   45257     |      18.74       |       6.05      
   45258     |      18.23       |       4.58      
   45259     |      38.25       |      23.72      
   45260     |      31.92       |      18.46      
   45261     |      31.10       |      16.06      
   45262     |      32.82       |      17.19      
   45263     |      39.56       |      24.03      
   45264     |      41.70       |      26.77      
   45265     |      43.89       |      28.24      
   45266     |      35.71       |      21.42      
   45267     |      19.83       |       7.91      
   45268     |      12.09       |       6.87      
   45269     |      23.42       |      14.45      
   45270     |      26.74       |      13.08      
   45271     |      14.40       |       2.25      
   45272     |      36.15       |      32.43      
   45273     |      39.69       |      38.99      
   45274     |      19.68       |      21.70      
   45275     |      20.88       |      23.29      
   45276     |      20.04       |      21.09      
   45277     |      27.25       |      30.10      
   45278     |      27.11       |      30.38      
   45279     |      19.66       |      22.39      
   45280     |      30.27       |      36.64      
   45307     |      28.81       |      24.91      
   45308     |      23.10       |      17.59      
   45309     |      23.68       |       8.38      
   45310     |      28.24       |      13.64      
   45311     |      23.04       |       8.64      
   45312     |      22.44       |       7.73      
   45313     |      30.10       |      16.77      
   45314     |      36.26       |      21.51      
   45315     |      40.98       |      26.82      
   45316     |      31.92       |      21.07      
   45317     |      22.95       |      13.03      
   45318     |      30.26       |      24.98      
   45319     |      40.19       |      34.32      
   45320     |      39.46       |      26.93      
   45321     |      25.24       |      12.68      
   45322     |      30.49       |      16.03      
   45323     |      30.06       |      14.46      
   45324     |      22.91       |      11.70      
   45325     |      20.06       |       7.61      
   45326     |      32.56       |      18.76      
   45327     |      30.10       |      14.91      
   45328     |      30.69       |      16.70      
   45329     |      27.60       |      14.59      
   45330     |      15.65       |      13.82      
   45331     |      17.61       |      14.37      
   45332     |      20.64       |      14.62      
   45333     |      13.15       |       5.89      
   45334     |      12.57       |       3.31      
   45335     |      22.52       |       9.41      
   45336     |      20.59       |       7.85      
   45337     |       6.66       |      11.12      
   45338     |       7.38       |       8.61      
   45339     |       5.39       |      19.20      
   45340     |      16.91       |      22.41      
   45341     |       9.06       |       9.10      
   45342     |      22.14       |      19.92      
   45343     |      30.61       |      29.19      
   45344     |      34.72       |      35.06      
   45345     |      26.07       |      25.60      
   45346     |      19.17       |      28.03      
   45347     |      26.56       |      29.33      
   45369     |      20.17       |       9.79      
   45370     |      18.90       |       8.32      
   45371     |      27.48       |      14.55      
   45372     |      21.07       |       6.78      
   45373     |      22.54       |       9.19      
   45374     |      28.62       |      14.35      
   45375     |      27.12       |      14.54      
   45376     |      25.09       |      10.67      
   45377     |      27.19       |      14.23      
   45378     |      29.60       |      19.26      
   45379     |      39.93       |      28.67      
   45380     |      21.41       |      10.38      
   45381     |      20.91       |      12.77      
   45382     |      31.86       |      28.74      
   45383     |      29.04       |      26.40      
   45384     |      26.74       |      19.38      
   45385     |      26.06       |      18.95      
   45386     |      27.58       |      13.92      
   45387     |      20.35       |       4.77      
   45388     |      17.71       |       5.82      
   45389     |      23.16       |      18.23      
   45390     |      14.59       |      19.62      
   45391     |       5.63       |      11.83      
   45392     |      10.06       |       6.11      
   45393     |      16.84       |       7.93      
   45394     |      18.17       |       5.06      
   45395     |      16.43       |      11.33      
   45396     |      19.85       |      13.22      
   45397     |      15.23       |       8.59      
   45398     |      18.12       |       5.22      
   45399     |      11.25       |       4.67      
   45400     |      11.68       |       4.61      
   45401     |      19.69       |       4.80      
   45402     |      10.61       |       7.14      
   45403     |      15.94       |      13.42      
   45404     |      12.25       |      12.42      
   45405     |      10.30       |      15.62      
   45406     |       4.24       |      13.05      
   45407     |       4.10       |      13.07      
   45408     |      12.86       |      20.52      
   45409     |      17.83       |      11.29      
   45410     |      41.74       |      39.00      
   45411     |      42.35       |      41.17      
   45412     |      27.31       |      32.81      
   45413     |      19.41       |      27.58      
   45414     |      17.66       |      24.32      
   45415     |      35.71       |      42.18      
   45416     |      32.04       |      39.95      
   45453     |      36.47       |      31.14      
   45454     |      27.64       |      14.96      
   45455     |      24.73       |      10.79      
   45456     |      22.28       |      10.60      
   45457     |      31.50       |      21.71      
   45458     |      23.94       |      19.07      
   45459     |      23.27       |      14.50      
   45460     |      32.63       |      28.38      
   45461     |      28.79       |      24.12      
   45462     |      24.65       |      21.64      
   45463     |       8.95       |      14.91      
   45464     |       7.82       |      11.51      
   45465     |      13.96       |      14.64      
   45466     |      13.47       |       6.42      
   45467     |      16.49       |       9.34      
   45468     |      12.90       |      15.06      
   45469     |      19.02       |       5.50      
   45470     |      17.12       |       6.17      
   45471     |      18.87       |       6.80      
   45472     |      15.15       |      13.78      
   45473     |      18.52       |      18.16      
   45474     |      15.07       |      16.14      
   45475     |      12.92       |      11.64      
   45476     |      13.82       |      20.30      
   45477     |      35.16       |      37.44      
   45478     |      36.93       |      35.02      
   45479     |      35.78       |      38.98      
   45480     |      28.72       |      33.31      
   45481     |      23.66       |      24.84      
   45482     |      19.52       |      22.77      
   45483     |      24.83       |      31.99      
   45520     |      33.37       |      32.61      
   45521     |      18.89       |      18.22      
   45522     |      28.65       |      24.26      
   45523     |      27.72       |      12.97      
   45524     |      36.09       |      21.00      
   45525     |      27.60       |      14.73      
   45526     |      32.52       |      25.69      
   45527     |      26.37       |      19.77      
   45528     |      23.61       |      10.35      
   45529     |      28.40       |      16.47      
   45530     |      27.46       |      15.35      
   45531     |      28.44       |      23.93      
   45532     |      18.07       |      15.78      
   45533     |      25.61       |      24.99      
   45534     |      19.45       |      13.78      
   45535     |      11.23       |       5.27      
   45536     |      11.62       |       4.31      
   45537     |      13.47       |       7.88      
   45538     |      10.96       |       9.57      
   45539     |      17.44       |      15.68      
   45540     |      16.97       |       5.28      
   45541     |      19.05       |       7.70      
   45542     |      19.39       |       5.35      
   45543     |      17.65       |       3.41      
   45544     |      20.71       |      11.82      
   45545     |      19.16       |       5.06      
   45546     |      17.50       |       4.02      
   45547     |      18.04       |      13.00      
   45548     |      24.09       |      20.53      
   45549     |       6.72       |       9.31      
   45550     |      14.22       |      19.63      
   45551     |      49.16       |      51.23      
   45552     |      35.69       |      38.92      
   45553     |      37.89       |      42.78      
   45554     |      27.18       |      30.93      
   45555     |      19.23       |      26.69      
   45556     |      18.33       |      24.62      
   45557     |      27.01       |      31.11      
   45558     |      40.52       |      42.90      
   45579     |      33.68       |      33.20      
   45580     |      41.15       |      32.16      
   45581     |      46.92       |      32.11      
   45582     |      37.13       |      21.71      
   45583     |      31.63       |      16.23      
   45584     |      20.05       |       5.86      
   45585     |      24.56       |      13.50      
   45586     |      21.65       |       9.27      
   45587     |      21.75       |       9.34      
   45588     |      25.76       |      16.89      
   45589     |      29.58       |      19.43      
   45590     |      31.55       |      24.29      
   45591     |      24.68       |      18.64      
   45592     |      20.38       |      26.80      
   45593     |       9.66       |      17.11      
   45594     |      19.82       |      19.30      
   45595     |      10.06       |      11.44      
   45596     |      17.65       |      14.66      
   45597     |       7.77       |      15.87      
   45598     |      14.31       |      18.85      
   45599     |       6.19       |       9.81      
   45600     |      26.29       |      15.92      
   45601     |      21.10       |       7.98      
   45602     |      21.10       |       8.05      
   45603     |      21.98       |       9.02      
   45604     |      18.36       |       3.11      
   45605     |      24.66       |      22.90      
   45606     |      21.13       |      18.98      
   45607     |      17.21       |      19.78      
   45608     |       4.78       |      12.72      
   45609     |       3.17       |      17.85      
   45610     |      14.46       |      19.95      
   45611     |      23.74       |      26.05      
   45612     |      22.96       |      28.71      
   45645     |      34.09       |      32.28      
   45646     |      51.99       |      40.60      
   45647     |      18.73       |       4.18      
   45648     |      27.54       |      12.80      
   45649     |      29.56       |      14.19      
   45650     |      20.42       |       5.05      
   45651     |      20.77       |       5.66      
   45652     |      30.05       |      19.76      
   45653     |      21.24       |      15.89      
   45654     |      25.37       |      19.76      
   45655     |      39.62       |      30.69      
   45656     |      28.02       |      19.42      
   45657     |      26.51       |      12.33      
   45658     |      26.58       |      20.73      
   45659     |      29.32       |      16.17      
   45660     |      14.34       |       8.47      
   45661     |      24.61       |      18.80      
   45662     |      17.99       |      23.14      
   45663     |      16.91       |      15.92      
   45664     |      18.73       |      20.27      
   45665     |       8.59       |      15.29      
   45666     |      14.22       |       7.32      
   45667     |       9.74       |       6.09      
   45668     |      18.63       |      16.52      
   45669     |       5.28       |      14.25      
   45670     |      19.01       |       9.17      
   45671     |      16.84       |       4.20      
   45672     |      21.27       |       8.00      
   45673     |      24.99       |      11.67      
   45674     |      11.16       |       5.77      
   45675     |      19.61       |      13.97      
   45676     |      21.77       |      21.12      
   45677     |       8.14       |      13.25      
   45678     |      23.94       |      36.02      
   45679     |      36.97       |      46.14      
   45680     |      23.06       |      31.20      
   45681     |      26.09       |      27.95      
   45682     |      26.31       |      32.27      
   45683     |      21.49       |      29.12      
   45705     |      27.35       |      26.02      
   45706     |      43.75       |      37.06      
   45707     |      37.69       |      32.30      
   45708     |      59.12       |      47.85      
   45709     |      16.39       |       3.75      
   45710     |      23.31       |       7.95      
   45711     |      22.92       |      10.17      
   45712     |      34.14       |      21.88      
   45713     |      19.94       |       6.78      
   45714     |      31.39       |      22.46      
   45715     |      31.34       |      22.51      
   45716     |      32.73       |      24.11      
   45717     |      12.42       |      15.17      
   45718     |      14.66       |      18.27      
   45719     |       9.60       |      17.75      
   45720     |      27.19       |      29.81      
   45721     |      15.27       |      11.69      
   45722     |      19.05       |      13.22      
   45723     |      15.00       |       9.35      
   45724     |      18.88       |       4.56      
   45725     |      24.32       |      10.19      
   45726     |      21.55       |       5.86      
   45727     |      27.75       |      14.21      
   45728     |      27.53       |      13.67      
   45729     |      22.31       |       7.66      
   45730     |      20.78       |       5.66      
   45731     |      17.57       |      11.90      
   45732     |       7.19       |       8.87      
   45733     |       4.34       |      16.04      
   45734     |      17.02       |      24.23      
   45735     |      20.49       |      23.92      
   45736     |      14.95       |      18.75      
   45737     |      13.42       |      15.97      
   45738     |      18.19       |      27.33      
   45739     |      32.64       |      38.39      
   45740     |      22.89       |      25.75      
   45741     |      24.35       |      27.35      
   45742     |      25.48       |      28.01      
   45743     |      30.04       |      33.62      
   45744     |      30.37       |      32.69      
   45768     |      40.70       |      36.76      
   45769     |      57.42       |      49.34      
   45770     |      36.31       |      29.74      
   45771     |      16.98       |      11.73      
   45772     |      20.61       |       8.48      
   45773     |      16.48       |       5.42      
   45774     |      21.34       |       7.02      
   45775     |      17.25       |       1.70      
   45776     |      19.44       |       8.30      
   45777     |      41.57       |      27.66      
   45778     |      45.74       |      34.62      
   45779     |      34.48       |      21.14      
   45780     |      23.77       |       8.86      
   45781     |      30.70       |      17.91      
   45782     |      10.95       |      17.54      
   45783     |      11.42       |      18.07      
   45784     |      15.08       |      18.92      
   45785     |      13.98       |      17.94      
   45786     |      15.93       |      24.37      
   45787     |      14.53       |       1.67      
   45788     |      23.32       |      11.71      
   45789     |      23.17       |      13.15      
   45790     |      23.68       |       7.77      
   45791     |      26.75       |      13.83      
   45792     |      15.60       |       7.02      
   45793     |      15.84       |       8.43      
   45794     |       4.27       |      12.04      
   45795     |      10.59       |      15.67      
   45796     |       2.75       |      16.40      
   45797     |       2.81       |      16.51      
   45798     |      13.20       |      15.92      
   45799     |      29.05       |      29.33      
   45800     |      27.87       |      27.03      
   45801     |      29.22       |      29.40      
   45802     |      40.31       |      39.30      
   45835     |      33.70       |      25.36      
   45836     |      53.02       |      47.57      
   45837     |      20.79       |      13.01      
   45838     |      28.81       |      14.45      
   45839     |      23.36       |       7.85      
   45840     |      19.27       |       5.49      
   45841     |      20.15       |       7.18      
   45842     |      44.83       |      29.81      
   45843     |      43.42       |      28.17      
   45844     |      27.35       |      14.07      
   45845     |      24.18       |       8.97      
   45846     |      21.74       |      14.13      
   45847     |       9.63       |      17.66      
   45848     |      20.16       |      20.01      
   45849     |      15.87       |      15.80      
   45850     |      27.59       |      22.49      
   45851     |      17.53       |      15.90      
   45852     |      11.04       |      10.70      
   45853     |      16.59       |      16.30      
   45854     |      20.05       |      11.47      
   45855     |      19.50       |       4.26      
   45856     |      25.69       |       9.90      
   45857     |      16.84       |       6.25      
   45858     |       9.45       |      10.84      
   45859     |       7.36       |      12.04      
   45860     |       8.07       |       9.86      
   45861     |      11.93       |      15.41      
   45862     |      22.01       |      24.73      
   45863     |      21.91       |      24.48      
   45864     |      15.04       |      16.75      
   45865     |      13.64       |      15.96      
   45866     |      14.01       |      18.42      
   45867     |      28.69       |      27.44      
   45868     |      28.65       |      27.39      
   45869     |      31.48       |      29.64      
   45870     |      30.41       |      23.70      
   45871     |      40.25       |      38.71      
   45898     |      35.12       |      26.53      
   45899     |      50.05       |      42.57      
   45900     |      38.12       |      34.24      
   45901     |      44.90       |      38.21      
   45902     |      32.23       |      25.33      
   45903     |      14.04       |       4.60      
   45904     |      10.81       |       7.65      
   45905     |      37.41       |      29.70      
   45906     |      44.34       |      38.25      
   45907     |      25.00       |      11.10      
   45908     |      27.22       |      14.18      
   45909     |      20.30       |       8.74      
   45910     |      14.75       |      12.46      
   45911     |      12.10       |       6.53      
   45912     |      14.44       |       7.49      
   45913     |      19.10       |      16.95      
   45914     |      18.59       |      15.93      
   45915     |      26.89       |      11.31      
   45916     |      24.77       |       9.01      
   45917     |      22.15       |       7.79      
   45918     |      18.86       |       3.13      
   45919     |       6.85       |       9.45      
   45920     |       9.48       |      11.67      
   45921     |      10.57       |       8.11      
   45922     |      14.31       |      12.69      
   45923     |      14.59       |      11.44      
   45924     |      14.75       |      14.71      
   45925     |      14.60       |      14.40      
   45926     |      22.27       |      18.31      
   45927     |      29.53       |      27.79      
   45928     |      28.47       |      29.22      
   45929     |      14.61       |      19.43      
   45930     |      30.30       |      36.64      
   45931     |      32.98       |      42.02      
   45932     |      22.49       |      33.30      
   45933     |      29.89       |      42.41      
   45965     |      12.30       |       3.55      
   45966     |      43.32       |      38.37      
   45967     |      21.26       |      14.00      
   45968     |      23.01       |      12.19      
   45969     |      13.89       |       6.01      
   45970     |      15.67       |       5.61      
   45971     |      15.19       |       7.63      
   45972     |      10.50       |       7.23      
   45973     |      18.80       |      12.61      
   45974     |      25.57       |      21.85      
   45975     |      17.50       |      15.34      
   45976     |      18.28       |      15.72      
   45977     |      11.21       |      12.15      
   45978     |      18.71       |      18.93      
   45979     |      13.58       |      16.48      
   45980     |      12.99       |      24.91      
   45981     |      21.52       |      20.23      
   45982     |      19.25       |      17.70      
   45983     |      36.24       |      24.83      
   45984     |      27.21       |      11.45      
   45985     |      18.81       |       2.84      
   45986     |      18.89       |       3.38      
   45987     |      11.53       |       5.11      
   45988     |      12.09       |       4.12      
   45989     |      11.53       |       9.32      
   45990     |       6.19       |      10.17      
   45991     |      15.76       |       3.10      
   45992     |      27.86       |      17.12      
   45993     |      26.28       |      15.60      
   45994     |      26.25       |      24.11      
   45995     |      15.78       |      22.58      
   45996     |      24.42       |      28.93      
   45997     |      30.65       |      41.51      
   45998     |      31.25       |      44.79      
   46032     |      45.22       |      42.45      
   46033     |      43.31       |      41.02      
   46034     |      50.39       |      47.58      
   46035     |      28.95       |      26.39      
   46036     |      21.63       |      25.19      
   46037     |       7.73       |      14.42      
   46038     |      11.32       |       9.54      
   46039     |      11.66       |       4.33      
   46040     |      24.76       |      25.61      
   46041     |      53.26       |      55.54      
   46042     |      33.25       |      39.16      
   46043     |      17.14       |      24.18      
   46044     |      30.49       |      30.65      
   46045     |       9.82       |      12.69      
   46046     |      11.00       |       8.78      
   46047     |      24.37       |      18.69      
   46048     |      22.90       |      28.32      
   46049     |      18.72       |      21.86      
   46050     |      37.12       |      31.43      
   46051     |      34.39       |      26.81      
   46052     |      26.45       |      21.72      
   46053     |      12.26       |       6.57      
   46054     |       6.05       |      11.40      
   46055     |       6.55       |      13.66      
   46056     |       7.84       |      13.22      
   46057     |       5.98       |      10.70      
   46058     |      12.35       |      10.76      
   46059     |      11.28       |      16.48      
   46060     |      17.65       |      28.07      
   46061     |      17.42       |      27.93      
   46062     |      13.67       |      22.55      
   46063     |      15.36       |      22.99      
   46064     |      11.64       |      11.63      
   46065     |      15.51       |      14.17      
   46066     |      16.71       |      24.14      
   46067     |      36.10       |      36.36      
   46068     |      42.66       |      50.84      
   46069     |      27.59       |      30.44      
   46098     |      33.62       |      26.27      
   46099     |      16.35       |      14.94      
   46100     |      35.48       |      31.04      
   46101     |      46.22       |      47.20      
   46102     |      54.38       |      51.94      
   46103     |      42.57       |      41.36      
   46104     |      10.82       |      10.23      
   46105     |      31.01       |      30.73      
   46106     |      20.31       |      24.89      
   46107     |      16.71       |      12.56      
   46108     |      12.46       |      10.07      
   46109     |       9.99       |      10.37      
   46110     |      18.71       |      16.61      
   46111     |      12.01       |      18.05      
   46112     |       9.20       |      15.90      
   46113     |      22.91       |      21.81      
   46114     |      15.80       |       1.73      
   46115     |      21.08       |      13.50      
   46116     |      21.09       |      13.43      
   46117     |       8.48       |      16.52      
   46118     |       8.96       |      16.60      
   46119     |       8.42       |      23.49      
   46120     |      14.88       |      21.64      
   46121     |      23.61       |      28.50      
   46122     |      12.70       |      26.60      
   46123     |      12.99       |      22.21      
   46124     |      13.33       |      22.25      
   46125     |       9.26       |      17.41      
   46126     |       3.55       |      16.97      
   46127     |       8.75       |      10.43      
   46128     |       8.86       |      10.68      
   46129     |       4.11       |      14.79      
   46130     |      30.53       |      46.64      
   46131     |      29.59       |      45.59      
   46132     |      13.05       |      27.43      
   46133     |      13.24       |      17.40      
   46134     |      18.56       |      21.04      
   46135     |      42.35       |      47.85      
   46136     |      37.79       |      39.98      
   46164     |      24.90       |      33.99      
   46165     |       8.43       |       7.24      
   46166     |      19.05       |      15.92      
   46167     |      36.73       |      37.95      
   46168     |      25.83       |      22.10      
   46169     |      21.02       |      19.53      
   46170     |      17.00       |       2.04      
   46171     |      19.81       |       4.72      
   46172     |      18.88       |      21.22      
   46173     |      18.46       |      21.05      
   46174     |      14.79       |      23.02      
   46175     |      12.52       |      22.20      
   46176     |      14.66       |      20.34      
   46177     |      23.68       |      29.23      
   46178     |      40.66       |      44.31      
   46179     |      27.84       |      34.17      
   46180     |      20.70       |      31.69      
   46181     |      14.28       |      24.68      
   46182     |      13.85       |      24.28      
   46183     |      12.81       |      25.26      
   46184     |      19.28       |      35.40      
   46185     |      19.93       |      35.80      
   46186     |      13.35       |      27.62      
   46187     |      13.40       |      29.31      
   46188     |       8.18       |      16.92      
   46189     |       5.94       |      14.80      
   46190     |      16.05       |       3.98      
   46191     |      19.99       |      24.30      
   46192     |      22.90       |      27.68      
   46193     |      30.41       |      39.20      
   46219     |      45.33       |      53.10      
   46220     |      41.38       |      50.47      
   46221     |      22.38       |      32.82      
   46222     |      32.66       |      27.39      
   46223     |      24.56       |      20.96      
   46224     |      12.24       |       5.68      
   46225     |      18.16       |      23.68      
   46226     |      10.35       |      18.78      
   46227     |      11.05       |       9.61      
   46228     |      23.28       |      21.48      
   46229     |      12.85       |      14.61      
   46230     |      39.94       |      28.60      
   46231     |      36.54       |      20.72      
   46232     |      21.58       |      14.61      
   46233     |      24.60       |      13.33      
   46234     |       9.57       |       7.56      
   46235     |      12.84       |      21.59      
   46236     |       2.65       |      18.64      
   46237     |       9.85       |      13.95      
   46238     |      12.80       |      19.79      
   46239     |      32.67       |      33.96      
   46240     |      28.12       |      29.48      
   46241     |      12.23       |      19.04      
   46242     |       9.94       |      17.97      
   46243     |      10.52       |      13.83      
   46244     |      10.38       |      22.18      
   46245     |      11.87       |      22.62      
   46246     |      10.84       |      21.67      
   46247     |       9.83       |      25.05      
   46248     |      11.09       |      26.89      
   46249     |       9.76       |      26.07      
   46250     |       9.99       |      12.83      
   46251     |       9.63       |      21.24      
   46252     |      29.87       |      33.91      
   46253     |      34.72       |      41.49      
   46254     |      34.25       |      39.56      
   46255     |      23.57       |      26.01      
   46279     |      21.78       |      28.52      
   46280     |      44.18       |      47.25      
   46281     |      48.45       |      50.22      
   46282     |      40.37       |      48.08      
   46283     |      50.75       |      56.12      
   46284     |      33.88       |      37.01      
   46285     |      39.36       |      39.79      
   46286     |      30.18       |      23.60      
   46287     |      26.86       |      18.17      
   46288     |      35.36       |      27.20      
   46289     |      24.95       |      20.26      
   46290     |      14.19       |      17.62      
   46291     |      14.78       |      16.03      
   46292     |      21.99       |      11.64      
   46293     |      17.73       |      26.96      
   46294     |      11.36       |      17.82      
   46295     |       9.74       |      17.60      
   46296     |       6.35       |      20.64      
   46297     |      19.68       |      27.79      
   46298     |      30.06       |      30.05      
   46299     |      17.52       |      19.56      
   46300     |      14.41       |      19.26      
   46301     |      11.01       |      17.51      
   46302     |      25.33       |      18.11      
   46303     |      12.51       |       8.71      
   46304     |      20.25       |       9.57      
   46305     |       7.81       |      10.05      
   46306     |      20.62       |      36.85      
   46307     |       7.66       |      12.47      
   46308     |       4.95       |      18.87      
   46309     |      15.67       |      29.36      
   46310     |      15.80       |      25.76      
   46311     |      12.26       |      27.23      
   46312     |      10.89       |       8.05      
   46313     |      21.45       |      24.71      
   46314     |      24.62       |      32.78      
   46315     |      26.52       |      35.22      
   46316     |      23.89       |      33.27      
   46317     |      23.46       |      32.71      
   46318     |      31.53       |      39.34      
   46319     |      36.31       |      46.58      
   46361     |      48.72       |      54.63      
   46362     |      39.53       |      39.98      
   46363     |      22.64       |      27.18      
   46364     |       5.36       |      16.55      
   46365     |      16.69       |      11.80      
   46366     |      20.68       |      20.23      
   46367     |      19.24       |      13.70      
   46368     |      16.43       |      10.17      
   46369     |      23.91       |      12.06      
   46370     |      38.21       |      30.01      
   46371     |       9.44       |      25.31      
   46372     |       9.38       |      22.73      
   46373     |      22.04       |      25.25      
   46374     |      14.34       |      16.68      
   46375     |       8.38       |      16.28      
   46376     |      17.57       |      16.23      
   46377     |      31.24       |      26.01      
   46378     |      11.54       |       4.83      
   46379     |       6.32       |       9.94      
   46380     |       9.58       |      25.69      
   46381     |      19.20       |      33.52      
   46382     |       3.59       |      18.74      
   46383     |       8.25       |      15.61      
   46384     |       7.82       |      23.54      
   46385     |      11.95       |      27.51      
   46386     |      11.05       |      14.42      
   46387     |      12.78       |      14.42      
   46388     |       5.14       |      12.20      
   46389     |       3.87       |      13.15      
   46390     |      32.09       |      42.24      
   46414     |      24.29       |      31.64      
   46415     |      32.82       |      37.53      
   46416     |      30.03       |      38.79      
   46417     |      48.46       |      51.96      
   46418     |      44.41       |      51.30      
   46419     |      37.44       |      39.89      
   46420     |      27.66       |      32.78      
   46421     |      23.54       |      11.01      
   46422     |      18.66       |       6.72      
   46423     |      28.59       |      28.57      
   46424     |      21.82       |      24.56      
   46425     |      26.60       |      20.99      
   46426     |      26.45       |      20.86      
   46427     |      20.84       |      10.54      
   46428     |      21.47       |       9.39      
   46429     |      21.12       |      11.85      
   46430     |      31.62       |      27.14      
   46431     |      13.63       |      22.71      
   46432     |       9.62       |      25.45      
   46433     |      12.28       |      27.98      
   46434     |       9.75       |      25.55      
   46435     |      11.49       |      16.40      
   46436     |      19.87       |      20.11      
   46437     |      10.49       |      13.36      
   46438     |       8.04       |      13.49      
   46439     |       5.96       |      11.58      
   46440     |      15.76       |      14.00      
   46441     |      31.22       |      26.00      
   46442     |      27.95       |      23.72      
   46443     |      20.92       |      24.87      
   46444     |      14.34       |      22.73      
   46445     |       2.21       |      15.03      
   46446     |       2.04       |      15.28      
   46447     |       8.13       |      23.81      
   46448     |       5.58       |      18.66      
   46449     |       7.99       |      21.22      
   46450     |       8.13       |      24.41      
   46451     |       8.00       |      19.30      
   46452     |      11.10       |      10.11      
   46453     |      30.17       |      43.02      
   46454     |      22.57       |      35.46      
   46455     |      23.54       |      36.20      
   46456     |      25.32       |      38.05      
   46457     |      35.64       |      46.12      
   46458     |      31.84       |      39.57      
   46477     |       9.40       |      18.95      
   46478     |       9.67       |      19.97      
   46479     |      53.89       |      51.36      
   46481     |      37.63       |      31.31      
   46482     |      36.30       |      30.35      
   46483     |      20.65       |      16.98      
   46484     |      26.67       |      25.91      
   46485     |      39.30       |      34.23      
   46486     |      13.79       |      13.26      
   46487     |      22.12       |      15.33      
   46488     |      16.59       |      11.54      
   46489     |      16.80       |      11.50      
   46490     |      20.03       |      29.73      
   46491     |      17.06       |      23.55      
   46492     |      18.41       |      24.32      
   46493     |      17.37       |      24.26      
   46494     |      14.42       |      19.61      
   46495     |      32.04       |      31.57      
   46496     |      20.06       |      29.64      
   46497     |      22.06       |      30.15      
   46498     |      30.41       |      32.99      
   46499     |      28.36       |      31.81      
   46500     |      15.77       |      27.38      
   46501     |      17.43       |      27.73      
   46502     |       6.83       |      21.78      
   46503     |       6.87       |      21.73      
   46504     |       7.10       |      18.21      
   46505     |       7.11       |      15.72      
   46506     |       2.07       |      17.48      
   46507     |       1.32       |      15.16      
   46508     |       5.89       |      10.88      
   46509     |      11.28       |      19.72      
   46510     |       5.62       |      21.84      
   46511     |      12.71       |      17.21      
   46512     |       8.54       |      21.95      
   46513     |      27.29       |      35.68      
   46514     |      19.92       |      36.38      
   46515     |      22.00       |      38.50      
   46516     |      25.48       |      35.69      
   46517     |      30.34       |      39.19      
   46546     |      21.27       |      25.30      
   46547     |      19.35       |      25.08      
   46548     |      36.51       |      39.79      
   46549     |      14.51       |      26.96      
   46550     |      30.34       |      30.09      
   46551     |      11.91       |      25.01      
   46552     |      31.75       |      33.70      
   46553     |      25.31       |      25.13      
   46554     |      21.14       |      15.42      
   46555     |      18.56       |      15.23      
   46556     |      16.50       |      14.31      
   46557     |      13.99       |      23.66      
   46558     |       6.73       |      21.73      
   46559     |       2.48       |      18.51      
   46560     |       2.67       |      18.71      
   46561     |      20.50       |      28.94      
   46562     |      22.09       |      30.37      
   46563     |      17.59       |      21.52      
   46564     |      11.44       |      21.27      
   46565     |       8.90       |      20.20      
   46566     |      15.34       |      20.56      
   46567     |      28.16       |      33.52      
   46568     |      22.77       |      31.85      
   46569     |      26.06       |      29.64      
   46570     |      25.91       |      29.56      
   46571     |       7.29       |      13.26      
   46572     |      14.06       |      12.79      
   46573     |      11.24       |      17.61      
   46574     |       9.58       |      14.51      
   46575     |       0.74       |      16.94      
   46576     |       8.83       |      17.86      
   46577     |      19.76       |      35.28      
   46578     |      14.95       |      30.74      
   46579     |      27.90       |      42.84      
   46580     |      13.41       |      26.08      
   46581     |      18.49       |      31.07      
   46582     |      25.96       |      36.24      
   46612     |      39.75       |      41.70      
   46613     |      59.63       |      59.55      
   46614     |      55.34       |      56.62      
   46617     |      40.79       |      44.33      
   46618     |      29.40       |      30.57      
   46619     |      24.20       |      31.62      
   46620     |      41.46       |      46.07      
   46621     |      32.18       |      44.02      
   46622     |      33.45       |      36.49      
   46623     |      13.42       |      16.86      
   46624     |      11.09       |      18.33      
   46625     |      20.39       |      23.68      
   46626     |      19.25       |      26.16      
   46627     |      13.09       |      25.64      
   46628     |      11.77       |      15.48      
   46629     |      23.58       |      28.34      
   46630     |      18.49       |      19.17      
   46631     |      27.81       |      34.16      
   46632     |      24.42       |      32.96      
   46633     |      17.51       |      23.99      
   46634     |      16.96       |      23.65      
   46635     |      12.90       |       3.77      
   46636     |      10.92       |      17.69      
   46637     |       6.70       |      17.64      
   46638     |      14.64       |      31.09      
   46639     |      15.04       |      31.44      
   46640     |      10.11       |      26.55      
   46641     |      10.18       |      26.68      
   46642     |      12.48       |      28.17      
   46643     |      12.14       |      28.17      
   46644     |       7.09       |      22.94      
   46645     |       6.29       |      21.24      
   46646     |      12.21       |      27.55      
   46647     |      24.56       |      30.92      
   46648     |      29.24       |      37.20      
   46673     |      21.50       |      32.88      
   46675     |      23.80       |      31.01      
   46676     |      22.85       |      29.81      
   46677     |      30.58       |      35.74      
   46678     |      33.65       |      35.15      
   46679     |      17.96       |      18.27      
   46680     |       2.57       |      13.55      
   46681     |       4.78       |      11.99      
   46682     |      24.38       |      29.69      
   46683     |      18.84       |      28.54      
   46684     |      17.56       |      24.23      
   46685     |      14.67       |      24.52      
   46686     |      20.46       |      28.17      
   46687     |      25.29       |      28.71      
   46688     |      25.75       |      32.31      
   46689     |      25.51       |      32.33      
   46690     |      25.11       |      37.94      
   46691     |      24.14       |      39.97      
   46692     |      13.75       |      29.79      
   46693     |       9.37       |      25.46      
   46694     |       7.76       |      23.40      
   46695     |       9.51       |      24.94      
   46696     |      22.02       |      35.34      
   46697     |      18.29       |      33.87      
   46698     |      18.48       |      34.07      
   46699     |      29.30       |      36.49      
   46728     |      18.05       |      20.54      
   46729     |      31.28       |      25.17      
   46730     |      29.19       |      24.85      
   46731     |      52.65       |      49.85      
   46732     |      51.70       |      49.06      
   46733     |      48.11       |      52.69      
   46734     |      16.93       |      19.49      
   46735     |      20.14       |      17.79      
   46736     |      34.44       |      34.47      
   46737     |      33.53       |      33.03      
   46738     |      29.82       |      33.14      
   46739     |      34.50       |      36.11      
   46740     |      17.21       |      23.60      
   46741     |      11.18       |      19.19      
   46742     |      10.85       |      15.61      
   46743     |      16.54       |      21.87      
   46744     |      13.75       |      20.50      
   46745     |      23.47       |      31.27      
   46746     |      23.74       |      30.97      
   46747     |      24.42       |      37.24      
   46748     |      32.07       |      47.34      
   46749     |      31.77       |      46.66      
   46750     |      22.93       |      38.84      
   46751     |      24.56       |      38.61      
   46752     |      12.41       |      28.52      
   46753     |      18.26       |      34.26      
   46754     |      19.24       |      34.35      
   46755     |      13.71       |      29.93      
   46756     |       7.28       |      23.18      
   46757     |      14.30       |      29.63      
   46758     |      13.97       |      30.58      
   46759     |      22.39       |      38.90      
   46760     |      24.05       |      39.64      
   46761     |      22.04       |      33.44      
   46785     |      26.15       |      37.11      
   46786     |      25.77       |      36.67      
   46787     |      29.85       |      23.15      
   46788     |      44.77       |      46.01      
   46789     |      27.01       |      27.84      
   46790     |      20.74       |      24.79      
   46791     |      10.78       |      20.47      
   46792     |      10.64       |      21.09      
   46793     |      23.45       |      32.80      
   46794     |      12.68       |      25.19      
   46795     |      11.93       |      26.61      
   46796     |      12.69       |      20.08      
   46797     |       5.59       |      16.68      
   46798     |      10.97       |      19.30      
   46799     |      17.02       |      22.49      
   46800     |      18.63       |      24.32      
   46801     |      20.93       |      23.57      
   46802     |      25.47       |      29.49      
   46803     |      23.71       |      29.96      
   46804     |      22.73       |      29.52      
   46805     |      24.48       |      37.23      
   46806     |      11.72       |      27.54      
   46807     |      21.09       |      35.27      
   46808     |      14.71       |      29.66      
   46809     |       7.82       |      24.32      
   46810     |       6.83       |      22.97      
   46811     |      16.64       |      33.02      
   46812     |      17.20       |      32.86      
   46813     |      15.56       |      31.00      
   46814     |      15.88       |      31.01      
   46815     |      25.22       |      41.84      
   46816     |      14.82       |      30.87      
   46817     |      16.06       |      31.30      
   46818     |      11.50       |      27.54      
   46851     |      24.29       |      30.71      
   46852     |      20.20       |      30.25      
   46853     |      26.24       |      28.20      
   46854     |      26.59       |      23.33      
   46855     |      37.09       |      31.91      
   46856     |      23.32       |      32.80      
   46857     |      23.75       |      34.48      
   46858     |      32.06       |      39.45      
   46859     |      42.28       |      49.12      
   46860     |      40.99       |      48.27      
   46861     |      39.11       |      46.11      
   46862     |      16.34       |      29.96      
   46863     |      19.01       |      31.61      
   46864     |      29.16       |      40.15      
   46865     |      19.31       |      32.86      
   46866     |      13.04       |      26.89      
   46867     |      12.66       |      19.62      
   46868     |      20.06       |      15.25      
   46869     |       9.09       |       7.78      
   46870     |      10.93       |      10.94      
   46871     |       3.78       |      13.68      
   46872     |      17.32       |      20.72      
   46873     |       7.39       |      18.84      
   46874     |      16.27       |      26.19      
   46875     |      13.92       |      20.86      
   46876     |      11.42       |      20.60      
   46877     |      21.13       |      23.02      
   46878     |      14.06       |      19.58      
   46879     |      21.28       |      32.96      
   46880     |      11.58       |      27.33      
   46881     |      18.65       |      27.01      
   46882     |      15.43       |      32.01      
   46883     |      12.87       |      28.40      
   46884     |       9.24       |      25.77      
   46885     |      17.65       |      33.80      
   46886     |      15.35       |      31.94      
   46905     |      21.25       |      26.89      
   46906     |      30.61       |      25.45      
   46907     |      31.49       |      25.89      
   46908     |      33.39       |      26.34      
   46909     |      36.53       |      33.52      
   46910     |      25.81       |      33.79      
   46911     |      24.07       |      34.16      
   46912     |      31.26       |      38.63      
   46913     |      41.69       |      46.21      
   46914     |      39.89       |      45.43      
   46915     |      36.68       |      42.93      
   46916     |      35.79       |      46.80      
   46917     |      29.87       |      42.19      
   46918     |      20.12       |      35.41      
   46919     |      23.97       |      36.04      
   46920     |      24.34       |      35.52      
   46921     |      14.13       |      21.83      
   46922     |       2.03       |      16.45      
   46923     |      12.07       |      14.17      
   46924     |      19.31       |      25.38      
   46925     |      14.53       |      17.52      
   46926     |      18.65       |      19.16      
   46927     |      21.60       |      19.17      
   46928     |       6.95       |      17.78      
   46929     |      10.85       |      20.92      
   46930     |      12.72       |      26.14      
   46931     |      12.26       |      25.86      
   46932     |      12.85       |      29.09      
   46933     |      15.36       |      31.59      
   46934     |      15.47       |      32.07      
   46935     |      12.75       |      28.71      
   46936     |      10.41       |      26.92      
   46937     |      19.39       |      36.06      
   46938     |      19.30       |      35.99      
   46964     |      32.69       |      30.32      
   46965     |      28.54       |      27.71      
   46966     |      38.16       |      36.68      
   46967     |      20.20       |      25.29      
   46968     |      27.85       |      30.38      
   46969     |      30.54       |      31.87      
   46970     |      28.65       |      42.35      
   46971     |      35.34       |      33.61      
   46972     |      21.49       |      18.37      
   46973     |       1.68       |      16.60      
   46974     |      13.75       |      15.71      
   46975     |      11.55       |      12.15      
   46976     |      10.52       |      11.92      
   46977     |      12.18       |      13.60      
   46978     |      14.68       |      12.94      
   46979     |       7.17       |      16.70      
   46980     |      14.22       |      17.60      
   46981     |      11.54       |      12.94      
   46982     |       3.52       |      14.36      
   46983     |       4.74       |      15.67      
   46984     |       1.26       |      16.58      
   46985     |       6.23       |      22.79      
   46986     |       6.15       |      22.71      
   46987     |      21.15       |      35.63      
   46988     |      20.94       |      37.29      
   46989     |       1.64       |      18.26      
   46990     |      24.19       |      40.85      
   46991     |      21.10       |      37.64      
   46992     |      14.17       |      30.83      
   46993     |      17.34       |      34.00      
   47018     |      20.80       |      20.85      
   47019     |      37.10       |      34.14      
   47020     |      34.12       |      33.09      
   47021     |      28.93       |      32.01      
   47022     |      16.99       |      17.10      
   47023     |      25.85       |      24.31      
   47024     |      22.26       |      28.31      
   47025     |      14.83       |      26.63      
   47026     |      29.36       |      27.25      
   47027     |      24.36       |      21.66      
   47028     |      30.20       |      36.61      
   47029     |      35.69       |      40.06      
   47030     |      32.89       |      41.05      
   47031     |      22.53       |      30.63      
   47032     |      24.28       |      35.30      
   47033     |      10.02       |      24.88      
   47034     |      21.44       |      28.50      
   47035     |      16.03       |      25.79      
   47036     |      21.09       |      24.22      
   47037     |       9.90       |      24.15      
   47038     |       2.74       |      19.02      
   47039     |      13.95       |      13.89      
   47040     |      10.78       |      20.29      
   47041     |      10.13       |      20.94      
   47042     |      12.06       |      12.70      
   47043     |      17.36       |      11.73      
   47044     |      17.35       |       7.14      
   47045     |      17.92       |      15.36      
   47046     |       8.61       |       7.94      
   47047     |       4.43       |      18.23      
   47048     |      22.30       |      38.78      
   47049     |      22.61       |      38.90      
   47050     |       1.02       |      16.88      
   47051     |       8.80       |      22.85      
   47052     |      23.80       |      39.60      
   47053     |      24.78       |      40.54      
   47054     |      14.55       |      31.17      
   47055     |      14.53       |      31.17      
   47082     |      21.12       |      21.23      
   47083     |      34.05       |      33.96      
   47084     |      21.75       |      26.36      
   47085     |      30.60       |      34.56      
   47086     |      26.23       |      23.19      
   47087     |      38.24       |      36.63      
   47088     |      26.79       |      31.92      
   47089     |      14.48       |      21.45      
   47090     |      21.90       |      27.32      
   47091     |      18.83       |      21.96      
   47092     |      10.44       |      23.64      
   47093     |      19.61       |      26.80      
   47094     |      30.08       |      36.06      
   47095     |      33.82       |      37.19      
   47096     |       9.30       |      17.90      
   47097     |      14.29       |      20.05      
   47098     |      17.76       |      22.84      
   47099     |      21.04       |      20.13      
   47100     |      19.32       |      19.16      
   47101     |      32.82       |      37.42      
   47102     |      13.62       |      27.74      
   47103     |      18.77       |      14.60      
   47104     |      15.10       |       9.65      
   47105     |      21.46       |      13.25      
   47106     |       7.56       |      10.34      
   47107     |      13.58       |       5.25      
   47108     |      15.14       |      14.54      
   47109     |       8.28       |      11.77      
   47110     |      10.86       |      26.18      
   47111     |      10.23       |      24.03      
   47112     |       8.70       |      21.87      
   47113     |      21.91       |      36.38      
   47114     |      21.06       |      35.60      
   47115     |      11.46       |      26.54      
   47116     |       9.67       |      25.85      
   47117     |       3.62       |      20.40      
   47118     |       3.61       |      20.36      
   47119     |       7.30       |      23.43      
   47138     |      18.67       |      23.54      
   47139     |      37.55       |      38.29      
   47140     |      38.33       |      37.20      
   47141     |      31.34       |      30.98      
   47142     |      27.25       |      23.73      
   47143     |      26.30       |      30.46      
   47144     |      17.39       |      26.16      
   47145     |      43.40       |      48.23      
   47146     |      20.19       |      25.90      
   47147     |      22.76       |      27.97      
   47148     |      21.59       |      35.79      
   47149     |      18.30       |      27.55      
   47150     |      23.58       |      30.54      
   47151     |      20.61       |      18.43      
   47152     |      18.23       |      16.45      
   47153     |       9.72       |      19.82      
   47154     |      14.65       |      10.51      
   47155     |      10.37       |      12.13      
   47156     |      10.84       |      10.35      
   47157     |      13.63       |       5.23      
   47158     |      14.59       |       5.97      
   47159     |      13.60       |       3.77      
   47160     |       4.93       |      15.52      
   47161     |       9.11       |      25.26      
   47162     |       9.17       |      25.22      
   47163     |      13.94       |      29.40      
   47164     |      10.12       |      24.97      
   47165     |       9.12       |      24.05      
   47166     |       6.06       |      19.70      
   47167     |       3.02       |      14.33      
   47168     |       7.34       |      18.01      
   47169     |      25.51       |      35.68      
   47170     |      23.10       |      23.36      
   47171     |      25.74       |      28.27      
   47172     |       4.95       |      16.36      
   47173     |       3.76       |      15.01      
   47174     |       6.63       |      15.06      
   47175     |       6.67       |      17.61      
   47176     |       5.77       |      22.52      
   47199     |      14.41       |       6.54      
   47200     |      40.01       |      34.28      
   47201     |      27.14       |      20.89      
   47202     |      17.74       |      19.29      
   47203     |      24.55       |      31.90      
   47204     |      17.84       |      25.88      
   47205     |      40.46       |      47.98      
   47206     |      40.20       |      46.74      
   47207     |      24.93       |      38.06      
   47208     |      26.69       |      34.08      
   47209     |      37.26       |      45.66      
   47210     |      35.58       |      46.13      
   47211     |      25.19       |      24.42      
   47212     |      20.74       |      21.63      
   47213     |      15.78       |      20.66      
   47214     |       9.29       |      19.05      
   47215     |      18.92       |       9.53      
   47216     |      22.29       |      13.22      
   47217     |      23.53       |      13.72      
   47218     |      10.32       |       7.49      
   47219     |      14.69       |      12.98      
   47220     |      23.20       |      23.43      
   47221     |      21.23       |      22.64      
   47222     |      21.15       |      22.55      
   47223     |      13.27       |       4.91      
   47224     |      21.08       |       7.07      
   47225     |      16.14       |       3.70      
   47226     |       1.08       |      16.33      
   47227     |       6.62       |      10.29      
   47228     |       5.32       |      18.66      
   47229     |       8.79       |      10.26      
   47230     |      12.02       |      15.94      
   47231     |      12.06       |      16.64      
   47232     |       5.14       |      13.52      
   47233     |      14.25       |      25.94      
   47234     |      11.40       |      28.12      
   47235     |      16.20       |      32.99      
   47236     |      17.52       |      34.25      
   47258     |      13.31       |       7.28      
   47259     |      17.52       |       9.97      
   47260     |      36.80       |      36.52      
   47261     |      31.48       |      32.52      
   47262     |      22.06       |      21.93      
   47263     |      35.57       |      32.28      
   47264     |      35.81       |      32.39      
   47265     |      43.92       |      40.75      
   47266     |      25.81       |      29.16      
   47267     |      17.33       |      21.33      
   47268     |      20.23       |      25.16      
   47269     |      19.70       |      30.79      
   47270     |      17.61       |      24.87      
   47271     |      15.04       |      23.85      
   47272     |      27.74       |      36.10      
   47273     |      26.67       |      36.09      
   47274     |      26.73       |      36.64      
   47275     |      30.50       |      37.99      
   47276     |      18.91       |      28.30      
   47277     |      18.95       |      22.10      
   47278     |      21.96       |      22.57      
   47279     |      20.02       |      25.44      
   47280     |      15.02       |      17.67      
   47281     |      23.37       |      15.14      
   47282     |      22.59       |      14.33      
   47283     |      15.20       |      10.86      
   47284     |      13.27       |       9.71      
   47285     |      13.49       |      22.56      
   47286     |       7.04       |      22.88      
   47287     |       8.75       |      24.85      
   47288     |       1.59       |      17.41      
   47289     |      12.56       |      24.18      
   47290     |       9.75       |      22.86      
   47291     |       5.84       |      22.47      
   47292     |       9.07       |      21.38      
   47293     |      11.11       |      15.14      
   47294     |       3.49       |      13.28      
   47295     |      18.32       |      32.10      
   47296     |      27.93       |      37.33      
   47297     |      19.66       |      25.49      
   47298     |      10.56       |      22.52      
   47299     |       7.03       |      19.36      
   47328     |      13.39       |      22.67      
   47329     |      23.77       |      29.88      
   47330     |      17.40       |      22.64      
   47331     |      27.99       |      31.23      
   47332     |      24.78       |      30.84      
   47333     |      21.08       |      27.53      
   47334     |      21.22       |      28.55      
   47335     |      23.01       |      29.86      
   47336     |      26.61       |      24.76      
   47337     |      16.57       |      20.13      
   47338     |      27.11       |      21.78      
   47339     |      19.30       |      14.53      
   47340     |      18.61       |      21.73      
   47341     |      13.43       |      14.86      
   47342     |      12.48       |      14.40      
   47343     |      13.29       |       8.74      
   47344     |      14.76       |       8.81      
   47345     |      21.32       |      22.44      
   47346     |      11.61       |      19.73      
   47347     |      22.56       |      26.66      
   47348     |      24.22       |      37.64      
   47349     |      20.06       |      36.70      
   47350     |      13.17       |      26.60      
   47351     |       6.05       |      22.38      
   47352     |       9.60       |      26.26      
   47353     |      18.25       |      32.70      
   47354     |       9.97       |      21.27      
   47355     |      19.63       |      29.90      
   47356     |      15.79       |      24.56      
   47357     |      13.12       |      25.43      
   47358     |      19.49       |      35.12      
   47359     |      15.60       |      31.44      
   47360     |      21.15       |      36.59      
   47361     |      16.68       |      33.03      
   47362     |      12.64       |      29.30      
   47390     |      16.78       |      20.17      
   47391     |      34.37       |      27.62      
   47392     |      31.27       |      26.76      
   47393     |      25.15       |      20.34      
   47394     |      11.19       |      18.10      
   47395     |      22.38       |      27.82      
   47396     |      17.56       |      20.39      
   47397     |      26.68       |      20.66      
   47398     |      24.65       |      18.72      
   47399     |      19.70       |      14.54      
   47400     |      25.72       |      18.41      
   47401     |      30.49       |      20.21      
   47402     |      23.47       |      12.65      
   47403     |      19.32       |      11.22      
   47404     |       5.21       |      12.56      
   47405     |      18.16       |      19.45      
   47406     |       9.85       |      16.83      
   47407     |      19.86       |      24.80      
   47408     |      22.24       |      22.50      
   47409     |      16.40       |      15.00      
   47410     |      14.24       |      17.44      
   47411     |      19.54       |      26.57      
   47412     |      12.08       |      20.55      
   47413     |      24.22       |      26.97      
   47414     |      17.35       |      28.02      
   47415     |      34.32       |      48.96      
   47416     |      37.90       |      54.20      
   47417     |      34.33       |      50.88      
   47418     |      18.24       |      34.48      
   47419     |      18.50       |      34.83      
   47420     |       9.55       |      20.05      
   47421     |      13.73       |      24.75      
   47422     |      14.69       |      30.27      
   47423     |      18.14       |      30.53      
   47424     |      25.54       |      37.98      
   47425     |      21.20       |      34.78      
   47426     |      20.08       |      36.97      
   47427     |      15.60       |      31.97      
   47428     |       9.93       |      26.59      
   47429     |      12.77       |      28.72      
   47452     |      33.59       |      26.72      
   47453     |      33.86       |      32.59      
   47454     |      11.07       |      18.34      
   47455     |      12.31       |      18.33      
   47456     |      10.74       |      18.82      
   47457     |      24.86       |      35.56      
   47458     |      26.34       |      35.76      
   47459     |      24.22       |      29.36      
   47460     |      24.19       |      29.32      
   47461     |      25.69       |      28.26      
   47462     |      25.56       |      25.73      
   47463     |      30.11       |      27.48      
   47464     |      19.61       |      19.53      
   47465     |      22.79       |      22.17      
   47466     |      10.78       |      15.93      
   47467     |      27.21       |      33.55      
   47468     |      24.37       |      26.39      
   47469     |      20.21       |      23.87      
   47470     |       8.99       |      21.74      
   47471     |      13.33       |      23.02      
   47472     |      13.74       |      20.77      
   47473     |      10.44       |      22.81      
   47474     |      16.69       |      27.79      
   47475     |      16.16       |      32.47      
   47476     |      17.59       |      34.16      
   47477     |      19.95       |      36.60      
   47478     |      34.81       |      48.11      
   47479     |       7.82       |      19.12      
   47480     |      12.22       |      27.67      
   47481     |       5.98       |      20.48      
   47482     |       4.07       |      20.08      
   47483     |       2.11       |      16.91      
   47484     |       6.31       |      23.12      
   47485     |      16.80       |      33.44      
   47486     |      16.21       |      32.98      
   47487     |      22.11       |      35.75      
   47488     |      20.47       |      37.39      
   47489     |      16.84       |      33.71      
   47515     |      12.13       |      14.11      
   47516     |      22.48       |      20.79      
   47517     |      40.94       |      38.97      
   47518     |      12.26       |      18.34      
   47519     |      11.75       |      24.91      
   47520     |      17.78       |      28.42      
   47521     |      22.31       |      25.35      
   47522     |      30.41       |      27.36      
   47523     |      18.98       |      17.98      
   47524     |      24.13       |      21.07      
   47525     |      26.24       |      22.02      
   47526     |      59.64       |      57.13      
   47527     |      26.81       |      37.14      
   47528     |      17.83       |      22.81      
   47529     |      25.47       |      27.66      
   47530     |      24.33       |      33.30      
   47531     |      25.87       |      34.84      
   47532     |      25.41       |      31.84      
   47533     |      12.74       |      26.43      
   47534     |      14.06       |      23.43      
   47535     |      25.22       |      34.21      
   47536     |      21.54       |      33.11      
   47537     |      17.40       |      34.01      
   47538     |      13.73       |      29.69      
   47539     |      19.66       |      30.19      
   47540     |      24.90       |      26.44      
   47541     |       6.61       |      22.45      
   47542     |       5.94       |      22.61      
   47543     |       7.53       |      22.74      
   47544     |       7.90       |      20.69      
   47545     |      17.00       |      33.53      
   47546     |      21.89       |      38.77      
   47547     |      34.33       |      51.18      
   47548     |      25.23       |      41.81      
   47549     |      26.15       |      42.98      
   47550     |      15.13       |      30.46      
   47551     |      24.23       |      39.63      
   47552     |      27.82       |      43.47      
   47553     |      24.02       |      39.84      
   47554     |      20.18       |      37.03      
   47555     |      12.54       |      28.14      
   47581     |      16.56       |      12.53      
   47582     |      17.82       |      13.10      
   47583     |      39.18       |      38.26      
   47584     |      32.70       |      35.39      
   47585     |      21.27       |      29.98      
   47586     |      22.71       |      21.01      
   47587     |      26.95       |      22.25      
   47588     |      20.16       |      17.80      
   47589     |      19.97       |      17.26      
   47590     |      19.00       |      23.85      
   47591     |      20.63       |      28.98      
   47592     |      20.53       |      22.62      
   47593     |      10.83       |      14.97      
   47594     |       5.59       |      20.21      
   47595     |      27.31       |      32.89      
   47596     |      25.08       |      31.31      
   47597     |      31.37       |      40.89      
   47598     |      28.13       |      42.25      
   47599     |      22.32       |      34.87      
   47600     |      26.10       |      39.32      
   47601     |      25.02       |      39.67      
   47602     |      24.18       |      40.86      
   47603     |      18.24       |      34.90      
   47604     |      17.24       |      32.42      
   47605     |       9.51       |      23.31      
   47606     |       8.58       |      24.96      
   47607     |       2.78       |      18.33      
   47608     |       5.62       |      19.26      
   47609     |      33.59       |      49.51      
   47611     |      36.18       |      52.82      
   47612     |      33.18       |      50.05      
   47613     |      34.81       |      51.75      
   47614     |      36.63       |      53.58      
   47615     |       4.34       |      19.01      
   47616     |       2.13       |      14.90      
   47617     |      22.85       |      36.18      
   47647     |      29.57       |      33.30      
   47648     |      16.65       |      13.90      
   47649     |      39.17       |      38.17      
   47650     |      35.08       |      37.52      
   47651     |       6.35       |      12.11      
   47652     |      18.45       |      12.70      
   47653     |      30.15       |      21.18      
   47654     |      25.32       |      15.37      
   47655     |      22.73       |      13.74      
   47656     |      28.53       |      20.39      
   47657     |      19.38       |      26.17      
   47658     |      18.52       |      28.60      
   47659     |      19.24       |      18.03      
   47660     |      15.90       |      15.48      
   47661     |      16.61       |      21.43      
   47662     |      15.75       |      21.14      
   47663     |      26.14       |      35.09      
   47664     |      24.88       |      34.25      
   47665     |      27.85       |      37.77      
   47666     |      27.91       |      37.03      
   47667     |      24.93       |      36.24      
   47668     |      23.77       |      35.09      
   47669     |      25.43       |      35.44      
   47670     |      26.52       |      38.90      
   47671     |      24.58       |      35.98      
   47672     |      25.25       |      40.07      
   47673     |      27.03       |      39.98      
   47674     |      29.05       |      45.03      
   47675     |      24.78       |      41.50      
   47676     |      21.02       |      37.59      
   47677     |      25.82       |      29.02      
   47678     |      19.98       |      28.78      
   47685     |      31.60       |      48.16      
   47686     |      12.64       |      29.62      
   47711     |      29.47       |      32.56      
   47712     |      19.57       |      26.44      
   47713     |      24.90       |      18.63      
   47714     |      25.18       |      18.83      
   47715     |      11.31       |      14.89      
   47716     |       8.27       |      14.45      
   47717     |      29.04       |      18.36      
   47718     |      20.06       |      17.67      
   47719     |      17.15       |      18.26      
   47720     |      13.38       |      15.49      
   47721     |      16.60       |      21.52      
   47722     |      15.74       |      21.27      
   47723     |      20.68       |      28.51      
   47724     |      25.16       |      36.94      
   47725     |      17.96       |      27.88      
   47726     |      23.58       |      34.72      
   47727     |      19.01       |      35.37      
   47729     |      14.06       |      30.43      
   47730     |      14.92       |      20.70      
   47768     |      22.45       |      21.13      
   47769     |      25.76       |      26.62      
   47770     |      27.65       |      27.41      
   47771     |      22.99       |      11.92      
   47772     |      21.36       |      17.71      
   47773     |      21.73       |      19.40      
   47774     |      17.34       |      15.17      
   47775     |       9.82       |      17.88      
   47776     |      14.26       |      27.06      
   47777     |      16.94       |      27.55      
   47778     |      11.37       |      19.85      
   47779     |      19.33       |      31.78      
   47780     |      23.76       |      30.32      
   47823     |      26.42       |      27.78      
   47824     |      16.15       |      19.26      
   47825     |      27.58       |      32.06      
   47826     |       8.05       |      18.65      
   47827     |      16.71       |      13.02      
   47828     |      28.48       |      23.32      
   47829     |      17.16       |      14.66      
   47830     |      21.82       |      17.84      
   47831     |      21.37       |      17.53      
   47832     |      20.13       |      18.71      
   47833     |      13.44       |      19.85      
   47834     |      20.66       |      24.75      
   47835     |      20.70       |      24.28      
   47836     |      19.81       |      23.94      
   47837     |      11.15       |      23.53      
   47838     |       8.21       |      22.23      
   47839     |      18.38       |      26.59      
   47840     |      24.12       |      30.18      
   47841     |      12.28       |      24.64      
   47886     |      22.82       |      24.74      
   47887     |      25.31       |      27.94      
   47888     |      31.74       |      31.13      
   47889     |      37.18       |      45.65      
   47890     |      39.23       |      41.82      
   47891     |      19.99       |      27.40      
   47892     |      22.77       |      19.33      
   47893     |      29.39       |      27.20      
   47894     |      15.34       |      16.06      
   47895     |      15.22       |      16.02      
   47896     |      20.47       |      27.17      
   47897     |      13.54       |      25.65      
   47949     |      17.18       |      31.29      
   47950     |      19.76       |      30.36      
   47951     |      41.78       |      48.49      
   47952     |      38.44       |      46.06      
   47953     |      26.77       |      29.36      
   47954     |      23.52       |      26.51      
   47994     |      23.76       |      17.58      
   47995     |      22.96       |      17.06      
   47996     |      16.44       |      18.24      
   47997     |      32.10       |      32.62      
   47998     |      25.17       |      37.02      
   47999     |      24.34       |      26.19      
   48000     |      37.41       |      43.70      
   48001     |      39.11       |      44.35      
   48042     |      18.76       |      26.56      
   48043     |      24.42       |      27.49      
   48044     |      23.28       |      27.95      
   48045     |      23.63       |      26.48      
   48046     |      18.46       |      23.44      
   48047     |      26.21       |      26.21      
   48095     |      23.29       |      26.67      
   48096     |      36.14       |      35.83      
   48097     |      34.22       |      36.79      
   48155     |      17.14       |      25.16      
   48156     |      19.76       |      27.38      
   48157     |      17.72       |      27.12      
   48158     |      18.09       |      25.68      
   48159     |      19.11       |      22.08      
   48160     |      17.41       |      21.78      
   48161     |      23.90       |      30.81      
   48162     |      29.38       |      29.59      
   48215     |      11.96       |      16.83      
